group,case,burst,phase,samples,curl_live_sample_max,tls_live_sample_max,app_bytes_sample_max,scratch_bytes_sample_max,physical_sample_max,rss_sample_max,fds_sample_max,curl_peak_cumulative,tls_peak_cumulative,max_physical_cumulative,max_rss_cumulative
research/transport-memory/adjustment-results,h2-baseline-burst,-1,cold,1,0,0,0,0,1475200,2768896,4,0,0,1540736,2768896
research/transport-memory/adjustment-results,h2-baseline-burst,0,burst_start,1,9792,103552,0,0,2442112,6946816,8,9792,103552,2442112,6946816
research/transport-memory/adjustment-results,h2-baseline-burst,0,transfer_start,1,3397744,103552,318400,1024000,6702080,11173888,2008,3397744,103552,6702080,11173888
research/transport-memory/adjustment-results,h2-baseline-burst,0,active,26,43380543,673471,318400,368075188,78104064,83607552,2009,50870378,710454,84035072,83607552
research/transport-memory/adjustment-results,h2-baseline-burst,0,capture_complete,1,10612399,673471,318400,393216000,59409920,96436224,1009,50870378,710454,84035072,96436224
research/transport-memory/adjustment-results,h2-baseline-burst,0,validation_delayed,1,10612399,673471,318400,393216000,59459072,96387072,1009,50870378,710454,84035072,96436224
research/transport-memory/adjustment-results,h2-baseline-burst,0,captures_released,1,10612399,673471,0,0,59459072,95797248,9,50870378,710454,84035072,96436224
research/transport-memory/adjustment-results,h2-baseline-burst,0,serviced_idle,1,10612399,673471,0,0,59442688,95223808,9,50870378,710454,84035072,96436224
research/transport-memory/adjustment-results,h2-baseline-burst,0,multi_released,1,0,537905,0,0,46990848,93241344,4,50870378,710454,84035072,96436224
research/transport-memory/adjustment-results,h2-baseline-burst,0,cleaned,1,0,0,0,0,46925312,85786624,4,50870378,710454,84035072,96436224
research/transport-memory/adjustment-results,h2-baseline-burst,0,retained_idle,1,0,0,0,0,46925312,85049344,3,50870378,710454,84035072,96436224
research/transport-memory/adjustment-results,h2-baseline-late,-1,cold,1,0,0,0,0,1573504,2867200,4,0,0,1622656,2867200
research/transport-memory/adjustment-results,h2-baseline-late,0,burst_start,1,9792,103552,0,0,2491264,6995968,8,9792,103552,2507648,6995968
research/transport-memory/adjustment-results,h2-baseline-late,0,transfer_start,1,3397744,103552,318400,1024000,6800448,11255808,2008,3397744,103552,6800448,11255808
research/transport-memory/adjustment-results,h2-baseline-late,0,active,55,58738944,673487,318400,385211033,91948480,145752064,2009,75616706,710454,107267520,145752064
research/transport-memory/adjustment-results,h2-baseline-late,0,capture_complete,1,10612399,673487,318400,393216000,68896320,145735680,1009,75616706,710454,107267520,145752064
research/transport-memory/adjustment-results,h2-baseline-late,0,validation_delayed,1,10612399,673487,318400,393216000,68896320,145735680,1009,75616706,710454,107267520,145752064
research/transport-memory/adjustment-results,h2-baseline-late,0,captures_released,1,10612399,673487,0,0,68896320,145735680,9,75616706,710454,107267520,145752064
research/transport-memory/adjustment-results,h2-baseline-late,0,serviced_idle,1,10612399,673487,0,0,68896320,145735680,9,75616706,710454,107267520,145752064
research/transport-memory/adjustment-results,h2-baseline-late,0,multi_released,1,0,537905,0,0,47302208,128974848,4,75616706,710454,107267520,145752064
research/transport-memory/adjustment-results,h2-baseline-late,0,cleaned,1,0,0,0,0,47285824,128974848,4,75616706,710454,107267520,145752064
research/transport-memory/adjustment-results,h2-baseline-late,0,retained_idle,1,0,0,0,0,47285824,128974848,3,75616706,710454,107267520,145752064
research/transport-memory/adjustment-results,h2-recv1k-burst,-1,cold,1,0,0,0,0,1507904,2818048,4,0,0,1573440,2818048
research/transport-memory/adjustment-results,h2-recv1k-burst,0,burst_start,1,9792,103552,0,0,2294656,6799360,8,9792,103552,2311040,6799360
research/transport-memory/adjustment-results,h2-recv1k-burst,0,transfer_start,1,3397744,103552,318400,1024000,6652992,11108352,2008,3397744,103552,6652992,11108352
research/transport-memory/adjustment-results,h2-recv1k-burst,0,active,26,37488936,673471,318400,364730625,78710272,102301696,2009,45920210,710454,81479104,102301696
research/transport-memory/adjustment-results,h2-recv1k-burst,0,capture_complete,1,10597039,673471,318400,393216000,69142016,104923136,1009,49791121,710454,89245184,104923136
research/transport-memory/adjustment-results,h2-recv1k-burst,0,validation_delayed,1,10597039,673471,318400,393216000,69617152,87097344,1009,49791121,710454,89245184,104923136
research/transport-memory/adjustment-results,h2-recv1k-burst,0,captures_released,1,10597039,673471,0,0,69617152,84967424,9,49791121,710454,89245184,104923136
research/transport-memory/adjustment-results,h2-recv1k-burst,0,serviced_idle,1,10597039,673471,0,0,69617152,68534272,9,49791121,710454,89245184,104923136
research/transport-memory/adjustment-results,h2-recv1k-burst,0,multi_released,1,0,537905,0,0,52250112,66568192,4,49791121,710454,89245184,104923136
research/transport-memory/adjustment-results,h2-recv1k-burst,0,cleaned,1,0,0,0,0,52250112,66895872,4,49791121,710454,89245184,104923136
research/transport-memory/adjustment-results,h2-recv1k-burst,0,retained_idle,1,0,0,0,0,52233728,66879488,3,49791121,710454,89245184,104923136
research/transport-memory/adjustment-results,h2-recv1k-late,-1,cold,1,0,0,0,0,1622656,2916352,4,0,0,1688192,2916352
research/transport-memory/adjustment-results,h2-recv1k-late,0,burst_start,1,9792,103552,0,0,2425664,6946816,8,9792,103552,2442048,6946816
research/transport-memory/adjustment-results,h2-recv1k-late,0,transfer_start,1,3397744,103552,318400,1024000,6767616,11239424,2008,3397744,103552,6767616,11239424
research/transport-memory/adjustment-results,h2-recv1k-late,0,active,62,76552719,673471,318400,381740071,106235456,93224960,2009,79767667,710454,107415104,93224960
research/transport-memory/adjustment-results,h2-recv1k-late,0,capture_complete,1,10597022,673471,318400,393216000,70469184,88735744,1009,79767667,710454,107415104,93224960
research/transport-memory/adjustment-results,h2-recv1k-late,0,validation_delayed,1,10597022,673471,318400,393216000,73483840,78217216,1009,79767667,710454,107415104,93224960
research/transport-memory/adjustment-results,h2-recv1k-late,0,captures_released,1,10597022,673471,0,0,73320000,70434816,9,79767667,710454,107415104,93224960
research/transport-memory/adjustment-results,h2-recv1k-late,0,serviced_idle,1,10597022,673471,0,0,73320000,70434816,9,79767667,710454,107415104,93224960
research/transport-memory/adjustment-results,h2-recv1k-late,0,multi_released,1,0,537905,0,0,60950080,75218944,4,79767667,710454,107415104,93224960
research/transport-memory/adjustment-results,h2-recv1k-late,0,cleaned,1,0,0,0,0,60573248,75595776,4,79767667,710454,107415104,93224960
research/transport-memory/adjustment-results,h2-recv1k-late,0,retained_idle,1,0,0,0,0,60573248,75595776,3,79767667,710454,107415104,93224960
research/transport-memory/adjustment-results,h2-rate32k-burst,-1,cold,1,0,0,0,0,1524288,2834432,4,0,0,1589824,2834432
research/transport-memory/adjustment-results,h2-rate32k-burst,0,burst_start,1,9792,103552,0,0,2212608,6750208,8,9792,103552,2228992,6750208
research/transport-memory/adjustment-results,h2-rate32k-burst,0,transfer_start,1,3397744,103552,318400,1024000,6619968,11141120,2008,3397744,103552,6619968,11141120
research/transport-memory/adjustment-results,h2-rate32k-burst,0,active,123,46496792,673487,318400,393282076,72172800,83214336,2009,59365794,710454,76481792,83214336
research/transport-memory/adjustment-results,h2-rate32k-burst,0,capture_complete,1,10612416,673487,318400,393216000,63948288,54657024,1009,59365794,710454,76481792,83214336
research/transport-memory/adjustment-results,h2-rate32k-burst,0,validation_delayed,1,10612416,673487,318400,393216000,63948288,54657024,1009,59365794,710454,76481792,83214336
research/transport-memory/adjustment-results,h2-rate32k-burst,0,captures_released,1,10612416,673487,0,0,63948288,54657024,9,59365794,710454,76481792,83214336
research/transport-memory/adjustment-results,h2-rate32k-burst,0,serviced_idle,1,10612416,673487,0,0,63948288,54657024,9,59365794,710454,76481792,83214336
research/transport-memory/adjustment-results,h2-rate32k-burst,0,multi_released,1,0,537905,0,0,42780160,58163200,4,59365794,710454,76481792,83214336
research/transport-memory/adjustment-results,h2-rate32k-burst,0,cleaned,1,0,0,0,0,42780160,58556416,4,59365794,710454,76481792,83214336
research/transport-memory/adjustment-results,h2-rate32k-burst,0,retained_idle,1,0,0,0,0,42780160,58556416,3,59365794,710454,76481792,83214336
research/transport-memory/adjustment-results,h2-rate32k-late,-1,cold,1,0,0,0,0,1524288,2834432,4,0,0,1589824,2834432
research/transport-memory/adjustment-results,h2-rate32k-late,0,burst_start,1,9792,103552,0,0,2376448,6914048,8,9792,103552,2392832,6914048
research/transport-memory/adjustment-results,h2-rate32k-late,0,transfer_start,1,3397744,103552,318400,1024000,6554496,11059200,2008,3397744,103552,6554496,11059200
research/transport-memory/adjustment-results,h2-rate32k-late,0,active,134,57566176,673487,318400,392860121,96601536,142131200,2009,66079855,710454,100763072,142131200
research/transport-memory/adjustment-results,h2-rate32k-late,0,capture_complete,1,10612416,673487,318400,393216000,65013184,142114816,1009,66079855,710454,100763072,142131200
research/transport-memory/adjustment-results,h2-rate32k-late,0,validation_delayed,1,10612416,673487,318400,393216000,65013184,142114816,1009,66079855,710454,100763072,142131200
research/transport-memory/adjustment-results,h2-rate32k-late,0,captures_released,1,10612416,673487,0,0,65013184,142114816,9,66079855,710454,100763072,142131200
research/transport-memory/adjustment-results,h2-rate32k-late,0,serviced_idle,1,10612416,673487,0,0,65013184,142114816,9,66079855,710454,100763072,142131200
research/transport-memory/adjustment-results,h2-rate32k-late,0,multi_released,1,0,537905,0,0,43664832,133742592,4,66079855,710454,100763072,142131200
research/transport-memory/adjustment-results,h2-rate32k-late,0,cleaned,1,0,0,0,0,43484608,125353984,4,66079855,710454,100763072,142131200
research/transport-memory/adjustment-results,h2-rate32k-late,0,retained_idle,1,0,0,0,0,43484608,125353984,3,66079855,710454,100763072,142131200
research/transport-memory/adjustment-results,h2-rate128k-burst,-1,cold,1,0,0,0,0,1540736,2834432,4,0,0,1540736,2834432
research/transport-memory/adjustment-results,h2-rate128k-burst,0,burst_start,1,9792,103552,0,0,2327360,6848512,8,9792,103552,2343744,6848512
research/transport-memory/adjustment-results,h2-rate128k-burst,0,transfer_start,1,3397744,103552,318400,1024000,6718528,11173888,2008,3397744,103552,6718528,11173888
research/transport-memory/adjustment-results,h2-rate128k-burst,0,active,36,36414427,673487,318400,393361408,67192256,93487104,2009,42129685,710454,74433984,93487104
research/transport-memory/adjustment-results,h2-rate128k-burst,0,capture_complete,1,10612399,673487,318400,393216000,57345472,93470720,1009,42129685,710454,74433984,93487104
research/transport-memory/adjustment-results,h2-rate128k-burst,0,validation_delayed,1,10612399,673487,318400,393216000,57345472,93470720,1009,42129685,710454,74433984,93487104
research/transport-memory/adjustment-results,h2-rate128k-burst,0,captures_released,1,10612399,673487,0,0,57345472,93470720,9,42129685,710454,74433984,93487104
research/transport-memory/adjustment-results,h2-rate128k-burst,0,serviced_idle,1,10612399,673487,0,0,57329088,93454336,9,42129685,710454,74433984,93487104
research/transport-memory/adjustment-results,h2-rate128k-burst,0,multi_released,1,0,537905,0,0,38110592,76693504,4,42129685,710454,74433984,93487104
research/transport-memory/adjustment-results,h2-rate128k-burst,0,cleaned,1,0,0,0,0,38110592,76693504,4,42129685,710454,74433984,93487104
research/transport-memory/adjustment-results,h2-rate128k-burst,0,retained_idle,1,0,0,0,0,38110592,76693504,3,42129685,710454,74433984,93487104
research/transport-memory/adjustment-results,h2-rate128k-late,-1,cold,1,0,0,0,0,1524288,2834432,4,0,0,1524288,2834432
research/transport-memory/adjustment-results,h2-rate128k-late,0,burst_start,1,9792,103552,0,0,2360064,6897664,8,9792,103552,2360064,6897664
research/transport-memory/adjustment-results,h2-rate128k-late,0,transfer_start,1,3397744,103552,318400,1024000,6669184,11173888,2008,3397744,103552,6669184,11173888
research/transport-memory/adjustment-results,h2-rate128k-late,0,active,60,59436678,673487,318400,393221120,76727552,143441920,2009,75399470,710454,101582080,143441920
research/transport-memory/adjustment-results,h2-rate128k-late,0,capture_complete,1,10612416,673487,318400,393216000,63915328,105840640,1009,75399470,710454,101582080,143441920
research/transport-memory/adjustment-results,h2-rate128k-late,0,validation_delayed,1,10612416,673487,318400,393216000,63915328,105840640,1009,75399470,710454,101582080,143441920
research/transport-memory/adjustment-results,h2-rate128k-late,0,captures_released,1,10612416,673487,0,0,63915328,105840640,9,75399470,710454,101582080,143441920
research/transport-memory/adjustment-results,h2-rate128k-late,0,serviced_idle,1,10612416,673487,0,0,63915328,105840640,9,75399470,710454,101582080,143441920
research/transport-memory/adjustment-results,h2-rate128k-late,0,multi_released,1,0,537905,0,0,46253376,87654400,4,75399470,710454,101582080,143441920
research/transport-memory/adjustment-results,h2-rate128k-late,0,cleaned,1,0,0,0,0,46253376,88014848,4,75399470,710454,101582080,143441920
research/transport-memory/adjustment-results,h2-rate128k-late,0,retained_idle,1,0,0,0,0,46269760,50216960,3,75399470,710454,101582080,143441920
research/transport-memory/adjustment-results,h2-split10-burst,-1,cold,1,0,0,0,0,1540736,2834432,4,0,0,1540736,2834432
research/transport-memory/adjustment-results,h2-split10-burst,0,burst_start,1,9792,103552,0,0,2310912,6848512,8,9792,103552,2327296,6848512
research/transport-memory/adjustment-results,h2-split10-burst,0,transfer_start,1,3397744,103552,318400,1024000,6538048,11059200,2008,3397744,103552,6538048,11059200
research/transport-memory/adjustment-results,h2-split10-burst,0,active,24,36798075,1877635,318400,382302483,59524352,74547200,2018,41357971,1912244,59786496,74547200
research/transport-memory/adjustment-results,h2-split10-burst,0,capture_complete,1,6721701,1877635,318400,393216000,47039744,74547200,1018,41357971,1912244,59786496,74547200
research/transport-memory/adjustment-results,h2-split10-burst,0,validation_delayed,1,6721701,1877635,318400,393216000,47039744,74547200,1018,41357971,1912244,59786496,74547200
research/transport-memory/adjustment-results,h2-split10-burst,0,captures_released,1,6721701,1877635,0,0,47039744,74547200,18,41357971,1912244,59786496,74547200
research/transport-memory/adjustment-results,h2-split10-burst,0,serviced_idle,1,6721701,1877635,0,0,47039744,74547200,18,41357971,1912244,59786496,74547200
research/transport-memory/adjustment-results,h2-split10-burst,0,multi_released,1,0,538049,0,0,43222272,74563584,4,41357971,1912244,59786496,74563584
research/transport-memory/adjustment-results,h2-split10-burst,0,cleaned,1,0,0,0,0,43222272,74563584,4,41357971,1912244,59786496,74563584
research/transport-memory/adjustment-results,h2-split10-burst,0,retained_idle,1,0,0,0,0,43205888,74547200,3,41357971,1912244,59786496,74563584
research/transport-memory/adjustment-results,h2-split10-late,-1,cold,1,0,0,0,0,1540736,2834432,4,0,0,1540736,2834432
research/transport-memory/adjustment-results,h2-split10-late,0,burst_start,1,9792,103552,0,0,2327424,6832128,8,9792,103552,2343808,6832128
research/transport-memory/adjustment-results,h2-split10-late,0,transfer_start,1,3397744,103552,318400,1024000,6669440,11108352,2008,3397744,103552,6669440,11108352
research/transport-memory/adjustment-results,h2-split10-late,0,active,50,117392188,1877635,318400,372544512,151291584,195264512,2018,126265268,1912244,162547456,195264512
research/transport-memory/adjustment-results,h2-split10-late,0,capture_complete,1,6721701,1877635,318400,393216000,51398400,195641344,1018,126265268,1912244,162547456,195641344
research/transport-memory/adjustment-results,h2-split10-late,0,validation_delayed,1,6721701,1877635,318400,393216000,51398400,195641344,1018,126265268,1912244,162547456,195641344
research/transport-memory/adjustment-results,h2-split10-late,0,captures_released,1,6721701,1877635,0,0,46319360,195641344,18,126265268,1912244,162547456,195641344
research/transport-memory/adjustment-results,h2-split10-late,0,serviced_idle,1,6721701,1877635,0,0,46319360,195641344,18,126265268,1912244,162547456,195641344
research/transport-memory/adjustment-results,h2-split10-late,0,multi_released,1,0,538049,0,0,35817216,187269120,4,126265268,1912244,162547456,195641344
research/transport-memory/adjustment-results,h2-split10-late,0,cleaned,1,0,0,0,0,35604224,187285504,4,126265268,1912244,162547456,195641344
research/transport-memory/adjustment-results,h2-split10-late,0,retained_idle,1,0,0,0,0,35604224,187285504,3,126265268,1912244,162547456,195641344
research/transport-memory/adjustment-unknown-results,h2-unknown-baseline-late,-1,cold,1,0,0,0,0,1458752,2768896,4,0,0,1524288,2768896
research/transport-memory/adjustment-unknown-results,h2-unknown-baseline-late,0,burst_start,1,9792,103552,0,0,2425792,6930432,8,9792,103552,2425792,6930432
research/transport-memory/adjustment-unknown-results,h2-unknown-baseline-late,0,transfer_start,1,3397744,103552,318400,1024000,6620160,11108352,2008,3397744,103552,6620160,11108352
research/transport-memory/adjustment-unknown-results,h2-unknown-baseline-late,0,active,48,127446427,673471,318400,377616409,120325696,219856896,2009,135807601,710454,129894016,219856896
research/transport-memory/adjustment-unknown-results,h2-unknown-baseline-late,0,capture_complete,1,10612442,673471,318400,393216000,73565824,222461952,1009,135807601,710454,129894016,222461952
research/transport-memory/adjustment-unknown-results,h2-unknown-baseline-late,0,validation_delayed,1,10612442,673471,318400,393216000,73549440,222445568,1009,135807601,710454,129894016,222461952
research/transport-memory/adjustment-unknown-results,h2-unknown-baseline-late,0,captures_released,1,10612442,673471,0,0,73549440,222445568,9,135807601,710454,129894016,222461952
research/transport-memory/adjustment-unknown-results,h2-unknown-baseline-late,0,serviced_idle,1,10612442,673471,0,0,73549440,222445568,9,135807601,710454,129894016,222461952
research/transport-memory/adjustment-unknown-results,h2-unknown-baseline-late,0,multi_released,1,0,537905,0,0,57607808,209387520,4,135807601,710454,129894016,222461952
research/transport-memory/adjustment-unknown-results,h2-unknown-baseline-late,0,cleaned,1,0,0,0,0,57411136,201359360,4,135807601,710454,129894016,222461952
research/transport-memory/adjustment-unknown-results,h2-unknown-baseline-late,0,retained_idle,1,0,0,0,0,57411136,201359360,3,135807601,710454,129894016,222461952
research/transport-memory/adjustment-unknown-results,h2-unknown-rate32k-late,-1,cold,1,0,0,0,0,1458752,2768896,4,0,0,1524288,2768896
research/transport-memory/adjustment-unknown-results,h2-unknown-rate32k-late,0,burst_start,1,9792,103552,0,0,2376512,6914048,8,9792,103552,2392896,6914048
research/transport-memory/adjustment-unknown-results,h2-unknown-rate32k-late,0,transfer_start,1,3397744,103552,318400,1024000,6669248,11173888,2008,3397744,103552,6669248,11173888
research/transport-memory/adjustment-unknown-results,h2-unknown-rate32k-late,0,active,141,56735372,673471,318400,392766464,82986368,130613248,2009,62063066,710454,93980096,130613248
research/transport-memory/adjustment-unknown-results,h2-unknown-rate32k-late,0,capture_complete,1,10612442,673471,318400,393216000,58394176,130596864,1009,62063066,710454,93980096,130613248
research/transport-memory/adjustment-unknown-results,h2-unknown-rate32k-late,0,validation_delayed,1,10612442,673471,318400,393216000,58394176,130596864,1009,62063066,710454,93980096,130613248
research/transport-memory/adjustment-unknown-results,h2-unknown-rate32k-late,0,captures_released,1,10612442,673471,0,0,58394176,130596864,9,62063066,710454,93980096,130613248
research/transport-memory/adjustment-unknown-results,h2-unknown-rate32k-late,0,serviced_idle,1,10612442,673471,0,0,58394176,130596864,9,62063066,710454,93980096,130613248
research/transport-memory/adjustment-unknown-results,h2-unknown-rate32k-late,0,multi_released,1,0,537905,0,0,37275200,122224640,4,62063066,710454,93980096,130613248
research/transport-memory/adjustment-unknown-results,h2-unknown-rate32k-late,0,cleaned,1,0,0,0,0,36701760,122241024,4,62063066,710454,93980096,130613248
research/transport-memory/adjustment-unknown-results,h2-unknown-rate32k-late,0,retained_idle,1,0,0,0,0,36701760,122241024,3,62063066,710454,93980096,130613248
research/transport-memory/adjustment-unknown-results,h2-unknown-rate128k-late,-1,cold,1,0,0,0,0,1458752,2768896,4,0,0,1524288,2768896
research/transport-memory/adjustment-unknown-results,h2-unknown-rate128k-late,0,burst_start,1,9792,103552,0,0,2278144,6832128,8,9792,103552,2294528,6832128
research/transport-memory/adjustment-unknown-results,h2-unknown-rate128k-late,0,transfer_start,1,3397744,103552,318400,1024000,6652864,11157504,2008,3397744,103552,6652864,11157504
research/transport-memory/adjustment-unknown-results,h2-unknown-rate128k-late,0,active,54,80582526,673471,318400,390752254,108971328,167804928,2009,83564074,710454,108971328,167804928
research/transport-memory/adjustment-unknown-results,h2-unknown-rate128k-late,0,capture_complete,1,10612425,673471,318400,393216000,56067520,167772160,1009,83564074,710454,108971328,167804928
research/transport-memory/adjustment-unknown-results,h2-unknown-rate128k-late,0,validation_delayed,1,10612425,673471,318400,393216000,56067520,167772160,1009,83564074,710454,108971328,167804928
research/transport-memory/adjustment-unknown-results,h2-unknown-rate128k-late,0,captures_released,1,10612425,673471,0,0,55657920,167772160,9,83564074,710454,108971328,167804928
research/transport-memory/adjustment-unknown-results,h2-unknown-rate128k-late,0,serviced_idle,1,10612425,673471,0,0,55657920,167772160,9,83564074,710454,108971328,167804928
research/transport-memory/adjustment-unknown-results,h2-unknown-rate128k-late,0,multi_released,1,0,537905,0,0,34194880,151011328,4,83564074,710454,108971328,167804928
research/transport-memory/adjustment-unknown-results,h2-unknown-rate128k-late,0,cleaned,1,0,0,0,0,34080192,142639104,4,83564074,710454,108971328,167804928
research/transport-memory/adjustment-unknown-results,h2-unknown-rate128k-late,0,retained_idle,1,0,0,0,0,34080192,142639104,3,83564074,710454,108971328,167804928
research/transport-memory/adjustment-unknown-results,h2-unknown-split10-late,-1,cold,1,0,0,0,0,1458752,2768896,4,0,0,1524288,2768896
research/transport-memory/adjustment-unknown-results,h2-unknown-split10-late,0,burst_start,1,9792,103552,0,0,2392896,6930432,8,9792,103552,2409280,6930432
research/transport-memory/adjustment-unknown-results,h2-unknown-split10-late,0,transfer_start,1,3397744,103552,318400,1024000,6603712,11108352,2008,3397744,103552,6603712,11108352
research/transport-memory/adjustment-unknown-results,h2-unknown-split10-late,0,active,45,98257980,1877671,318400,324679428,126371264,222134272,2018,109764274,1912280,130434496,222134272
research/transport-memory/adjustment-unknown-results,h2-unknown-split10-late,0,capture_complete,1,6722131,1877671,318400,393216000,62506560,207470592,1018,109764274,1912280,130434496,222134272
research/transport-memory/adjustment-unknown-results,h2-unknown-split10-late,0,validation_delayed,1,6722131,1877671,318400,393216000,62490176,207454208,1018,109764274,1912280,130434496,222134272
research/transport-memory/adjustment-unknown-results,h2-unknown-split10-late,0,captures_released,1,6722131,1877671,0,0,62490176,207454208,18,109764274,1912280,130434496,222134272
research/transport-memory/adjustment-unknown-results,h2-unknown-split10-late,0,serviced_idle,1,6722131,1877671,0,0,62490176,207454208,18,109764274,1912280,130434496,222134272
research/transport-memory/adjustment-unknown-results,h2-unknown-split10-late,0,multi_released,1,0,538049,0,0,51447360,203259904,4,109764274,1912280,130434496,222134272
research/transport-memory/adjustment-unknown-results,h2-unknown-split10-late,0,cleaned,1,0,0,0,0,48662080,203472896,4,109764274,1912280,130434496,222134272
research/transport-memory/adjustment-unknown-results,h2-unknown-split10-late,0,retained_idle,1,0,0,0,0,48662080,203472896,3,109764274,1912280,130434496,222134272
research/transport-memory/adjustment-unknown-results,h2-unknown-aligned100-late,-1,cold,1,0,0,0,0,1458752,2768896,4,0,0,1524288,2768896
research/transport-memory/adjustment-unknown-results,h2-unknown-aligned100-late,0,burst_start,1,9792,103552,0,0,2392896,6930432,8,9792,103552,2392896,6930432
research/transport-memory/adjustment-unknown-results,h2-unknown-aligned100-late,0,transfer_start,1,3397744,103552,318400,1024000,6734848,11223040,2008,3397744,103552,6734848,11223040
research/transport-memory/adjustment-unknown-results,h2-unknown-aligned100-late,0,active,45,146423758,1877527,318400,317550219,218449472,230293504,2018,153292133,1912120,226281024,230293504
research/transport-memory/adjustment-unknown-results,h2-unknown-aligned100-late,0,capture_complete,1,6722131,1877527,318400,393216000,76990016,230572032,1018,153292133,1912120,226281024,230572032
research/transport-memory/adjustment-unknown-results,h2-unknown-aligned100-late,0,validation_delayed,1,6722131,1877527,318400,393216000,76990016,230572032,1018,153292133,1912120,226281024,230572032
research/transport-memory/adjustment-unknown-results,h2-unknown-aligned100-late,0,captures_released,1,6722131,1877527,0,0,74450496,230555648,18,153292133,1912120,226281024,230572032
research/transport-memory/adjustment-unknown-results,h2-unknown-aligned100-late,0,serviced_idle,1,6722131,1877527,0,0,74450496,230555648,18,153292133,1912120,226281024,230572032
research/transport-memory/adjustment-unknown-results,h2-unknown-aligned100-late,0,multi_released,1,0,538049,0,0,62965312,236568576,4,153292133,1912120,226281024,236568576
research/transport-memory/adjustment-unknown-results,h2-unknown-aligned100-late,0,cleaned,1,0,0,0,0,62801472,236781568,4,153292133,1912120,226281024,236781568
research/transport-memory/adjustment-unknown-results,h2-unknown-aligned100-late,0,retained_idle,1,0,0,0,0,62801472,236781568,3,153292133,1912120,226281024,236781568
research/transport-memory/adjustment-unknown-results,h2-long-baseline-late,-1,cold,1,0,0,0,0,1458752,2768896,4,0,0,1524288,2768896
research/transport-memory/adjustment-unknown-results,h2-long-baseline-late,0,burst_start,1,9792,103552,0,0,2228992,6782976,8,9792,103552,2245376,6782976
research/transport-memory/adjustment-unknown-results,h2-long-baseline-late,0,transfer_start,1,3397744,103552,318400,1024000,6603712,11108352,2008,3397744,103552,6603712,11108352
research/transport-memory/adjustment-unknown-results,h2-long-baseline-late,0,active,64,192289936,673471,318400,1514439186,198051584,342130688,2009,195531170,710446,200148736,342130688
research/transport-memory/adjustment-unknown-results,h2-long-baseline-late,0,capture_complete,1,10612425,673471,318400,1572864000,77383424,348110848,1009,195531170,710446,200148736,348110848
research/transport-memory/adjustment-unknown-results,h2-long-baseline-late,0,validation_delayed,1,10612425,673471,318400,1572864000,77399808,345702400,1009,195531170,710446,200148736,348110848
research/transport-memory/adjustment-unknown-results,h2-long-baseline-late,0,captures_released,1,10612425,673471,0,0,75974400,339968000,9,195531170,710446,200148736,348110848
research/transport-memory/adjustment-unknown-results,h2-long-baseline-late,0,serviced_idle,1,10612425,673471,0,0,75974400,339968000,9,195531170,710446,200148736,348110848
research/transport-memory/adjustment-unknown-results,h2-long-baseline-late,0,multi_released,1,0,537905,0,0,57509632,346882048,4,195531170,710446,200148736,348110848
research/transport-memory/adjustment-unknown-results,h2-long-baseline-late,0,cleaned,1,0,0,0,0,57149184,347226112,4,195531170,710446,200148736,348110848
research/transport-memory/adjustment-unknown-results,h2-long-baseline-late,0,retained_idle,1,0,0,0,0,57149184,347226112,3,195531170,710446,200148736,348110848
research/transport-memory/adjustment-unknown-results,h2-long-rate32k-late,-1,cold,1,0,0,0,0,1458752,2768896,4,0,0,1524288,2768896
research/transport-memory/adjustment-unknown-results,h2-long-rate32k-late,0,burst_start,1,9792,103552,0,0,2310912,6864896,8,9792,103552,2327296,6864896
research/transport-memory/adjustment-unknown-results,h2-long-rate32k-late,0,transfer_start,1,3397744,103552,318400,1024000,6652864,11157504,2008,3397744,103552,6652864,11157504
research/transport-memory/adjustment-unknown-results,h2-long-rate32k-late,0,active,496,69121626,673471,318400,1572874240,103269760,143785984,2009,71128319,710454,104908160,143785984
research/transport-memory/adjustment-unknown-results,h2-long-rate32k-late,0,capture_complete,1,10612425,673471,318400,1572864000,63260096,82247680,1009,71128319,710454,104908160,143785984
research/transport-memory/adjustment-unknown-results,h2-long-rate32k-late,0,validation_delayed,1,10612425,673471,318400,1572864000,63260096,82247680,1009,71128319,710454,104908160,143785984
research/transport-memory/adjustment-unknown-results,h2-long-rate32k-late,0,captures_released,1,10612425,673471,0,0,63260096,82247680,9,71128319,710454,104908160,143785984
research/transport-memory/adjustment-unknown-results,h2-long-rate32k-late,0,serviced_idle,1,10612425,673471,0,0,63260096,82247680,9,71128319,710454,104908160,143785984
research/transport-memory/adjustment-unknown-results,h2-long-rate32k-late,0,multi_released,1,0,537905,0,0,43681152,72237056,4,71128319,710454,104908160,143785984
research/transport-memory/adjustment-unknown-results,h2-long-rate32k-late,0,cleaned,1,0,0,0,0,43664768,72613888,4,71128319,710454,104908160,143785984
research/transport-memory/adjustment-unknown-results,h2-long-rate32k-late,0,retained_idle,1,0,0,0,0,43664768,72613888,3,71128319,710454,104908160,143785984
research/transport-memory/adjustment-unknown-results,h2-long-rate128k-late,-1,cold,1,0,0,0,0,1458752,2768896,4,0,0,1524288,2768896
research/transport-memory/adjustment-unknown-results,h2-long-rate128k-late,0,burst_start,1,9792,103552,0,0,2409344,6930432,8,9792,103552,2425728,6930432
research/transport-memory/adjustment-unknown-results,h2-long-rate128k-late,0,transfer_start,1,3397744,103552,318400,1024000,6685760,11157504,2008,3397744,103552,6685760,11157504
research/transport-memory/adjustment-unknown-results,h2-long-rate128k-late,0,active,144,80345865,673471,318400,1572055040,103515712,166297600,2009,102977199,710454,124044928,166297600
research/transport-memory/adjustment-unknown-results,h2-long-rate128k-late,0,capture_complete,1,10612425,673471,318400,1572864000,74811072,92209152,1009,102977199,710454,124044928,166297600
research/transport-memory/adjustment-unknown-results,h2-long-rate128k-late,0,validation_delayed,1,10612425,673471,318400,1572864000,74811072,92209152,1009,102977199,710454,124044928,166297600
research/transport-memory/adjustment-unknown-results,h2-long-rate128k-late,0,captures_released,1,10612425,673471,0,0,74811072,92209152,9,102977199,710454,124044928,166297600
research/transport-memory/adjustment-unknown-results,h2-long-rate128k-late,0,serviced_idle,1,10612425,673471,0,0,74811072,92209152,9,102977199,710454,124044928,166297600
research/transport-memory/adjustment-unknown-results,h2-long-rate128k-late,0,multi_released,1,0,537905,0,0,63211136,79085568,4,102977199,710454,124044928,166297600
research/transport-memory/adjustment-unknown-results,h2-long-rate128k-late,0,cleaned,1,0,0,0,0,63194752,79413248,4,102977199,710454,124044928,166297600
research/transport-memory/adjustment-unknown-results,h2-long-rate128k-late,0,retained_idle,1,0,0,0,0,63194752,79413248,3,102977199,710454,124044928,166297600
research/transport-memory/adjustment-slow-results,h2-unknown-baseline-slow,-1,cold,1,0,0,0,0,1524288,2834432,4,0,0,1573440,2834432
research/transport-memory/adjustment-slow-results,h2-unknown-baseline-slow,0,burst_start,1,9792,103552,0,0,2573248,7077888,8,9792,103552,2573248,7077888
research/transport-memory/adjustment-slow-results,h2-unknown-baseline-slow,0,transfer_start,1,3397744,103552,318400,1024000,6849664,11304960,2008,3397744,103552,6849664,11304960
research/transport-memory/adjustment-slow-results,h2-unknown-baseline-slow,0,active,358,291653356,673487,318400,392077404,326223936,268632064,2009,291816674,710454,326223936,268632064
research/transport-memory/adjustment-slow-results,h2-unknown-baseline-slow,0,capture_complete,1,10612459,673487,318400,393216000,49645568,196755456,1009,291816674,710454,326223936,268632064
research/transport-memory/adjustment-slow-results,h2-unknown-baseline-slow,0,validation_delayed,1,10612459,673487,318400,393216000,49645568,188284928,1009,291816674,710454,326223936,268632064
research/transport-memory/adjustment-slow-results,h2-unknown-baseline-slow,0,captures_released,1,10612459,673487,0,0,46532608,186089472,9,291816674,710454,326223936,268632064
research/transport-memory/adjustment-slow-results,h2-unknown-baseline-slow,0,serviced_idle,1,10612459,673487,0,0,46532608,186089472,9,291816674,710454,326223936,268632064
research/transport-memory/adjustment-slow-results,h2-unknown-baseline-slow,0,multi_released,1,0,537905,0,0,36915200,188874752,4,291816674,710454,326223936,268632064
research/transport-memory/adjustment-slow-results,h2-unknown-baseline-slow,0,cleaned,1,0,0,0,0,35948544,189169664,4,291816674,710454,326223936,268632064
research/transport-memory/adjustment-slow-results,h2-unknown-baseline-slow,0,retained_idle,1,0,0,0,0,35948544,189169664,3,291816674,710454,326223936,268632064
research/transport-memory/adjustment-slow-results,h2-unknown-rate32k-slow,-1,cold,1,0,0,0,0,1458752,2768896,4,0,0,1524288,2768896
research/transport-memory/adjustment-slow-results,h2-unknown-rate32k-slow,0,burst_start,1,9792,103552,0,0,2442048,6979584,8,9792,103552,2458432,6979584
research/transport-memory/adjustment-slow-results,h2-unknown-rate32k-slow,0,transfer_start,1,3397744,103552,318400,1024000,6652864,11157504,2008,3397744,103552,6652864,11157504
research/transport-memory/adjustment-slow-results,h2-unknown-rate32k-slow,0,active,346,96576463,673471,318400,392367095,125519424,138985472,2009,96592927,710454,125568576,138985472
research/transport-memory/adjustment-slow-results,h2-unknown-rate32k-slow,0,capture_complete,1,10612442,673471,318400,393216000,69224064,122372096,1009,96592927,710454,125568576,138985472
research/transport-memory/adjustment-slow-results,h2-unknown-rate32k-slow,0,validation_delayed,1,10612442,673471,318400,393216000,69224064,122372096,1009,96592927,710454,125568576,138985472
research/transport-memory/adjustment-slow-results,h2-unknown-rate32k-slow,0,captures_released,1,10612442,673471,0,0,69224064,122372096,9,96592927,710454,125568576,138985472
research/transport-memory/adjustment-slow-results,h2-unknown-rate32k-slow,0,serviced_idle,1,10612442,673471,0,0,69224064,122372096,9,96592927,710454,125568576,138985472
research/transport-memory/adjustment-slow-results,h2-unknown-rate32k-slow,0,multi_released,1,0,537905,0,0,51218048,116736000,4,96592927,710454,125568576,138985472
research/transport-memory/adjustment-slow-results,h2-unknown-rate32k-slow,0,cleaned,1,0,0,0,0,45909632,117096448,4,96592927,710454,125568576,138985472
research/transport-memory/adjustment-slow-results,h2-unknown-rate32k-slow,0,retained_idle,1,0,0,0,0,45909632,117096448,3,96592927,710454,125568576,138985472
research/transport-memory/adjustment-slow-results,h2-unknown-rate128k-slow,-1,cold,1,0,0,0,0,1540736,2834432,4,0,0,1540736,2834432
research/transport-memory/adjustment-slow-results,h2-unknown-rate128k-slow,0,burst_start,1,9792,103552,0,0,2458432,6995968,8,9792,103552,2458432,6995968
research/transport-memory/adjustment-slow-results,h2-unknown-rate128k-slow,0,transfer_start,1,3397744,103552,318400,1024000,6784000,11272192,2008,3397744,103552,6784000,11272192
research/transport-memory/adjustment-slow-results,h2-unknown-rate128k-slow,0,active,353,259466159,673471,318400,393052160,303679552,305741824,2009,259665559,710454,303827008,305741824
research/transport-memory/adjustment-slow-results,h2-unknown-rate128k-slow,0,capture_complete,1,10612442,673471,318400,393216000,65390720,224018432,1009,259665559,710454,303827008,305741824
research/transport-memory/adjustment-slow-results,h2-unknown-rate128k-slow,0,validation_delayed,1,10612442,673471,318400,393216000,65390720,224018432,1009,259665559,710454,303827008,305741824
research/transport-memory/adjustment-slow-results,h2-unknown-rate128k-slow,0,captures_released,1,10612442,673471,0,0,61950080,181059584,9,259665559,710454,303827008,305741824
research/transport-memory/adjustment-slow-results,h2-unknown-rate128k-slow,0,serviced_idle,1,10612442,673471,0,0,61950080,181059584,9,259665559,710454,303827008,305741824
research/transport-memory/adjustment-slow-results,h2-unknown-rate128k-slow,0,multi_released,1,0,537905,0,0,47597632,176734208,4,259665559,710454,303827008,305741824
research/transport-memory/adjustment-slow-results,h2-unknown-rate128k-slow,0,cleaned,1,0,0,0,0,46286912,177111040,4,259665559,710454,303827008,305741824
research/transport-memory/adjustment-slow-results,h2-unknown-rate128k-slow,0,retained_idle,1,0,0,0,0,46286912,175259648,3,259665559,710454,303827008,305741824
research/transport-memory/adjustment-slow-results,h2-unknown-reuse1,-1,cold,1,0,0,0,0,1540736,2834432,4,0,0,1540736,2834432
research/transport-memory/adjustment-slow-results,h2-unknown-reuse1,0,burst_start,1,9792,103552,0,0,2360192,6881280,8,9792,103552,2376576,6881280
research/transport-memory/adjustment-slow-results,h2-unknown-reuse1,0,transfer_start,1,3397744,103552,318400,1024000,6751360,11206656,2008,3397744,103552,6751360,11206656
research/transport-memory/adjustment-slow-results,h2-unknown-reuse1,0,active,8,102953069,1877651,318400,60841538,123536960,133021696,2018,103566796,1912244,123569728,133021696
research/transport-memory/adjustment-slow-results,h2-unknown-reuse1,0,capture_complete,1,708978,676598,318400,65536000,53954112,133005312,1009,103566796,1912244,123569728,133021696
research/transport-memory/adjustment-slow-results,h2-unknown-reuse1,0,validation_delayed,1,708978,676598,318400,65536000,53954112,133005312,1009,103566796,1912244,123569728,133021696
research/transport-memory/adjustment-slow-results,h2-unknown-reuse1,0,captures_released,1,708978,676598,0,0,52954688,133005312,9,103566796,1912244,123569728,133021696
research/transport-memory/adjustment-slow-results,h2-unknown-reuse1,0,serviced_idle,1,708978,676598,0,0,52954688,133005312,9,103566796,1912244,123569728,133021696
research/transport-memory/adjustment-slow-results,h2-unknown-reuse1,1,burst_start,1,708978,676598,0,0,52954688,133005312,9,708978,676598,123569728,133021696
research/transport-memory/adjustment-slow-results,h2-unknown-reuse1,1,transfer_start,1,4086978,676598,318400,1024000,53413440,133464064,2009,4086978,676598,123569728,133464064
research/transport-memory/adjustment-slow-results,h2-unknown-reuse1,1,active,8,106463518,1880706,318400,60842396,100451968,184041472,2018,106861422,1915299,123569728,184041472
research/transport-memory/adjustment-slow-results,h2-unknown-reuse1,1,capture_complete,1,708995,676598,318400,65536000,44385920,184025088,1009,106861422,1915299,123569728,184041472
research/transport-memory/adjustment-slow-results,h2-unknown-reuse1,1,validation_delayed,1,708995,676598,318400,65536000,44385920,184025088,1009,106861422,1915299,123569728,184041472
research/transport-memory/adjustment-slow-results,h2-unknown-reuse1,1,captures_released,1,708995,676598,0,0,44385920,184025088,9,106861422,1915299,123569728,184041472
research/transport-memory/adjustment-slow-results,h2-unknown-reuse1,1,serviced_idle,1,708995,676598,0,0,44385920,184025088,9,106861422,1915299,123569728,184041472
research/transport-memory/adjustment-slow-results,h2-unknown-reuse1,2,burst_start,1,708995,676598,0,0,44385920,184025088,9,708995,676598,123569728,184041472
research/transport-memory/adjustment-slow-results,h2-unknown-reuse1,2,transfer_start,1,4086995,676598,318400,1024000,44402304,184041472,2009,4086995,676598,123569728,184041472
research/transport-memory/adjustment-slow-results,h2-unknown-reuse1,2,active,8,105582127,1880658,318400,60421584,113280704,184336384,2018,105602928,1915267,123569728,184336384
research/transport-memory/adjustment-slow-results,h2-unknown-reuse1,2,capture_complete,1,708961,676618,318400,65536000,60720832,162414592,1009,105602928,1915267,123569728,184336384
research/transport-memory/adjustment-slow-results,h2-unknown-reuse1,2,validation_delayed,1,708961,676618,318400,65536000,60720832,162414592,1009,105602928,1915267,123569728,184336384
research/transport-memory/adjustment-slow-results,h2-unknown-reuse1,2,captures_released,1,708961,676618,0,0,59803328,162414592,9,105602928,1915267,123569728,184336384
research/transport-memory/adjustment-slow-results,h2-unknown-reuse1,2,serviced_idle,1,708961,676618,0,0,59803328,162316288,9,105602928,1915267,123569728,184336384
research/transport-memory/adjustment-slow-results,h2-unknown-reuse1,2,multi_released,1,0,538049,0,0,58279616,153927680,4,105602928,1915267,123569728,184336384
research/transport-memory/adjustment-slow-results,h2-unknown-reuse1,2,cleaned,1,0,0,0,0,58279616,154075136,4,105602928,1915267,123569728,184336384
research/transport-memory/adjustment-slow-results,h2-unknown-reuse1,2,retained_idle,1,0,0,0,0,58296000,151879680,3,105602928,1915267,123569728,184336384
research/transport-memory/adjustment-slow-results,h2-unknown-reuse10,-1,cold,1,0,0,0,0,1524352,2818048,4,0,0,1589888,2818048
research/transport-memory/adjustment-slow-results,h2-unknown-reuse10,0,burst_start,1,9792,103552,0,0,2343808,6864896,8,9792,103552,2360192,6864896
research/transport-memory/adjustment-slow-results,h2-unknown-reuse10,0,transfer_start,1,3397744,103552,318400,1024000,6767744,11223040,2008,3397744,103552,6767744,11223040
research/transport-memory/adjustment-slow-results,h2-unknown-reuse10,0,active,8,110860856,1877687,318400,58604144,125109824,137723904,2018,110973109,1912296,125109824,137723904
research/transport-memory/adjustment-slow-results,h2-unknown-reuse10,0,capture_complete,1,6722148,1877687,318400,65536000,54429248,137707520,1018,110973109,1912296,125109824,137723904
research/transport-memory/adjustment-slow-results,h2-unknown-reuse10,0,validation_delayed,1,6722148,1877687,318400,65536000,54429248,137707520,1018,110973109,1912296,125109824,137723904
research/transport-memory/adjustment-slow-results,h2-unknown-reuse10,0,captures_released,1,6722148,1877687,0,0,54429248,137707520,18,110973109,1912296,125109824,137723904
research/transport-memory/adjustment-slow-results,h2-unknown-reuse10,0,serviced_idle,1,6722148,1877687,0,0,54429248,137707520,18,110973109,1912296,125109824,137723904
research/transport-memory/adjustment-slow-results,h2-unknown-reuse10,1,burst_start,1,6722148,1877687,0,0,54429248,137707520,18,6722148,1877687,125109824,137723904
research/transport-memory/adjustment-slow-results,h2-unknown-reuse10,1,transfer_start,1,10100148,1877687,318400,1024000,54691392,137969664,2018,10100148,1877687,125109824,137969664
research/transport-memory/adjustment-slow-results,h2-unknown-reuse10,1,active,8,107812936,1877687,318400,60970748,89884224,177176576,2018,109679608,1877807,125109824,177176576
research/transport-memory/adjustment-slow-results,h2-unknown-reuse10,1,capture_complete,1,8003220,1877687,318400,65536000,60573248,177160192,1018,109679608,1877807,125109824,177176576
research/transport-memory/adjustment-slow-results,h2-unknown-reuse10,1,validation_delayed,1,8003220,1877687,318400,65536000,60573248,177160192,1018,109679608,1877807,125109824,177176576
research/transport-memory/adjustment-slow-results,h2-unknown-reuse10,1,captures_released,1,8003220,1877687,0,0,60573248,177160192,18,109679608,1877807,125109824,177176576
research/transport-memory/adjustment-slow-results,h2-unknown-reuse10,1,serviced_idle,1,8003220,1877687,0,0,63080000,139460608,18,109679608,1877807,125109824,177176576
research/transport-memory/adjustment-slow-results,h2-unknown-reuse10,2,burst_start,1,8003220,1877687,0,0,63080000,139460608,18,8003220,1877687,125109824,177176576
research/transport-memory/adjustment-slow-results,h2-unknown-reuse10,2,transfer_start,1,11381220,1877687,318400,1024000,63129152,139526144,2018,11381220,1877687,125109824,177176576
research/transport-memory/adjustment-slow-results,h2-unknown-reuse10,2,active,8,118327872,1877687,318400,61969307,101172800,184418304,2018,118482776,1877807,125109824,184418304
research/transport-memory/adjustment-slow-results,h2-unknown-reuse10,2,capture_complete,1,8660180,1877687,318400,65536000,60573248,184401920,1018,118482776,1877807,125109824,184418304
research/transport-memory/adjustment-slow-results,h2-unknown-reuse10,2,validation_delayed,1,8660180,1877687,318400,65536000,60573248,184401920,1018,118482776,1877807,125109824,184418304
research/transport-memory/adjustment-slow-results,h2-unknown-reuse10,2,captures_released,1,8660180,1877687,0,0,60573248,184401920,18,118482776,1877807,125109824,184418304
research/transport-memory/adjustment-slow-results,h2-unknown-reuse10,2,serviced_idle,1,8660180,1877687,0,0,60573248,184401920,18,118482776,1877807,125109824,184418304
research/transport-memory/adjustment-slow-results,h2-unknown-reuse10,2,multi_released,1,0,538049,0,0,57198144,179142656,4,118482776,1877807,125109824,184418304
research/transport-memory/adjustment-slow-results,h2-unknown-reuse10,2,cleaned,1,0,0,0,0,57017920,179470336,4,118482776,1877807,125109824,184418304
research/transport-memory/adjustment-slow-results,h2-unknown-reuse10,2,retained_idle,1,0,0,0,0,57017920,179470336,3,118482776,1877807,125109824,184418304
research/transport-memory/paced-results,slow50-unlimited,-1,cold,1,0,0,0,0,1458752,2785280,4,0,0,1524288,2785280
research/transport-memory/paced-results,slow50-unlimited,0,burst_start,1,9792,103552,0,0,2392896,6881280,8,9792,103552,2409280,6881280
research/transport-memory/paced-results,slow50-unlimited,0,transfer_start,1,3397744,103552,318400,1024000,6816768,11255808,2008,3397744,103552,6816768,11255808
research/transport-memory/paced-results,slow50-unlimited,0,active,101,36419547,673471,318400,15276008,43861056,49971200,2009,36661487,710454,43992128,49971200
research/transport-memory/paced-results,slow50-unlimited,0,capture_complete,1,10612442,673471,318400,15733000,38208576,37076992,1009,36661487,710454,43992128,49971200
research/transport-memory/paced-results,slow50-unlimited,0,validation_delayed,1,10612442,673471,318400,15733000,38208576,37076992,1009,36661487,710454,43992128,49971200
research/transport-memory/paced-results,slow50-unlimited,0,captures_released,1,10612442,673471,0,0,38208576,37142528,9,36661487,710454,43992128,49971200
research/transport-memory/paced-results,slow50-unlimited,0,serviced_idle,1,10612442,673471,0,0,38208576,37142528,9,36661487,710454,43992128,49971200
research/transport-memory/paced-results,slow50-unlimited,0,multi_released,1,0,537905,0,0,27509824,47792128,4,36661487,710454,43992128,49971200
research/transport-memory/paced-results,slow50-unlimited,0,cleaned,1,0,0,0,0,27345984,40026112,4,36661487,710454,43992128,49971200
research/transport-memory/paced-results,slow50-unlimited,0,retained_idle,1,0,0,0,0,27345984,40026112,3,36661487,710454,43992128,49971200
research/transport-memory/paced-results,slow50-rate8k,-1,cold,1,0,0,0,0,1458752,2785280,4,0,0,1524288,2785280
research/transport-memory/paced-results,slow50-rate8k,0,burst_start,1,9792,103552,0,0,2278144,6782976,8,9792,103552,2294528,6782976
research/transport-memory/paced-results,slow50-rate8k,0,transfer_start,1,3397744,103552,318400,1024000,6669248,11124736,2008,3397744,103552,6669248,11124736
research/transport-memory/paced-results,slow50-rate8k,0,active,100,36421004,673487,318400,14873443,45614144,50118656,2009,36661184,710454,45614144,50118656
research/transport-memory/paced-results,slow50-rate8k,0,capture_complete,1,10612459,673487,318400,15733000,45614144,44367872,1009,36661184,710454,45646912,50118656
research/transport-memory/paced-results,slow50-rate8k,0,validation_delayed,1,10612459,673487,318400,15733000,45614144,44367872,1009,36661184,710454,45646912,50118656
research/transport-memory/paced-results,slow50-rate8k,0,captures_released,1,10612459,673487,0,0,45614144,44400640,9,36661184,710454,45646912,50118656
research/transport-memory/paced-results,slow50-rate8k,0,serviced_idle,1,10612459,673487,0,0,45614144,38207488,9,36661184,710454,45646912,50118656
research/transport-memory/paced-results,slow50-rate8k,0,multi_released,1,0,537905,0,0,37405760,48840704,4,36661184,710454,45646912,50118656
research/transport-memory/paced-results,slow50-rate8k,0,cleaned,1,0,0,0,0,37291072,49299456,4,36661184,710454,45646912,50118656
research/transport-memory/paced-results,slow50-rate8k,0,retained_idle,1,0,0,0,0,37291072,46743552,3,36661184,710454,45646912,50118656
research/transport-memory/paced-results,slow50-rate32k,-1,cold,1,0,0,0,0,1458752,2785280,4,0,0,1524288,2785280
research/transport-memory/paced-results,slow50-rate32k,0,burst_start,1,9792,103552,0,0,2294528,6799360,8,9792,103552,2294528,6799360
research/transport-memory/paced-results,slow50-rate32k,0,transfer_start,1,3397744,103552,318400,1024000,6652864,11108352,2008,3397744,103552,6652864,11108352
research/transport-memory/paced-results,slow50-rate32k,0,active,101,36422730,673471,318400,15554786,44041344,52117504,2009,36661150,710454,45712512,52117504
research/transport-memory/paced-results,slow50-rate32k,0,capture_complete,1,10612425,673471,318400,15733000,37733504,52101120,1009,36661150,710454,45712512,52117504
research/transport-memory/paced-results,slow50-rate32k,0,validation_delayed,1,10612425,673471,318400,15733000,37733504,52101120,1009,36661150,710454,45712512,52117504
research/transport-memory/paced-results,slow50-rate32k,0,captures_released,1,10612425,673471,0,0,37733504,52101120,9,36661150,710454,45712512,52117504
research/transport-memory/paced-results,slow50-rate32k,0,serviced_idle,1,10612425,673471,0,0,37733504,52101120,9,36661150,710454,45712512,52117504
research/transport-memory/paced-results,slow50-rate32k,0,multi_released,1,0,537905,0,0,20628608,35340288,4,36661150,710454,45712512,52117504
research/transport-memory/paced-results,slow50-rate32k,0,cleaned,1,0,0,0,0,20612224,35340288,4,36661150,710454,45712512,52117504
research/transport-memory/paced-results,slow50-rate32k,0,retained_idle,1,0,0,0,0,20612224,35340288,3,36661150,710454,45712512,52117504
research/transport-memory/paced-results,normal100-unlimited,-1,cold,1,0,0,0,0,1458752,2785280,4,0,0,1524288,2785280
research/transport-memory/paced-results,normal100-unlimited,0,burst_start,1,9792,103552,0,0,2376512,6864896,8,9792,103552,2392896,6864896
research/transport-memory/paced-results,normal100-unlimited,0,transfer_start,1,3397744,103552,318400,1024000,6701952,11173888,2008,3397744,103552,6701952,11173888
research/transport-memory/paced-results,normal100-unlimited,0,active,101,36421644,673487,318400,29434537,45794496,53116928,2009,36661504,710454,46712000,53116928
research/transport-memory/paced-results,normal100-unlimited,0,capture_complete,1,10612459,673487,318400,31333000,42648768,53116928,1009,36661504,710454,46712000,53116928
research/transport-memory/paced-results,normal100-unlimited,0,validation_delayed,1,10612459,673487,318400,31333000,42648768,53116928,1009,36661504,710454,46712000,53116928
research/transport-memory/paced-results,normal100-unlimited,0,captures_released,1,10612459,673487,0,0,42648768,53116928,9,36661504,710454,46712000,53116928
research/transport-memory/paced-results,normal100-unlimited,0,serviced_idle,1,10612459,673487,0,0,42648768,53116928,9,36661504,710454,46712000,53116928
research/transport-memory/paced-results,normal100-unlimited,0,multi_released,1,0,537905,0,0,21365952,36356096,4,36661504,710454,46712000,53116928
research/transport-memory/paced-results,normal100-unlimited,0,cleaned,1,0,0,0,0,21251200,36257792,4,36661504,710454,46712000,53116928
research/transport-memory/paced-results,normal100-unlimited,0,retained_idle,1,0,0,0,0,21251200,36257792,3,36661504,710454,46712000,53116928
research/transport-memory/paced-results,normal100-rate8k,-1,cold,1,0,0,0,0,1524288,2850816,4,0,0,1524288,2850816
research/transport-memory/paced-results,normal100-rate8k,0,burst_start,1,9792,103552,0,0,2360128,6848512,8,9792,103552,2360128,6848512
research/transport-memory/paced-results,normal100-rate8k,0,transfer_start,1,3397744,103552,318400,1024000,6718464,11157504,2008,3397744,103552,6718464,11157504
research/transport-memory/paced-results,normal100-rate8k,0,active,100,36422890,673471,318400,29288729,46269568,49856512,2009,36661150,710454,46269568,49856512
research/transport-memory/paced-results,normal100-rate8k,0,capture_complete,1,10612425,673471,318400,31333000,46269568,48857088,1009,36661150,710454,46302336,49856512
research/transport-memory/paced-results,normal100-rate8k,0,validation_delayed,1,10612425,673471,318400,31333000,46269568,48857088,1009,36661150,710454,46302336,49856512
research/transport-memory/paced-results,normal100-rate8k,0,captures_released,1,10612425,673471,0,0,46269568,48873472,9,36661150,710454,46302336,49856512
research/transport-memory/paced-results,normal100-rate8k,0,serviced_idle,1,10612425,673471,0,0,46269568,48873472,9,36661150,710454,46302336,49856512
research/transport-memory/paced-results,normal100-rate8k,0,multi_released,1,0,537905,0,0,46318784,50790400,4,36661150,710454,46318784,50790400
research/transport-memory/paced-results,normal100-rate8k,0,cleaned,1,0,0,0,0,46318784,51036160,4,36661150,710454,46318784,51036160
research/transport-memory/paced-results,normal100-rate8k,0,retained_idle,1,0,0,0,0,46318784,51036160,3,36661150,710454,46318784,51036160
research/transport-memory/paced-results,normal100-rate32k,-1,cold,1,0,0,0,0,1540736,2850816,4,0,0,1540736,2850816
research/transport-memory/paced-results,normal100-rate32k,0,burst_start,1,9792,103552,0,0,2474816,6963200,8,9792,103552,2474816,6963200
research/transport-memory/paced-results,normal100-rate32k,0,transfer_start,1,3397744,103552,318400,1024000,6636544,11075584,2008,3397744,103552,6636544,11075584
research/transport-memory/paced-results,normal100-rate32k,0,active,101,36422107,673487,318400,29369899,45909248,50216960,2009,36661167,710454,45909248,50216960
research/transport-memory/paced-results,normal100-rate32k,0,capture_complete,1,10612442,673487,318400,31333000,42910976,47939584,1009,36661167,710454,45909248,50216960
research/transport-memory/paced-results,normal100-rate32k,0,validation_delayed,1,10612442,673487,318400,31333000,42910976,47939584,1009,36661167,710454,45909248,50216960
research/transport-memory/paced-results,normal100-rate32k,0,captures_released,1,10612442,673487,0,0,42910976,47972352,9,36661167,710454,45909248,50216960
research/transport-memory/paced-results,normal100-rate32k,0,serviced_idle,1,10612442,673487,0,0,42910976,47972352,9,36661167,710454,45909248,50216960
research/transport-memory/paced-results,normal100-rate32k,0,multi_released,1,0,537905,0,0,29246656,42139648,4,36661167,710454,45909248,50216960
research/transport-memory/paced-results,normal100-rate32k,0,cleaned,1,0,0,0,0,29246656,42483712,4,36661167,710454,45909248,50216960
research/transport-memory/paced-results,normal100-rate32k,0,retained_idle,1,0,0,0,0,29246656,40484864,3,36661167,710454,45909248,50216960
research/transport-memory/paced-results,fast1000-batched-unlimited,-1,cold,1,0,0,0,0,1458752,2785280,4,0,0,1524288,2785280
research/transport-memory/paced-results,fast1000-batched-unlimited,0,burst_start,1,9792,103552,0,0,2491264,6963200,8,9792,103552,2507648,6963200
research/transport-memory/paced-results,fast1000-batched-unlimited,0,transfer_start,1,3397744,103552,318400,1024000,6734912,11157504,2008,3397744,103552,6734912,11157504
research/transport-memory/paced-results,fast1000-batched-unlimited,0,active,102,41362663,673471,318400,91990233,80021184,76267520,2009,55607677,710454,87099072,76267520
research/transport-memory/paced-results,fast1000-batched-unlimited,0,capture_complete,1,10612425,673471,318400,103333000,63555264,81510400,1009,55607677,710454,87099072,81510400
research/transport-memory/paced-results,fast1000-batched-unlimited,0,validation_delayed,1,10612425,673471,318400,103333000,63555264,81379328,1009,55607677,710454,87099072,81510400
research/transport-memory/paced-results,fast1000-batched-unlimited,0,captures_released,1,10612425,673471,0,0,63538880,70123520,9,55607677,710454,87099072,81510400
research/transport-memory/paced-results,fast1000-batched-unlimited,0,serviced_idle,1,10612425,673471,0,0,63407808,49217536,9,55607677,710454,87099072,81510400
research/transport-memory/paced-results,fast1000-batched-unlimited,0,multi_released,1,0,537905,0,0,48809664,53772288,4,55607677,710454,87099072,81510400
research/transport-memory/paced-results,fast1000-batched-unlimited,0,cleaned,1,0,0,0,0,48809664,54181888,4,55607677,710454,87099072,81510400
research/transport-memory/paced-results,fast1000-batched-unlimited,0,retained_idle,1,0,0,0,0,48809664,53739520,3,55607677,710454,87099072,81510400
research/transport-memory/paced-results,fast1000-batched-rate8k,-1,cold,1,0,0,0,0,1524288,2850816,4,0,0,1524288,2850816
research/transport-memory/paced-results,fast1000-batched-rate8k,0,burst_start,1,9792,103552,0,0,2606016,7061504,8,9792,103552,2622400,7061504
research/transport-memory/paced-results,fast1000-batched-rate8k,0,transfer_start,1,3397744,103552,318400,1024000,6800448,11223040,2008,3397744,103552,6800448,11223040
research/transport-memory/paced-results,fast1000-batched-rate8k,0,active,146,36419530,673471,318400,103343792,51250368,54394880,2009,36661150,710454,51266752,54394880
research/transport-memory/paced-results,fast1000-batched-rate8k,0,capture_complete,1,10612425,673471,318400,103333000,48383168,54542336,1009,36661150,710454,51266752,54542336
research/transport-memory/paced-results,fast1000-batched-rate8k,0,validation_delayed,1,10612425,673471,318400,103333000,48383168,54542336,1009,36661150,710454,51266752,54542336
research/transport-memory/paced-results,fast1000-batched-rate8k,0,captures_released,1,10612425,673471,0,0,48383168,54542336,9,36661150,710454,51266752,54542336
research/transport-memory/paced-results,fast1000-batched-rate8k,0,serviced_idle,1,10612425,673471,0,0,48383168,54542336,9,36661150,710454,51266752,54542336
research/transport-memory/paced-results,fast1000-batched-rate8k,0,multi_released,1,0,537905,0,0,34325696,48103424,4,36661150,710454,51266752,54542336
research/transport-memory/paced-results,fast1000-batched-rate8k,0,cleaned,1,0,0,0,0,34325696,48332800,4,36661150,710454,51266752,54542336
research/transport-memory/paced-results,fast1000-batched-rate8k,0,retained_idle,1,0,0,0,0,34325696,48332800,3,36661150,710454,51266752,54542336
research/transport-memory/paced-results,fast1000-batched-rate32k,-1,cold,1,0,0,0,0,1540736,2850816,4,0,0,1540736,2850816
research/transport-memory/paced-results,fast1000-batched-rate32k,0,burst_start,1,9792,103552,0,0,2310976,6799360,8,9792,103552,2327360,6799360
research/transport-memory/paced-results,fast1000-batched-rate32k,0,transfer_start,1,3397744,103552,318400,1024000,6620160,11059200,2008,3397744,103552,6620160,11059200
research/transport-memory/paced-results,fast1000-batched-rate32k,0,active,109,38620281,673487,318400,101621519,74483200,70205440,2009,50778460,710454,77907456,70205440
research/transport-memory/paced-results,fast1000-batched-rate32k,0,capture_complete,1,10612442,673487,318400,103333000,59901440,74858496,1009,50778460,710454,77907456,74858496
research/transport-memory/paced-results,fast1000-batched-rate32k,0,validation_delayed,1,10612442,673487,318400,103333000,59901440,74858496,1009,50778460,710454,77907456,74858496
research/transport-memory/paced-results,fast1000-batched-rate32k,0,captures_released,1,10612442,673487,0,0,58639872,74825728,9,50778460,710454,77907456,74858496
research/transport-memory/paced-results,fast1000-batched-rate32k,0,serviced_idle,1,10612442,673487,0,0,58623488,56557568,9,50778460,710454,77907456,74858496
research/transport-memory/paced-results,fast1000-batched-rate32k,0,multi_released,1,0,537905,0,0,40273408,55771136,4,50778460,710454,77907456,74858496
research/transport-memory/paced-results,fast1000-batched-rate32k,0,cleaned,1,0,0,0,0,40257024,56066048,4,50778460,710454,77907456,74858496
research/transport-memory/paced-results,fast1000-batched-rate32k,0,retained_idle,1,0,0,0,0,40257024,6963200,3,50778460,710454,77907456,74858496
research/transport-memory/paced-results,fast1000-fine-unlimited,-1,cold,1,0,0,0,0,1540736,2850816,4,0,0,1540736,2850816
research/transport-memory/paced-results,fast1000-fine-unlimited,0,burst_start,1,9792,103552,0,0,2261760,6766592,8,9792,103552,2261760,6766592
research/transport-memory/paced-results,fast1000-fine-unlimited,0,transfer_start,1,3397744,103552,318400,1024000,6734848,11173888,2008,3397744,103552,6734848,11173888
research/transport-memory/paced-results,fast1000-fine-unlimited,0,active,101,37292682,673487,318400,163696375,54445312,60817408,2009,37866080,710446,54445312,60817408
research/transport-memory/paced-results,fast1000-fine-unlimited,0,capture_complete,1,10612442,673487,318400,196133000,52512128,65470464,1009,37866080,710446,59131264,65470464
research/transport-memory/paced-results,fast1000-fine-unlimited,0,validation_delayed,1,10612442,673487,318400,196133000,52512128,65470464,1009,37866080,710446,59131264,65470464
research/transport-memory/paced-results,fast1000-fine-unlimited,0,captures_released,1,10612442,673487,0,0,52512128,65470464,9,37866080,710446,59131264,65470464
research/transport-memory/paced-results,fast1000-fine-unlimited,0,serviced_idle,1,10612442,673487,0,0,52512128,65470464,9,37866080,710446,59131264,65470464
research/transport-memory/paced-results,fast1000-fine-unlimited,0,multi_released,1,0,537905,0,0,31278464,48709632,4,37866080,710446,59131264,65470464
research/transport-memory/paced-results,fast1000-fine-unlimited,0,cleaned,1,0,0,0,0,31278464,48709632,4,37866080,710446,59131264,65470464
research/transport-memory/paced-results,fast1000-fine-unlimited,0,retained_idle,1,0,0,0,0,31278464,48709632,3,37866080,710446,59131264,65470464
research/transport-memory/paced-results,fast1000-fine-rate8k,-1,cold,1,0,0,0,0,1458752,2785280,4,0,0,1524288,2785280
research/transport-memory/paced-results,fast1000-fine-rate8k,0,burst_start,1,9792,103552,0,0,2327296,6832128,8,9792,103552,2343680,6832128
research/transport-memory/paced-results,fast1000-fine-rate8k,0,transfer_start,1,3397744,103552,318400,1024000,6636480,11091968,2008,3397744,103552,6636480,11091968
research/transport-memory/paced-results,fast1000-fine-rate8k,0,active,230,36404187,673471,318400,196129910,51643584,59211776,2009,37658002,710454,52806848,59211776
research/transport-memory/paced-results,fast1000-fine-rate8k,0,capture_complete,1,10612442,673471,318400,196133000,50840768,10256384,1009,37658002,710454,52806848,59211776
research/transport-memory/paced-results,fast1000-fine-rate8k,0,validation_delayed,1,10612442,673471,318400,196133000,50840768,10256384,1009,37658002,710454,52806848,59211776
research/transport-memory/paced-results,fast1000-fine-rate8k,0,captures_released,1,10612442,673471,0,0,50840768,10305536,9,37658002,710454,52806848,59211776
research/transport-memory/paced-results,fast1000-fine-rate8k,0,serviced_idle,1,10612442,673471,0,0,50840768,10190848,9,37658002,710454,52806848,59211776
research/transport-memory/paced-results,fast1000-fine-rate8k,0,multi_released,1,0,537905,0,0,42550464,31162368,4,37658002,710454,52806848,59211776
research/transport-memory/paced-results,fast1000-fine-rate8k,0,cleaned,1,0,0,0,0,42550464,31571968,4,37658002,710454,52806848,59211776
research/transport-memory/paced-results,fast1000-fine-rate8k,0,retained_idle,1,0,0,0,0,42550464,30539776,3,37658002,710454,52806848,59211776
research/transport-memory/paced-results,fast1000-fine-rate32k,-1,cold,1,0,0,0,0,1524288,2850816,4,0,0,1524288,2850816
research/transport-memory/paced-results,fast1000-fine-rate32k,0,burst_start,1,9792,103552,0,0,2409280,6897664,8,9792,103552,2425664,6897664
research/transport-memory/paced-results,fast1000-fine-rate32k,0,transfer_start,1,3397744,103552,318400,1024000,6800384,11239424,2008,3397744,103552,6800384,11239424
research/transport-memory/paced-results,fast1000-fine-rate32k,0,active,109,52171310,673471,318400,195502479,78726464,90750976,2009,62083740,710454,93455808,90750976
research/transport-memory/paced-results,fast1000-fine-rate32k,0,capture_complete,1,10612425,673471,318400,196133000,59524544,92307456,1009,62083740,710454,93455808,92307456
research/transport-memory/paced-results,fast1000-fine-rate32k,0,validation_delayed,1,10612425,673471,318400,196133000,59524544,92307456,1009,62083740,710454,93455808,92307456
research/transport-memory/paced-results,fast1000-fine-rate32k,0,captures_released,1,10612425,673471,0,0,59524544,92307456,9,62083740,710454,93455808,92307456
research/transport-memory/paced-results,fast1000-fine-rate32k,0,serviced_idle,1,10612425,673471,0,0,59524544,92307456,9,62083740,710454,93455808,92307456
research/transport-memory/paced-results,fast1000-fine-rate32k,0,multi_released,1,0,537905,0,0,49808768,86278144,4,62083740,710454,93455808,92307456
research/transport-memory/paced-results,fast1000-fine-rate32k,0,cleaned,1,0,0,0,0,49808768,86589440,4,62083740,710454,93455808,92307456
research/transport-memory/paced-results,fast1000-fine-rate32k,0,retained_idle,1,0,0,0,0,49808768,85671936,3,62083740,710454,93455808,92307456
research/transport-memory/paced-results,upper2000-unlimited,-1,cold,1,0,0,0,0,1524288,2850816,4,0,0,1524288,2850816
research/transport-memory/paced-results,upper2000-unlimited,0,burst_start,1,9792,103552,0,0,2442112,6914048,8,9792,103552,2442112,6914048
research/transport-memory/paced-results,upper2000-unlimited,0,transfer_start,1,3397744,103552,318400,1024000,6734912,11157504,2008,3397744,103552,6734912,11157504
research/transport-memory/paced-results,upper2000-unlimited,0,active,103,79180898,673487,318400,237289969,120358528,144130048,2009,86167785,710454,120358528,144130048
research/transport-memory/paced-results,upper2000-unlimited,0,capture_complete,1,10612442,673487,318400,276133000,63325824,152223744,1009,86167785,710454,120358528,152223744
research/transport-memory/paced-results,upper2000-unlimited,0,validation_delayed,1,10612442,673487,318400,276133000,63325824,152207360,1009,86167785,710454,120358528,152223744
research/transport-memory/paced-results,upper2000-unlimited,0,captures_released,1,10612442,673487,0,0,63325824,152207360,9,86167785,710454,120358528,152223744
research/transport-memory/paced-results,upper2000-unlimited,0,serviced_idle,1,10612442,673487,0,0,63325824,146849792,9,86167785,710454,120358528,152223744
research/transport-memory/paced-results,upper2000-unlimited,0,multi_released,1,0,537905,0,0,44549760,148488192,4,86167785,710454,120358528,152223744
research/transport-memory/paced-results,upper2000-unlimited,0,cleaned,1,0,0,0,0,43746944,148832256,4,86167785,710454,120358528,152223744
research/transport-memory/paced-results,upper2000-unlimited,0,retained_idle,1,0,0,0,0,44189312,72679424,3,86167785,710454,120358528,152223744
research/transport-memory/paced-results,upper2000-rate8k,-1,cold,1,0,0,0,0,1475200,2785280,4,0,0,1540736,2785280
research/transport-memory/paced-results,upper2000-rate8k,0,burst_start,1,9792,103552,0,0,2343808,6815744,8,9792,103552,2360192,6815744
research/transport-memory/paced-results,upper2000-rate8k,0,transfer_start,1,3397744,103552,318400,1024000,6718528,11141120,2008,3397744,103552,6718528,11141120
research/transport-memory/paced-results,upper2000-rate8k,0,active,318,36422747,673487,318400,276100486,56739008,54411264,2009,37969231,710454,56739008,54411264
research/transport-memory/paced-results,upper2000-rate8k,0,capture_complete,1,10612442,673487,318400,276133000,54084800,17612800,1009,37969231,710454,56739008,54411264
research/transport-memory/paced-results,upper2000-rate8k,0,validation_delayed,1,10612442,673487,318400,276133000,54084800,17612800,1009,37969231,710454,56739008,54411264
research/transport-memory/paced-results,upper2000-rate8k,0,captures_released,1,10612442,673487,0,0,54084800,17661952,9,37969231,710454,56739008,54411264
research/transport-memory/paced-results,upper2000-rate8k,0,serviced_idle,1,10612442,673487,0,0,54084800,14729216,9,37969231,710454,56739008,54411264
research/transport-memory/paced-results,upper2000-rate8k,0,multi_released,1,0,537905,0,0,40076480,25051136,4,37969231,710454,56739008,54411264
research/transport-memory/paced-results,upper2000-rate8k,0,cleaned,1,0,0,0,0,40076480,25427968,4,37969231,710454,56739008,54411264
research/transport-memory/paced-results,upper2000-rate8k,0,retained_idle,1,0,0,0,0,40076480,24674304,3,37969231,710454,56739008,54411264
research/transport-memory/paced-results,upper2000-rate32k,-1,cold,1,0,0,0,0,1606272,2916352,4,0,0,1606272,2916352
research/transport-memory/paced-results,upper2000-rate32k,0,burst_start,1,9792,103552,0,0,2343744,6832128,8,9792,103552,2360128,6832128
research/transport-memory/paced-results,upper2000-rate32k,0,transfer_start,1,3397744,103552,318400,1024000,6685696,11124736,2008,3397744,103552,6685696,11124736
research/transport-memory/paced-results,upper2000-rate32k,0,active,118,53121726,673487,318400,275622175,88163840,106774528,2009,67458491,710454,98010624,106774528
research/transport-memory/paced-results,upper2000-rate32k,0,capture_complete,1,10612442,673487,318400,276133000,66979328,107266048,1009,67458491,710454,98010624,107266048
research/transport-memory/paced-results,upper2000-rate32k,0,validation_delayed,1,10612442,673487,318400,276133000,66979328,107134976,1009,67458491,710454,98010624,107266048
research/transport-memory/paced-results,upper2000-rate32k,0,captures_released,1,10612442,673487,0,0,66979328,107134976,9,67458491,710454,98010624,107266048
research/transport-memory/paced-results,upper2000-rate32k,0,serviced_idle,1,10612442,673487,0,0,66979328,107020288,9,67458491,710454,98010624,107266048
research/transport-memory/paced-results,upper2000-rate32k,0,multi_released,1,0,537905,0,0,50071040,99778560,4,67458491,710454,98010624,107266048
research/transport-memory/paced-results,upper2000-rate32k,0,cleaned,1,0,0,0,0,49645056,99680256,4,67458491,710454,98010624,107266048
research/transport-memory/paced-results,upper2000-rate32k,0,retained_idle,1,0,0,0,0,49645056,98910208,3,67458491,710454,98010624,107266048
research/transport-memory/paced-results,normal100-rate8k-stall,-1,cold,1,0,0,0,0,1622656,2932736,4,0,0,1622656,2932736
research/transport-memory/paced-results,normal100-rate8k-stall,0,burst_start,1,9792,103552,0,0,2376448,6881280,8,9792,103552,2392832,6881280
research/transport-memory/paced-results,normal100-rate8k-stall,0,transfer_start,1,3397744,103552,318400,1024000,6669248,11124736,2008,3397744,103552,6669248,11124736
research/transport-memory/paced-results,normal100-rate8k-stall,0,active,100,36421290,673471,318400,30377315,53986432,50528256,2009,38450565,710454,54936704,50528256
research/transport-memory/paced-results,normal100-rate8k-stall,0,capture_complete,1,10612425,673471,318400,31333000,44729472,44548096,1009,38450565,710454,54936704,50528256
research/transport-memory/paced-results,normal100-rate8k-stall,0,validation_delayed,1,10612425,673471,318400,31333000,44729472,44548096,1009,38450565,710454,54936704,50528256
research/transport-memory/paced-results,normal100-rate8k-stall,0,captures_released,1,10612425,673471,0,0,44729472,44597248,9,38450565,710454,54936704,50528256
research/transport-memory/paced-results,normal100-rate8k-stall,0,serviced_idle,1,10612425,673471,0,0,44729472,44040192,9,38450565,710454,54936704,50528256
research/transport-memory/paced-results,normal100-rate8k-stall,0,multi_released,1,0,537905,0,0,29705344,53084160,4,38450565,710454,54936704,53084160
research/transport-memory/paced-results,normal100-rate8k-stall,0,cleaned,1,0,0,0,0,29623424,45301760,4,38450565,710454,54936704,53084160
research/transport-memory/paced-results,normal100-rate8k-stall,0,retained_idle,1,0,0,0,0,29623424,44875776,3,38450565,710454,54936704,53084160
research/transport-memory/paced-results,fast1000-fine-rate32k-stall,-1,cold,1,0,0,0,0,1524288,2850816,4,0,0,1524288,2850816
research/transport-memory/paced-results,fast1000-fine-rate32k-stall,0,burst_start,1,9792,103552,0,0,2409280,6897664,8,9792,103552,2425664,6897664
research/transport-memory/paced-results,fast1000-fine-rate32k-stall,0,transfer_start,1,3397744,103552,318400,1024000,6816768,11255808,2008,3397744,103552,6816768,11255808
research/transport-memory/paced-results,fast1000-fine-rate32k-stall,0,active,109,61493083,673487,318400,195229917,95782336,85803008,2009,67843976,710454,103433664,85803008
research/transport-memory/paced-results,fast1000-fine-rate32k-stall,0,capture_complete,1,10612442,673487,318400,196133000,62490112,86523904,1009,67843976,710454,103433664,86523904
research/transport-memory/paced-results,fast1000-fine-rate32k-stall,0,validation_delayed,1,10612442,673487,318400,196133000,62490112,86523904,1009,67843976,710454,103433664,86523904
research/transport-memory/paced-results,fast1000-fine-rate32k-stall,0,captures_released,1,10612442,673487,0,0,62490112,68124672,9,67843976,710454,103433664,86523904
research/transport-memory/paced-results,fast1000-fine-rate32k-stall,0,serviced_idle,1,10612442,673487,0,0,62490112,66404352,9,67843976,710454,103433664,86523904
research/transport-memory/paced-results,fast1000-fine-rate32k-stall,0,multi_released,1,0,537905,0,0,53315072,76431360,4,67843976,710454,103433664,86523904
research/transport-memory/paced-results,fast1000-fine-rate32k-stall,0,cleaned,1,0,0,0,0,52119040,76742656,4,67843976,710454,103433664,86523904
research/transport-memory/paced-results,fast1000-fine-rate32k-stall,0,retained_idle,1,0,0,0,0,52119040,66306048,3,67843976,710454,103433664,86523904
research/transport-memory/paced-followup-results,partition-normal100,-1,cold,1,0,0,0,0,1458752,2785280,4,0,0,1524288,2785280
research/transport-memory/paced-followup-results,partition-normal100,0,burst_start,1,9792,103552,0,0,2343744,6864896,8,9792,103552,2360128,6864896
research/transport-memory/paced-followup-results,partition-normal100,0,transfer_start,1,3397744,103552,318400,1024000,6751232,11223040,2008,3397744,103552,6751232,11223040
research/transport-memory/paced-followup-results,partition-normal100,0,active,100,28057250,1877691,318400,31027465,38372800,41680896,2018,28136070,1912284,38372800,41680896
research/transport-memory/paced-followup-results,partition-normal100,0,capture_complete,1,6722131,1877691,318400,31333000,38356416,36864000,1018,28136070,1912284,38389184,41680896
research/transport-memory/paced-followup-results,partition-normal100,0,validation_delayed,1,6722131,1877691,318400,31333000,38356416,36864000,1018,28136070,1912284,38389184,41680896
research/transport-memory/paced-followup-results,partition-normal100,0,captures_released,1,6722131,1877691,0,0,38356416,36913152,18,28136070,1912284,38389184,41680896
research/transport-memory/paced-followup-results,partition-normal100,0,serviced_idle,1,6722131,1877691,0,0,38356416,36913152,18,28136070,1912284,38389184,41680896
research/transport-memory/paced-followup-results,partition-normal100,0,multi_released,1,0,538049,0,0,38356416,42352640,4,28136070,1912284,38389184,42352640
research/transport-memory/paced-followup-results,partition-normal100,0,cleaned,1,0,0,0,0,38356416,42696704,4,28136070,1912284,38389184,42696704
research/transport-memory/paced-followup-results,partition-normal100,0,retained_idle,1,0,0,0,0,38356416,42696704,3,28136070,1912284,38389184,42696704
research/transport-memory/paced-followup-results,partition-fast1000-fine,-1,cold,1,0,0,0,0,1458752,2785280,4,0,0,1524288,2785280
research/transport-memory/paced-followup-results,partition-fast1000-fine,0,burst_start,1,9792,103552,0,0,2376448,6914048,8,9792,103552,2392832,6914048
research/transport-memory/paced-followup-results,partition-fast1000-fine,0,transfer_start,1,3397744,103552,318400,1024000,6554432,11075584,2008,3397744,103552,6554432,11075584
research/transport-memory/paced-followup-results,partition-fast1000-fine,0,active,109,32024335,1877671,318400,192083956,49497344,47939584,2018,32352321,1912264,49497344,47939584
research/transport-memory/paced-followup-results,partition-fast1000-fine,0,capture_complete,1,6722148,1877671,318400,196133000,46220544,46252032,1018,32352321,1912264,49497344,47939584
research/transport-memory/paced-followup-results,partition-fast1000-fine,0,validation_delayed,1,6722148,1877671,318400,196133000,46220544,46252032,1018,32352321,1912264,49497344,47939584
research/transport-memory/paced-followup-results,partition-fast1000-fine,0,captures_released,1,6722148,1877671,0,0,46220544,46284800,18,32352321,1912264,49497344,47939584
research/transport-memory/paced-followup-results,partition-fast1000-fine,0,serviced_idle,1,6722148,1877671,0,0,46220544,46284800,18,32352321,1912264,49497344,47939584
research/transport-memory/paced-followup-results,partition-fast1000-fine,0,multi_released,1,0,538049,0,0,41288960,51609600,4,32352321,1912264,49497344,51609600
research/transport-memory/paced-followup-results,partition-fast1000-fine,0,cleaned,1,0,0,0,0,41288960,52019200,4,32352321,1912264,49497344,52019200
research/transport-memory/paced-followup-results,partition-fast1000-fine,0,retained_idle,1,0,0,0,0,41288960,52019200,3,32352321,1912264,49497344,52019200
research/transport-memory/paced-followup-results,fast1000-fine-rate32k-stall-repeat2,-1,cold,1,0,0,0,0,1540736,2850816,4,0,0,1540736,2850816
research/transport-memory/paced-followup-results,fast1000-fine-rate32k-stall-repeat2,0,burst_start,1,9792,103552,0,0,2409408,6897664,8,9792,103552,2425792,6897664
research/transport-memory/paced-followup-results,fast1000-fine-rate32k-stall-repeat2,0,transfer_start,1,3397744,103552,318400,1024000,6669312,11141120,2008,3397744,103552,6669312,11141120
research/transport-memory/paced-followup-results,fast1000-fine-rate32k-stall-repeat2,0,active,109,53311854,673471,318400,192834598,73647616,77627392,2009,53606696,710454,74008064,77627392
research/transport-memory/paced-followup-results,fast1000-fine-rate32k-stall-repeat2,0,capture_complete,1,10612425,673471,318400,196133000,57296384,56655872,1009,53606696,710454,74008064,77627392
research/transport-memory/paced-followup-results,fast1000-fine-rate32k-stall-repeat2,0,validation_delayed,1,10612425,673471,318400,196133000,57296384,56655872,1009,53606696,710454,74008064,77627392
research/transport-memory/paced-followup-results,fast1000-fine-rate32k-stall-repeat2,0,captures_released,1,10612425,673471,0,0,57296384,56590336,9,53606696,710454,74008064,77627392
research/transport-memory/paced-followup-results,fast1000-fine-rate32k-stall-repeat2,0,serviced_idle,1,10612425,673471,0,0,57296384,56590336,9,53606696,710454,74008064,77627392
research/transport-memory/paced-followup-results,fast1000-fine-rate32k-stall-repeat2,0,multi_released,1,0,537905,0,0,43828736,56541184,4,53606696,710454,74008064,77627392
research/transport-memory/paced-followup-results,fast1000-fine-rate32k-stall-repeat2,0,cleaned,1,0,0,0,0,43828736,56770560,4,53606696,710454,74008064,77627392
research/transport-memory/paced-followup-results,fast1000-fine-rate32k-stall-repeat2,0,retained_idle,1,0,0,0,0,43828736,56754176,3,53606696,710454,74008064,77627392
research/transport-memory/paced-followup-results,fast1000-fine-rate32k-stall-repeat3,-1,cold,1,0,0,0,0,1639040,2949120,4,0,0,1671808,2949120
research/transport-memory/paced-followup-results,fast1000-fine-rate32k-stall-repeat3,0,burst_start,1,9792,103552,0,0,2376576,6881280,8,9792,103552,2376576,6881280
research/transport-memory/paced-followup-results,fast1000-fine-rate32k-stall-repeat3,0,transfer_start,1,3397744,103552,318400,1024000,6734848,11206656,2008,3397744,103552,6734848,11206656
research/transport-memory/paced-followup-results,fast1000-fine-rate32k-stall-repeat3,0,active,110,36421307,673471,318400,196119175,58574208,63160320,2009,36661167,710446,58983808,63160320
research/transport-memory/paced-followup-results,fast1000-fine-rate32k-stall-repeat3,0,capture_complete,1,10612442,673471,318400,196133000,54232448,63225856,1009,36661167,710446,58983808,63225856
research/transport-memory/paced-followup-results,fast1000-fine-rate32k-stall-repeat3,0,validation_delayed,1,10612442,673471,318400,196133000,54232448,63225856,1009,36661167,710446,58983808,63225856
research/transport-memory/paced-followup-results,fast1000-fine-rate32k-stall-repeat3,0,captures_released,1,10612442,673471,0,0,54232448,63225856,9,36661167,710446,58983808,63225856
research/transport-memory/paced-followup-results,fast1000-fine-rate32k-stall-repeat3,0,serviced_idle,1,10612442,673471,0,0,54232448,63225856,9,36661167,710446,58983808,63225856
research/transport-memory/paced-followup-results,fast1000-fine-rate32k-stall-repeat3,0,multi_released,1,0,537905,0,0,41960832,55001088,4,36661167,710446,58983808,63225856
research/transport-memory/paced-followup-results,fast1000-fine-rate32k-stall-repeat3,0,cleaned,1,0,0,0,0,41960832,55214080,4,36661167,710446,58983808,63225856
research/transport-memory/paced-followup-results,fast1000-fine-rate32k-stall-repeat3,0,retained_idle,1,0,0,0,0,41960832,55214080,3,36661167,710446,58983808,63225856
research/transport-memory/paced-followup-results,upper2000-rate128k,-1,cold,1,0,0,0,0,1458752,2785280,4,0,0,1524288,2785280
research/transport-memory/paced-followup-results,upper2000-rate128k,0,burst_start,1,9792,103552,0,0,2278144,6815744,8,9792,103552,2294528,6815744
research/transport-memory/paced-followup-results,upper2000-rate128k,0,transfer_start,1,3397744,103552,318400,1024000,6521664,11042816,2008,3397744,103552,6521664,11042816
research/transport-memory/paced-followup-results,upper2000-rate128k,0,active,101,36487669,673471,318400,216530103,55542848,62029824,2009,37344063,710454,55542848,62029824
research/transport-memory/paced-followup-results,upper2000-rate128k,0,capture_complete,1,10612442,673471,318400,276133000,52806976,66076672,1009,39646477,710454,59671872,66076672
research/transport-memory/paced-followup-results,upper2000-rate128k,0,validation_delayed,1,10612442,673471,318400,276133000,52806976,66076672,1009,39646477,710454,59671872,66076672
research/transport-memory/paced-followup-results,upper2000-rate128k,0,captures_released,1,10612442,673471,0,0,52806976,66076672,9,39646477,710454,59671872,66076672
research/transport-memory/paced-followup-results,upper2000-rate128k,0,serviced_idle,1,10612442,673471,0,0,52806976,66076672,9,39646477,710454,59671872,66076672
research/transport-memory/paced-followup-results,upper2000-rate128k,0,multi_released,1,0,537905,0,0,32769344,49315840,4,39646477,710454,59671872,66076672
research/transport-memory/paced-followup-results,upper2000-rate128k,0,cleaned,1,0,0,0,0,32441664,48971776,4,39646477,710454,59671872,66076672
research/transport-memory/paced-followup-results,upper2000-rate128k,0,retained_idle,1,0,0,0,0,32441664,48971776,3,39646477,710454,59671872,66076672
research/transport-memory/asymmetric-h2-results,h2-wan1024-u16,-1,cold,1,0,0,0,0,1507968,2818048,4,0,0,1573504,2818048
research/transport-memory/asymmetric-h2-results,h2-wan1024-u16,0,burst_start,1,9839,103552,0,0,2409408,6881280,8,9839,103552,2425792,6881280
research/transport-memory/asymmetric-h2-results,h2-wan1024-u16,0,transfer_start,1,3401681,103552,606400,1048576000,7079104,9486336,2008,3401681,103552,7079104,9486336
research/transport-memory/asymmetric-h2-results,h2-wan1024-u16,0,active,344,86755392,673487,606400,1049411312,94897536,100499456,2009,86977369,710454,94913920,100499456
research/transport-memory/asymmetric-h2-results,h2-wan1024-u16,0,capture_complete,1,10612489,673487,606400,9493000,65144192,65552384,1009,86977369,710454,94913920,100499456
research/transport-memory/asymmetric-h2-results,h2-wan1024-u16,0,validation_delayed,1,10612489,673487,606400,9493000,65144192,65552384,1009,86977369,710454,94913920,100499456
research/transport-memory/asymmetric-h2-results,h2-wan1024-u16,0,captures_released,1,10612489,673487,0,0,65144192,65617920,9,86977369,710454,94913920,100499456
research/transport-memory/asymmetric-h2-results,h2-wan1024-u16,0,serviced_idle,1,10612489,673487,0,0,65144192,65617920,9,86977369,710454,94913920,100499456
research/transport-memory/asymmetric-h2-results,h2-wan1024-u16,0,multi_released,1,0,537905,0,0,53118336,57737216,4,86977369,710454,94913920,100499456
research/transport-memory/asymmetric-h2-results,h2-wan1024-u16,0,cleaned,1,0,0,0,0,53101952,58114048,4,86977369,710454,94913920,100499456
research/transport-memory/asymmetric-h2-results,h2-wan1024-u16,0,retained_idle,1,0,0,0,0,53101952,58048512,3,86977369,710454,94913920,100499456
research/transport-memory/asymmetric-h2-results,h2-local1024-u16,-1,cold,1,0,0,0,0,1524288,2850816,4,0,0,1589824,2850816
research/transport-memory/asymmetric-h2-results,h2-local1024-u16,0,burst_start,1,9839,103552,0,0,2360128,6864896,8,9839,103552,2376512,6864896
research/transport-memory/asymmetric-h2-results,h2-local1024-u16,0,transfer_start,1,3401681,103552,606400,1048576000,6898688,8732672,2008,3401681,103552,6898688,8732672
research/transport-memory/asymmetric-h2-results,h2-local1024-u16,0,active,70,86754389,673471,606400,1052409976,95094080,101089280,2009,86754389,710454,95094080,101089280
research/transport-memory/asymmetric-h2-results,h2-local1024-u16,0,capture_complete,1,10612472,673471,606400,9493000,50644288,97746944,1009,86754389,710454,95094080,101089280
research/transport-memory/asymmetric-h2-results,h2-local1024-u16,0,validation_delayed,1,10612472,673471,606400,9493000,50644288,97746944,1009,86754389,710454,95094080,101089280
research/transport-memory/asymmetric-h2-results,h2-local1024-u16,0,captures_released,1,10612472,673471,0,0,50644288,97779712,9,86754389,710454,95094080,101089280
research/transport-memory/asymmetric-h2-results,h2-local1024-u16,0,serviced_idle,1,10612472,673471,0,0,50644288,97779712,9,86754389,710454,95094080,101089280
research/transport-memory/asymmetric-h2-results,h2-local1024-u16,0,multi_released,1,0,537905,0,0,36848960,58933248,4,86754389,710454,95094080,101089280
research/transport-memory/asymmetric-h2-results,h2-local1024-u16,0,cleaned,1,0,0,0,0,36848960,59129856,4,86754389,710454,95094080,101089280
research/transport-memory/asymmetric-h2-results,h2-local1024-u16,0,retained_idle,1,0,0,0,0,36848960,58605568,3,86754389,710454,95094080,101089280
research/transport-memory/asymmetric-h2-results,h2-growing-u16,-1,cold,1,0,0,0,0,1540736,2850816,4,0,0,1540736,2850816
research/transport-memory/asymmetric-h2-results,h2-growing-u16,0,burst_start,1,9839,103552,0,0,2294528,6815744,8,9839,103552,2294528,6815744
research/transport-memory/asymmetric-h2-results,h2-growing-u16,0,transfer_start,1,3401681,103552,606400,65536000,6964224,11452416,2008,3401681,103552,6964224,11452416
research/transport-memory/asymmetric-h2-results,h2-growing-u16,0,active,54,86754406,673487,606400,71203120,95044992,101433344,2009,86975591,710454,95044992,101433344
research/transport-memory/asymmetric-h2-results,h2-growing-u16,0,capture_complete,1,10612489,673487,606400,9493000,50578816,100925440,1009,86975591,710454,95044992,101433344
research/transport-memory/asymmetric-h2-results,h2-growing-u16,0,validation_delayed,1,10612489,673487,606400,9493000,50578816,100925440,1009,86975591,710454,95044992,101433344
research/transport-memory/asymmetric-h2-results,h2-growing-u16,0,captures_released,1,10612489,673487,0,0,50578816,100925440,9,86975591,710454,95044992,101433344
research/transport-memory/asymmetric-h2-results,h2-growing-u16,0,serviced_idle,1,10612489,673487,0,0,50578816,100925440,9,86975591,710454,95044992,101433344
research/transport-memory/asymmetric-h2-results,h2-growing-u16,1,burst_start,1,10612489,673487,0,0,50578816,100925440,9,10612489,673487,95044992,101433344
research/transport-memory/asymmetric-h2-results,h2-growing-u16,1,transfer_start,1,13994379,673487,606400,262144000,51283328,101629952,2009,13994379,673487,95044992,101629952
research/transport-memory/asymmetric-h2-results,h2-growing-u16,1,active,110,86705708,673487,606400,264524001,99911040,120684544,2009,86867754,673607,96503168,120684544
research/transport-memory/asymmetric-h2-results,h2-growing-u16,1,capture_complete,1,10612489,673487,606400,9493000,53970304,100106240,1009,86867754,673607,96503168,120684544
research/transport-memory/asymmetric-h2-results,h2-growing-u16,1,validation_delayed,1,10612489,673487,606400,9493000,53970304,100106240,1009,86867754,673607,96503168,120684544
research/transport-memory/asymmetric-h2-results,h2-growing-u16,1,captures_released,1,10612489,673487,0,0,53970304,100139008,9,86867754,673607,96503168,120684544
research/transport-memory/asymmetric-h2-results,h2-growing-u16,1,serviced_idle,1,10612489,673487,0,0,53970304,100139008,9,86867754,673607,96503168,120684544
research/transport-memory/asymmetric-h2-results,h2-growing-u16,2,burst_start,1,10612489,673487,0,0,53970304,100139008,9,10612489,673487,96503168,120684544
research/transport-memory/asymmetric-h2-results,h2-growing-u16,2,transfer_start,1,13994379,673487,606400,1048576000,55002560,19496960,2009,13994379,673487,96503168,120684544
research/transport-memory/asymmetric-h2-results,h2-growing-u16,2,active,341,86705708,673487,606400,1049830328,101025216,102268928,2009,86705708,673607,101025216,120684544
research/transport-memory/asymmetric-h2-results,h2-growing-u16,2,capture_complete,1,10612489,673487,606400,9493000,59278784,61669376,1009,86705708,673607,101025216,120684544
research/transport-memory/asymmetric-h2-results,h2-growing-u16,2,validation_delayed,1,10612489,673487,606400,9493000,59278784,61669376,1009,86705708,673607,101025216,120684544
research/transport-memory/asymmetric-h2-results,h2-growing-u16,2,captures_released,1,10612489,673487,0,0,59278784,61734912,9,86705708,673607,101025216,120684544
research/transport-memory/asymmetric-h2-results,h2-growing-u16,2,serviced_idle,1,10612489,673487,0,0,59278784,61734912,9,86705708,673607,101025216,120684544
research/transport-memory/asymmetric-h2-results,h2-growing-u16,3,burst_start,1,10612489,673487,0,0,59278784,61734912,9,10612489,673487,101025216,120684544
research/transport-memory/asymmetric-h2-results,h2-growing-u16,3,transfer_start,1,13994379,673487,606400,262144000,59606464,59064320,2009,13994379,673487,101025216,120684544
research/transport-memory/asymmetric-h2-results,h2-growing-u16,3,active,110,86705708,673487,606400,264388272,94471616,112902144,2009,86705708,673607,101025216,120684544
research/transport-memory/asymmetric-h2-results,h2-growing-u16,3,capture_complete,1,10612215,673487,606400,9493000,26084800,111542272,1009,86705708,673607,101025216,120684544
research/transport-memory/asymmetric-h2-results,h2-growing-u16,3,validation_delayed,1,10612215,673487,606400,9493000,26084800,111542272,1009,86705708,673607,101025216,120684544
research/transport-memory/asymmetric-h2-results,h2-growing-u16,3,captures_released,1,10612215,673487,0,0,25380224,110854144,9,86705708,673607,101025216,120684544
research/transport-memory/asymmetric-h2-results,h2-growing-u16,3,serviced_idle,1,10612215,673487,0,0,25380224,110755840,9,86705708,673607,101025216,120684544
research/transport-memory/asymmetric-h2-results,h2-growing-u16,3,multi_released,1,0,537905,0,0,15992000,46022656,4,86705708,673607,101025216,120684544
research/transport-memory/asymmetric-h2-results,h2-growing-u16,3,cleaned,1,0,0,0,0,15811712,37765120,4,86705708,673607,101025216,120684544
research/transport-memory/asymmetric-h2-results,h2-growing-u16,3,retained_idle,1,0,0,0,0,15811712,37765120,3,86705708,673607,101025216,120684544
research/transport-memory/asymmetric-h2-results,h2-overlap-stall-u16,-1,cold,1,0,0,0,0,1524288,2850816,4,0,0,1524288,2850816
research/transport-memory/asymmetric-h2-results,h2-overlap-stall-u16,0,burst_start,1,9839,103552,0,0,2327296,6848512,8,9839,103552,2343680,6848512
research/transport-memory/asymmetric-h2-results,h2-overlap-stall-u16,0,transfer_start,1,3401681,103552,606400,532480000,6898624,11091968,2008,3401681,103552,6898624,11091968
research/transport-memory/asymmetric-h2-results,h2-overlap-stall-u16,0,active,196,64359205,673471,606400,533226075,72336640,78315520,2009,64411173,710454,72336640,78315520
research/transport-memory/asymmetric-h2-results,h2-overlap-stall-u16,0,capture_complete,1,10612472,673471,606400,9493000,44467456,77217792,1009,64411173,710454,72336640,78315520
research/transport-memory/asymmetric-h2-results,h2-overlap-stall-u16,0,validation_delayed,1,10612472,673471,606400,9493000,44467456,77217792,1009,64411173,710454,72336640,78315520
research/transport-memory/asymmetric-h2-results,h2-overlap-stall-u16,0,captures_released,1,10612472,673471,0,0,44467456,77234176,9,64411173,710454,72336640,78315520
research/transport-memory/asymmetric-h2-results,h2-overlap-stall-u16,0,serviced_idle,1,10612472,673471,0,0,44467456,77234176,9,64411173,710454,72336640,78315520
research/transport-memory/asymmetric-h2-results,h2-overlap-stall-u16,0,multi_released,1,0,537905,0,0,30950656,69566464,4,64411173,710454,72336640,78315520
research/transport-memory/asymmetric-h2-results,h2-overlap-stall-u16,0,cleaned,1,0,0,0,0,30934272,69812224,4,64411173,710454,72336640,78315520
research/transport-memory/asymmetric-h2-results,h2-overlap-stall-u16,0,retained_idle,1,0,0,0,0,30934272,68943872,3,64411173,710454,72336640,78315520
research/transport-memory/asymmetric-h2-results,h2-wan1024-u64,-1,cold,1,0,0,0,0,1540736,2850816,4,0,0,1540736,2850816
research/transport-memory/asymmetric-h2-results,h2-wan1024-u64,0,burst_start,1,9839,103552,0,0,2425664,6930432,8,9839,103552,2442048,6930432
research/transport-memory/asymmetric-h2-results,h2-wan1024-u64,0,transfer_start,1,3401681,103552,606400,1048576000,6964224,8454144,2008,3401681,103552,6964224,8454144
research/transport-memory/asymmetric-h2-results,h2-wan1024-u64,0,active,347,136011420,673487,606400,1049403288,160138816,165330944,2009,136129352,710454,160155200,165330944
research/transport-memory/asymmetric-h2-results,h2-wan1024-u64,0,capture_complete,1,10612472,673487,606400,9493000,58639936,165265408,1009,136129352,710454,160155200,165330944
research/transport-memory/asymmetric-h2-results,h2-wan1024-u64,0,validation_delayed,1,10612472,673487,606400,9493000,58639936,165265408,1009,136129352,710454,160155200,165330944
research/transport-memory/asymmetric-h2-results,h2-wan1024-u64,0,captures_released,1,10612472,673487,0,0,58639936,165265408,9,136129352,710454,160155200,165330944
research/transport-memory/asymmetric-h2-results,h2-wan1024-u64,0,serviced_idle,1,10612472,673487,0,0,58639936,165265408,9,136129352,710454,160155200,165330944
research/transport-memory/asymmetric-h2-results,h2-wan1024-u64,0,multi_released,1,0,537905,0,0,50120256,157024256,4,136129352,710454,160155200,165330944
research/transport-memory/asymmetric-h2-results,h2-wan1024-u64,0,cleaned,1,0,0,0,0,50120256,157155328,4,136129352,710454,160155200,165330944
research/transport-memory/asymmetric-h2-results,h2-wan1024-u64,0,retained_idle,1,0,0,0,0,50120256,157155328,3,136129352,710454,160155200,165330944
research/transport-memory/asymmetric-h2-results,h2-local1024-u64,-1,cold,1,0,0,0,0,1606272,2916352,4,0,0,1622592,2916352
research/transport-memory/asymmetric-h2-results,h2-local1024-u64,0,burst_start,1,9839,103552,0,0,2360064,6881280,8,9839,103552,2376448,6881280
research/transport-memory/asymmetric-h2-results,h2-local1024-u64,0,transfer_start,1,3401681,103552,606400,1048576000,6996928,11485184,2008,3401681,103552,6996928,11485184
research/transport-memory/asymmetric-h2-results,h2-local1024-u64,0,active,69,135906389,673471,606400,1052128864,160187904,165986304,2009,136063608,710446,160187904,165986304
research/transport-memory/asymmetric-h2-results,h2-local1024-u64,0,capture_complete,1,10612472,673471,606400,9493000,65488384,165969920,1009,136063608,710446,160187904,165986304
research/transport-memory/asymmetric-h2-results,h2-local1024-u64,0,validation_delayed,1,10612472,673471,606400,9493000,65488384,165969920,1009,136063608,710446,160187904,165986304
research/transport-memory/asymmetric-h2-results,h2-local1024-u64,0,captures_released,1,10612472,673471,0,0,65488384,165969920,9,136063608,710446,160187904,165986304
research/transport-memory/asymmetric-h2-results,h2-local1024-u64,0,serviced_idle,1,10612472,673471,0,0,65488384,165969920,9,136063608,710446,160187904,165986304
research/transport-memory/asymmetric-h2-results,h2-local1024-u64,0,multi_released,1,0,537905,0,0,51660288,157597696,4,136063608,710446,160187904,165986304
research/transport-memory/asymmetric-h2-results,h2-local1024-u64,0,cleaned,1,0,0,0,0,50349568,157597696,4,136063608,710446,160187904,165986304
research/transport-memory/asymmetric-h2-results,h2-local1024-u64,0,retained_idle,1,0,0,0,0,50349568,157597696,3,136063608,710446,160187904,165986304
research/transport-memory/asymmetric-h2-results,h2-growing-u64,-1,cold,1,0,0,0,0,1540736,2850816,4,0,0,1540736,2850816
research/transport-memory/asymmetric-h2-results,h2-growing-u64,0,burst_start,1,9839,103552,0,0,2327424,6815744,8,9839,103552,2343808,6815744
research/transport-memory/asymmetric-h2-results,h2-growing-u64,0,transfer_start,1,3401681,103552,606400,65536000,7046272,11501568,2008,3401681,103552,7046272,11501568
research/transport-memory/asymmetric-h2-results,h2-growing-u64,0,active,54,136009620,673487,606400,70973949,160335488,166707200,2009,136078319,710454,160335488,166707200
research/transport-memory/asymmetric-h2-results,h2-growing-u64,0,capture_complete,1,10612489,673487,606400,9493000,37602944,150159360,1009,136078319,710454,160335488,166707200
research/transport-memory/asymmetric-h2-results,h2-growing-u64,0,validation_delayed,1,10612489,673487,606400,9493000,37602944,150159360,1009,136078319,710454,160335488,166707200
research/transport-memory/asymmetric-h2-results,h2-growing-u64,0,captures_released,1,10612489,673487,0,0,37602944,150159360,9,136078319,710454,160335488,166707200
research/transport-memory/asymmetric-h2-results,h2-growing-u64,0,serviced_idle,1,10612489,673487,0,0,37602944,150159360,9,136078319,710454,160335488,166707200
research/transport-memory/asymmetric-h2-results,h2-growing-u64,1,burst_start,1,10612489,673487,0,0,37602944,150159360,9,10612489,673487,160335488,166707200
research/transport-memory/asymmetric-h2-results,h2-growing-u64,1,transfer_start,1,13994379,673487,606400,262144000,39618240,152158208,2009,13994379,673487,160335488,166707200
research/transport-memory/asymmetric-h2-results,h2-growing-u64,1,active,110,135857708,673487,606400,264149184,132581248,245104640,2009,136104918,673607,160335488,245104640
research/transport-memory/asymmetric-h2-results,h2-growing-u64,1,capture_complete,1,10612489,673487,606400,9493000,49465216,245088256,1009,136104918,673607,160335488,245104640
research/transport-memory/asymmetric-h2-results,h2-growing-u64,1,validation_delayed,1,10612489,673487,606400,9493000,49465216,245088256,1009,136104918,673607,160335488,245104640
research/transport-memory/asymmetric-h2-results,h2-growing-u64,1,captures_released,1,10612489,673487,0,0,49465216,245088256,9,136104918,673607,160335488,245104640
research/transport-memory/asymmetric-h2-results,h2-growing-u64,1,serviced_idle,1,10612489,673487,0,0,49465216,245088256,9,136104918,673607,160335488,245104640
research/transport-memory/asymmetric-h2-results,h2-growing-u64,2,burst_start,1,10612489,673487,0,0,49465216,245088256,9,10612489,673487,160335488,245104640
research/transport-memory/asymmetric-h2-results,h2-growing-u64,2,transfer_start,1,13994379,673487,606400,1048576000,54347648,97878016,2009,13994379,673487,160335488,245104640
research/transport-memory/asymmetric-h2-results,h2-growing-u64,2,active,344,135857708,673487,606400,1049677464,176031616,196132864,2009,136105794,673607,176031616,245104640
research/transport-memory/asymmetric-h2-results,h2-growing-u64,2,capture_complete,1,10612489,673487,606400,9493000,67241856,173850624,1009,136105794,673607,176031616,245104640
research/transport-memory/asymmetric-h2-results,h2-growing-u64,2,validation_delayed,1,10612489,673487,606400,9493000,67241856,173850624,1009,136105794,673607,176031616,245104640
research/transport-memory/asymmetric-h2-results,h2-growing-u64,2,captures_released,1,10612489,673487,0,0,67241856,173850624,9,136105794,673607,176031616,245104640
research/transport-memory/asymmetric-h2-results,h2-growing-u64,2,serviced_idle,1,10612489,673487,0,0,67241856,173850624,9,136105794,673607,176031616,245104640
research/transport-memory/asymmetric-h2-results,h2-growing-u64,3,burst_start,1,10612489,673487,0,0,67241856,173850624,9,10612489,673487,176031616,245104640
research/transport-memory/asymmetric-h2-results,h2-growing-u64,3,transfer_start,1,13994379,673487,606400,262144000,67618688,174374912,2009,13994379,673487,176031616,245104640
research/transport-memory/asymmetric-h2-results,h2-growing-u64,3,active,110,135857708,673487,606400,264157344,147769280,226148352,2009,136104936,673607,176031616,245104640
research/transport-memory/asymmetric-h2-results,h2-growing-u64,3,capture_complete,1,10612215,673487,606400,9493000,70961088,43417600,1009,136104936,673607,176031616,245104640
research/transport-memory/asymmetric-h2-results,h2-growing-u64,3,validation_delayed,1,10612215,673487,606400,9493000,70961088,43417600,1009,136104936,673607,176031616,245104640
research/transport-memory/asymmetric-h2-results,h2-growing-u64,3,captures_released,1,10612215,673487,0,0,70961088,43466752,9,136104936,673607,176031616,245104640
research/transport-memory/asymmetric-h2-results,h2-growing-u64,3,serviced_idle,1,10612215,673487,0,0,70961088,43466752,9,136104936,673607,176031616,245104640
research/transport-memory/asymmetric-h2-results,h2-growing-u64,3,multi_released,1,0,537905,0,0,57771968,45596672,4,136104936,673607,176031616,245104640
research/transport-memory/asymmetric-h2-results,h2-growing-u64,3,cleaned,1,0,0,0,0,57739200,46006272,4,136104936,673607,176031616,245104640
research/transport-memory/asymmetric-h2-results,h2-growing-u64,3,retained_idle,1,0,0,0,0,57739200,46006272,3,136104936,673607,176031616,245104640
research/transport-memory/asymmetric-h2-results,h2-overlap-stall-u64,-1,cold,1,0,0,0,0,1606272,2916352,4,0,0,1606272,2916352
research/transport-memory/asymmetric-h2-results,h2-overlap-stall-u64,0,burst_start,1,9839,103552,0,0,2376576,6864896,8,9839,103552,2392960,6864896
research/transport-memory/asymmetric-h2-results,h2-overlap-stall-u64,0,transfer_start,1,3401681,103552,606400,532480000,6931520,11403264,2008,3401681,103552,6931520,11403264
research/transport-memory/asymmetric-h2-results,h2-overlap-stall-u64,0,active,197,112427078,673487,606400,533201935,136889856,143212544,2009,112936966,710454,136889856,143212544
research/transport-memory/asymmetric-h2-results,h2-overlap-stall-u64,0,capture_complete,1,10612489,673487,606400,9493000,39339520,28786688,1009,112936966,710454,136889856,143212544
research/transport-memory/asymmetric-h2-results,h2-overlap-stall-u64,0,validation_delayed,1,10612489,673487,606400,9493000,39339520,28786688,1009,112936966,710454,136889856,143212544
research/transport-memory/asymmetric-h2-results,h2-overlap-stall-u64,0,captures_released,1,10612489,673487,0,0,39339520,28803072,9,112936966,710454,136889856,143212544
research/transport-memory/asymmetric-h2-results,h2-overlap-stall-u64,0,serviced_idle,1,10612489,673487,0,0,39339520,28803072,9,112936966,710454,136889856,143212544
research/transport-memory/asymmetric-h2-results,h2-overlap-stall-u64,0,multi_released,1,0,537905,0,0,26461696,35471360,4,112936966,710454,136889856,143212544
research/transport-memory/asymmetric-h2-results,h2-overlap-stall-u64,0,cleaned,1,0,0,0,0,26461696,35831808,4,112936966,710454,136889856,143212544
research/transport-memory/asymmetric-h2-results,h2-overlap-stall-u64,0,retained_idle,1,0,0,0,0,26461696,35831808,3,112936966,710454,136889856,143212544
research/transport-memory/asymmetric-uplink-smoke-results,h2-wan128-u16,-1,cold,1,0,0,0,0,1458752,2785280,4,0,0,1524288,2785280
research/transport-memory/asymmetric-uplink-smoke-results,h2-wan128-u16,0,burst_start,1,9839,103552,0,0,2278144,6815744,8,9839,103552,2294528,6815744
research/transport-memory/asymmetric-uplink-smoke-results,h2-wan128-u16,0,transfer_start,1,3401681,103552,350400,131072000,6685632,11190272,2008,3401681,103552,6685632,11190272
research/transport-memory/asymmetric-uplink-smoke-results,h2-wan128-u16,0,active,188,86754372,673471,350400,132016248,94749952,101138432,2009,86976398,710454,94766336,101138432
research/transport-memory/asymmetric-uplink-smoke-results,h2-wan128-u16,0,capture_complete,1,10612455,673471,350400,9493000,44303616,26181632,1009,86976398,710454,94766336,101138432
research/transport-memory/asymmetric-uplink-smoke-results,h2-wan128-u16,0,validation_delayed,1,10612455,673471,350400,9493000,44303616,26181632,1009,86976398,710454,94766336,101138432
research/transport-memory/asymmetric-uplink-smoke-results,h2-wan128-u16,0,captures_released,1,10612455,673471,0,0,44303616,26050560,9,86976398,710454,94766336,101138432
research/transport-memory/asymmetric-uplink-smoke-results,h2-wan128-u16,0,serviced_idle,1,10612455,673471,0,0,44303616,26034176,9,86976398,710454,94766336,101138432
research/transport-memory/asymmetric-uplink-smoke-results,h2-wan128-u16,0,multi_released,1,0,537905,0,0,36652288,27115520,4,86976398,710454,94766336,101138432
research/transport-memory/asymmetric-uplink-smoke-results,h2-wan128-u16,0,cleaned,1,0,0,0,0,36537600,27541504,4,86976398,710454,94766336,101138432
research/transport-memory/asymmetric-uplink-smoke-results,h2-wan128-u16,0,retained_idle,1,0,0,0,0,36537600,25116672,3,86976398,710454,94766336,101138432
research/transport-memory/asymmetric-uplink-smoke-results,h2-wan128-u64,-1,cold,1,0,0,0,0,1606272,2916352,4,0,0,1606272,2916352
research/transport-memory/asymmetric-uplink-smoke-results,h2-wan128-u64,0,burst_start,1,9839,103552,0,0,2409280,6930432,8,9839,103552,2425664,6930432
research/transport-memory/asymmetric-uplink-smoke-results,h2-wan128-u64,0,transfer_start,1,3401681,103552,350400,131072000,6554432,11091968,2008,3401681,103552,6554432,11091968
research/transport-memory/asymmetric-uplink-smoke-results,h2-wan128-u64,0,active,188,136010520,673487,350400,131970144,159548800,165888000,2009,136128415,710454,159565184,165888000
research/transport-memory/asymmetric-uplink-smoke-results,h2-wan128-u64,0,capture_complete,1,10612472,673487,350400,9493000,51430784,51658752,1009,136128415,710454,159565184,165888000
research/transport-memory/asymmetric-uplink-smoke-results,h2-wan128-u64,0,validation_delayed,1,10612472,673487,350400,9493000,51430784,48824320,1009,136128415,710454,159565184,165888000
research/transport-memory/asymmetric-uplink-smoke-results,h2-wan128-u64,0,captures_released,1,10612472,673487,0,0,51430784,48644096,9,136128415,710454,159565184,165888000
research/transport-memory/asymmetric-uplink-smoke-results,h2-wan128-u64,0,serviced_idle,1,10612472,673487,0,0,51430784,44695552,9,136128415,710454,159565184,165888000
research/transport-memory/asymmetric-uplink-smoke-results,h2-wan128-u64,0,multi_released,1,0,537905,0,0,40994176,50675712,4,136128415,710454,159565184,165888000
research/transport-memory/asymmetric-uplink-smoke-results,h2-wan128-u64,0,cleaned,1,0,0,0,0,40994176,51003392,4,136128415,710454,159565184,165888000
research/transport-memory/asymmetric-uplink-smoke-results,h2-wan128-u64,0,retained_idle,1,0,0,0,0,40994176,47611904,3,136128415,710454,159565184,165888000
