Unhandled exception in client_connected_cb
transport: <asyncio.sslproto._SSLProtocolTransport object at 0x101f0df40>
Traceback (most recent call last):
  File "/Users/divyanshgolyan/.codex/worktrees/4511/onepage/research/transport-memory/asymmetric_server.py", line 39, in accept
    data=await reader.read(min(left,16384));assert data;hasher.update(data);left-=len(data);request_bytes+=len(data)
                                                   ^^^^
AssertionError
Unhandled exception in client_connected_cb
transport: <asyncio.sslproto._SSLProtocolTransport object at 0x1016bccb0>
Traceback (most recent call last):
  File "/Users/divyanshgolyan/.codex/worktrees/4511/onepage/research/transport-memory/asymmetric_server.py", line 39, in accept
    data=await reader.read(min(left,16384));assert data;hasher.update(data);left-=len(data);request_bytes+=len(data)
                                                   ^^^^
AssertionError
Unhandled exception in client_connected_cb
transport: <asyncio.sslproto._SSLProtocolTransport object at 0x1016bcd40>
Traceback (most recent call last):
  File "/Users/divyanshgolyan/.codex/worktrees/4511/onepage/research/transport-memory/asymmetric_server.py", line 39, in accept
    data=await reader.read(min(left,16384));assert data;hasher.update(data);left-=len(data);request_bytes+=len(data)
                                                   ^^^^
AssertionError
Unhandled exception in client_connected_cb
transport: <asyncio.sslproto._SSLProtocolTransport object at 0x1016bce60>
Traceback (most recent call last):
  File "/Users/divyanshgolyan/.codex/worktrees/4511/onepage/research/transport-memory/asymmetric_server.py", line 39, in accept
    data=await reader.read(min(left,16384));assert data;hasher.update(data);left-=len(data);request_bytes+=len(data)
                                                   ^^^^
AssertionError
Unhandled exception in client_connected_cb
transport: <asyncio.sslproto._SSLProtocolTransport object at 0x102b3e180>
Traceback (most recent call last):
  File "/Users/divyanshgolyan/.codex/worktrees/4511/onepage/research/transport-memory/asymmetric_server.py", line 39, in accept
    data=await reader.read(min(left,16384));assert data;hasher.update(data);left-=len(data);request_bytes+=len(data)
                                                   ^^^^
AssertionError
Unhandled exception in client_connected_cb
transport: <asyncio.sslproto._SSLProtocolTransport object at 0x102b3e0f0>
Traceback (most recent call last):
  File "/Users/divyanshgolyan/.codex/worktrees/4511/onepage/research/transport-memory/asymmetric_server.py", line 39, in accept
    data=await reader.read(min(left,16384));assert data;hasher.update(data);left-=len(data);request_bytes+=len(data)
                                                   ^^^^
AssertionError
Unhandled exception in client_connected_cb
transport: <asyncio.sslproto._SSLProtocolTransport object at 0x102b3e060>
Traceback (most recent call last):
  File "/Users/divyanshgolyan/.codex/worktrees/4511/onepage/research/transport-memory/asymmetric_server.py", line 39, in accept
    data=await reader.read(min(left,16384));assert data;hasher.update(data);left-=len(data);request_bytes+=len(data)
                                                   ^^^^
AssertionError
Unhandled exception in client_connected_cb
transport: <asyncio.sslproto._SSLProtocolTransport object at 0x102b3dfd0>
Traceback (most recent call last):
  File "/Users/divyanshgolyan/.codex/worktrees/4511/onepage/research/transport-memory/asymmetric_server.py", line 39, in accept
    data=await reader.read(min(left,16384));assert data;hasher.update(data);left-=len(data);request_bytes+=len(data)
                                                   ^^^^
AssertionError
Unhandled exception in client_connected_cb
transport: <asyncio.sslproto._SSLProtocolTransport object at 0x102b3df40>
Traceback (most recent call last):
  File "/Users/divyanshgolyan/.codex/worktrees/4511/onepage/research/transport-memory/asymmetric_server.py", line 39, in accept
    data=await reader.read(min(left,16384));assert data;hasher.update(data);left-=len(data);request_bytes+=len(data)
                                                   ^^^^
AssertionError
Unhandled exception in client_connected_cb
transport: <asyncio.sslproto._SSLProtocolTransport object at 0x102b3deb0>
Traceback (most recent call last):
  File "/Users/divyanshgolyan/.codex/worktrees/4511/onepage/research/transport-memory/asymmetric_server.py", line 39, in accept
    data=await reader.read(min(left,16384));assert data;hasher.update(data);left-=len(data);request_bytes+=len(data)
                                                   ^^^^
AssertionError
Unhandled exception in client_connected_cb
transport: <asyncio.sslproto._SSLProtocolTransport object at 0x102b3de20>
Traceback (most recent call last):
  File "/Users/divyanshgolyan/.codex/worktrees/4511/onepage/research/transport-memory/asymmetric_server.py", line 39, in accept
    data=await reader.read(min(left,16384));assert data;hasher.update(data);left-=len(data);request_bytes+=len(data)
                                                   ^^^^
AssertionError
Unhandled exception in client_connected_cb
transport: <asyncio.sslproto._SSLProtocolTransport object at 0x102b3dd90>
Traceback (most recent call last):
  File "/Users/divyanshgolyan/.codex/worktrees/4511/onepage/research/transport-memory/asymmetric_server.py", line 39, in accept
    data=await reader.read(min(left,16384));assert data;hasher.update(data);left-=len(data);request_bytes+=len(data)
                                                   ^^^^
AssertionError
Unhandled exception in client_connected_cb
transport: <asyncio.sslproto._SSLProtocolTransport object at 0x102b3dd00>
Traceback (most recent call last):
  File "/Users/divyanshgolyan/.codex/worktrees/4511/onepage/research/transport-memory/asymmetric_server.py", line 39, in accept
    data=await reader.read(min(left,16384));assert data;hasher.update(data);left-=len(data);request_bytes+=len(data)
                                                   ^^^^
AssertionError
Unhandled exception in client_connected_cb
transport: <asyncio.sslproto._SSLProtocolTransport object at 0x102b3dc70>
Traceback (most recent call last):
  File "/Users/divyanshgolyan/.codex/worktrees/4511/onepage/research/transport-memory/asymmetric_server.py", line 39, in accept
    data=await reader.read(min(left,16384));assert data;hasher.update(data);left-=len(data);request_bytes+=len(data)
                                                   ^^^^
AssertionError
Unhandled exception in client_connected_cb
transport: <asyncio.sslproto._SSLProtocolTransport object at 0x102b3dbe0>
Traceback (most recent call last):
  File "/Users/divyanshgolyan/.codex/worktrees/4511/onepage/research/transport-memory/asymmetric_server.py", line 39, in accept
    data=await reader.read(min(left,16384));assert data;hasher.update(data);left-=len(data);request_bytes+=len(data)
                                                   ^^^^
AssertionError
Unhandled exception in client_connected_cb
transport: <asyncio.sslproto._SSLProtocolTransport object at 0x102b3db50>
Traceback (most recent call last):
  File "/Users/divyanshgolyan/.codex/worktrees/4511/onepage/research/transport-memory/asymmetric_server.py", line 39, in accept
    data=await reader.read(min(left,16384));assert data;hasher.update(data);left-=len(data);request_bytes+=len(data)
                                                   ^^^^
AssertionError
Unhandled exception in client_connected_cb
transport: <asyncio.sslproto._SSLProtocolTransport object at 0x102b3dac0>
Traceback (most recent call last):
  File "/Users/divyanshgolyan/.codex/worktrees/4511/onepage/research/transport-memory/asymmetric_server.py", line 39, in accept
    data=await reader.read(min(left,16384));assert data;hasher.update(data);left-=len(data);request_bytes+=len(data)
                                                   ^^^^
AssertionError
Unhandled exception in client_connected_cb
transport: <asyncio.sslproto._SSLProtocolTransport object at 0x102b3da30>
Traceback (most recent call last):
  File "/Users/divyanshgolyan/.codex/worktrees/4511/onepage/research/transport-memory/asymmetric_server.py", line 39, in accept
    data=await reader.read(min(left,16384));assert data;hasher.update(data);left-=len(data);request_bytes+=len(data)
                                                   ^^^^
AssertionError
Unhandled exception in client_connected_cb
transport: <asyncio.sslproto._SSLProtocolTransport object at 0x102b3d9a0>
Traceback (most recent call last):
  File "/Users/divyanshgolyan/.codex/worktrees/4511/onepage/research/transport-memory/asymmetric_server.py", line 39, in accept
    data=await reader.read(min(left,16384));assert data;hasher.update(data);left-=len(data);request_bytes+=len(data)
                                                   ^^^^
AssertionError
Unhandled exception in client_connected_cb
transport: <asyncio.sslproto._SSLProtocolTransport object at 0x102b3d910>
Traceback (most recent call last):
  File "/Users/divyanshgolyan/.codex/worktrees/4511/onepage/research/transport-memory/asymmetric_server.py", line 39, in accept
    data=await reader.read(min(left,16384));assert data;hasher.update(data);left-=len(data);request_bytes+=len(data)
                                                   ^^^^
AssertionError
Unhandled exception in client_connected_cb
transport: <asyncio.sslproto._SSLProtocolTransport object at 0x102b3d880>
Traceback (most recent call last):
  File "/Users/divyanshgolyan/.codex/worktrees/4511/onepage/research/transport-memory/asymmetric_server.py", line 39, in accept
    data=await reader.read(min(left,16384));assert data;hasher.update(data);left-=len(data);request_bytes+=len(data)
                                                   ^^^^
AssertionError
Unhandled exception in client_connected_cb
transport: <asyncio.sslproto._SSLProtocolTransport object at 0x102b3d7f0>
Traceback (most recent call last):
  File "/Users/divyanshgolyan/.codex/worktrees/4511/onepage/research/transport-memory/asymmetric_server.py", line 39, in accept
    data=await reader.read(min(left,16384));assert data;hasher.update(data);left-=len(data);request_bytes+=len(data)
                                                   ^^^^
AssertionError
Unhandled exception in client_connected_cb
transport: <asyncio.sslproto._SSLProtocolTransport object at 0x102b3d760>
Traceback (most recent call last):
  File "/Users/divyanshgolyan/.codex/worktrees/4511/onepage/research/transport-memory/asymmetric_server.py", line 39, in accept
    data=await reader.read(min(left,16384));assert data;hasher.update(data);left-=len(data);request_bytes+=len(data)
                                                   ^^^^
AssertionError
Unhandled exception in client_connected_cb
transport: <asyncio.sslproto._SSLProtocolTransport object at 0x102b3d6d0>
Traceback (most recent call last):
  File "/Users/divyanshgolyan/.codex/worktrees/4511/onepage/research/transport-memory/asymmetric_server.py", line 39, in accept
    data=await reader.read(min(left,16384));assert data;hasher.update(data);left-=len(data);request_bytes+=len(data)
                                                   ^^^^
AssertionError
Unhandled exception in client_connected_cb
transport: <asyncio.sslproto._SSLProtocolTransport object at 0x102b3d640>
Traceback (most recent call last):
  File "/Users/divyanshgolyan/.codex/worktrees/4511/onepage/research/transport-memory/asymmetric_server.py", line 39, in accept
    data=await reader.read(min(left,16384));assert data;hasher.update(data);left-=len(data);request_bytes+=len(data)
                                                   ^^^^
AssertionError
Unhandled exception in client_connected_cb
transport: <asyncio.sslproto._SSLProtocolTransport object at 0x102b3d5b0>
Traceback (most recent call last):
  File "/Users/divyanshgolyan/.codex/worktrees/4511/onepage/research/transport-memory/asymmetric_server.py", line 39, in accept
    data=await reader.read(min(left,16384));assert data;hasher.update(data);left-=len(data);request_bytes+=len(data)
                                                   ^^^^
AssertionError
Unhandled exception in client_connected_cb
transport: <asyncio.sslproto._SSLProtocolTransport object at 0x102b3d520>
Traceback (most recent call last):
  File "/Users/divyanshgolyan/.codex/worktrees/4511/onepage/research/transport-memory/asymmetric_server.py", line 39, in accept
    data=await reader.read(min(left,16384));assert data;hasher.update(data);left-=len(data);request_bytes+=len(data)
                                                   ^^^^
AssertionError
Unhandled exception in client_connected_cb
transport: <asyncio.sslproto._SSLProtocolTransport object at 0x102b3d490>
Traceback (most recent call last):
  File "/Users/divyanshgolyan/.codex/worktrees/4511/onepage/research/transport-memory/asymmetric_server.py", line 39, in accept
    data=await reader.read(min(left,16384));assert data;hasher.update(data);left-=len(data);request_bytes+=len(data)
                                                   ^^^^
AssertionError
Unhandled exception in client_connected_cb
transport: <asyncio.sslproto._SSLProtocolTransport object at 0x102b3d400>
Traceback (most recent call last):
  File "/Users/divyanshgolyan/.codex/worktrees/4511/onepage/research/transport-memory/asymmetric_server.py", line 39, in accept
    data=await reader.read(min(left,16384));assert data;hasher.update(data);left-=len(data);request_bytes+=len(data)
                                                   ^^^^
AssertionError
Unhandled exception in client_connected_cb
transport: <asyncio.sslproto._SSLProtocolTransport object at 0x102b3d370>
Traceback (most recent call last):
  File "/Users/divyanshgolyan/.codex/worktrees/4511/onepage/research/transport-memory/asymmetric_server.py", line 39, in accept
    data=await reader.read(min(left,16384));assert data;hasher.update(data);left-=len(data);request_bytes+=len(data)
                                                   ^^^^
AssertionError
Unhandled exception in client_connected_cb
transport: <asyncio.sslproto._SSLProtocolTransport object at 0x102b3d2e0>
Traceback (most recent call last):
  File "/Users/divyanshgolyan/.codex/worktrees/4511/onepage/research/transport-memory/asymmetric_server.py", line 39, in accept
    data=await reader.read(min(left,16384));assert data;hasher.update(data);left-=len(data);request_bytes+=len(data)
                                                   ^^^^
AssertionError
Unhandled exception in client_connected_cb
transport: <asyncio.sslproto._SSLProtocolTransport object at 0x102b3d250>
Traceback (most recent call last):
  File "/Users/divyanshgolyan/.codex/worktrees/4511/onepage/research/transport-memory/asymmetric_server.py", line 39, in accept
    data=await reader.read(min(left,16384));assert data;hasher.update(data);left-=len(data);request_bytes+=len(data)
                                                   ^^^^
AssertionError
Unhandled exception in client_connected_cb
transport: <asyncio.sslproto._SSLProtocolTransport object at 0x102b3d1c0>
Traceback (most recent call last):
  File "/Users/divyanshgolyan/.codex/worktrees/4511/onepage/research/transport-memory/asymmetric_server.py", line 39, in accept
    data=await reader.read(min(left,16384));assert data;hasher.update(data);left-=len(data);request_bytes+=len(data)
                                                   ^^^^
AssertionError
Unhandled exception in client_connected_cb
transport: <asyncio.sslproto._SSLProtocolTransport object at 0x102b3d130>
Traceback (most recent call last):
  File "/Users/divyanshgolyan/.codex/worktrees/4511/onepage/research/transport-memory/asymmetric_server.py", line 39, in accept
    data=await reader.read(min(left,16384));assert data;hasher.update(data);left-=len(data);request_bytes+=len(data)
                                                   ^^^^
AssertionError
Unhandled exception in client_connected_cb
transport: <asyncio.sslproto._SSLProtocolTransport object at 0x102b3d0a0>
Traceback (most recent call last):
  File "/Users/divyanshgolyan/.codex/worktrees/4511/onepage/research/transport-memory/asymmetric_server.py", line 39, in accept
    data=await reader.read(min(left,16384));assert data;hasher.update(data);left-=len(data);request_bytes+=len(data)
                                                   ^^^^
AssertionError
Unhandled exception in client_connected_cb
transport: <asyncio.sslproto._SSLProtocolTransport object at 0x102b3d010>
Traceback (most recent call last):
  File "/Users/divyanshgolyan/.codex/worktrees/4511/onepage/research/transport-memory/asymmetric_server.py", line 39, in accept
    data=await reader.read(min(left,16384));assert data;hasher.update(data);left-=len(data);request_bytes+=len(data)
                                                   ^^^^
AssertionError
Unhandled exception in client_connected_cb
transport: <asyncio.sslproto._SSLProtocolTransport object at 0x102b3cf80>
Traceback (most recent call last):
  File "/Users/divyanshgolyan/.codex/worktrees/4511/onepage/research/transport-memory/asymmetric_server.py", line 39, in accept
    data=await reader.read(min(left,16384));assert data;hasher.update(data);left-=len(data);request_bytes+=len(data)
                                                   ^^^^
AssertionError
Unhandled exception in client_connected_cb
transport: <asyncio.sslproto._SSLProtocolTransport object at 0x102b3cef0>
Traceback (most recent call last):
  File "/Users/divyanshgolyan/.codex/worktrees/4511/onepage/research/transport-memory/asymmetric_server.py", line 39, in accept
    data=await reader.read(min(left,16384));assert data;hasher.update(data);left-=len(data);request_bytes+=len(data)
                                                   ^^^^
AssertionError
Unhandled exception in client_connected_cb
transport: <asyncio.sslproto._SSLProtocolTransport object at 0x102b3ce60>
Traceback (most recent call last):
  File "/Users/divyanshgolyan/.codex/worktrees/4511/onepage/research/transport-memory/asymmetric_server.py", line 39, in accept
    data=await reader.read(min(left,16384));assert data;hasher.update(data);left-=len(data);request_bytes+=len(data)
                                                   ^^^^
AssertionError
Unhandled exception in client_connected_cb
transport: <asyncio.sslproto._SSLProtocolTransport object at 0x102b3cdd0>
Traceback (most recent call last):
  File "/Users/divyanshgolyan/.codex/worktrees/4511/onepage/research/transport-memory/asymmetric_server.py", line 39, in accept
    data=await reader.read(min(left,16384));assert data;hasher.update(data);left-=len(data);request_bytes+=len(data)
                                                   ^^^^
AssertionError
Unhandled exception in client_connected_cb
transport: <asyncio.sslproto._SSLProtocolTransport object at 0x102b3cd40>
Traceback (most recent call last):
  File "/Users/divyanshgolyan/.codex/worktrees/4511/onepage/research/transport-memory/asymmetric_server.py", line 39, in accept
    data=await reader.read(min(left,16384));assert data;hasher.update(data);left-=len(data);request_bytes+=len(data)
                                                   ^^^^
AssertionError
Unhandled exception in client_connected_cb
transport: <asyncio.sslproto._SSLProtocolTransport object at 0x102b3ccb0>
Traceback (most recent call last):
  File "/Users/divyanshgolyan/.codex/worktrees/4511/onepage/research/transport-memory/asymmetric_server.py", line 39, in accept
    data=await reader.read(min(left,16384));assert data;hasher.update(data);left-=len(data);request_bytes+=len(data)
                                                   ^^^^
AssertionError
Unhandled exception in client_connected_cb
transport: <asyncio.sslproto._SSLProtocolTransport object at 0x102b3cc20>
Traceback (most recent call last):
  File "/Users/divyanshgolyan/.codex/worktrees/4511/onepage/research/transport-memory/asymmetric_server.py", line 39, in accept
    data=await reader.read(min(left,16384));assert data;hasher.update(data);left-=len(data);request_bytes+=len(data)
                                                   ^^^^
AssertionError
Unhandled exception in client_connected_cb
transport: <asyncio.sslproto._SSLProtocolTransport object at 0x102b3cb90>
Traceback (most recent call last):
  File "/Users/divyanshgolyan/.codex/worktrees/4511/onepage/research/transport-memory/asymmetric_server.py", line 39, in accept
    data=await reader.read(min(left,16384));assert data;hasher.update(data);left-=len(data);request_bytes+=len(data)
                                                   ^^^^
AssertionError
Unhandled exception in client_connected_cb
transport: <asyncio.sslproto._SSLProtocolTransport object at 0x102b3cb00>
Traceback (most recent call last):
  File "/Users/divyanshgolyan/.codex/worktrees/4511/onepage/research/transport-memory/asymmetric_server.py", line 39, in accept
    data=await reader.read(min(left,16384));assert data;hasher.update(data);left-=len(data);request_bytes+=len(data)
                                                   ^^^^
AssertionError
Unhandled exception in client_connected_cb
transport: <asyncio.sslproto._SSLProtocolTransport object at 0x102b3ca70>
Traceback (most recent call last):
  File "/Users/divyanshgolyan/.codex/worktrees/4511/onepage/research/transport-memory/asymmetric_server.py", line 39, in accept
    data=await reader.read(min(left,16384));assert data;hasher.update(data);left-=len(data);request_bytes+=len(data)
                                                   ^^^^
AssertionError
Unhandled exception in client_connected_cb
transport: <asyncio.sslproto._SSLProtocolTransport object at 0x102b3c9e0>
Traceback (most recent call last):
  File "/Users/divyanshgolyan/.codex/worktrees/4511/onepage/research/transport-memory/asymmetric_server.py", line 39, in accept
    data=await reader.read(min(left,16384));assert data;hasher.update(data);left-=len(data);request_bytes+=len(data)
                                                   ^^^^
AssertionError
Unhandled exception in client_connected_cb
transport: <asyncio.sslproto._SSLProtocolTransport object at 0x102b3c950>
Traceback (most recent call last):
  File "/Users/divyanshgolyan/.codex/worktrees/4511/onepage/research/transport-memory/asymmetric_server.py", line 39, in accept
    data=await reader.read(min(left,16384));assert data;hasher.update(data);left-=len(data);request_bytes+=len(data)
                                                   ^^^^
AssertionError
Unhandled exception in client_connected_cb
transport: <asyncio.sslproto._SSLProtocolTransport object at 0x102b3c8c0>
Traceback (most recent call last):
  File "/Users/divyanshgolyan/.codex/worktrees/4511/onepage/research/transport-memory/asymmetric_server.py", line 39, in accept
    data=await reader.read(min(left,16384));assert data;hasher.update(data);left-=len(data);request_bytes+=len(data)
                                                   ^^^^
AssertionError
Unhandled exception in client_connected_cb
transport: <asyncio.sslproto._SSLProtocolTransport object at 0x102b3c830>
Traceback (most recent call last):
  File "/Users/divyanshgolyan/.codex/worktrees/4511/onepage/research/transport-memory/asymmetric_server.py", line 39, in accept
    data=await reader.read(min(left,16384));assert data;hasher.update(data);left-=len(data);request_bytes+=len(data)
                                                   ^^^^
AssertionError
Unhandled exception in client_connected_cb
transport: <asyncio.sslproto._SSLProtocolTransport object at 0x102b3c7a0>
Traceback (most recent call last):
  File "/Users/divyanshgolyan/.codex/worktrees/4511/onepage/research/transport-memory/asymmetric_server.py", line 39, in accept
    data=await reader.read(min(left,16384));assert data;hasher.update(data);left-=len(data);request_bytes+=len(data)
                                                   ^^^^
AssertionError
Unhandled exception in client_connected_cb
transport: <asyncio.sslproto._SSLProtocolTransport object at 0x102b3c710>
Traceback (most recent call last):
  File "/Users/divyanshgolyan/.codex/worktrees/4511/onepage/research/transport-memory/asymmetric_server.py", line 39, in accept
    data=await reader.read(min(left,16384));assert data;hasher.update(data);left-=len(data);request_bytes+=len(data)
                                                   ^^^^
AssertionError
Unhandled exception in client_connected_cb
transport: <asyncio.sslproto._SSLProtocolTransport object at 0x102b3c680>
Traceback (most recent call last):
  File "/Users/divyanshgolyan/.codex/worktrees/4511/onepage/research/transport-memory/asymmetric_server.py", line 39, in accept
    data=await reader.read(min(left,16384));assert data;hasher.update(data);left-=len(data);request_bytes+=len(data)
                                                   ^^^^
AssertionError
Unhandled exception in client_connected_cb
transport: <asyncio.sslproto._SSLProtocolTransport object at 0x102b3c5f0>
Traceback (most recent call last):
  File "/Users/divyanshgolyan/.codex/worktrees/4511/onepage/research/transport-memory/asymmetric_server.py", line 39, in accept
    data=await reader.read(min(left,16384));assert data;hasher.update(data);left-=len(data);request_bytes+=len(data)
                                                   ^^^^
AssertionError
Unhandled exception in client_connected_cb
transport: <asyncio.sslproto._SSLProtocolTransport object at 0x102b3c560>
Traceback (most recent call last):
  File "/Users/divyanshgolyan/.codex/worktrees/4511/onepage/research/transport-memory/asymmetric_server.py", line 39, in accept
    data=await reader.read(min(left,16384));assert data;hasher.update(data);left-=len(data);request_bytes+=len(data)
                                                   ^^^^
AssertionError
Unhandled exception in client_connected_cb
transport: <asyncio.sslproto._SSLProtocolTransport object at 0x102b3c4d0>
Traceback (most recent call last):
  File "/Users/divyanshgolyan/.codex/worktrees/4511/onepage/research/transport-memory/asymmetric_server.py", line 39, in accept
    data=await reader.read(min(left,16384));assert data;hasher.update(data);left-=len(data);request_bytes+=len(data)
                                                   ^^^^
AssertionError
Unhandled exception in client_connected_cb
transport: <asyncio.sslproto._SSLProtocolTransport object at 0x102b3c440>
Traceback (most recent call last):
  File "/Users/divyanshgolyan/.codex/worktrees/4511/onepage/research/transport-memory/asymmetric_server.py", line 39, in accept
    data=await reader.read(min(left,16384));assert data;hasher.update(data);left-=len(data);request_bytes+=len(data)
                                                   ^^^^
AssertionError
Unhandled exception in client_connected_cb
transport: <asyncio.sslproto._SSLProtocolTransport object at 0x102b3c3b0>
Traceback (most recent call last):
  File "/Users/divyanshgolyan/.codex/worktrees/4511/onepage/research/transport-memory/asymmetric_server.py", line 39, in accept
    data=await reader.read(min(left,16384));assert data;hasher.update(data);left-=len(data);request_bytes+=len(data)
                                                   ^^^^
AssertionError
Unhandled exception in client_connected_cb
transport: <asyncio.sslproto._SSLProtocolTransport object at 0x102b3c320>
Traceback (most recent call last):
  File "/Users/divyanshgolyan/.codex/worktrees/4511/onepage/research/transport-memory/asymmetric_server.py", line 39, in accept
    data=await reader.read(min(left,16384));assert data;hasher.update(data);left-=len(data);request_bytes+=len(data)
                                                   ^^^^
AssertionError
Unhandled exception in client_connected_cb
transport: <asyncio.sslproto._SSLProtocolTransport object at 0x102b3c290>
Traceback (most recent call last):
  File "/Users/divyanshgolyan/.codex/worktrees/4511/onepage/research/transport-memory/asymmetric_server.py", line 39, in accept
    data=await reader.read(min(left,16384));assert data;hasher.update(data);left-=len(data);request_bytes+=len(data)
                                                   ^^^^
AssertionError
Unhandled exception in client_connected_cb
transport: <asyncio.sslproto._SSLProtocolTransport object at 0x102b3c200>
Traceback (most recent call last):
  File "/Users/divyanshgolyan/.codex/worktrees/4511/onepage/research/transport-memory/asymmetric_server.py", line 39, in accept
    data=await reader.read(min(left,16384));assert data;hasher.update(data);left-=len(data);request_bytes+=len(data)
                                                   ^^^^
AssertionError
Unhandled exception in client_connected_cb
transport: <asyncio.sslproto._SSLProtocolTransport object at 0x102b3c170>
Traceback (most recent call last):
  File "/Users/divyanshgolyan/.codex/worktrees/4511/onepage/research/transport-memory/asymmetric_server.py", line 39, in accept
    data=await reader.read(min(left,16384));assert data;hasher.update(data);left-=len(data);request_bytes+=len(data)
                                                   ^^^^
AssertionError
Unhandled exception in client_connected_cb
transport: <asyncio.sslproto._SSLProtocolTransport object at 0x102b3c0e0>
Traceback (most recent call last):
  File "/Users/divyanshgolyan/.codex/worktrees/4511/onepage/research/transport-memory/asymmetric_server.py", line 39, in accept
    data=await reader.read(min(left,16384));assert data;hasher.update(data);left-=len(data);request_bytes+=len(data)
                                                   ^^^^
AssertionError
Unhandled exception in client_connected_cb
transport: <asyncio.sslproto._SSLProtocolTransport object at 0x102b3c050>
Traceback (most recent call last):
  File "/Users/divyanshgolyan/.codex/worktrees/4511/onepage/research/transport-memory/asymmetric_server.py", line 39, in accept
    data=await reader.read(min(left,16384));assert data;hasher.update(data);left-=len(data);request_bytes+=len(data)
                                                   ^^^^
AssertionError
Unhandled exception in client_connected_cb
transport: <asyncio.sslproto._SSLProtocolTransport object at 0x102a9bf50>
Traceback (most recent call last):
  File "/Users/divyanshgolyan/.codex/worktrees/4511/onepage/research/transport-memory/asymmetric_server.py", line 39, in accept
    data=await reader.read(min(left,16384));assert data;hasher.update(data);left-=len(data);request_bytes+=len(data)
                                                   ^^^^
AssertionError
Unhandled exception in client_connected_cb
transport: <asyncio.sslproto._SSLProtocolTransport object at 0x102a9bec0>
Traceback (most recent call last):
  File "/Users/divyanshgolyan/.codex/worktrees/4511/onepage/research/transport-memory/asymmetric_server.py", line 39, in accept
    data=await reader.read(min(left,16384));assert data;hasher.update(data);left-=len(data);request_bytes+=len(data)
                                                   ^^^^
AssertionError
Unhandled exception in client_connected_cb
transport: <asyncio.sslproto._SSLProtocolTransport object at 0x102a9be30>
Traceback (most recent call last):
  File "/Users/divyanshgolyan/.codex/worktrees/4511/onepage/research/transport-memory/asymmetric_server.py", line 39, in accept
    data=await reader.read(min(left,16384));assert data;hasher.update(data);left-=len(data);request_bytes+=len(data)
                                                   ^^^^
AssertionError
Unhandled exception in client_connected_cb
transport: <asyncio.sslproto._SSLProtocolTransport object at 0x102a9bda0>
Traceback (most recent call last):
  File "/Users/divyanshgolyan/.codex/worktrees/4511/onepage/research/transport-memory/asymmetric_server.py", line 39, in accept
    data=await reader.read(min(left,16384));assert data;hasher.update(data);left-=len(data);request_bytes+=len(data)
                                                   ^^^^
AssertionError
Unhandled exception in client_connected_cb
transport: <asyncio.sslproto._SSLProtocolTransport object at 0x102a9bd10>
Traceback (most recent call last):
  File "/Users/divyanshgolyan/.codex/worktrees/4511/onepage/research/transport-memory/asymmetric_server.py", line 39, in accept
    data=await reader.read(min(left,16384));assert data;hasher.update(data);left-=len(data);request_bytes+=len(data)
                                                   ^^^^
AssertionError
Unhandled exception in client_connected_cb
transport: <asyncio.sslproto._SSLProtocolTransport object at 0x102a9bc80>
Traceback (most recent call last):
  File "/Users/divyanshgolyan/.codex/worktrees/4511/onepage/research/transport-memory/asymmetric_server.py", line 39, in accept
    data=await reader.read(min(left,16384));assert data;hasher.update(data);left-=len(data);request_bytes+=len(data)
                                                   ^^^^
AssertionError
Unhandled exception in client_connected_cb
transport: <asyncio.sslproto._SSLProtocolTransport object at 0x102a9bbf0>
Traceback (most recent call last):
  File "/Users/divyanshgolyan/.codex/worktrees/4511/onepage/research/transport-memory/asymmetric_server.py", line 39, in accept
    data=await reader.read(min(left,16384));assert data;hasher.update(data);left-=len(data);request_bytes+=len(data)
                                                   ^^^^
AssertionError
Unhandled exception in client_connected_cb
transport: <asyncio.sslproto._SSLProtocolTransport object at 0x102a9bb60>
Traceback (most recent call last):
  File "/Users/divyanshgolyan/.codex/worktrees/4511/onepage/research/transport-memory/asymmetric_server.py", line 39, in accept
    data=await reader.read(min(left,16384));assert data;hasher.update(data);left-=len(data);request_bytes+=len(data)
                                                   ^^^^
AssertionError
Unhandled exception in client_connected_cb
transport: <asyncio.sslproto._SSLProtocolTransport object at 0x102a9bad0>
Traceback (most recent call last):
  File "/Users/divyanshgolyan/.codex/worktrees/4511/onepage/research/transport-memory/asymmetric_server.py", line 39, in accept
    data=await reader.read(min(left,16384));assert data;hasher.update(data);left-=len(data);request_bytes+=len(data)
                                                   ^^^^
AssertionError
Unhandled exception in client_connected_cb
transport: <asyncio.sslproto._SSLProtocolTransport object at 0x102a9ba40>
Traceback (most recent call last):
  File "/Users/divyanshgolyan/.codex/worktrees/4511/onepage/research/transport-memory/asymmetric_server.py", line 39, in accept
    data=await reader.read(min(left,16384));assert data;hasher.update(data);left-=len(data);request_bytes+=len(data)
                                                   ^^^^
AssertionError
Unhandled exception in client_connected_cb
transport: <asyncio.sslproto._SSLProtocolTransport object at 0x102a9b9b0>
Traceback (most recent call last):
  File "/Users/divyanshgolyan/.codex/worktrees/4511/onepage/research/transport-memory/asymmetric_server.py", line 39, in accept
    data=await reader.read(min(left,16384));assert data;hasher.update(data);left-=len(data);request_bytes+=len(data)
                                                   ^^^^
AssertionError
Unhandled exception in client_connected_cb
transport: <asyncio.sslproto._SSLProtocolTransport object at 0x102a9b920>
Traceback (most recent call last):
  File "/Users/divyanshgolyan/.codex/worktrees/4511/onepage/research/transport-memory/asymmetric_server.py", line 39, in accept
    data=await reader.read(min(left,16384));assert data;hasher.update(data);left-=len(data);request_bytes+=len(data)
                                                   ^^^^
AssertionError
Unhandled exception in client_connected_cb
transport: <asyncio.sslproto._SSLProtocolTransport object at 0x102a9b890>
Traceback (most recent call last):
  File "/Users/divyanshgolyan/.codex/worktrees/4511/onepage/research/transport-memory/asymmetric_server.py", line 39, in accept
    data=await reader.read(min(left,16384));assert data;hasher.update(data);left-=len(data);request_bytes+=len(data)
                                                   ^^^^
AssertionError
Unhandled exception in client_connected_cb
transport: <asyncio.sslproto._SSLProtocolTransport object at 0x102a9b800>
Traceback (most recent call last):
  File "/Users/divyanshgolyan/.codex/worktrees/4511/onepage/research/transport-memory/asymmetric_server.py", line 39, in accept
    data=await reader.read(min(left,16384));assert data;hasher.update(data);left-=len(data);request_bytes+=len(data)
                                                   ^^^^
AssertionError
Unhandled exception in client_connected_cb
transport: <asyncio.sslproto._SSLProtocolTransport object at 0x102a9b770>
Traceback (most recent call last):
  File "/Users/divyanshgolyan/.codex/worktrees/4511/onepage/research/transport-memory/asymmetric_server.py", line 39, in accept
    data=await reader.read(min(left,16384));assert data;hasher.update(data);left-=len(data);request_bytes+=len(data)
                                                   ^^^^
AssertionError
Unhandled exception in client_connected_cb
transport: <asyncio.sslproto._SSLProtocolTransport object at 0x102a9b6e0>
Traceback (most recent call last):
  File "/Users/divyanshgolyan/.codex/worktrees/4511/onepage/research/transport-memory/asymmetric_server.py", line 39, in accept
    data=await reader.read(min(left,16384));assert data;hasher.update(data);left-=len(data);request_bytes+=len(data)
                                                   ^^^^
AssertionError
Unhandled exception in client_connected_cb
transport: <asyncio.sslproto._SSLProtocolTransport object at 0x102a9b650>
Traceback (most recent call last):
  File "/Users/divyanshgolyan/.codex/worktrees/4511/onepage/research/transport-memory/asymmetric_server.py", line 39, in accept
    data=await reader.read(min(left,16384));assert data;hasher.update(data);left-=len(data);request_bytes+=len(data)
                                                   ^^^^
AssertionError
Unhandled exception in client_connected_cb
transport: <asyncio.sslproto._SSLProtocolTransport object at 0x102a9b5c0>
Traceback (most recent call last):
  File "/Users/divyanshgolyan/.codex/worktrees/4511/onepage/research/transport-memory/asymmetric_server.py", line 39, in accept
    data=await reader.read(min(left,16384));assert data;hasher.update(data);left-=len(data);request_bytes+=len(data)
                                                   ^^^^
AssertionError
Unhandled exception in client_connected_cb
transport: <asyncio.sslproto._SSLProtocolTransport object at 0x102a9b530>
Traceback (most recent call last):
  File "/Users/divyanshgolyan/.codex/worktrees/4511/onepage/research/transport-memory/asymmetric_server.py", line 39, in accept
    data=await reader.read(min(left,16384));assert data;hasher.update(data);left-=len(data);request_bytes+=len(data)
                                                   ^^^^
AssertionError
Unhandled exception in client_connected_cb
transport: <asyncio.sslproto._SSLProtocolTransport object at 0x102a9b4a0>
Traceback (most recent call last):
  File "/Users/divyanshgolyan/.codex/worktrees/4511/onepage/research/transport-memory/asymmetric_server.py", line 39, in accept
    data=await reader.read(min(left,16384));assert data;hasher.update(data);left-=len(data);request_bytes+=len(data)
                                                   ^^^^
AssertionError
Unhandled exception in client_connected_cb
transport: <asyncio.sslproto._SSLProtocolTransport object at 0x102a9b410>
Traceback (most recent call last):
  File "/Users/divyanshgolyan/.codex/worktrees/4511/onepage/research/transport-memory/asymmetric_server.py", line 39, in accept
    data=await reader.read(min(left,16384));assert data;hasher.update(data);left-=len(data);request_bytes+=len(data)
                                                   ^^^^
AssertionError
Unhandled exception in client_connected_cb
transport: <asyncio.sslproto._SSLProtocolTransport object at 0x102a9b380>
Traceback (most recent call last):
  File "/Users/divyanshgolyan/.codex/worktrees/4511/onepage/research/transport-memory/asymmetric_server.py", line 39, in accept
    data=await reader.read(min(left,16384));assert data;hasher.update(data);left-=len(data);request_bytes+=len(data)
                                                   ^^^^
AssertionError
Unhandled exception in client_connected_cb
transport: <asyncio.sslproto._SSLProtocolTransport object at 0x102a9b2f0>
Traceback (most recent call last):
  File "/Users/divyanshgolyan/.codex/worktrees/4511/onepage/research/transport-memory/asymmetric_server.py", line 39, in accept
    data=await reader.read(min(left,16384));assert data;hasher.update(data);left-=len(data);request_bytes+=len(data)
                                                   ^^^^
AssertionError
Unhandled exception in client_connected_cb
transport: <asyncio.sslproto._SSLProtocolTransport object at 0x102a9b260>
Traceback (most recent call last):
  File "/Users/divyanshgolyan/.codex/worktrees/4511/onepage/research/transport-memory/asymmetric_server.py", line 39, in accept
    data=await reader.read(min(left,16384));assert data;hasher.update(data);left-=len(data);request_bytes+=len(data)
                                                   ^^^^
AssertionError
Unhandled exception in client_connected_cb
transport: <asyncio.sslproto._SSLProtocolTransport object at 0x102a9b1d0>
Traceback (most recent call last):
  File "/Users/divyanshgolyan/.codex/worktrees/4511/onepage/research/transport-memory/asymmetric_server.py", line 39, in accept
    data=await reader.read(min(left,16384));assert data;hasher.update(data);left-=len(data);request_bytes+=len(data)
                                                   ^^^^
AssertionError
Unhandled exception in client_connected_cb
transport: <asyncio.sslproto._SSLProtocolTransport object at 0x102a9b140>
Traceback (most recent call last):
  File "/Users/divyanshgolyan/.codex/worktrees/4511/onepage/research/transport-memory/asymmetric_server.py", line 39, in accept
    data=await reader.read(min(left,16384));assert data;hasher.update(data);left-=len(data);request_bytes+=len(data)
                                                   ^^^^
AssertionError
Unhandled exception in client_connected_cb
transport: <asyncio.sslproto._SSLProtocolTransport object at 0x102a9b0b0>
Traceback (most recent call last):
  File "/Users/divyanshgolyan/.codex/worktrees/4511/onepage/research/transport-memory/asymmetric_server.py", line 39, in accept
    data=await reader.read(min(left,16384));assert data;hasher.update(data);left-=len(data);request_bytes+=len(data)
                                                   ^^^^
AssertionError
Unhandled exception in client_connected_cb
transport: <asyncio.sslproto._SSLProtocolTransport object at 0x102a9b020>
Traceback (most recent call last):
  File "/Users/divyanshgolyan/.codex/worktrees/4511/onepage/research/transport-memory/asymmetric_server.py", line 39, in accept
    data=await reader.read(min(left,16384));assert data;hasher.update(data);left-=len(data);request_bytes+=len(data)
                                                   ^^^^
AssertionError
Unhandled exception in client_connected_cb
transport: <asyncio.sslproto._SSLProtocolTransport object at 0x102a9af90>
Traceback (most recent call last):
  File "/Users/divyanshgolyan/.codex/worktrees/4511/onepage/research/transport-memory/asymmetric_server.py", line 39, in accept
    data=await reader.read(min(left,16384));assert data;hasher.update(data);left-=len(data);request_bytes+=len(data)
                                                   ^^^^
AssertionError
Unhandled exception in client_connected_cb
transport: <asyncio.sslproto._SSLProtocolTransport object at 0x102a9af00>
Traceback (most recent call last):
  File "/Users/divyanshgolyan/.codex/worktrees/4511/onepage/research/transport-memory/asymmetric_server.py", line 39, in accept
    data=await reader.read(min(left,16384));assert data;hasher.update(data);left-=len(data);request_bytes+=len(data)
                                                   ^^^^
AssertionError
Unhandled exception in client_connected_cb
transport: <asyncio.sslproto._SSLProtocolTransport object at 0x102a9ae70>
Traceback (most recent call last):
  File "/Users/divyanshgolyan/.codex/worktrees/4511/onepage/research/transport-memory/asymmetric_server.py", line 39, in accept
    data=await reader.read(min(left,16384));assert data;hasher.update(data);left-=len(data);request_bytes+=len(data)
                                                   ^^^^
AssertionError
Unhandled exception in client_connected_cb
transport: <asyncio.sslproto._SSLProtocolTransport object at 0x102a9ade0>
Traceback (most recent call last):
  File "/Users/divyanshgolyan/.codex/worktrees/4511/onepage/research/transport-memory/asymmetric_server.py", line 39, in accept
    data=await reader.read(min(left,16384));assert data;hasher.update(data);left-=len(data);request_bytes+=len(data)
                                                   ^^^^
AssertionError
Unhandled exception in client_connected_cb
transport: <asyncio.sslproto._SSLProtocolTransport object at 0x102a9ad50>
Traceback (most recent call last):
  File "/Users/divyanshgolyan/.codex/worktrees/4511/onepage/research/transport-memory/asymmetric_server.py", line 39, in accept
    data=await reader.read(min(left,16384));assert data;hasher.update(data);left-=len(data);request_bytes+=len(data)
                                                   ^^^^
AssertionError
Unhandled exception in client_connected_cb
transport: <asyncio.sslproto._SSLProtocolTransport object at 0x102a9acc0>
Traceback (most recent call last):
  File "/Users/divyanshgolyan/.codex/worktrees/4511/onepage/research/transport-memory/asymmetric_server.py", line 39, in accept
    data=await reader.read(min(left,16384));assert data;hasher.update(data);left-=len(data);request_bytes+=len(data)
                                                   ^^^^
AssertionError
Unhandled exception in client_connected_cb
transport: <asyncio.sslproto._SSLProtocolTransport object at 0x102a9ac30>
Traceback (most recent call last):
  File "/Users/divyanshgolyan/.codex/worktrees/4511/onepage/research/transport-memory/asymmetric_server.py", line 39, in accept
    data=await reader.read(min(left,16384));assert data;hasher.update(data);left-=len(data);request_bytes+=len(data)
                                                   ^^^^
AssertionError
Unhandled exception in client_connected_cb
transport: <asyncio.sslproto._SSLProtocolTransport object at 0x102a9aba0>
Traceback (most recent call last):
  File "/Users/divyanshgolyan/.codex/worktrees/4511/onepage/research/transport-memory/asymmetric_server.py", line 39, in accept
    data=await reader.read(min(left,16384));assert data;hasher.update(data);left-=len(data);request_bytes+=len(data)
                                                   ^^^^
AssertionError
Unhandled exception in client_connected_cb
transport: <asyncio.sslproto._SSLProtocolTransport object at 0x102a9ab10>
Traceback (most recent call last):
  File "/Users/divyanshgolyan/.codex/worktrees/4511/onepage/research/transport-memory/asymmetric_server.py", line 39, in accept
    data=await reader.read(min(left,16384));assert data;hasher.update(data);left-=len(data);request_bytes+=len(data)
                                                   ^^^^
AssertionError
Unhandled exception in client_connected_cb
transport: <asyncio.sslproto._SSLProtocolTransport object at 0x102a9aa80>
Traceback (most recent call last):
  File "/Users/divyanshgolyan/.codex/worktrees/4511/onepage/research/transport-memory/asymmetric_server.py", line 39, in accept
    data=await reader.read(min(left,16384));assert data;hasher.update(data);left-=len(data);request_bytes+=len(data)
                                                   ^^^^
AssertionError
Unhandled exception in client_connected_cb
transport: <asyncio.sslproto._SSLProtocolTransport object at 0x102a9a9f0>
Traceback (most recent call last):
  File "/Users/divyanshgolyan/.codex/worktrees/4511/onepage/research/transport-memory/asymmetric_server.py", line 39, in accept
    data=await reader.read(min(left,16384));assert data;hasher.update(data);left-=len(data);request_bytes+=len(data)
                                                   ^^^^
AssertionError
Unhandled exception in client_connected_cb
transport: <asyncio.sslproto._SSLProtocolTransport object at 0x102a9a960>
Traceback (most recent call last):
  File "/Users/divyanshgolyan/.codex/worktrees/4511/onepage/research/transport-memory/asymmetric_server.py", line 39, in accept
    data=await reader.read(min(left,16384));assert data;hasher.update(data);left-=len(data);request_bytes+=len(data)
                                                   ^^^^
AssertionError
Unhandled exception in client_connected_cb
transport: <asyncio.sslproto._SSLProtocolTransport object at 0x102a9a8d0>
Traceback (most recent call last):
  File "/Users/divyanshgolyan/.codex/worktrees/4511/onepage/research/transport-memory/asymmetric_server.py", line 39, in accept
    data=await reader.read(min(left,16384));assert data;hasher.update(data);left-=len(data);request_bytes+=len(data)
                                                   ^^^^
AssertionError
Unhandled exception in client_connected_cb
transport: <asyncio.sslproto._SSLProtocolTransport object at 0x102a9a840>
Traceback (most recent call last):
  File "/Users/divyanshgolyan/.codex/worktrees/4511/onepage/research/transport-memory/asymmetric_server.py", line 39, in accept
    data=await reader.read(min(left,16384));assert data;hasher.update(data);left-=len(data);request_bytes+=len(data)
                                                   ^^^^
AssertionError
Unhandled exception in client_connected_cb
transport: <asyncio.sslproto._SSLProtocolTransport object at 0x102a9a7b0>
Traceback (most recent call last):
  File "/Users/divyanshgolyan/.codex/worktrees/4511/onepage/research/transport-memory/asymmetric_server.py", line 39, in accept
    data=await reader.read(min(left,16384));assert data;hasher.update(data);left-=len(data);request_bytes+=len(data)
                                                   ^^^^
AssertionError
Unhandled exception in client_connected_cb
transport: <asyncio.sslproto._SSLProtocolTransport object at 0x102a9a720>
Traceback (most recent call last):
  File "/Users/divyanshgolyan/.codex/worktrees/4511/onepage/research/transport-memory/asymmetric_server.py", line 39, in accept
    data=await reader.read(min(left,16384));assert data;hasher.update(data);left-=len(data);request_bytes+=len(data)
                                                   ^^^^
AssertionError
Unhandled exception in client_connected_cb
transport: <asyncio.sslproto._SSLProtocolTransport object at 0x102a9a690>
Traceback (most recent call last):
  File "/Users/divyanshgolyan/.codex/worktrees/4511/onepage/research/transport-memory/asymmetric_server.py", line 39, in accept
    data=await reader.read(min(left,16384));assert data;hasher.update(data);left-=len(data);request_bytes+=len(data)
                                                   ^^^^
AssertionError
Unhandled exception in client_connected_cb
transport: <asyncio.sslproto._SSLProtocolTransport object at 0x102a9a600>
Traceback (most recent call last):
  File "/Users/divyanshgolyan/.codex/worktrees/4511/onepage/research/transport-memory/asymmetric_server.py", line 39, in accept
    data=await reader.read(min(left,16384));assert data;hasher.update(data);left-=len(data);request_bytes+=len(data)
                                                   ^^^^
AssertionError
Unhandled exception in client_connected_cb
transport: <asyncio.sslproto._SSLProtocolTransport object at 0x102a9a570>
Traceback (most recent call last):
  File "/Users/divyanshgolyan/.codex/worktrees/4511/onepage/research/transport-memory/asymmetric_server.py", line 39, in accept
    data=await reader.read(min(left,16384));assert data;hasher.update(data);left-=len(data);request_bytes+=len(data)
                                                   ^^^^
AssertionError
Unhandled exception in client_connected_cb
transport: <asyncio.sslproto._SSLProtocolTransport object at 0x102a9a4e0>
Traceback (most recent call last):
  File "/Users/divyanshgolyan/.codex/worktrees/4511/onepage/research/transport-memory/asymmetric_server.py", line 39, in accept
    data=await reader.read(min(left,16384));assert data;hasher.update(data);left-=len(data);request_bytes+=len(data)
                                                   ^^^^
AssertionError
Unhandled exception in client_connected_cb
transport: <asyncio.sslproto._SSLProtocolTransport object at 0x102a9a450>
Traceback (most recent call last):
  File "/Users/divyanshgolyan/.codex/worktrees/4511/onepage/research/transport-memory/asymmetric_server.py", line 39, in accept
    data=await reader.read(min(left,16384));assert data;hasher.update(data);left-=len(data);request_bytes+=len(data)
                                                   ^^^^
AssertionError
Unhandled exception in client_connected_cb
transport: <asyncio.sslproto._SSLProtocolTransport object at 0x102a9a3c0>
Traceback (most recent call last):
  File "/Users/divyanshgolyan/.codex/worktrees/4511/onepage/research/transport-memory/asymmetric_server.py", line 39, in accept
    data=await reader.read(min(left,16384));assert data;hasher.update(data);left-=len(data);request_bytes+=len(data)
                                                   ^^^^
AssertionError
Unhandled exception in client_connected_cb
transport: <asyncio.sslproto._SSLProtocolTransport object at 0x102a9a330>
Traceback (most recent call last):
  File "/Users/divyanshgolyan/.codex/worktrees/4511/onepage/research/transport-memory/asymmetric_server.py", line 39, in accept
    data=await reader.read(min(left,16384));assert data;hasher.update(data);left-=len(data);request_bytes+=len(data)
                                                   ^^^^
AssertionError
Unhandled exception in client_connected_cb
transport: <asyncio.sslproto._SSLProtocolTransport object at 0x102a9a2a0>
Traceback (most recent call last):
  File "/Users/divyanshgolyan/.codex/worktrees/4511/onepage/research/transport-memory/asymmetric_server.py", line 39, in accept
    data=await reader.read(min(left,16384));assert data;hasher.update(data);left-=len(data);request_bytes+=len(data)
                                                   ^^^^
AssertionError
Unhandled exception in client_connected_cb
transport: <asyncio.sslproto._SSLProtocolTransport object at 0x102a9a210>
Traceback (most recent call last):
  File "/Users/divyanshgolyan/.codex/worktrees/4511/onepage/research/transport-memory/asymmetric_server.py", line 39, in accept
    data=await reader.read(min(left,16384));assert data;hasher.update(data);left-=len(data);request_bytes+=len(data)
                                                   ^^^^
AssertionError
Unhandled exception in client_connected_cb
transport: <asyncio.sslproto._SSLProtocolTransport object at 0x102a9a180>
Traceback (most recent call last):
  File "/Users/divyanshgolyan/.codex/worktrees/4511/onepage/research/transport-memory/asymmetric_server.py", line 39, in accept
    data=await reader.read(min(left,16384));assert data;hasher.update(data);left-=len(data);request_bytes+=len(data)
                                                   ^^^^
AssertionError
Unhandled exception in client_connected_cb
transport: <asyncio.sslproto._SSLProtocolTransport object at 0x102a9a0f0>
Traceback (most recent call last):
  File "/Users/divyanshgolyan/.codex/worktrees/4511/onepage/research/transport-memory/asymmetric_server.py", line 39, in accept
    data=await reader.read(min(left,16384));assert data;hasher.update(data);left-=len(data);request_bytes+=len(data)
                                                   ^^^^
AssertionError
Unhandled exception in client_connected_cb
transport: <asyncio.sslproto._SSLProtocolTransport object at 0x102a9a060>
Traceback (most recent call last):
  File "/Users/divyanshgolyan/.codex/worktrees/4511/onepage/research/transport-memory/asymmetric_server.py", line 39, in accept
    data=await reader.read(min(left,16384));assert data;hasher.update(data);left-=len(data);request_bytes+=len(data)
                                                   ^^^^
AssertionError
Unhandled exception in client_connected_cb
transport: <asyncio.sslproto._SSLProtocolTransport object at 0x102a99fd0>
Traceback (most recent call last):
  File "/Users/divyanshgolyan/.codex/worktrees/4511/onepage/research/transport-memory/asymmetric_server.py", line 39, in accept
    data=await reader.read(min(left,16384));assert data;hasher.update(data);left-=len(data);request_bytes+=len(data)
                                                   ^^^^
AssertionError
Unhandled exception in client_connected_cb
transport: <asyncio.sslproto._SSLProtocolTransport object at 0x102a99f40>
Traceback (most recent call last):
  File "/Users/divyanshgolyan/.codex/worktrees/4511/onepage/research/transport-memory/asymmetric_server.py", line 39, in accept
    data=await reader.read(min(left,16384));assert data;hasher.update(data);left-=len(data);request_bytes+=len(data)
                                                   ^^^^
AssertionError
Unhandled exception in client_connected_cb
transport: <asyncio.sslproto._SSLProtocolTransport object at 0x102a99eb0>
Traceback (most recent call last):
  File "/Users/divyanshgolyan/.codex/worktrees/4511/onepage/research/transport-memory/asymmetric_server.py", line 39, in accept
    data=await reader.read(min(left,16384));assert data;hasher.update(data);left-=len(data);request_bytes+=len(data)
                                                   ^^^^
AssertionError
Unhandled exception in client_connected_cb
transport: <asyncio.sslproto._SSLProtocolTransport object at 0x102a99e20>
Traceback (most recent call last):
  File "/Users/divyanshgolyan/.codex/worktrees/4511/onepage/research/transport-memory/asymmetric_server.py", line 39, in accept
    data=await reader.read(min(left,16384));assert data;hasher.update(data);left-=len(data);request_bytes+=len(data)
                                                   ^^^^
AssertionError
Unhandled exception in client_connected_cb
transport: <asyncio.sslproto._SSLProtocolTransport object at 0x102a99d90>
Traceback (most recent call last):
  File "/Users/divyanshgolyan/.codex/worktrees/4511/onepage/research/transport-memory/asymmetric_server.py", line 39, in accept
    data=await reader.read(min(left,16384));assert data;hasher.update(data);left-=len(data);request_bytes+=len(data)
                                                   ^^^^
AssertionError
Unhandled exception in client_connected_cb
transport: <asyncio.sslproto._SSLProtocolTransport object at 0x102a99d00>
Traceback (most recent call last):
  File "/Users/divyanshgolyan/.codex/worktrees/4511/onepage/research/transport-memory/asymmetric_server.py", line 39, in accept
    data=await reader.read(min(left,16384));assert data;hasher.update(data);left-=len(data);request_bytes+=len(data)
                                                   ^^^^
AssertionError
Unhandled exception in client_connected_cb
transport: <asyncio.sslproto._SSLProtocolTransport object at 0x102a99c70>
Traceback (most recent call last):
  File "/Users/divyanshgolyan/.codex/worktrees/4511/onepage/research/transport-memory/asymmetric_server.py", line 39, in accept
    data=await reader.read(min(left,16384));assert data;hasher.update(data);left-=len(data);request_bytes+=len(data)
                                                   ^^^^
AssertionError
Unhandled exception in client_connected_cb
transport: <asyncio.sslproto._SSLProtocolTransport object at 0x102a99be0>
Traceback (most recent call last):
  File "/Users/divyanshgolyan/.codex/worktrees/4511/onepage/research/transport-memory/asymmetric_server.py", line 39, in accept
    data=await reader.read(min(left,16384));assert data;hasher.update(data);left-=len(data);request_bytes+=len(data)
                                                   ^^^^
AssertionError
Unhandled exception in client_connected_cb
transport: <asyncio.sslproto._SSLProtocolTransport object at 0x102a99b50>
Traceback (most recent call last):
  File "/Users/divyanshgolyan/.codex/worktrees/4511/onepage/research/transport-memory/asymmetric_server.py", line 39, in accept
    data=await reader.read(min(left,16384));assert data;hasher.update(data);left-=len(data);request_bytes+=len(data)
                                                   ^^^^
AssertionError
Unhandled exception in client_connected_cb
transport: <asyncio.sslproto._SSLProtocolTransport object at 0x102a99ac0>
Traceback (most recent call last):
  File "/Users/divyanshgolyan/.codex/worktrees/4511/onepage/research/transport-memory/asymmetric_server.py", line 39, in accept
    data=await reader.read(min(left,16384));assert data;hasher.update(data);left-=len(data);request_bytes+=len(data)
                                                   ^^^^
AssertionError
Unhandled exception in client_connected_cb
transport: <asyncio.sslproto._SSLProtocolTransport object at 0x102a99a30>
Traceback (most recent call last):
  File "/Users/divyanshgolyan/.codex/worktrees/4511/onepage/research/transport-memory/asymmetric_server.py", line 39, in accept
    data=await reader.read(min(left,16384));assert data;hasher.update(data);left-=len(data);request_bytes+=len(data)
                                                   ^^^^
AssertionError
Unhandled exception in client_connected_cb
transport: <asyncio.sslproto._SSLProtocolTransport object at 0x102a999a0>
Traceback (most recent call last):
  File "/Users/divyanshgolyan/.codex/worktrees/4511/onepage/research/transport-memory/asymmetric_server.py", line 39, in accept
    data=await reader.read(min(left,16384));assert data;hasher.update(data);left-=len(data);request_bytes+=len(data)
                                                   ^^^^
AssertionError
Unhandled exception in client_connected_cb
transport: <asyncio.sslproto._SSLProtocolTransport object at 0x102a99910>
Traceback (most recent call last):
  File "/Users/divyanshgolyan/.codex/worktrees/4511/onepage/research/transport-memory/asymmetric_server.py", line 39, in accept
    data=await reader.read(min(left,16384));assert data;hasher.update(data);left-=len(data);request_bytes+=len(data)
                                                   ^^^^
AssertionError
Unhandled exception in client_connected_cb
transport: <asyncio.sslproto._SSLProtocolTransport object at 0x102a99880>
Traceback (most recent call last):
  File "/Users/divyanshgolyan/.codex/worktrees/4511/onepage/research/transport-memory/asymmetric_server.py", line 39, in accept
    data=await reader.read(min(left,16384));assert data;hasher.update(data);left-=len(data);request_bytes+=len(data)
                                                   ^^^^
AssertionError
Unhandled exception in client_connected_cb
transport: <asyncio.sslproto._SSLProtocolTransport object at 0x102a997f0>
Traceback (most recent call last):
  File "/Users/divyanshgolyan/.codex/worktrees/4511/onepage/research/transport-memory/asymmetric_server.py", line 39, in accept
    data=await reader.read(min(left,16384));assert data;hasher.update(data);left-=len(data);request_bytes+=len(data)
                                                   ^^^^
AssertionError
Unhandled exception in client_connected_cb
transport: <asyncio.sslproto._SSLProtocolTransport object at 0x102a99760>
Traceback (most recent call last):
  File "/Users/divyanshgolyan/.codex/worktrees/4511/onepage/research/transport-memory/asymmetric_server.py", line 39, in accept
    data=await reader.read(min(left,16384));assert data;hasher.update(data);left-=len(data);request_bytes+=len(data)
                                                   ^^^^
AssertionError
Unhandled exception in client_connected_cb
transport: <asyncio.sslproto._SSLProtocolTransport object at 0x102a996d0>
Traceback (most recent call last):
  File "/Users/divyanshgolyan/.codex/worktrees/4511/onepage/research/transport-memory/asymmetric_server.py", line 39, in accept
    data=await reader.read(min(left,16384));assert data;hasher.update(data);left-=len(data);request_bytes+=len(data)
                                                   ^^^^
AssertionError
Unhandled exception in client_connected_cb
transport: <asyncio.sslproto._SSLProtocolTransport object at 0x102a99640>
Traceback (most recent call last):
  File "/Users/divyanshgolyan/.codex/worktrees/4511/onepage/research/transport-memory/asymmetric_server.py", line 39, in accept
    data=await reader.read(min(left,16384));assert data;hasher.update(data);left-=len(data);request_bytes+=len(data)
                                                   ^^^^
AssertionError
Unhandled exception in client_connected_cb
transport: <asyncio.sslproto._SSLProtocolTransport object at 0x102a995b0>
Traceback (most recent call last):
  File "/Users/divyanshgolyan/.codex/worktrees/4511/onepage/research/transport-memory/asymmetric_server.py", line 39, in accept
    data=await reader.read(min(left,16384));assert data;hasher.update(data);left-=len(data);request_bytes+=len(data)
                                                   ^^^^
AssertionError
Unhandled exception in client_connected_cb
transport: <asyncio.sslproto._SSLProtocolTransport object at 0x102a99520>
Traceback (most recent call last):
  File "/Users/divyanshgolyan/.codex/worktrees/4511/onepage/research/transport-memory/asymmetric_server.py", line 39, in accept
    data=await reader.read(min(left,16384));assert data;hasher.update(data);left-=len(data);request_bytes+=len(data)
                                                   ^^^^
AssertionError
Unhandled exception in client_connected_cb
transport: <asyncio.sslproto._SSLProtocolTransport object at 0x102a99490>
Traceback (most recent call last):
  File "/Users/divyanshgolyan/.codex/worktrees/4511/onepage/research/transport-memory/asymmetric_server.py", line 39, in accept
    data=await reader.read(min(left,16384));assert data;hasher.update(data);left-=len(data);request_bytes+=len(data)
                                                   ^^^^
AssertionError
Unhandled exception in client_connected_cb
transport: <asyncio.sslproto._SSLProtocolTransport object at 0x102a99400>
Traceback (most recent call last):
  File "/Users/divyanshgolyan/.codex/worktrees/4511/onepage/research/transport-memory/asymmetric_server.py", line 39, in accept
    data=await reader.read(min(left,16384));assert data;hasher.update(data);left-=len(data);request_bytes+=len(data)
                                                   ^^^^
AssertionError
Unhandled exception in client_connected_cb
transport: <asyncio.sslproto._SSLProtocolTransport object at 0x102a99370>
Traceback (most recent call last):
  File "/Users/divyanshgolyan/.codex/worktrees/4511/onepage/research/transport-memory/asymmetric_server.py", line 39, in accept
    data=await reader.read(min(left,16384));assert data;hasher.update(data);left-=len(data);request_bytes+=len(data)
                                                   ^^^^
AssertionError
Unhandled exception in client_connected_cb
transport: <asyncio.sslproto._SSLProtocolTransport object at 0x102a992e0>
Traceback (most recent call last):
  File "/Users/divyanshgolyan/.codex/worktrees/4511/onepage/research/transport-memory/asymmetric_server.py", line 39, in accept
    data=await reader.read(min(left,16384));assert data;hasher.update(data);left-=len(data);request_bytes+=len(data)
                                                   ^^^^
AssertionError
Unhandled exception in client_connected_cb
transport: <asyncio.sslproto._SSLProtocolTransport object at 0x102a99250>
Traceback (most recent call last):
  File "/Users/divyanshgolyan/.codex/worktrees/4511/onepage/research/transport-memory/asymmetric_server.py", line 39, in accept
    data=await reader.read(min(left,16384));assert data;hasher.update(data);left-=len(data);request_bytes+=len(data)
                                                   ^^^^
AssertionError
Unhandled exception in client_connected_cb
transport: <asyncio.sslproto._SSLProtocolTransport object at 0x102a991c0>
Traceback (most recent call last):
  File "/Users/divyanshgolyan/.codex/worktrees/4511/onepage/research/transport-memory/asymmetric_server.py", line 39, in accept
    data=await reader.read(min(left,16384));assert data;hasher.update(data);left-=len(data);request_bytes+=len(data)
                                                   ^^^^
AssertionError
Unhandled exception in client_connected_cb
transport: <asyncio.sslproto._SSLProtocolTransport object at 0x102a99130>
Traceback (most recent call last):
  File "/Users/divyanshgolyan/.codex/worktrees/4511/onepage/research/transport-memory/asymmetric_server.py", line 39, in accept
    data=await reader.read(min(left,16384));assert data;hasher.update(data);left-=len(data);request_bytes+=len(data)
                                                   ^^^^
AssertionError
Unhandled exception in client_connected_cb
transport: <asyncio.sslproto._SSLProtocolTransport object at 0x102a990a0>
Traceback (most recent call last):
  File "/Users/divyanshgolyan/.codex/worktrees/4511/onepage/research/transport-memory/asymmetric_server.py", line 39, in accept
    data=await reader.read(min(left,16384));assert data;hasher.update(data);left-=len(data);request_bytes+=len(data)
                                                   ^^^^
AssertionError
Unhandled exception in client_connected_cb
transport: <asyncio.sslproto._SSLProtocolTransport object at 0x102a99010>
Traceback (most recent call last):
  File "/Users/divyanshgolyan/.codex/worktrees/4511/onepage/research/transport-memory/asymmetric_server.py", line 39, in accept
    data=await reader.read(min(left,16384));assert data;hasher.update(data);left-=len(data);request_bytes+=len(data)
                                                   ^^^^
AssertionError
Unhandled exception in client_connected_cb
transport: <asyncio.sslproto._SSLProtocolTransport object at 0x102a98f80>
Traceback (most recent call last):
  File "/Users/divyanshgolyan/.codex/worktrees/4511/onepage/research/transport-memory/asymmetric_server.py", line 39, in accept
    data=await reader.read(min(left,16384));assert data;hasher.update(data);left-=len(data);request_bytes+=len(data)
                                                   ^^^^
AssertionError
Unhandled exception in client_connected_cb
transport: <asyncio.sslproto._SSLProtocolTransport object at 0x102a98ef0>
Traceback (most recent call last):
  File "/Users/divyanshgolyan/.codex/worktrees/4511/onepage/research/transport-memory/asymmetric_server.py", line 39, in accept
    data=await reader.read(min(left,16384));assert data;hasher.update(data);left-=len(data);request_bytes+=len(data)
                                                   ^^^^
AssertionError
Unhandled exception in client_connected_cb
transport: <asyncio.sslproto._SSLProtocolTransport object at 0x102a98e60>
Traceback (most recent call last):
  File "/Users/divyanshgolyan/.codex/worktrees/4511/onepage/research/transport-memory/asymmetric_server.py", line 39, in accept
    data=await reader.read(min(left,16384));assert data;hasher.update(data);left-=len(data);request_bytes+=len(data)
                                                   ^^^^
AssertionError
Unhandled exception in client_connected_cb
transport: <asyncio.sslproto._SSLProtocolTransport object at 0x102a98dd0>
Traceback (most recent call last):
  File "/Users/divyanshgolyan/.codex/worktrees/4511/onepage/research/transport-memory/asymmetric_server.py", line 39, in accept
    data=await reader.read(min(left,16384));assert data;hasher.update(data);left-=len(data);request_bytes+=len(data)
                                                   ^^^^
AssertionError
Unhandled exception in client_connected_cb
transport: <asyncio.sslproto._SSLProtocolTransport object at 0x102a98d40>
Traceback (most recent call last):
  File "/Users/divyanshgolyan/.codex/worktrees/4511/onepage/research/transport-memory/asymmetric_server.py", line 39, in accept
    data=await reader.read(min(left,16384));assert data;hasher.update(data);left-=len(data);request_bytes+=len(data)
                                                   ^^^^
AssertionError
Unhandled exception in client_connected_cb
transport: <asyncio.sslproto._SSLProtocolTransport object at 0x102a98cb0>
Traceback (most recent call last):
  File "/Users/divyanshgolyan/.codex/worktrees/4511/onepage/research/transport-memory/asymmetric_server.py", line 39, in accept
    data=await reader.read(min(left,16384));assert data;hasher.update(data);left-=len(data);request_bytes+=len(data)
                                                   ^^^^
AssertionError
Unhandled exception in client_connected_cb
transport: <asyncio.sslproto._SSLProtocolTransport object at 0x102a98c20>
Traceback (most recent call last):
  File "/Users/divyanshgolyan/.codex/worktrees/4511/onepage/research/transport-memory/asymmetric_server.py", line 39, in accept
    data=await reader.read(min(left,16384));assert data;hasher.update(data);left-=len(data);request_bytes+=len(data)
                                                   ^^^^
AssertionError
Unhandled exception in client_connected_cb
transport: <asyncio.sslproto._SSLProtocolTransport object at 0x102a98b90>
Traceback (most recent call last):
  File "/Users/divyanshgolyan/.codex/worktrees/4511/onepage/research/transport-memory/asymmetric_server.py", line 39, in accept
    data=await reader.read(min(left,16384));assert data;hasher.update(data);left-=len(data);request_bytes+=len(data)
                                                   ^^^^
AssertionError
Unhandled exception in client_connected_cb
transport: <asyncio.sslproto._SSLProtocolTransport object at 0x102a98b00>
Traceback (most recent call last):
  File "/Users/divyanshgolyan/.codex/worktrees/4511/onepage/research/transport-memory/asymmetric_server.py", line 39, in accept
    data=await reader.read(min(left,16384));assert data;hasher.update(data);left-=len(data);request_bytes+=len(data)
                                                   ^^^^
AssertionError
Unhandled exception in client_connected_cb
transport: <asyncio.sslproto._SSLProtocolTransport object at 0x102a98a70>
Traceback (most recent call last):
  File "/Users/divyanshgolyan/.codex/worktrees/4511/onepage/research/transport-memory/asymmetric_server.py", line 39, in accept
    data=await reader.read(min(left,16384));assert data;hasher.update(data);left-=len(data);request_bytes+=len(data)
                                                   ^^^^
AssertionError
Unhandled exception in client_connected_cb
transport: <asyncio.sslproto._SSLProtocolTransport object at 0x102a989e0>
Traceback (most recent call last):
  File "/Users/divyanshgolyan/.codex/worktrees/4511/onepage/research/transport-memory/asymmetric_server.py", line 39, in accept
    data=await reader.read(min(left,16384));assert data;hasher.update(data);left-=len(data);request_bytes+=len(data)
                                                   ^^^^
AssertionError
Unhandled exception in client_connected_cb
transport: <asyncio.sslproto._SSLProtocolTransport object at 0x102a98950>
Traceback (most recent call last):
  File "/Users/divyanshgolyan/.codex/worktrees/4511/onepage/research/transport-memory/asymmetric_server.py", line 39, in accept
    data=await reader.read(min(left,16384));assert data;hasher.update(data);left-=len(data);request_bytes+=len(data)
                                                   ^^^^
AssertionError
Unhandled exception in client_connected_cb
transport: <asyncio.sslproto._SSLProtocolTransport object at 0x102a988c0>
Traceback (most recent call last):
  File "/Users/divyanshgolyan/.codex/worktrees/4511/onepage/research/transport-memory/asymmetric_server.py", line 39, in accept
    data=await reader.read(min(left,16384));assert data;hasher.update(data);left-=len(data);request_bytes+=len(data)
                                                   ^^^^
AssertionError
Unhandled exception in client_connected_cb
transport: <asyncio.sslproto._SSLProtocolTransport object at 0x102a98830>
Traceback (most recent call last):
  File "/Users/divyanshgolyan/.codex/worktrees/4511/onepage/research/transport-memory/asymmetric_server.py", line 39, in accept
    data=await reader.read(min(left,16384));assert data;hasher.update(data);left-=len(data);request_bytes+=len(data)
                                                   ^^^^
AssertionError
Unhandled exception in client_connected_cb
transport: <asyncio.sslproto._SSLProtocolTransport object at 0x102a987a0>
Traceback (most recent call last):
  File "/Users/divyanshgolyan/.codex/worktrees/4511/onepage/research/transport-memory/asymmetric_server.py", line 39, in accept
    data=await reader.read(min(left,16384));assert data;hasher.update(data);left-=len(data);request_bytes+=len(data)
                                                   ^^^^
AssertionError
Unhandled exception in client_connected_cb
transport: <asyncio.sslproto._SSLProtocolTransport object at 0x102a98710>
Traceback (most recent call last):
  File "/Users/divyanshgolyan/.codex/worktrees/4511/onepage/research/transport-memory/asymmetric_server.py", line 39, in accept
    data=await reader.read(min(left,16384));assert data;hasher.update(data);left-=len(data);request_bytes+=len(data)
                                                   ^^^^
AssertionError
Unhandled exception in client_connected_cb
transport: <asyncio.sslproto._SSLProtocolTransport object at 0x102a98680>
Traceback (most recent call last):
  File "/Users/divyanshgolyan/.codex/worktrees/4511/onepage/research/transport-memory/asymmetric_server.py", line 39, in accept
    data=await reader.read(min(left,16384));assert data;hasher.update(data);left-=len(data);request_bytes+=len(data)
                                                   ^^^^
AssertionError
Unhandled exception in client_connected_cb
transport: <asyncio.sslproto._SSLProtocolTransport object at 0x102a985f0>
Traceback (most recent call last):
  File "/Users/divyanshgolyan/.codex/worktrees/4511/onepage/research/transport-memory/asymmetric_server.py", line 39, in accept
    data=await reader.read(min(left,16384));assert data;hasher.update(data);left-=len(data);request_bytes+=len(data)
                                                   ^^^^
AssertionError
Unhandled exception in client_connected_cb
transport: <asyncio.sslproto._SSLProtocolTransport object at 0x102a98560>
Traceback (most recent call last):
  File "/Users/divyanshgolyan/.codex/worktrees/4511/onepage/research/transport-memory/asymmetric_server.py", line 39, in accept
    data=await reader.read(min(left,16384));assert data;hasher.update(data);left-=len(data);request_bytes+=len(data)
                                                   ^^^^
AssertionError
Unhandled exception in client_connected_cb
transport: <asyncio.sslproto._SSLProtocolTransport object at 0x102a984d0>
Traceback (most recent call last):
  File "/Users/divyanshgolyan/.codex/worktrees/4511/onepage/research/transport-memory/asymmetric_server.py", line 39, in accept
    data=await reader.read(min(left,16384));assert data;hasher.update(data);left-=len(data);request_bytes+=len(data)
                                                   ^^^^
AssertionError
Unhandled exception in client_connected_cb
transport: <asyncio.sslproto._SSLProtocolTransport object at 0x102a98440>
Traceback (most recent call last):
  File "/Users/divyanshgolyan/.codex/worktrees/4511/onepage/research/transport-memory/asymmetric_server.py", line 39, in accept
    data=await reader.read(min(left,16384));assert data;hasher.update(data);left-=len(data);request_bytes+=len(data)
                                                   ^^^^
AssertionError
Unhandled exception in client_connected_cb
transport: <asyncio.sslproto._SSLProtocolTransport object at 0x102a983b0>
Traceback (most recent call last):
  File "/Users/divyanshgolyan/.codex/worktrees/4511/onepage/research/transport-memory/asymmetric_server.py", line 39, in accept
    data=await reader.read(min(left,16384));assert data;hasher.update(data);left-=len(data);request_bytes+=len(data)
                                                   ^^^^
AssertionError
Unhandled exception in client_connected_cb
transport: <asyncio.sslproto._SSLProtocolTransport object at 0x102a98320>
Traceback (most recent call last):
  File "/Users/divyanshgolyan/.codex/worktrees/4511/onepage/research/transport-memory/asymmetric_server.py", line 39, in accept
    data=await reader.read(min(left,16384));assert data;hasher.update(data);left-=len(data);request_bytes+=len(data)
                                                   ^^^^
AssertionError
Unhandled exception in client_connected_cb
transport: <asyncio.sslproto._SSLProtocolTransport object at 0x102a98290>
Traceback (most recent call last):
  File "/Users/divyanshgolyan/.codex/worktrees/4511/onepage/research/transport-memory/asymmetric_server.py", line 39, in accept
    data=await reader.read(min(left,16384));assert data;hasher.update(data);left-=len(data);request_bytes+=len(data)
                                                   ^^^^
AssertionError
Unhandled exception in client_connected_cb
transport: <asyncio.sslproto._SSLProtocolTransport object at 0x102a98200>
Traceback (most recent call last):
  File "/Users/divyanshgolyan/.codex/worktrees/4511/onepage/research/transport-memory/asymmetric_server.py", line 39, in accept
    data=await reader.read(min(left,16384));assert data;hasher.update(data);left-=len(data);request_bytes+=len(data)
                                                   ^^^^
AssertionError
Unhandled exception in client_connected_cb
transport: <asyncio.sslproto._SSLProtocolTransport object at 0x102a98170>
Traceback (most recent call last):
  File "/Users/divyanshgolyan/.codex/worktrees/4511/onepage/research/transport-memory/asymmetric_server.py", line 39, in accept
    data=await reader.read(min(left,16384));assert data;hasher.update(data);left-=len(data);request_bytes+=len(data)
                                                   ^^^^
AssertionError
Unhandled exception in client_connected_cb
transport: <asyncio.sslproto._SSLProtocolTransport object at 0x102a980e0>
Traceback (most recent call last):
  File "/Users/divyanshgolyan/.codex/worktrees/4511/onepage/research/transport-memory/asymmetric_server.py", line 39, in accept
    data=await reader.read(min(left,16384));assert data;hasher.update(data);left-=len(data);request_bytes+=len(data)
                                                   ^^^^
AssertionError
Unhandled exception in client_connected_cb
transport: <asyncio.sslproto._SSLProtocolTransport object at 0x102a98050>
Traceback (most recent call last):
  File "/Users/divyanshgolyan/.codex/worktrees/4511/onepage/research/transport-memory/asymmetric_server.py", line 39, in accept
    data=await reader.read(min(left,16384));assert data;hasher.update(data);left-=len(data);request_bytes+=len(data)
                                                   ^^^^
AssertionError
Unhandled exception in client_connected_cb
transport: <asyncio.sslproto._SSLProtocolTransport object at 0x1028f3f50>
Traceback (most recent call last):
  File "/Users/divyanshgolyan/.codex/worktrees/4511/onepage/research/transport-memory/asymmetric_server.py", line 39, in accept
    data=await reader.read(min(left,16384));assert data;hasher.update(data);left-=len(data);request_bytes+=len(data)
                                                   ^^^^
AssertionError
Unhandled exception in client_connected_cb
transport: <asyncio.sslproto._SSLProtocolTransport object at 0x1028f3ec0>
Traceback (most recent call last):
  File "/Users/divyanshgolyan/.codex/worktrees/4511/onepage/research/transport-memory/asymmetric_server.py", line 39, in accept
    data=await reader.read(min(left,16384));assert data;hasher.update(data);left-=len(data);request_bytes+=len(data)
                                                   ^^^^
AssertionError
Unhandled exception in client_connected_cb
transport: <asyncio.sslproto._SSLProtocolTransport object at 0x1028f3e30>
Traceback (most recent call last):
  File "/Users/divyanshgolyan/.codex/worktrees/4511/onepage/research/transport-memory/asymmetric_server.py", line 39, in accept
    data=await reader.read(min(left,16384));assert data;hasher.update(data);left-=len(data);request_bytes+=len(data)
                                                   ^^^^
AssertionError
Unhandled exception in client_connected_cb
transport: <asyncio.sslproto._SSLProtocolTransport object at 0x1028f3da0>
Traceback (most recent call last):
  File "/Users/divyanshgolyan/.codex/worktrees/4511/onepage/research/transport-memory/asymmetric_server.py", line 39, in accept
    data=await reader.read(min(left,16384));assert data;hasher.update(data);left-=len(data);request_bytes+=len(data)
                                                   ^^^^
AssertionError
Unhandled exception in client_connected_cb
transport: <asyncio.sslproto._SSLProtocolTransport object at 0x1028f3d10>
Traceback (most recent call last):
  File "/Users/divyanshgolyan/.codex/worktrees/4511/onepage/research/transport-memory/asymmetric_server.py", line 39, in accept
    data=await reader.read(min(left,16384));assert data;hasher.update(data);left-=len(data);request_bytes+=len(data)
                                                   ^^^^
AssertionError
Unhandled exception in client_connected_cb
transport: <asyncio.sslproto._SSLProtocolTransport object at 0x1028f3c80>
Traceback (most recent call last):
  File "/Users/divyanshgolyan/.codex/worktrees/4511/onepage/research/transport-memory/asymmetric_server.py", line 39, in accept
    data=await reader.read(min(left,16384));assert data;hasher.update(data);left-=len(data);request_bytes+=len(data)
                                                   ^^^^
AssertionError
Unhandled exception in client_connected_cb
transport: <asyncio.sslproto._SSLProtocolTransport object at 0x1028f3bf0>
Traceback (most recent call last):
  File "/Users/divyanshgolyan/.codex/worktrees/4511/onepage/research/transport-memory/asymmetric_server.py", line 39, in accept
    data=await reader.read(min(left,16384));assert data;hasher.update(data);left-=len(data);request_bytes+=len(data)
                                                   ^^^^
AssertionError
Unhandled exception in client_connected_cb
transport: <asyncio.sslproto._SSLProtocolTransport object at 0x1028f3b60>
Traceback (most recent call last):
  File "/Users/divyanshgolyan/.codex/worktrees/4511/onepage/research/transport-memory/asymmetric_server.py", line 39, in accept
    data=await reader.read(min(left,16384));assert data;hasher.update(data);left-=len(data);request_bytes+=len(data)
                                                   ^^^^
AssertionError
Unhandled exception in client_connected_cb
transport: <asyncio.sslproto._SSLProtocolTransport object at 0x1028f3ad0>
Traceback (most recent call last):
  File "/Users/divyanshgolyan/.codex/worktrees/4511/onepage/research/transport-memory/asymmetric_server.py", line 39, in accept
    data=await reader.read(min(left,16384));assert data;hasher.update(data);left-=len(data);request_bytes+=len(data)
                                                   ^^^^
AssertionError
Unhandled exception in client_connected_cb
transport: <asyncio.sslproto._SSLProtocolTransport object at 0x1028f3a40>
Traceback (most recent call last):
  File "/Users/divyanshgolyan/.codex/worktrees/4511/onepage/research/transport-memory/asymmetric_server.py", line 39, in accept
    data=await reader.read(min(left,16384));assert data;hasher.update(data);left-=len(data);request_bytes+=len(data)
                                                   ^^^^
AssertionError
Unhandled exception in client_connected_cb
transport: <asyncio.sslproto._SSLProtocolTransport object at 0x1028f39b0>
Traceback (most recent call last):
  File "/Users/divyanshgolyan/.codex/worktrees/4511/onepage/research/transport-memory/asymmetric_server.py", line 39, in accept
    data=await reader.read(min(left,16384));assert data;hasher.update(data);left-=len(data);request_bytes+=len(data)
                                                   ^^^^
AssertionError
Unhandled exception in client_connected_cb
transport: <asyncio.sslproto._SSLProtocolTransport object at 0x1028f3920>
Traceback (most recent call last):
  File "/Users/divyanshgolyan/.codex/worktrees/4511/onepage/research/transport-memory/asymmetric_server.py", line 39, in accept
    data=await reader.read(min(left,16384));assert data;hasher.update(data);left-=len(data);request_bytes+=len(data)
                                                   ^^^^
AssertionError
Unhandled exception in client_connected_cb
transport: <asyncio.sslproto._SSLProtocolTransport object at 0x1028f3890>
Traceback (most recent call last):
  File "/Users/divyanshgolyan/.codex/worktrees/4511/onepage/research/transport-memory/asymmetric_server.py", line 39, in accept
    data=await reader.read(min(left,16384));assert data;hasher.update(data);left-=len(data);request_bytes+=len(data)
                                                   ^^^^
AssertionError
Unhandled exception in client_connected_cb
transport: <asyncio.sslproto._SSLProtocolTransport object at 0x1028f3800>
Traceback (most recent call last):
  File "/Users/divyanshgolyan/.codex/worktrees/4511/onepage/research/transport-memory/asymmetric_server.py", line 39, in accept
    data=await reader.read(min(left,16384));assert data;hasher.update(data);left-=len(data);request_bytes+=len(data)
                                                   ^^^^
AssertionError
Unhandled exception in client_connected_cb
transport: <asyncio.sslproto._SSLProtocolTransport object at 0x1028f3770>
Traceback (most recent call last):
  File "/Users/divyanshgolyan/.codex/worktrees/4511/onepage/research/transport-memory/asymmetric_server.py", line 39, in accept
    data=await reader.read(min(left,16384));assert data;hasher.update(data);left-=len(data);request_bytes+=len(data)
                                                   ^^^^
AssertionError
Unhandled exception in client_connected_cb
transport: <asyncio.sslproto._SSLProtocolTransport object at 0x1028f36e0>
Traceback (most recent call last):
  File "/Users/divyanshgolyan/.codex/worktrees/4511/onepage/research/transport-memory/asymmetric_server.py", line 39, in accept
    data=await reader.read(min(left,16384));assert data;hasher.update(data);left-=len(data);request_bytes+=len(data)
                                                   ^^^^
AssertionError
Unhandled exception in client_connected_cb
transport: <asyncio.sslproto._SSLProtocolTransport object at 0x1028f3650>
Traceback (most recent call last):
  File "/Users/divyanshgolyan/.codex/worktrees/4511/onepage/research/transport-memory/asymmetric_server.py", line 39, in accept
    data=await reader.read(min(left,16384));assert data;hasher.update(data);left-=len(data);request_bytes+=len(data)
                                                   ^^^^
AssertionError
Unhandled exception in client_connected_cb
transport: <asyncio.sslproto._SSLProtocolTransport object at 0x1028f35c0>
Traceback (most recent call last):
  File "/Users/divyanshgolyan/.codex/worktrees/4511/onepage/research/transport-memory/asymmetric_server.py", line 39, in accept
    data=await reader.read(min(left,16384));assert data;hasher.update(data);left-=len(data);request_bytes+=len(data)
                                                   ^^^^
AssertionError
Unhandled exception in client_connected_cb
transport: <asyncio.sslproto._SSLProtocolTransport object at 0x1028f3530>
Traceback (most recent call last):
  File "/Users/divyanshgolyan/.codex/worktrees/4511/onepage/research/transport-memory/asymmetric_server.py", line 39, in accept
    data=await reader.read(min(left,16384));assert data;hasher.update(data);left-=len(data);request_bytes+=len(data)
                                                   ^^^^
AssertionError
Unhandled exception in client_connected_cb
transport: <asyncio.sslproto._SSLProtocolTransport object at 0x1028f34a0>
Traceback (most recent call last):
  File "/Users/divyanshgolyan/.codex/worktrees/4511/onepage/research/transport-memory/asymmetric_server.py", line 39, in accept
    data=await reader.read(min(left,16384));assert data;hasher.update(data);left-=len(data);request_bytes+=len(data)
                                                   ^^^^
AssertionError
Unhandled exception in client_connected_cb
transport: <asyncio.sslproto._SSLProtocolTransport object at 0x1028f3410>
Traceback (most recent call last):
  File "/Users/divyanshgolyan/.codex/worktrees/4511/onepage/research/transport-memory/asymmetric_server.py", line 39, in accept
    data=await reader.read(min(left,16384));assert data;hasher.update(data);left-=len(data);request_bytes+=len(data)
                                                   ^^^^
AssertionError
Unhandled exception in client_connected_cb
transport: <asyncio.sslproto._SSLProtocolTransport object at 0x1028f3380>
Traceback (most recent call last):
  File "/Users/divyanshgolyan/.codex/worktrees/4511/onepage/research/transport-memory/asymmetric_server.py", line 39, in accept
    data=await reader.read(min(left,16384));assert data;hasher.update(data);left-=len(data);request_bytes+=len(data)
                                                   ^^^^
AssertionError
Unhandled exception in client_connected_cb
transport: <asyncio.sslproto._SSLProtocolTransport object at 0x1028f32f0>
Traceback (most recent call last):
  File "/Users/divyanshgolyan/.codex/worktrees/4511/onepage/research/transport-memory/asymmetric_server.py", line 39, in accept
    data=await reader.read(min(left,16384));assert data;hasher.update(data);left-=len(data);request_bytes+=len(data)
                                                   ^^^^
AssertionError
Unhandled exception in client_connected_cb
transport: <asyncio.sslproto._SSLProtocolTransport object at 0x1028f3260>
Traceback (most recent call last):
  File "/Users/divyanshgolyan/.codex/worktrees/4511/onepage/research/transport-memory/asymmetric_server.py", line 39, in accept
    data=await reader.read(min(left,16384));assert data;hasher.update(data);left-=len(data);request_bytes+=len(data)
                                                   ^^^^
AssertionError
Unhandled exception in client_connected_cb
transport: <asyncio.sslproto._SSLProtocolTransport object at 0x1028f31d0>
Traceback (most recent call last):
  File "/Users/divyanshgolyan/.codex/worktrees/4511/onepage/research/transport-memory/asymmetric_server.py", line 39, in accept
    data=await reader.read(min(left,16384));assert data;hasher.update(data);left-=len(data);request_bytes+=len(data)
                                                   ^^^^
AssertionError
Unhandled exception in client_connected_cb
transport: <asyncio.sslproto._SSLProtocolTransport object at 0x1028f3140>
Traceback (most recent call last):
  File "/Users/divyanshgolyan/.codex/worktrees/4511/onepage/research/transport-memory/asymmetric_server.py", line 39, in accept
    data=await reader.read(min(left,16384));assert data;hasher.update(data);left-=len(data);request_bytes+=len(data)
                                                   ^^^^
AssertionError
Unhandled exception in client_connected_cb
transport: <asyncio.sslproto._SSLProtocolTransport object at 0x1028f30b0>
Traceback (most recent call last):
  File "/Users/divyanshgolyan/.codex/worktrees/4511/onepage/research/transport-memory/asymmetric_server.py", line 39, in accept
    data=await reader.read(min(left,16384));assert data;hasher.update(data);left-=len(data);request_bytes+=len(data)
                                                   ^^^^
AssertionError
Unhandled exception in client_connected_cb
transport: <asyncio.sslproto._SSLProtocolTransport object at 0x1028f3020>
Traceback (most recent call last):
  File "/Users/divyanshgolyan/.codex/worktrees/4511/onepage/research/transport-memory/asymmetric_server.py", line 39, in accept
    data=await reader.read(min(left,16384));assert data;hasher.update(data);left-=len(data);request_bytes+=len(data)
                                                   ^^^^
AssertionError
Unhandled exception in client_connected_cb
transport: <asyncio.sslproto._SSLProtocolTransport object at 0x1028f2f90>
Traceback (most recent call last):
  File "/Users/divyanshgolyan/.codex/worktrees/4511/onepage/research/transport-memory/asymmetric_server.py", line 39, in accept
    data=await reader.read(min(left,16384));assert data;hasher.update(data);left-=len(data);request_bytes+=len(data)
                                                   ^^^^
AssertionError
Unhandled exception in client_connected_cb
transport: <asyncio.sslproto._SSLProtocolTransport object at 0x1028f2f00>
Traceback (most recent call last):
  File "/Users/divyanshgolyan/.codex/worktrees/4511/onepage/research/transport-memory/asymmetric_server.py", line 39, in accept
    data=await reader.read(min(left,16384));assert data;hasher.update(data);left-=len(data);request_bytes+=len(data)
                                                   ^^^^
AssertionError
Unhandled exception in client_connected_cb
transport: <asyncio.sslproto._SSLProtocolTransport object at 0x1028f2e70>
Traceback (most recent call last):
  File "/Users/divyanshgolyan/.codex/worktrees/4511/onepage/research/transport-memory/asymmetric_server.py", line 39, in accept
    data=await reader.read(min(left,16384));assert data;hasher.update(data);left-=len(data);request_bytes+=len(data)
                                                   ^^^^
AssertionError
Unhandled exception in client_connected_cb
transport: <asyncio.sslproto._SSLProtocolTransport object at 0x1028f2de0>
Traceback (most recent call last):
  File "/Users/divyanshgolyan/.codex/worktrees/4511/onepage/research/transport-memory/asymmetric_server.py", line 39, in accept
    data=await reader.read(min(left,16384));assert data;hasher.update(data);left-=len(data);request_bytes+=len(data)
                                                   ^^^^
AssertionError
Unhandled exception in client_connected_cb
transport: <asyncio.sslproto._SSLProtocolTransport object at 0x1028f2d50>
Traceback (most recent call last):
  File "/Users/divyanshgolyan/.codex/worktrees/4511/onepage/research/transport-memory/asymmetric_server.py", line 39, in accept
    data=await reader.read(min(left,16384));assert data;hasher.update(data);left-=len(data);request_bytes+=len(data)
                                                   ^^^^
AssertionError
Unhandled exception in client_connected_cb
transport: <asyncio.sslproto._SSLProtocolTransport object at 0x1028f2cc0>
Traceback (most recent call last):
  File "/Users/divyanshgolyan/.codex/worktrees/4511/onepage/research/transport-memory/asymmetric_server.py", line 39, in accept
    data=await reader.read(min(left,16384));assert data;hasher.update(data);left-=len(data);request_bytes+=len(data)
                                                   ^^^^
AssertionError
Unhandled exception in client_connected_cb
transport: <asyncio.sslproto._SSLProtocolTransport object at 0x1028f2c30>
Traceback (most recent call last):
  File "/Users/divyanshgolyan/.codex/worktrees/4511/onepage/research/transport-memory/asymmetric_server.py", line 39, in accept
    data=await reader.read(min(left,16384));assert data;hasher.update(data);left-=len(data);request_bytes+=len(data)
                                                   ^^^^
AssertionError
Unhandled exception in client_connected_cb
transport: <asyncio.sslproto._SSLProtocolTransport object at 0x1028f2ba0>
Traceback (most recent call last):
  File "/Users/divyanshgolyan/.codex/worktrees/4511/onepage/research/transport-memory/asymmetric_server.py", line 39, in accept
    data=await reader.read(min(left,16384));assert data;hasher.update(data);left-=len(data);request_bytes+=len(data)
                                                   ^^^^
AssertionError
Unhandled exception in client_connected_cb
transport: <asyncio.sslproto._SSLProtocolTransport object at 0x1028f2b10>
Traceback (most recent call last):
  File "/Users/divyanshgolyan/.codex/worktrees/4511/onepage/research/transport-memory/asymmetric_server.py", line 39, in accept
    data=await reader.read(min(left,16384));assert data;hasher.update(data);left-=len(data);request_bytes+=len(data)
                                                   ^^^^
AssertionError
Unhandled exception in client_connected_cb
transport: <asyncio.sslproto._SSLProtocolTransport object at 0x1028f2a80>
Traceback (most recent call last):
  File "/Users/divyanshgolyan/.codex/worktrees/4511/onepage/research/transport-memory/asymmetric_server.py", line 39, in accept
    data=await reader.read(min(left,16384));assert data;hasher.update(data);left-=len(data);request_bytes+=len(data)
                                                   ^^^^
AssertionError
Unhandled exception in client_connected_cb
transport: <asyncio.sslproto._SSLProtocolTransport object at 0x1028f29f0>
Traceback (most recent call last):
  File "/Users/divyanshgolyan/.codex/worktrees/4511/onepage/research/transport-memory/asymmetric_server.py", line 39, in accept
    data=await reader.read(min(left,16384));assert data;hasher.update(data);left-=len(data);request_bytes+=len(data)
                                                   ^^^^
AssertionError
Unhandled exception in client_connected_cb
transport: <asyncio.sslproto._SSLProtocolTransport object at 0x1028f2960>
Traceback (most recent call last):
  File "/Users/divyanshgolyan/.codex/worktrees/4511/onepage/research/transport-memory/asymmetric_server.py", line 39, in accept
    data=await reader.read(min(left,16384));assert data;hasher.update(data);left-=len(data);request_bytes+=len(data)
                                                   ^^^^
AssertionError
Unhandled exception in client_connected_cb
transport: <asyncio.sslproto._SSLProtocolTransport object at 0x1028f28d0>
Traceback (most recent call last):
  File "/Users/divyanshgolyan/.codex/worktrees/4511/onepage/research/transport-memory/asymmetric_server.py", line 39, in accept
    data=await reader.read(min(left,16384));assert data;hasher.update(data);left-=len(data);request_bytes+=len(data)
                                                   ^^^^
AssertionError
Unhandled exception in client_connected_cb
transport: <asyncio.sslproto._SSLProtocolTransport object at 0x1028f2840>
Traceback (most recent call last):
  File "/Users/divyanshgolyan/.codex/worktrees/4511/onepage/research/transport-memory/asymmetric_server.py", line 39, in accept
    data=await reader.read(min(left,16384));assert data;hasher.update(data);left-=len(data);request_bytes+=len(data)
                                                   ^^^^
AssertionError
Unhandled exception in client_connected_cb
transport: <asyncio.sslproto._SSLProtocolTransport object at 0x1028f27b0>
Traceback (most recent call last):
  File "/Users/divyanshgolyan/.codex/worktrees/4511/onepage/research/transport-memory/asymmetric_server.py", line 39, in accept
    data=await reader.read(min(left,16384));assert data;hasher.update(data);left-=len(data);request_bytes+=len(data)
                                                   ^^^^
AssertionError
Unhandled exception in client_connected_cb
transport: <asyncio.sslproto._SSLProtocolTransport object at 0x1028f2720>
Traceback (most recent call last):
  File "/Users/divyanshgolyan/.codex/worktrees/4511/onepage/research/transport-memory/asymmetric_server.py", line 39, in accept
    data=await reader.read(min(left,16384));assert data;hasher.update(data);left-=len(data);request_bytes+=len(data)
                                                   ^^^^
AssertionError
Unhandled exception in client_connected_cb
transport: <asyncio.sslproto._SSLProtocolTransport object at 0x1028f2690>
Traceback (most recent call last):
  File "/Users/divyanshgolyan/.codex/worktrees/4511/onepage/research/transport-memory/asymmetric_server.py", line 39, in accept
    data=await reader.read(min(left,16384));assert data;hasher.update(data);left-=len(data);request_bytes+=len(data)
                                                   ^^^^
AssertionError
Unhandled exception in client_connected_cb
transport: <asyncio.sslproto._SSLProtocolTransport object at 0x1028f2600>
Traceback (most recent call last):
  File "/Users/divyanshgolyan/.codex/worktrees/4511/onepage/research/transport-memory/asymmetric_server.py", line 39, in accept
    data=await reader.read(min(left,16384));assert data;hasher.update(data);left-=len(data);request_bytes+=len(data)
                                                   ^^^^
AssertionError
Unhandled exception in client_connected_cb
transport: <asyncio.sslproto._SSLProtocolTransport object at 0x1028f2570>
Traceback (most recent call last):
  File "/Users/divyanshgolyan/.codex/worktrees/4511/onepage/research/transport-memory/asymmetric_server.py", line 39, in accept
    data=await reader.read(min(left,16384));assert data;hasher.update(data);left-=len(data);request_bytes+=len(data)
                                                   ^^^^
AssertionError
Unhandled exception in client_connected_cb
transport: <asyncio.sslproto._SSLProtocolTransport object at 0x1028f24e0>
Traceback (most recent call last):
  File "/Users/divyanshgolyan/.codex/worktrees/4511/onepage/research/transport-memory/asymmetric_server.py", line 39, in accept
    data=await reader.read(min(left,16384));assert data;hasher.update(data);left-=len(data);request_bytes+=len(data)
                                                   ^^^^
AssertionError
Unhandled exception in client_connected_cb
transport: <asyncio.sslproto._SSLProtocolTransport object at 0x1028f2450>
Traceback (most recent call last):
  File "/Users/divyanshgolyan/.codex/worktrees/4511/onepage/research/transport-memory/asymmetric_server.py", line 39, in accept
    data=await reader.read(min(left,16384));assert data;hasher.update(data);left-=len(data);request_bytes+=len(data)
                                                   ^^^^
AssertionError
Unhandled exception in client_connected_cb
transport: <asyncio.sslproto._SSLProtocolTransport object at 0x1028f23c0>
Traceback (most recent call last):
  File "/Users/divyanshgolyan/.codex/worktrees/4511/onepage/research/transport-memory/asymmetric_server.py", line 39, in accept
    data=await reader.read(min(left,16384));assert data;hasher.update(data);left-=len(data);request_bytes+=len(data)
                                                   ^^^^
AssertionError
Unhandled exception in client_connected_cb
transport: <asyncio.sslproto._SSLProtocolTransport object at 0x1028f2330>
Traceback (most recent call last):
  File "/Users/divyanshgolyan/.codex/worktrees/4511/onepage/research/transport-memory/asymmetric_server.py", line 39, in accept
    data=await reader.read(min(left,16384));assert data;hasher.update(data);left-=len(data);request_bytes+=len(data)
                                                   ^^^^
AssertionError
Unhandled exception in client_connected_cb
transport: <asyncio.sslproto._SSLProtocolTransport object at 0x1028f22a0>
Traceback (most recent call last):
  File "/Users/divyanshgolyan/.codex/worktrees/4511/onepage/research/transport-memory/asymmetric_server.py", line 39, in accept
    data=await reader.read(min(left,16384));assert data;hasher.update(data);left-=len(data);request_bytes+=len(data)
                                                   ^^^^
AssertionError
Unhandled exception in client_connected_cb
transport: <asyncio.sslproto._SSLProtocolTransport object at 0x1028f2180>
Traceback (most recent call last):
  File "/Users/divyanshgolyan/.codex/worktrees/4511/onepage/research/transport-memory/asymmetric_server.py", line 39, in accept
    data=await reader.read(min(left,16384));assert data;hasher.update(data);left-=len(data);request_bytes+=len(data)
                                                   ^^^^
AssertionError
Unhandled exception in client_connected_cb
transport: <asyncio.sslproto._SSLProtocolTransport object at 0x1028f20f0>
Traceback (most recent call last):
  File "/Users/divyanshgolyan/.codex/worktrees/4511/onepage/research/transport-memory/asymmetric_server.py", line 39, in accept
    data=await reader.read(min(left,16384));assert data;hasher.update(data);left-=len(data);request_bytes+=len(data)
                                                   ^^^^
AssertionError
Unhandled exception in client_connected_cb
transport: <asyncio.sslproto._SSLProtocolTransport object at 0x1028f2060>
Traceback (most recent call last):
  File "/Users/divyanshgolyan/.codex/worktrees/4511/onepage/research/transport-memory/asymmetric_server.py", line 39, in accept
    data=await reader.read(min(left,16384));assert data;hasher.update(data);left-=len(data);request_bytes+=len(data)
                                                   ^^^^
AssertionError
Unhandled exception in client_connected_cb
transport: <asyncio.sslproto._SSLProtocolTransport object at 0x1028f1fd0>
Traceback (most recent call last):
  File "/Users/divyanshgolyan/.codex/worktrees/4511/onepage/research/transport-memory/asymmetric_server.py", line 39, in accept
    data=await reader.read(min(left,16384));assert data;hasher.update(data);left-=len(data);request_bytes+=len(data)
                                                   ^^^^
AssertionError
Unhandled exception in client_connected_cb
transport: <asyncio.sslproto._SSLProtocolTransport object at 0x1028f1f40>
Traceback (most recent call last):
  File "/Users/divyanshgolyan/.codex/worktrees/4511/onepage/research/transport-memory/asymmetric_server.py", line 39, in accept
    data=await reader.read(min(left,16384));assert data;hasher.update(data);left-=len(data);request_bytes+=len(data)
                                                   ^^^^
AssertionError
Unhandled exception in client_connected_cb
transport: <asyncio.sslproto._SSLProtocolTransport object at 0x1028f1eb0>
Traceback (most recent call last):
  File "/Users/divyanshgolyan/.codex/worktrees/4511/onepage/research/transport-memory/asymmetric_server.py", line 39, in accept
    data=await reader.read(min(left,16384));assert data;hasher.update(data);left-=len(data);request_bytes+=len(data)
                                                   ^^^^
AssertionError
Unhandled exception in client_connected_cb
transport: <asyncio.sslproto._SSLProtocolTransport object at 0x1028f1e20>
Traceback (most recent call last):
  File "/Users/divyanshgolyan/.codex/worktrees/4511/onepage/research/transport-memory/asymmetric_server.py", line 39, in accept
    data=await reader.read(min(left,16384));assert data;hasher.update(data);left-=len(data);request_bytes+=len(data)
                                                   ^^^^
AssertionError
Unhandled exception in client_connected_cb
transport: <asyncio.sslproto._SSLProtocolTransport object at 0x1028f1d90>
Traceback (most recent call last):
  File "/Users/divyanshgolyan/.codex/worktrees/4511/onepage/research/transport-memory/asymmetric_server.py", line 39, in accept
    data=await reader.read(min(left,16384));assert data;hasher.update(data);left-=len(data);request_bytes+=len(data)
                                                   ^^^^
AssertionError
Unhandled exception in client_connected_cb
transport: <asyncio.sslproto._SSLProtocolTransport object at 0x1028f1d00>
Traceback (most recent call last):
  File "/Users/divyanshgolyan/.codex/worktrees/4511/onepage/research/transport-memory/asymmetric_server.py", line 39, in accept
    data=await reader.read(min(left,16384));assert data;hasher.update(data);left-=len(data);request_bytes+=len(data)
                                                   ^^^^
AssertionError
Unhandled exception in client_connected_cb
transport: <asyncio.sslproto._SSLProtocolTransport object at 0x1028f1c70>
Traceback (most recent call last):
  File "/Users/divyanshgolyan/.codex/worktrees/4511/onepage/research/transport-memory/asymmetric_server.py", line 39, in accept
    data=await reader.read(min(left,16384));assert data;hasher.update(data);left-=len(data);request_bytes+=len(data)
                                                   ^^^^
AssertionError
Unhandled exception in client_connected_cb
transport: <asyncio.sslproto._SSLProtocolTransport object at 0x1028f1be0>
Traceback (most recent call last):
  File "/Users/divyanshgolyan/.codex/worktrees/4511/onepage/research/transport-memory/asymmetric_server.py", line 39, in accept
    data=await reader.read(min(left,16384));assert data;hasher.update(data);left-=len(data);request_bytes+=len(data)
                                                   ^^^^
AssertionError
Unhandled exception in client_connected_cb
transport: <asyncio.sslproto._SSLProtocolTransport object at 0x1028f1b50>
Traceback (most recent call last):
  File "/Users/divyanshgolyan/.codex/worktrees/4511/onepage/research/transport-memory/asymmetric_server.py", line 39, in accept
    data=await reader.read(min(left,16384));assert data;hasher.update(data);left-=len(data);request_bytes+=len(data)
                                                   ^^^^
AssertionError
Unhandled exception in client_connected_cb
transport: <asyncio.sslproto._SSLProtocolTransport object at 0x1028f1ac0>
Traceback (most recent call last):
  File "/Users/divyanshgolyan/.codex/worktrees/4511/onepage/research/transport-memory/asymmetric_server.py", line 39, in accept
    data=await reader.read(min(left,16384));assert data;hasher.update(data);left-=len(data);request_bytes+=len(data)
                                                   ^^^^
AssertionError
Unhandled exception in client_connected_cb
transport: <asyncio.sslproto._SSLProtocolTransport object at 0x1028f1a30>
Traceback (most recent call last):
  File "/Users/divyanshgolyan/.codex/worktrees/4511/onepage/research/transport-memory/asymmetric_server.py", line 39, in accept
    data=await reader.read(min(left,16384));assert data;hasher.update(data);left-=len(data);request_bytes+=len(data)
                                                   ^^^^
AssertionError
Unhandled exception in client_connected_cb
transport: <asyncio.sslproto._SSLProtocolTransport object at 0x1028f19a0>
Traceback (most recent call last):
  File "/Users/divyanshgolyan/.codex/worktrees/4511/onepage/research/transport-memory/asymmetric_server.py", line 39, in accept
    data=await reader.read(min(left,16384));assert data;hasher.update(data);left-=len(data);request_bytes+=len(data)
                                                   ^^^^
AssertionError
Unhandled exception in client_connected_cb
transport: <asyncio.sslproto._SSLProtocolTransport object at 0x1028f1910>
Traceback (most recent call last):
  File "/Users/divyanshgolyan/.codex/worktrees/4511/onepage/research/transport-memory/asymmetric_server.py", line 39, in accept
    data=await reader.read(min(left,16384));assert data;hasher.update(data);left-=len(data);request_bytes+=len(data)
                                                   ^^^^
AssertionError
Unhandled exception in client_connected_cb
transport: <asyncio.sslproto._SSLProtocolTransport object at 0x1028f1880>
Traceback (most recent call last):
  File "/Users/divyanshgolyan/.codex/worktrees/4511/onepage/research/transport-memory/asymmetric_server.py", line 39, in accept
    data=await reader.read(min(left,16384));assert data;hasher.update(data);left-=len(data);request_bytes+=len(data)
                                                   ^^^^
AssertionError
Unhandled exception in client_connected_cb
transport: <asyncio.sslproto._SSLProtocolTransport object at 0x1028f17f0>
Traceback (most recent call last):
  File "/Users/divyanshgolyan/.codex/worktrees/4511/onepage/research/transport-memory/asymmetric_server.py", line 39, in accept
    data=await reader.read(min(left,16384));assert data;hasher.update(data);left-=len(data);request_bytes+=len(data)
                                                   ^^^^
AssertionError
Unhandled exception in client_connected_cb
transport: <asyncio.sslproto._SSLProtocolTransport object at 0x1028f1760>
Traceback (most recent call last):
  File "/Users/divyanshgolyan/.codex/worktrees/4511/onepage/research/transport-memory/asymmetric_server.py", line 39, in accept
    data=await reader.read(min(left,16384));assert data;hasher.update(data);left-=len(data);request_bytes+=len(data)
                                                   ^^^^
AssertionError
Unhandled exception in client_connected_cb
transport: <asyncio.sslproto._SSLProtocolTransport object at 0x1028f16d0>
Traceback (most recent call last):
  File "/Users/divyanshgolyan/.codex/worktrees/4511/onepage/research/transport-memory/asymmetric_server.py", line 39, in accept
    data=await reader.read(min(left,16384));assert data;hasher.update(data);left-=len(data);request_bytes+=len(data)
                                                   ^^^^
AssertionError
Unhandled exception in client_connected_cb
transport: <asyncio.sslproto._SSLProtocolTransport object at 0x1028f1640>
Traceback (most recent call last):
  File "/Users/divyanshgolyan/.codex/worktrees/4511/onepage/research/transport-memory/asymmetric_server.py", line 39, in accept
    data=await reader.read(min(left,16384));assert data;hasher.update(data);left-=len(data);request_bytes+=len(data)
                                                   ^^^^
AssertionError
Unhandled exception in client_connected_cb
transport: <asyncio.sslproto._SSLProtocolTransport object at 0x1028f15b0>
Traceback (most recent call last):
  File "/Users/divyanshgolyan/.codex/worktrees/4511/onepage/research/transport-memory/asymmetric_server.py", line 39, in accept
    data=await reader.read(min(left,16384));assert data;hasher.update(data);left-=len(data);request_bytes+=len(data)
                                                   ^^^^
AssertionError
Unhandled exception in client_connected_cb
transport: <asyncio.sslproto._SSLProtocolTransport object at 0x1028f1520>
Traceback (most recent call last):
  File "/Users/divyanshgolyan/.codex/worktrees/4511/onepage/research/transport-memory/asymmetric_server.py", line 39, in accept
    data=await reader.read(min(left,16384));assert data;hasher.update(data);left-=len(data);request_bytes+=len(data)
                                                   ^^^^
AssertionError
Unhandled exception in client_connected_cb
transport: <asyncio.sslproto._SSLProtocolTransport object at 0x1028f1490>
Traceback (most recent call last):
  File "/Users/divyanshgolyan/.codex/worktrees/4511/onepage/research/transport-memory/asymmetric_server.py", line 39, in accept
    data=await reader.read(min(left,16384));assert data;hasher.update(data);left-=len(data);request_bytes+=len(data)
                                                   ^^^^
AssertionError
Unhandled exception in client_connected_cb
transport: <asyncio.sslproto._SSLProtocolTransport object at 0x1028f1400>
Traceback (most recent call last):
  File "/Users/divyanshgolyan/.codex/worktrees/4511/onepage/research/transport-memory/asymmetric_server.py", line 39, in accept
    data=await reader.read(min(left,16384));assert data;hasher.update(data);left-=len(data);request_bytes+=len(data)
                                                   ^^^^
AssertionError
Unhandled exception in client_connected_cb
transport: <asyncio.sslproto._SSLProtocolTransport object at 0x1028f1370>
Traceback (most recent call last):
  File "/Users/divyanshgolyan/.codex/worktrees/4511/onepage/research/transport-memory/asymmetric_server.py", line 39, in accept
    data=await reader.read(min(left,16384));assert data;hasher.update(data);left-=len(data);request_bytes+=len(data)
                                                   ^^^^
AssertionError
Unhandled exception in client_connected_cb
transport: <asyncio.sslproto._SSLProtocolTransport object at 0x1028f12e0>
Traceback (most recent call last):
  File "/Users/divyanshgolyan/.codex/worktrees/4511/onepage/research/transport-memory/asymmetric_server.py", line 39, in accept
    data=await reader.read(min(left,16384));assert data;hasher.update(data);left-=len(data);request_bytes+=len(data)
                                                   ^^^^
AssertionError
Unhandled exception in client_connected_cb
transport: <asyncio.sslproto._SSLProtocolTransport object at 0x1028f1250>
Traceback (most recent call last):
  File "/Users/divyanshgolyan/.codex/worktrees/4511/onepage/research/transport-memory/asymmetric_server.py", line 39, in accept
    data=await reader.read(min(left,16384));assert data;hasher.update(data);left-=len(data);request_bytes+=len(data)
                                                   ^^^^
AssertionError
Unhandled exception in client_connected_cb
transport: <asyncio.sslproto._SSLProtocolTransport object at 0x1028f11c0>
Traceback (most recent call last):
  File "/Users/divyanshgolyan/.codex/worktrees/4511/onepage/research/transport-memory/asymmetric_server.py", line 39, in accept
    data=await reader.read(min(left,16384));assert data;hasher.update(data);left-=len(data);request_bytes+=len(data)
                                                   ^^^^
AssertionError
Unhandled exception in client_connected_cb
transport: <asyncio.sslproto._SSLProtocolTransport object at 0x1028f1130>
Traceback (most recent call last):
  File "/Users/divyanshgolyan/.codex/worktrees/4511/onepage/research/transport-memory/asymmetric_server.py", line 39, in accept
    data=await reader.read(min(left,16384));assert data;hasher.update(data);left-=len(data);request_bytes+=len(data)
                                                   ^^^^
AssertionError
Unhandled exception in client_connected_cb
transport: <asyncio.sslproto._SSLProtocolTransport object at 0x1028f10a0>
Traceback (most recent call last):
  File "/Users/divyanshgolyan/.codex/worktrees/4511/onepage/research/transport-memory/asymmetric_server.py", line 39, in accept
    data=await reader.read(min(left,16384));assert data;hasher.update(data);left-=len(data);request_bytes+=len(data)
                                                   ^^^^
AssertionError
Unhandled exception in client_connected_cb
transport: <asyncio.sslproto._SSLProtocolTransport object at 0x1028f1010>
Traceback (most recent call last):
  File "/Users/divyanshgolyan/.codex/worktrees/4511/onepage/research/transport-memory/asymmetric_server.py", line 39, in accept
    data=await reader.read(min(left,16384));assert data;hasher.update(data);left-=len(data);request_bytes+=len(data)
                                                   ^^^^
AssertionError
Unhandled exception in client_connected_cb
transport: <asyncio.sslproto._SSLProtocolTransport object at 0x1028f0f80>
Traceback (most recent call last):
  File "/Users/divyanshgolyan/.codex/worktrees/4511/onepage/research/transport-memory/asymmetric_server.py", line 39, in accept
    data=await reader.read(min(left,16384));assert data;hasher.update(data);left-=len(data);request_bytes+=len(data)
                                                   ^^^^
AssertionError
Unhandled exception in client_connected_cb
transport: <asyncio.sslproto._SSLProtocolTransport object at 0x1028f0ef0>
Traceback (most recent call last):
  File "/Users/divyanshgolyan/.codex/worktrees/4511/onepage/research/transport-memory/asymmetric_server.py", line 39, in accept
    data=await reader.read(min(left,16384));assert data;hasher.update(data);left-=len(data);request_bytes+=len(data)
                                                   ^^^^
AssertionError
Unhandled exception in client_connected_cb
transport: <asyncio.sslproto._SSLProtocolTransport object at 0x1028f0e60>
Traceback (most recent call last):
  File "/Users/divyanshgolyan/.codex/worktrees/4511/onepage/research/transport-memory/asymmetric_server.py", line 39, in accept
    data=await reader.read(min(left,16384));assert data;hasher.update(data);left-=len(data);request_bytes+=len(data)
                                                   ^^^^
AssertionError
Unhandled exception in client_connected_cb
transport: <asyncio.sslproto._SSLProtocolTransport object at 0x1028f0dd0>
Traceback (most recent call last):
  File "/Users/divyanshgolyan/.codex/worktrees/4511/onepage/research/transport-memory/asymmetric_server.py", line 39, in accept
    data=await reader.read(min(left,16384));assert data;hasher.update(data);left-=len(data);request_bytes+=len(data)
                                                   ^^^^
AssertionError
Unhandled exception in client_connected_cb
transport: <asyncio.sslproto._SSLProtocolTransport object at 0x1028f0d40>
Traceback (most recent call last):
  File "/Users/divyanshgolyan/.codex/worktrees/4511/onepage/research/transport-memory/asymmetric_server.py", line 39, in accept
    data=await reader.read(min(left,16384));assert data;hasher.update(data);left-=len(data);request_bytes+=len(data)
                                                   ^^^^
AssertionError
Unhandled exception in client_connected_cb
transport: <asyncio.sslproto._SSLProtocolTransport object at 0x1028f0cb0>
Traceback (most recent call last):
  File "/Users/divyanshgolyan/.codex/worktrees/4511/onepage/research/transport-memory/asymmetric_server.py", line 39, in accept
    data=await reader.read(min(left,16384));assert data;hasher.update(data);left-=len(data);request_bytes+=len(data)
                                                   ^^^^
AssertionError
Unhandled exception in client_connected_cb
transport: <asyncio.sslproto._SSLProtocolTransport object at 0x1028f0c20>
Traceback (most recent call last):
  File "/Users/divyanshgolyan/.codex/worktrees/4511/onepage/research/transport-memory/asymmetric_server.py", line 39, in accept
    data=await reader.read(min(left,16384));assert data;hasher.update(data);left-=len(data);request_bytes+=len(data)
                                                   ^^^^
AssertionError
Unhandled exception in client_connected_cb
transport: <asyncio.sslproto._SSLProtocolTransport object at 0x1028f0b90>
Traceback (most recent call last):
  File "/Users/divyanshgolyan/.codex/worktrees/4511/onepage/research/transport-memory/asymmetric_server.py", line 39, in accept
    data=await reader.read(min(left,16384));assert data;hasher.update(data);left-=len(data);request_bytes+=len(data)
                                                   ^^^^
AssertionError
Unhandled exception in client_connected_cb
transport: <asyncio.sslproto._SSLProtocolTransport object at 0x1028f0b00>
Traceback (most recent call last):
  File "/Users/divyanshgolyan/.codex/worktrees/4511/onepage/research/transport-memory/asymmetric_server.py", line 39, in accept
    data=await reader.read(min(left,16384));assert data;hasher.update(data);left-=len(data);request_bytes+=len(data)
                                                   ^^^^
AssertionError
Unhandled exception in client_connected_cb
transport: <asyncio.sslproto._SSLProtocolTransport object at 0x1028f0a70>
Traceback (most recent call last):
  File "/Users/divyanshgolyan/.codex/worktrees/4511/onepage/research/transport-memory/asymmetric_server.py", line 39, in accept
    data=await reader.read(min(left,16384));assert data;hasher.update(data);left-=len(data);request_bytes+=len(data)
                                                   ^^^^
AssertionError
Unhandled exception in client_connected_cb
transport: <asyncio.sslproto._SSLProtocolTransport object at 0x1028f09e0>
Traceback (most recent call last):
  File "/Users/divyanshgolyan/.codex/worktrees/4511/onepage/research/transport-memory/asymmetric_server.py", line 39, in accept
    data=await reader.read(min(left,16384));assert data;hasher.update(data);left-=len(data);request_bytes+=len(data)
                                                   ^^^^
AssertionError
Unhandled exception in client_connected_cb
transport: <asyncio.sslproto._SSLProtocolTransport object at 0x1028f0950>
Traceback (most recent call last):
  File "/Users/divyanshgolyan/.codex/worktrees/4511/onepage/research/transport-memory/asymmetric_server.py", line 39, in accept
    data=await reader.read(min(left,16384));assert data;hasher.update(data);left-=len(data);request_bytes+=len(data)
                                                   ^^^^
AssertionError
Unhandled exception in client_connected_cb
transport: <asyncio.sslproto._SSLProtocolTransport object at 0x1028f08c0>
Traceback (most recent call last):
  File "/Users/divyanshgolyan/.codex/worktrees/4511/onepage/research/transport-memory/asymmetric_server.py", line 39, in accept
    data=await reader.read(min(left,16384));assert data;hasher.update(data);left-=len(data);request_bytes+=len(data)
                                                   ^^^^
AssertionError
Unhandled exception in client_connected_cb
transport: <asyncio.sslproto._SSLProtocolTransport object at 0x1028f0830>
Traceback (most recent call last):
  File "/Users/divyanshgolyan/.codex/worktrees/4511/onepage/research/transport-memory/asymmetric_server.py", line 39, in accept
    data=await reader.read(min(left,16384));assert data;hasher.update(data);left-=len(data);request_bytes+=len(data)
                                                   ^^^^
AssertionError
Unhandled exception in client_connected_cb
transport: <asyncio.sslproto._SSLProtocolTransport object at 0x1028f07a0>
Traceback (most recent call last):
  File "/Users/divyanshgolyan/.codex/worktrees/4511/onepage/research/transport-memory/asymmetric_server.py", line 39, in accept
    data=await reader.read(min(left,16384));assert data;hasher.update(data);left-=len(data);request_bytes+=len(data)
                                                   ^^^^
AssertionError
Unhandled exception in client_connected_cb
transport: <asyncio.sslproto._SSLProtocolTransport object at 0x1028f0710>
Traceback (most recent call last):
  File "/Users/divyanshgolyan/.codex/worktrees/4511/onepage/research/transport-memory/asymmetric_server.py", line 39, in accept
    data=await reader.read(min(left,16384));assert data;hasher.update(data);left-=len(data);request_bytes+=len(data)
                                                   ^^^^
AssertionError
Unhandled exception in client_connected_cb
transport: <asyncio.sslproto._SSLProtocolTransport object at 0x1028f0680>
Traceback (most recent call last):
  File "/Users/divyanshgolyan/.codex/worktrees/4511/onepage/research/transport-memory/asymmetric_server.py", line 39, in accept
    data=await reader.read(min(left,16384));assert data;hasher.update(data);left-=len(data);request_bytes+=len(data)
                                                   ^^^^
AssertionError
Unhandled exception in client_connected_cb
transport: <asyncio.sslproto._SSLProtocolTransport object at 0x1028f05f0>
Traceback (most recent call last):
  File "/Users/divyanshgolyan/.codex/worktrees/4511/onepage/research/transport-memory/asymmetric_server.py", line 39, in accept
    data=await reader.read(min(left,16384));assert data;hasher.update(data);left-=len(data);request_bytes+=len(data)
                                                   ^^^^
AssertionError
Unhandled exception in client_connected_cb
transport: <asyncio.sslproto._SSLProtocolTransport object at 0x1028f0560>
Traceback (most recent call last):
  File "/Users/divyanshgolyan/.codex/worktrees/4511/onepage/research/transport-memory/asymmetric_server.py", line 39, in accept
    data=await reader.read(min(left,16384));assert data;hasher.update(data);left-=len(data);request_bytes+=len(data)
                                                   ^^^^
AssertionError
Unhandled exception in client_connected_cb
transport: <asyncio.sslproto._SSLProtocolTransport object at 0x1028f04d0>
Traceback (most recent call last):
  File "/Users/divyanshgolyan/.codex/worktrees/4511/onepage/research/transport-memory/asymmetric_server.py", line 39, in accept
    data=await reader.read(min(left,16384));assert data;hasher.update(data);left-=len(data);request_bytes+=len(data)
                                                   ^^^^
AssertionError
Unhandled exception in client_connected_cb
transport: <asyncio.sslproto._SSLProtocolTransport object at 0x1028f0440>
Traceback (most recent call last):
  File "/Users/divyanshgolyan/.codex/worktrees/4511/onepage/research/transport-memory/asymmetric_server.py", line 39, in accept
    data=await reader.read(min(left,16384));assert data;hasher.update(data);left-=len(data);request_bytes+=len(data)
                                                   ^^^^
AssertionError
Unhandled exception in client_connected_cb
transport: <asyncio.sslproto._SSLProtocolTransport object at 0x1028f03b0>
Traceback (most recent call last):
  File "/Users/divyanshgolyan/.codex/worktrees/4511/onepage/research/transport-memory/asymmetric_server.py", line 39, in accept
    data=await reader.read(min(left,16384));assert data;hasher.update(data);left-=len(data);request_bytes+=len(data)
                                                   ^^^^
AssertionError
Unhandled exception in client_connected_cb
transport: <asyncio.sslproto._SSLProtocolTransport object at 0x1028f0320>
Traceback (most recent call last):
  File "/Users/divyanshgolyan/.codex/worktrees/4511/onepage/research/transport-memory/asymmetric_server.py", line 39, in accept
    data=await reader.read(min(left,16384));assert data;hasher.update(data);left-=len(data);request_bytes+=len(data)
                                                   ^^^^
AssertionError
Unhandled exception in client_connected_cb
transport: <asyncio.sslproto._SSLProtocolTransport object at 0x1028f0290>
Traceback (most recent call last):
  File "/Users/divyanshgolyan/.codex/worktrees/4511/onepage/research/transport-memory/asymmetric_server.py", line 39, in accept
    data=await reader.read(min(left,16384));assert data;hasher.update(data);left-=len(data);request_bytes+=len(data)
                                                   ^^^^
AssertionError
Unhandled exception in client_connected_cb
transport: <asyncio.sslproto._SSLProtocolTransport object at 0x1028f0200>
Traceback (most recent call last):
  File "/Users/divyanshgolyan/.codex/worktrees/4511/onepage/research/transport-memory/asymmetric_server.py", line 39, in accept
    data=await reader.read(min(left,16384));assert data;hasher.update(data);left-=len(data);request_bytes+=len(data)
                                                   ^^^^
AssertionError
Unhandled exception in client_connected_cb
transport: <asyncio.sslproto._SSLProtocolTransport object at 0x1028f0170>
Traceback (most recent call last):
  File "/Users/divyanshgolyan/.codex/worktrees/4511/onepage/research/transport-memory/asymmetric_server.py", line 39, in accept
    data=await reader.read(min(left,16384));assert data;hasher.update(data);left-=len(data);request_bytes+=len(data)
                                                   ^^^^
AssertionError
Unhandled exception in client_connected_cb
transport: <asyncio.sslproto._SSLProtocolTransport object at 0x1028f00e0>
Traceback (most recent call last):
  File "/Users/divyanshgolyan/.codex/worktrees/4511/onepage/research/transport-memory/asymmetric_server.py", line 39, in accept
    data=await reader.read(min(left,16384));assert data;hasher.update(data);left-=len(data);request_bytes+=len(data)
                                                   ^^^^
AssertionError
Unhandled exception in client_connected_cb
transport: <asyncio.sslproto._SSLProtocolTransport object at 0x1028f0050>
Traceback (most recent call last):
  File "/Users/divyanshgolyan/.codex/worktrees/4511/onepage/research/transport-memory/asymmetric_server.py", line 39, in accept
    data=await reader.read(min(left,16384));assert data;hasher.update(data);left-=len(data);request_bytes+=len(data)
                                                   ^^^^
AssertionError
Unhandled exception in client_connected_cb
transport: <asyncio.sslproto._SSLProtocolTransport object at 0x10285ff50>
Traceback (most recent call last):
  File "/Users/divyanshgolyan/.codex/worktrees/4511/onepage/research/transport-memory/asymmetric_server.py", line 39, in accept
    data=await reader.read(min(left,16384));assert data;hasher.update(data);left-=len(data);request_bytes+=len(data)
                                                   ^^^^
AssertionError
Unhandled exception in client_connected_cb
transport: <asyncio.sslproto._SSLProtocolTransport object at 0x10285fec0>
Traceback (most recent call last):
  File "/Users/divyanshgolyan/.codex/worktrees/4511/onepage/research/transport-memory/asymmetric_server.py", line 39, in accept
    data=await reader.read(min(left,16384));assert data;hasher.update(data);left-=len(data);request_bytes+=len(data)
                                                   ^^^^
AssertionError
Unhandled exception in client_connected_cb
transport: <asyncio.sslproto._SSLProtocolTransport object at 0x10285fe30>
Traceback (most recent call last):
  File "/Users/divyanshgolyan/.codex/worktrees/4511/onepage/research/transport-memory/asymmetric_server.py", line 39, in accept
    data=await reader.read(min(left,16384));assert data;hasher.update(data);left-=len(data);request_bytes+=len(data)
                                                   ^^^^
AssertionError
Unhandled exception in client_connected_cb
transport: <asyncio.sslproto._SSLProtocolTransport object at 0x10285fda0>
Traceback (most recent call last):
  File "/Users/divyanshgolyan/.codex/worktrees/4511/onepage/research/transport-memory/asymmetric_server.py", line 39, in accept
    data=await reader.read(min(left,16384));assert data;hasher.update(data);left-=len(data);request_bytes+=len(data)
                                                   ^^^^
AssertionError
Unhandled exception in client_connected_cb
transport: <asyncio.sslproto._SSLProtocolTransport object at 0x10285fd10>
Traceback (most recent call last):
  File "/Users/divyanshgolyan/.codex/worktrees/4511/onepage/research/transport-memory/asymmetric_server.py", line 39, in accept
    data=await reader.read(min(left,16384));assert data;hasher.update(data);left-=len(data);request_bytes+=len(data)
                                                   ^^^^
AssertionError
Unhandled exception in client_connected_cb
transport: <asyncio.sslproto._SSLProtocolTransport object at 0x10285fc80>
Traceback (most recent call last):
  File "/Users/divyanshgolyan/.codex/worktrees/4511/onepage/research/transport-memory/asymmetric_server.py", line 39, in accept
    data=await reader.read(min(left,16384));assert data;hasher.update(data);left-=len(data);request_bytes+=len(data)
                                                   ^^^^
AssertionError
Unhandled exception in client_connected_cb
transport: <asyncio.sslproto._SSLProtocolTransport object at 0x10285fbf0>
Traceback (most recent call last):
  File "/Users/divyanshgolyan/.codex/worktrees/4511/onepage/research/transport-memory/asymmetric_server.py", line 39, in accept
    data=await reader.read(min(left,16384));assert data;hasher.update(data);left-=len(data);request_bytes+=len(data)
                                                   ^^^^
AssertionError
Unhandled exception in client_connected_cb
transport: <asyncio.sslproto._SSLProtocolTransport object at 0x10285fb60>
Traceback (most recent call last):
  File "/Users/divyanshgolyan/.codex/worktrees/4511/onepage/research/transport-memory/asymmetric_server.py", line 39, in accept
    data=await reader.read(min(left,16384));assert data;hasher.update(data);left-=len(data);request_bytes+=len(data)
                                                   ^^^^
AssertionError
Unhandled exception in client_connected_cb
transport: <asyncio.sslproto._SSLProtocolTransport object at 0x10285fad0>
Traceback (most recent call last):
  File "/Users/divyanshgolyan/.codex/worktrees/4511/onepage/research/transport-memory/asymmetric_server.py", line 39, in accept
    data=await reader.read(min(left,16384));assert data;hasher.update(data);left-=len(data);request_bytes+=len(data)
                                                   ^^^^
AssertionError
Unhandled exception in client_connected_cb
transport: <asyncio.sslproto._SSLProtocolTransport object at 0x10285fa40>
Traceback (most recent call last):
  File "/Users/divyanshgolyan/.codex/worktrees/4511/onepage/research/transport-memory/asymmetric_server.py", line 39, in accept
    data=await reader.read(min(left,16384));assert data;hasher.update(data);left-=len(data);request_bytes+=len(data)
                                                   ^^^^
AssertionError
Unhandled exception in client_connected_cb
transport: <asyncio.sslproto._SSLProtocolTransport object at 0x10285f9b0>
Traceback (most recent call last):
  File "/Users/divyanshgolyan/.codex/worktrees/4511/onepage/research/transport-memory/asymmetric_server.py", line 39, in accept
    data=await reader.read(min(left,16384));assert data;hasher.update(data);left-=len(data);request_bytes+=len(data)
                                                   ^^^^
AssertionError
Unhandled exception in client_connected_cb
transport: <asyncio.sslproto._SSLProtocolTransport object at 0x10285f920>
Traceback (most recent call last):
  File "/Users/divyanshgolyan/.codex/worktrees/4511/onepage/research/transport-memory/asymmetric_server.py", line 39, in accept
    data=await reader.read(min(left,16384));assert data;hasher.update(data);left-=len(data);request_bytes+=len(data)
                                                   ^^^^
AssertionError
Unhandled exception in client_connected_cb
transport: <asyncio.sslproto._SSLProtocolTransport object at 0x10285f890>
Traceback (most recent call last):
  File "/Users/divyanshgolyan/.codex/worktrees/4511/onepage/research/transport-memory/asymmetric_server.py", line 39, in accept
    data=await reader.read(min(left,16384));assert data;hasher.update(data);left-=len(data);request_bytes+=len(data)
                                                   ^^^^
AssertionError
Unhandled exception in client_connected_cb
transport: <asyncio.sslproto._SSLProtocolTransport object at 0x10285f800>
Traceback (most recent call last):
  File "/Users/divyanshgolyan/.codex/worktrees/4511/onepage/research/transport-memory/asymmetric_server.py", line 39, in accept
    data=await reader.read(min(left,16384));assert data;hasher.update(data);left-=len(data);request_bytes+=len(data)
                                                   ^^^^
AssertionError
Unhandled exception in client_connected_cb
transport: <asyncio.sslproto._SSLProtocolTransport object at 0x10285f770>
Traceback (most recent call last):
  File "/Users/divyanshgolyan/.codex/worktrees/4511/onepage/research/transport-memory/asymmetric_server.py", line 39, in accept
    data=await reader.read(min(left,16384));assert data;hasher.update(data);left-=len(data);request_bytes+=len(data)
                                                   ^^^^
AssertionError
Unhandled exception in client_connected_cb
transport: <asyncio.sslproto._SSLProtocolTransport object at 0x10285f6e0>
Traceback (most recent call last):
  File "/Users/divyanshgolyan/.codex/worktrees/4511/onepage/research/transport-memory/asymmetric_server.py", line 39, in accept
    data=await reader.read(min(left,16384));assert data;hasher.update(data);left-=len(data);request_bytes+=len(data)
                                                   ^^^^
AssertionError
Unhandled exception in client_connected_cb
transport: <asyncio.sslproto._SSLProtocolTransport object at 0x10285f650>
Traceback (most recent call last):
  File "/Users/divyanshgolyan/.codex/worktrees/4511/onepage/research/transport-memory/asymmetric_server.py", line 39, in accept
    data=await reader.read(min(left,16384));assert data;hasher.update(data);left-=len(data);request_bytes+=len(data)
                                                   ^^^^
AssertionError
Unhandled exception in client_connected_cb
transport: <asyncio.sslproto._SSLProtocolTransport object at 0x10285f5c0>
Traceback (most recent call last):
  File "/Users/divyanshgolyan/.codex/worktrees/4511/onepage/research/transport-memory/asymmetric_server.py", line 39, in accept
    data=await reader.read(min(left,16384));assert data;hasher.update(data);left-=len(data);request_bytes+=len(data)
                                                   ^^^^
AssertionError
Unhandled exception in client_connected_cb
transport: <asyncio.sslproto._SSLProtocolTransport object at 0x10285f530>
Traceback (most recent call last):
  File "/Users/divyanshgolyan/.codex/worktrees/4511/onepage/research/transport-memory/asymmetric_server.py", line 39, in accept
    data=await reader.read(min(left,16384));assert data;hasher.update(data);left-=len(data);request_bytes+=len(data)
                                                   ^^^^
AssertionError
Unhandled exception in client_connected_cb
transport: <asyncio.sslproto._SSLProtocolTransport object at 0x10285f4a0>
Traceback (most recent call last):
  File "/Users/divyanshgolyan/.codex/worktrees/4511/onepage/research/transport-memory/asymmetric_server.py", line 39, in accept
    data=await reader.read(min(left,16384));assert data;hasher.update(data);left-=len(data);request_bytes+=len(data)
                                                   ^^^^
AssertionError
Unhandled exception in client_connected_cb
transport: <asyncio.sslproto._SSLProtocolTransport object at 0x10285f410>
Traceback (most recent call last):
  File "/Users/divyanshgolyan/.codex/worktrees/4511/onepage/research/transport-memory/asymmetric_server.py", line 39, in accept
    data=await reader.read(min(left,16384));assert data;hasher.update(data);left-=len(data);request_bytes+=len(data)
                                                   ^^^^
AssertionError
Unhandled exception in client_connected_cb
transport: <asyncio.sslproto._SSLProtocolTransport object at 0x10285f380>
Traceback (most recent call last):
  File "/Users/divyanshgolyan/.codex/worktrees/4511/onepage/research/transport-memory/asymmetric_server.py", line 39, in accept
    data=await reader.read(min(left,16384));assert data;hasher.update(data);left-=len(data);request_bytes+=len(data)
                                                   ^^^^
AssertionError
Unhandled exception in client_connected_cb
transport: <asyncio.sslproto._SSLProtocolTransport object at 0x10285f2f0>
Traceback (most recent call last):
  File "/Users/divyanshgolyan/.codex/worktrees/4511/onepage/research/transport-memory/asymmetric_server.py", line 39, in accept
    data=await reader.read(min(left,16384));assert data;hasher.update(data);left-=len(data);request_bytes+=len(data)
                                                   ^^^^
AssertionError
Unhandled exception in client_connected_cb
transport: <asyncio.sslproto._SSLProtocolTransport object at 0x10285f260>
Traceback (most recent call last):
  File "/Users/divyanshgolyan/.codex/worktrees/4511/onepage/research/transport-memory/asymmetric_server.py", line 39, in accept
    data=await reader.read(min(left,16384));assert data;hasher.update(data);left-=len(data);request_bytes+=len(data)
                                                   ^^^^
AssertionError
Unhandled exception in client_connected_cb
transport: <asyncio.sslproto._SSLProtocolTransport object at 0x10285f1d0>
Traceback (most recent call last):
  File "/Users/divyanshgolyan/.codex/worktrees/4511/onepage/research/transport-memory/asymmetric_server.py", line 39, in accept
    data=await reader.read(min(left,16384));assert data;hasher.update(data);left-=len(data);request_bytes+=len(data)
                                                   ^^^^
AssertionError
Unhandled exception in client_connected_cb
transport: <asyncio.sslproto._SSLProtocolTransport object at 0x10285f140>
Traceback (most recent call last):
  File "/Users/divyanshgolyan/.codex/worktrees/4511/onepage/research/transport-memory/asymmetric_server.py", line 39, in accept
    data=await reader.read(min(left,16384));assert data;hasher.update(data);left-=len(data);request_bytes+=len(data)
                                                   ^^^^
AssertionError
Unhandled exception in client_connected_cb
transport: <asyncio.sslproto._SSLProtocolTransport object at 0x10285f0b0>
Traceback (most recent call last):
  File "/Users/divyanshgolyan/.codex/worktrees/4511/onepage/research/transport-memory/asymmetric_server.py", line 39, in accept
    data=await reader.read(min(left,16384));assert data;hasher.update(data);left-=len(data);request_bytes+=len(data)
                                                   ^^^^
AssertionError
Unhandled exception in client_connected_cb
transport: <asyncio.sslproto._SSLProtocolTransport object at 0x10285f020>
Traceback (most recent call last):
  File "/Users/divyanshgolyan/.codex/worktrees/4511/onepage/research/transport-memory/asymmetric_server.py", line 39, in accept
    data=await reader.read(min(left,16384));assert data;hasher.update(data);left-=len(data);request_bytes+=len(data)
                                                   ^^^^
AssertionError
Unhandled exception in client_connected_cb
transport: <asyncio.sslproto._SSLProtocolTransport object at 0x10285ef90>
Traceback (most recent call last):
  File "/Users/divyanshgolyan/.codex/worktrees/4511/onepage/research/transport-memory/asymmetric_server.py", line 39, in accept
    data=await reader.read(min(left,16384));assert data;hasher.update(data);left-=len(data);request_bytes+=len(data)
                                                   ^^^^
AssertionError
Unhandled exception in client_connected_cb
transport: <asyncio.sslproto._SSLProtocolTransport object at 0x10285ef00>
Traceback (most recent call last):
  File "/Users/divyanshgolyan/.codex/worktrees/4511/onepage/research/transport-memory/asymmetric_server.py", line 39, in accept
    data=await reader.read(min(left,16384));assert data;hasher.update(data);left-=len(data);request_bytes+=len(data)
                                                   ^^^^
AssertionError
Unhandled exception in client_connected_cb
transport: <asyncio.sslproto._SSLProtocolTransport object at 0x10285ee70>
Traceback (most recent call last):
  File "/Users/divyanshgolyan/.codex/worktrees/4511/onepage/research/transport-memory/asymmetric_server.py", line 39, in accept
    data=await reader.read(min(left,16384));assert data;hasher.update(data);left-=len(data);request_bytes+=len(data)
                                                   ^^^^
AssertionError
Unhandled exception in client_connected_cb
transport: <asyncio.sslproto._SSLProtocolTransport object at 0x10285ede0>
Traceback (most recent call last):
  File "/Users/divyanshgolyan/.codex/worktrees/4511/onepage/research/transport-memory/asymmetric_server.py", line 39, in accept
    data=await reader.read(min(left,16384));assert data;hasher.update(data);left-=len(data);request_bytes+=len(data)
                                                   ^^^^
AssertionError
Unhandled exception in client_connected_cb
transport: <asyncio.sslproto._SSLProtocolTransport object at 0x10285ed50>
Traceback (most recent call last):
  File "/Users/divyanshgolyan/.codex/worktrees/4511/onepage/research/transport-memory/asymmetric_server.py", line 39, in accept
    data=await reader.read(min(left,16384));assert data;hasher.update(data);left-=len(data);request_bytes+=len(data)
                                                   ^^^^
AssertionError
Unhandled exception in client_connected_cb
transport: <asyncio.sslproto._SSLProtocolTransport object at 0x10285ecc0>
Traceback (most recent call last):
  File "/Users/divyanshgolyan/.codex/worktrees/4511/onepage/research/transport-memory/asymmetric_server.py", line 39, in accept
    data=await reader.read(min(left,16384));assert data;hasher.update(data);left-=len(data);request_bytes+=len(data)
                                                   ^^^^
AssertionError
Unhandled exception in client_connected_cb
transport: <asyncio.sslproto._SSLProtocolTransport object at 0x10285ec30>
Traceback (most recent call last):
  File "/Users/divyanshgolyan/.codex/worktrees/4511/onepage/research/transport-memory/asymmetric_server.py", line 39, in accept
    data=await reader.read(min(left,16384));assert data;hasher.update(data);left-=len(data);request_bytes+=len(data)
                                                   ^^^^
AssertionError
Unhandled exception in client_connected_cb
transport: <asyncio.sslproto._SSLProtocolTransport object at 0x10285eba0>
Traceback (most recent call last):
  File "/Users/divyanshgolyan/.codex/worktrees/4511/onepage/research/transport-memory/asymmetric_server.py", line 39, in accept
    data=await reader.read(min(left,16384));assert data;hasher.update(data);left-=len(data);request_bytes+=len(data)
                                                   ^^^^
AssertionError
Unhandled exception in client_connected_cb
transport: <asyncio.sslproto._SSLProtocolTransport object at 0x10285eb10>
Traceback (most recent call last):
  File "/Users/divyanshgolyan/.codex/worktrees/4511/onepage/research/transport-memory/asymmetric_server.py", line 39, in accept
    data=await reader.read(min(left,16384));assert data;hasher.update(data);left-=len(data);request_bytes+=len(data)
                                                   ^^^^
AssertionError
Unhandled exception in client_connected_cb
transport: <asyncio.sslproto._SSLProtocolTransport object at 0x10285ea80>
Traceback (most recent call last):
  File "/Users/divyanshgolyan/.codex/worktrees/4511/onepage/research/transport-memory/asymmetric_server.py", line 39, in accept
    data=await reader.read(min(left,16384));assert data;hasher.update(data);left-=len(data);request_bytes+=len(data)
                                                   ^^^^
AssertionError
Unhandled exception in client_connected_cb
transport: <asyncio.sslproto._SSLProtocolTransport object at 0x10285e9f0>
Traceback (most recent call last):
  File "/Users/divyanshgolyan/.codex/worktrees/4511/onepage/research/transport-memory/asymmetric_server.py", line 39, in accept
    data=await reader.read(min(left,16384));assert data;hasher.update(data);left-=len(data);request_bytes+=len(data)
                                                   ^^^^
AssertionError
Unhandled exception in client_connected_cb
transport: <asyncio.sslproto._SSLProtocolTransport object at 0x10285e960>
Traceback (most recent call last):
  File "/Users/divyanshgolyan/.codex/worktrees/4511/onepage/research/transport-memory/asymmetric_server.py", line 39, in accept
    data=await reader.read(min(left,16384));assert data;hasher.update(data);left-=len(data);request_bytes+=len(data)
                                                   ^^^^
AssertionError
Unhandled exception in client_connected_cb
transport: <asyncio.sslproto._SSLProtocolTransport object at 0x10285e8d0>
Traceback (most recent call last):
  File "/Users/divyanshgolyan/.codex/worktrees/4511/onepage/research/transport-memory/asymmetric_server.py", line 39, in accept
    data=await reader.read(min(left,16384));assert data;hasher.update(data);left-=len(data);request_bytes+=len(data)
                                                   ^^^^
AssertionError
Unhandled exception in client_connected_cb
transport: <asyncio.sslproto._SSLProtocolTransport object at 0x10285e840>
Traceback (most recent call last):
  File "/Users/divyanshgolyan/.codex/worktrees/4511/onepage/research/transport-memory/asymmetric_server.py", line 39, in accept
    data=await reader.read(min(left,16384));assert data;hasher.update(data);left-=len(data);request_bytes+=len(data)
                                                   ^^^^
AssertionError
Unhandled exception in client_connected_cb
transport: <asyncio.sslproto._SSLProtocolTransport object at 0x10285e7b0>
Traceback (most recent call last):
  File "/Users/divyanshgolyan/.codex/worktrees/4511/onepage/research/transport-memory/asymmetric_server.py", line 39, in accept
    data=await reader.read(min(left,16384));assert data;hasher.update(data);left-=len(data);request_bytes+=len(data)
                                                   ^^^^
AssertionError
Unhandled exception in client_connected_cb
transport: <asyncio.sslproto._SSLProtocolTransport object at 0x10285e720>
Traceback (most recent call last):
  File "/Users/divyanshgolyan/.codex/worktrees/4511/onepage/research/transport-memory/asymmetric_server.py", line 39, in accept
    data=await reader.read(min(left,16384));assert data;hasher.update(data);left-=len(data);request_bytes+=len(data)
                                                   ^^^^
AssertionError
Unhandled exception in client_connected_cb
transport: <asyncio.sslproto._SSLProtocolTransport object at 0x10285e690>
Traceback (most recent call last):
  File "/Users/divyanshgolyan/.codex/worktrees/4511/onepage/research/transport-memory/asymmetric_server.py", line 39, in accept
    data=await reader.read(min(left,16384));assert data;hasher.update(data);left-=len(data);request_bytes+=len(data)
                                                   ^^^^
AssertionError
Unhandled exception in client_connected_cb
transport: <asyncio.sslproto._SSLProtocolTransport object at 0x10285e600>
Traceback (most recent call last):
  File "/Users/divyanshgolyan/.codex/worktrees/4511/onepage/research/transport-memory/asymmetric_server.py", line 39, in accept
    data=await reader.read(min(left,16384));assert data;hasher.update(data);left-=len(data);request_bytes+=len(data)
                                                   ^^^^
AssertionError
Unhandled exception in client_connected_cb
transport: <asyncio.sslproto._SSLProtocolTransport object at 0x10285e570>
Traceback (most recent call last):
  File "/Users/divyanshgolyan/.codex/worktrees/4511/onepage/research/transport-memory/asymmetric_server.py", line 39, in accept
    data=await reader.read(min(left,16384));assert data;hasher.update(data);left-=len(data);request_bytes+=len(data)
                                                   ^^^^
AssertionError
Unhandled exception in client_connected_cb
transport: <asyncio.sslproto._SSLProtocolTransport object at 0x10285e4e0>
Traceback (most recent call last):
  File "/Users/divyanshgolyan/.codex/worktrees/4511/onepage/research/transport-memory/asymmetric_server.py", line 39, in accept
    data=await reader.read(min(left,16384));assert data;hasher.update(data);left-=len(data);request_bytes+=len(data)
                                                   ^^^^
AssertionError
Unhandled exception in client_connected_cb
transport: <asyncio.sslproto._SSLProtocolTransport object at 0x10285e450>
Traceback (most recent call last):
  File "/Users/divyanshgolyan/.codex/worktrees/4511/onepage/research/transport-memory/asymmetric_server.py", line 39, in accept
    data=await reader.read(min(left,16384));assert data;hasher.update(data);left-=len(data);request_bytes+=len(data)
                                                   ^^^^
AssertionError
Unhandled exception in client_connected_cb
transport: <asyncio.sslproto._SSLProtocolTransport object at 0x10285e3c0>
Traceback (most recent call last):
  File "/Users/divyanshgolyan/.codex/worktrees/4511/onepage/research/transport-memory/asymmetric_server.py", line 39, in accept
    data=await reader.read(min(left,16384));assert data;hasher.update(data);left-=len(data);request_bytes+=len(data)
                                                   ^^^^
AssertionError
Unhandled exception in client_connected_cb
transport: <asyncio.sslproto._SSLProtocolTransport object at 0x10285e330>
Traceback (most recent call last):
  File "/Users/divyanshgolyan/.codex/worktrees/4511/onepage/research/transport-memory/asymmetric_server.py", line 39, in accept
    data=await reader.read(min(left,16384));assert data;hasher.update(data);left-=len(data);request_bytes+=len(data)
                                                   ^^^^
AssertionError
Unhandled exception in client_connected_cb
transport: <asyncio.sslproto._SSLProtocolTransport object at 0x10285e2a0>
Traceback (most recent call last):
  File "/Users/divyanshgolyan/.codex/worktrees/4511/onepage/research/transport-memory/asymmetric_server.py", line 39, in accept
    data=await reader.read(min(left,16384));assert data;hasher.update(data);left-=len(data);request_bytes+=len(data)
                                                   ^^^^
AssertionError
Unhandled exception in client_connected_cb
transport: <asyncio.sslproto._SSLProtocolTransport object at 0x10285e210>
Traceback (most recent call last):
  File "/Users/divyanshgolyan/.codex/worktrees/4511/onepage/research/transport-memory/asymmetric_server.py", line 39, in accept
    data=await reader.read(min(left,16384));assert data;hasher.update(data);left-=len(data);request_bytes+=len(data)
                                                   ^^^^
AssertionError
Unhandled exception in client_connected_cb
transport: <asyncio.sslproto._SSLProtocolTransport object at 0x10285e180>
Traceback (most recent call last):
  File "/Users/divyanshgolyan/.codex/worktrees/4511/onepage/research/transport-memory/asymmetric_server.py", line 39, in accept
    data=await reader.read(min(left,16384));assert data;hasher.update(data);left-=len(data);request_bytes+=len(data)
                                                   ^^^^
AssertionError
Unhandled exception in client_connected_cb
transport: <asyncio.sslproto._SSLProtocolTransport object at 0x10285e0f0>
Traceback (most recent call last):
  File "/Users/divyanshgolyan/.codex/worktrees/4511/onepage/research/transport-memory/asymmetric_server.py", line 39, in accept
    data=await reader.read(min(left,16384));assert data;hasher.update(data);left-=len(data);request_bytes+=len(data)
                                                   ^^^^
AssertionError
Unhandled exception in client_connected_cb
transport: <asyncio.sslproto._SSLProtocolTransport object at 0x10285e060>
Traceback (most recent call last):
  File "/Users/divyanshgolyan/.codex/worktrees/4511/onepage/research/transport-memory/asymmetric_server.py", line 39, in accept
    data=await reader.read(min(left,16384));assert data;hasher.update(data);left-=len(data);request_bytes+=len(data)
                                                   ^^^^
AssertionError
Unhandled exception in client_connected_cb
transport: <asyncio.sslproto._SSLProtocolTransport object at 0x10285dfd0>
Traceback (most recent call last):
  File "/Users/divyanshgolyan/.codex/worktrees/4511/onepage/research/transport-memory/asymmetric_server.py", line 39, in accept
    data=await reader.read(min(left,16384));assert data;hasher.update(data);left-=len(data);request_bytes+=len(data)
                                                   ^^^^
AssertionError
Unhandled exception in client_connected_cb
transport: <asyncio.sslproto._SSLProtocolTransport object at 0x10285df40>
Traceback (most recent call last):
  File "/Users/divyanshgolyan/.codex/worktrees/4511/onepage/research/transport-memory/asymmetric_server.py", line 39, in accept
    data=await reader.read(min(left,16384));assert data;hasher.update(data);left-=len(data);request_bytes+=len(data)
                                                   ^^^^
AssertionError
Unhandled exception in client_connected_cb
transport: <asyncio.sslproto._SSLProtocolTransport object at 0x10285deb0>
Traceback (most recent call last):
  File "/Users/divyanshgolyan/.codex/worktrees/4511/onepage/research/transport-memory/asymmetric_server.py", line 39, in accept
    data=await reader.read(min(left,16384));assert data;hasher.update(data);left-=len(data);request_bytes+=len(data)
                                                   ^^^^
AssertionError
Unhandled exception in client_connected_cb
transport: <asyncio.sslproto._SSLProtocolTransport object at 0x10285de20>
Traceback (most recent call last):
  File "/Users/divyanshgolyan/.codex/worktrees/4511/onepage/research/transport-memory/asymmetric_server.py", line 39, in accept
    data=await reader.read(min(left,16384));assert data;hasher.update(data);left-=len(data);request_bytes+=len(data)
                                                   ^^^^
AssertionError
Unhandled exception in client_connected_cb
transport: <asyncio.sslproto._SSLProtocolTransport object at 0x10285dd90>
Traceback (most recent call last):
  File "/Users/divyanshgolyan/.codex/worktrees/4511/onepage/research/transport-memory/asymmetric_server.py", line 39, in accept
    data=await reader.read(min(left,16384));assert data;hasher.update(data);left-=len(data);request_bytes+=len(data)
                                                   ^^^^
AssertionError
Unhandled exception in client_connected_cb
transport: <asyncio.sslproto._SSLProtocolTransport object at 0x10285dd00>
Traceback (most recent call last):
  File "/Users/divyanshgolyan/.codex/worktrees/4511/onepage/research/transport-memory/asymmetric_server.py", line 39, in accept
    data=await reader.read(min(left,16384));assert data;hasher.update(data);left-=len(data);request_bytes+=len(data)
                                                   ^^^^
AssertionError
Unhandled exception in client_connected_cb
transport: <asyncio.sslproto._SSLProtocolTransport object at 0x10285dc70>
Traceback (most recent call last):
  File "/Users/divyanshgolyan/.codex/worktrees/4511/onepage/research/transport-memory/asymmetric_server.py", line 39, in accept
    data=await reader.read(min(left,16384));assert data;hasher.update(data);left-=len(data);request_bytes+=len(data)
                                                   ^^^^
AssertionError
Unhandled exception in client_connected_cb
transport: <asyncio.sslproto._SSLProtocolTransport object at 0x10285dbe0>
Traceback (most recent call last):
  File "/Users/divyanshgolyan/.codex/worktrees/4511/onepage/research/transport-memory/asymmetric_server.py", line 39, in accept
    data=await reader.read(min(left,16384));assert data;hasher.update(data);left-=len(data);request_bytes+=len(data)
                                                   ^^^^
AssertionError
Unhandled exception in client_connected_cb
transport: <asyncio.sslproto._SSLProtocolTransport object at 0x10285db50>
Traceback (most recent call last):
  File "/Users/divyanshgolyan/.codex/worktrees/4511/onepage/research/transport-memory/asymmetric_server.py", line 39, in accept
    data=await reader.read(min(left,16384));assert data;hasher.update(data);left-=len(data);request_bytes+=len(data)
                                                   ^^^^
AssertionError
Unhandled exception in client_connected_cb
transport: <asyncio.sslproto._SSLProtocolTransport object at 0x10285dac0>
Traceback (most recent call last):
  File "/Users/divyanshgolyan/.codex/worktrees/4511/onepage/research/transport-memory/asymmetric_server.py", line 39, in accept
    data=await reader.read(min(left,16384));assert data;hasher.update(data);left-=len(data);request_bytes+=len(data)
                                                   ^^^^
AssertionError
Unhandled exception in client_connected_cb
transport: <asyncio.sslproto._SSLProtocolTransport object at 0x10285da30>
Traceback (most recent call last):
  File "/Users/divyanshgolyan/.codex/worktrees/4511/onepage/research/transport-memory/asymmetric_server.py", line 39, in accept
    data=await reader.read(min(left,16384));assert data;hasher.update(data);left-=len(data);request_bytes+=len(data)
                                                   ^^^^
AssertionError
Unhandled exception in client_connected_cb
transport: <asyncio.sslproto._SSLProtocolTransport object at 0x10285d9a0>
Traceback (most recent call last):
  File "/Users/divyanshgolyan/.codex/worktrees/4511/onepage/research/transport-memory/asymmetric_server.py", line 39, in accept
    data=await reader.read(min(left,16384));assert data;hasher.update(data);left-=len(data);request_bytes+=len(data)
                                                   ^^^^
AssertionError
Unhandled exception in client_connected_cb
transport: <asyncio.sslproto._SSLProtocolTransport object at 0x10285d910>
Traceback (most recent call last):
  File "/Users/divyanshgolyan/.codex/worktrees/4511/onepage/research/transport-memory/asymmetric_server.py", line 39, in accept
    data=await reader.read(min(left,16384));assert data;hasher.update(data);left-=len(data);request_bytes+=len(data)
                                                   ^^^^
AssertionError
Unhandled exception in client_connected_cb
transport: <asyncio.sslproto._SSLProtocolTransport object at 0x10285d880>
Traceback (most recent call last):
  File "/Users/divyanshgolyan/.codex/worktrees/4511/onepage/research/transport-memory/asymmetric_server.py", line 39, in accept
    data=await reader.read(min(left,16384));assert data;hasher.update(data);left-=len(data);request_bytes+=len(data)
                                                   ^^^^
AssertionError
Unhandled exception in client_connected_cb
transport: <asyncio.sslproto._SSLProtocolTransport object at 0x10285d7f0>
Traceback (most recent call last):
  File "/Users/divyanshgolyan/.codex/worktrees/4511/onepage/research/transport-memory/asymmetric_server.py", line 39, in accept
    data=await reader.read(min(left,16384));assert data;hasher.update(data);left-=len(data);request_bytes+=len(data)
                                                   ^^^^
AssertionError
Unhandled exception in client_connected_cb
transport: <asyncio.sslproto._SSLProtocolTransport object at 0x10285d760>
Traceback (most recent call last):
  File "/Users/divyanshgolyan/.codex/worktrees/4511/onepage/research/transport-memory/asymmetric_server.py", line 39, in accept
    data=await reader.read(min(left,16384));assert data;hasher.update(data);left-=len(data);request_bytes+=len(data)
                                                   ^^^^
AssertionError
Unhandled exception in client_connected_cb
transport: <asyncio.sslproto._SSLProtocolTransport object at 0x10285d6d0>
Traceback (most recent call last):
  File "/Users/divyanshgolyan/.codex/worktrees/4511/onepage/research/transport-memory/asymmetric_server.py", line 39, in accept
    data=await reader.read(min(left,16384));assert data;hasher.update(data);left-=len(data);request_bytes+=len(data)
                                                   ^^^^
AssertionError
Unhandled exception in client_connected_cb
transport: <asyncio.sslproto._SSLProtocolTransport object at 0x10285d640>
Traceback (most recent call last):
  File "/Users/divyanshgolyan/.codex/worktrees/4511/onepage/research/transport-memory/asymmetric_server.py", line 39, in accept
    data=await reader.read(min(left,16384));assert data;hasher.update(data);left-=len(data);request_bytes+=len(data)
                                                   ^^^^
AssertionError
Unhandled exception in client_connected_cb
transport: <asyncio.sslproto._SSLProtocolTransport object at 0x10285d5b0>
Traceback (most recent call last):
  File "/Users/divyanshgolyan/.codex/worktrees/4511/onepage/research/transport-memory/asymmetric_server.py", line 39, in accept
    data=await reader.read(min(left,16384));assert data;hasher.update(data);left-=len(data);request_bytes+=len(data)
                                                   ^^^^
AssertionError
Unhandled exception in client_connected_cb
transport: <asyncio.sslproto._SSLProtocolTransport object at 0x10285d520>
Traceback (most recent call last):
  File "/Users/divyanshgolyan/.codex/worktrees/4511/onepage/research/transport-memory/asymmetric_server.py", line 39, in accept
    data=await reader.read(min(left,16384));assert data;hasher.update(data);left-=len(data);request_bytes+=len(data)
                                                   ^^^^
AssertionError
Unhandled exception in client_connected_cb
transport: <asyncio.sslproto._SSLProtocolTransport object at 0x10285d490>
Traceback (most recent call last):
  File "/Users/divyanshgolyan/.codex/worktrees/4511/onepage/research/transport-memory/asymmetric_server.py", line 39, in accept
    data=await reader.read(min(left,16384));assert data;hasher.update(data);left-=len(data);request_bytes+=len(data)
                                                   ^^^^
AssertionError
Unhandled exception in client_connected_cb
transport: <asyncio.sslproto._SSLProtocolTransport object at 0x10285d400>
Traceback (most recent call last):
  File "/Users/divyanshgolyan/.codex/worktrees/4511/onepage/research/transport-memory/asymmetric_server.py", line 39, in accept
    data=await reader.read(min(left,16384));assert data;hasher.update(data);left-=len(data);request_bytes+=len(data)
                                                   ^^^^
AssertionError
Unhandled exception in client_connected_cb
transport: <asyncio.sslproto._SSLProtocolTransport object at 0x10285d2e0>
Traceback (most recent call last):
  File "/Users/divyanshgolyan/.codex/worktrees/4511/onepage/research/transport-memory/asymmetric_server.py", line 39, in accept
    data=await reader.read(min(left,16384));assert data;hasher.update(data);left-=len(data);request_bytes+=len(data)
                                                   ^^^^
AssertionError
Unhandled exception in client_connected_cb
transport: <asyncio.sslproto._SSLProtocolTransport object at 0x10285d250>
Traceback (most recent call last):
  File "/Users/divyanshgolyan/.codex/worktrees/4511/onepage/research/transport-memory/asymmetric_server.py", line 39, in accept
    data=await reader.read(min(left,16384));assert data;hasher.update(data);left-=len(data);request_bytes+=len(data)
                                                   ^^^^
AssertionError
Unhandled exception in client_connected_cb
transport: <asyncio.sslproto._SSLProtocolTransport object at 0x10285d1c0>
Traceback (most recent call last):
  File "/Users/divyanshgolyan/.codex/worktrees/4511/onepage/research/transport-memory/asymmetric_server.py", line 39, in accept
    data=await reader.read(min(left,16384));assert data;hasher.update(data);left-=len(data);request_bytes+=len(data)
                                                   ^^^^
AssertionError
Unhandled exception in client_connected_cb
transport: <asyncio.sslproto._SSLProtocolTransport object at 0x10285d0a0>
Traceback (most recent call last):
  File "/Users/divyanshgolyan/.codex/worktrees/4511/onepage/research/transport-memory/asymmetric_server.py", line 39, in accept
    data=await reader.read(min(left,16384));assert data;hasher.update(data);left-=len(data);request_bytes+=len(data)
                                                   ^^^^
AssertionError
Unhandled exception in client_connected_cb
transport: <asyncio.sslproto._SSLProtocolTransport object at 0x10285d010>
Traceback (most recent call last):
  File "/Users/divyanshgolyan/.codex/worktrees/4511/onepage/research/transport-memory/asymmetric_server.py", line 39, in accept
    data=await reader.read(min(left,16384));assert data;hasher.update(data);left-=len(data);request_bytes+=len(data)
                                                   ^^^^
AssertionError
Unhandled exception in client_connected_cb
transport: <asyncio.sslproto._SSLProtocolTransport object at 0x10285cf80>
Traceback (most recent call last):
  File "/Users/divyanshgolyan/.codex/worktrees/4511/onepage/research/transport-memory/asymmetric_server.py", line 39, in accept
    data=await reader.read(min(left,16384));assert data;hasher.update(data);left-=len(data);request_bytes+=len(data)
                                                   ^^^^
AssertionError
Unhandled exception in client_connected_cb
transport: <asyncio.sslproto._SSLProtocolTransport object at 0x10285cef0>
Traceback (most recent call last):
  File "/Users/divyanshgolyan/.codex/worktrees/4511/onepage/research/transport-memory/asymmetric_server.py", line 39, in accept
    data=await reader.read(min(left,16384));assert data;hasher.update(data);left-=len(data);request_bytes+=len(data)
                                                   ^^^^
AssertionError
Unhandled exception in client_connected_cb
transport: <asyncio.sslproto._SSLProtocolTransport object at 0x10285ce60>
Traceback (most recent call last):
  File "/Users/divyanshgolyan/.codex/worktrees/4511/onepage/research/transport-memory/asymmetric_server.py", line 39, in accept
    data=await reader.read(min(left,16384));assert data;hasher.update(data);left-=len(data);request_bytes+=len(data)
                                                   ^^^^
AssertionError
Unhandled exception in client_connected_cb
transport: <asyncio.sslproto._SSLProtocolTransport object at 0x10285cd40>
Traceback (most recent call last):
  File "/Users/divyanshgolyan/.codex/worktrees/4511/onepage/research/transport-memory/asymmetric_server.py", line 39, in accept
    data=await reader.read(min(left,16384));assert data;hasher.update(data);left-=len(data);request_bytes+=len(data)
                                                   ^^^^
AssertionError
Unhandled exception in client_connected_cb
transport: <asyncio.sslproto._SSLProtocolTransport object at 0x10285cc20>
Traceback (most recent call last):
  File "/Users/divyanshgolyan/.codex/worktrees/4511/onepage/research/transport-memory/asymmetric_server.py", line 39, in accept
    data=await reader.read(min(left,16384));assert data;hasher.update(data);left-=len(data);request_bytes+=len(data)
                                                   ^^^^
AssertionError
Unhandled exception in client_connected_cb
transport: <asyncio.sslproto._SSLProtocolTransport object at 0x10285cb90>
Traceback (most recent call last):
  File "/Users/divyanshgolyan/.codex/worktrees/4511/onepage/research/transport-memory/asymmetric_server.py", line 39, in accept
    data=await reader.read(min(left,16384));assert data;hasher.update(data);left-=len(data);request_bytes+=len(data)
                                                   ^^^^
AssertionError
Unhandled exception in client_connected_cb
transport: <asyncio.sslproto._SSLProtocolTransport object at 0x10285cb00>
Traceback (most recent call last):
  File "/Users/divyanshgolyan/.codex/worktrees/4511/onepage/research/transport-memory/asymmetric_server.py", line 39, in accept
    data=await reader.read(min(left,16384));assert data;hasher.update(data);left-=len(data);request_bytes+=len(data)
                                                   ^^^^
AssertionError
Unhandled exception in client_connected_cb
transport: <asyncio.sslproto._SSLProtocolTransport object at 0x10285ca70>
Traceback (most recent call last):
  File "/Users/divyanshgolyan/.codex/worktrees/4511/onepage/research/transport-memory/asymmetric_server.py", line 39, in accept
    data=await reader.read(min(left,16384));assert data;hasher.update(data);left-=len(data);request_bytes+=len(data)
                                                   ^^^^
AssertionError
Unhandled exception in client_connected_cb
transport: <asyncio.sslproto._SSLProtocolTransport object at 0x10285c9e0>
Traceback (most recent call last):
  File "/Users/divyanshgolyan/.codex/worktrees/4511/onepage/research/transport-memory/asymmetric_server.py", line 39, in accept
    data=await reader.read(min(left,16384));assert data;hasher.update(data);left-=len(data);request_bytes+=len(data)
                                                   ^^^^
AssertionError
Unhandled exception in client_connected_cb
transport: <asyncio.sslproto._SSLProtocolTransport object at 0x10285c950>
Traceback (most recent call last):
  File "/Users/divyanshgolyan/.codex/worktrees/4511/onepage/research/transport-memory/asymmetric_server.py", line 39, in accept
    data=await reader.read(min(left,16384));assert data;hasher.update(data);left-=len(data);request_bytes+=len(data)
                                                   ^^^^
AssertionError
Unhandled exception in client_connected_cb
transport: <asyncio.sslproto._SSLProtocolTransport object at 0x10285c8c0>
Traceback (most recent call last):
  File "/Users/divyanshgolyan/.codex/worktrees/4511/onepage/research/transport-memory/asymmetric_server.py", line 39, in accept
    data=await reader.read(min(left,16384));assert data;hasher.update(data);left-=len(data);request_bytes+=len(data)
                                                   ^^^^
AssertionError
Unhandled exception in client_connected_cb
transport: <asyncio.sslproto._SSLProtocolTransport object at 0x10285c830>
Traceback (most recent call last):
  File "/Users/divyanshgolyan/.codex/worktrees/4511/onepage/research/transport-memory/asymmetric_server.py", line 39, in accept
    data=await reader.read(min(left,16384));assert data;hasher.update(data);left-=len(data);request_bytes+=len(data)
                                                   ^^^^
AssertionError
Unhandled exception in client_connected_cb
transport: <asyncio.sslproto._SSLProtocolTransport object at 0x10285c7a0>
Traceback (most recent call last):
  File "/Users/divyanshgolyan/.codex/worktrees/4511/onepage/research/transport-memory/asymmetric_server.py", line 39, in accept
    data=await reader.read(min(left,16384));assert data;hasher.update(data);left-=len(data);request_bytes+=len(data)
                                                   ^^^^
AssertionError
Unhandled exception in client_connected_cb
transport: <asyncio.sslproto._SSLProtocolTransport object at 0x10285c710>
Traceback (most recent call last):
  File "/Users/divyanshgolyan/.codex/worktrees/4511/onepage/research/transport-memory/asymmetric_server.py", line 39, in accept
    data=await reader.read(min(left,16384));assert data;hasher.update(data);left-=len(data);request_bytes+=len(data)
                                                   ^^^^
AssertionError
Unhandled exception in client_connected_cb
transport: <asyncio.sslproto._SSLProtocolTransport object at 0x10285c680>
Traceback (most recent call last):
  File "/Users/divyanshgolyan/.codex/worktrees/4511/onepage/research/transport-memory/asymmetric_server.py", line 39, in accept
    data=await reader.read(min(left,16384));assert data;hasher.update(data);left-=len(data);request_bytes+=len(data)
                                                   ^^^^
AssertionError
Unhandled exception in client_connected_cb
transport: <asyncio.sslproto._SSLProtocolTransport object at 0x10285c5f0>
Traceback (most recent call last):
  File "/Users/divyanshgolyan/.codex/worktrees/4511/onepage/research/transport-memory/asymmetric_server.py", line 39, in accept
    data=await reader.read(min(left,16384));assert data;hasher.update(data);left-=len(data);request_bytes+=len(data)
                                                   ^^^^
AssertionError
Unhandled exception in client_connected_cb
transport: <asyncio.sslproto._SSLProtocolTransport object at 0x10285c560>
Traceback (most recent call last):
  File "/Users/divyanshgolyan/.codex/worktrees/4511/onepage/research/transport-memory/asymmetric_server.py", line 39, in accept
    data=await reader.read(min(left,16384));assert data;hasher.update(data);left-=len(data);request_bytes+=len(data)
                                                   ^^^^
AssertionError
Unhandled exception in client_connected_cb
transport: <asyncio.sslproto._SSLProtocolTransport object at 0x10285c4d0>
Traceback (most recent call last):
  File "/Users/divyanshgolyan/.codex/worktrees/4511/onepage/research/transport-memory/asymmetric_server.py", line 39, in accept
    data=await reader.read(min(left,16384));assert data;hasher.update(data);left-=len(data);request_bytes+=len(data)
                                                   ^^^^
AssertionError
Unhandled exception in client_connected_cb
transport: <asyncio.sslproto._SSLProtocolTransport object at 0x10285c440>
Traceback (most recent call last):
  File "/Users/divyanshgolyan/.codex/worktrees/4511/onepage/research/transport-memory/asymmetric_server.py", line 39, in accept
    data=await reader.read(min(left,16384));assert data;hasher.update(data);left-=len(data);request_bytes+=len(data)
                                                   ^^^^
AssertionError
Unhandled exception in client_connected_cb
transport: <asyncio.sslproto._SSLProtocolTransport object at 0x10285c3b0>
Traceback (most recent call last):
  File "/Users/divyanshgolyan/.codex/worktrees/4511/onepage/research/transport-memory/asymmetric_server.py", line 39, in accept
    data=await reader.read(min(left,16384));assert data;hasher.update(data);left-=len(data);request_bytes+=len(data)
                                                   ^^^^
AssertionError
Unhandled exception in client_connected_cb
transport: <asyncio.sslproto._SSLProtocolTransport object at 0x10285c320>
Traceback (most recent call last):
  File "/Users/divyanshgolyan/.codex/worktrees/4511/onepage/research/transport-memory/asymmetric_server.py", line 39, in accept
    data=await reader.read(min(left,16384));assert data;hasher.update(data);left-=len(data);request_bytes+=len(data)
                                                   ^^^^
AssertionError
Unhandled exception in client_connected_cb
transport: <asyncio.sslproto._SSLProtocolTransport object at 0x10285c290>
Traceback (most recent call last):
  File "/Users/divyanshgolyan/.codex/worktrees/4511/onepage/research/transport-memory/asymmetric_server.py", line 39, in accept
    data=await reader.read(min(left,16384));assert data;hasher.update(data);left-=len(data);request_bytes+=len(data)
                                                   ^^^^
AssertionError
Unhandled exception in client_connected_cb
transport: <asyncio.sslproto._SSLProtocolTransport object at 0x10285c200>
Traceback (most recent call last):
  File "/Users/divyanshgolyan/.codex/worktrees/4511/onepage/research/transport-memory/asymmetric_server.py", line 39, in accept
    data=await reader.read(min(left,16384));assert data;hasher.update(data);left-=len(data);request_bytes+=len(data)
                                                   ^^^^
AssertionError
Unhandled exception in client_connected_cb
transport: <asyncio.sslproto._SSLProtocolTransport object at 0x10285c170>
Traceback (most recent call last):
  File "/Users/divyanshgolyan/.codex/worktrees/4511/onepage/research/transport-memory/asymmetric_server.py", line 39, in accept
    data=await reader.read(min(left,16384));assert data;hasher.update(data);left-=len(data);request_bytes+=len(data)
                                                   ^^^^
AssertionError
Unhandled exception in client_connected_cb
transport: <asyncio.sslproto._SSLProtocolTransport object at 0x10285c0e0>
Traceback (most recent call last):
  File "/Users/divyanshgolyan/.codex/worktrees/4511/onepage/research/transport-memory/asymmetric_server.py", line 39, in accept
    data=await reader.read(min(left,16384));assert data;hasher.update(data);left-=len(data);request_bytes+=len(data)
                                                   ^^^^
AssertionError
Unhandled exception in client_connected_cb
transport: <asyncio.sslproto._SSLProtocolTransport object at 0x10285c050>
Traceback (most recent call last):
  File "/Users/divyanshgolyan/.codex/worktrees/4511/onepage/research/transport-memory/asymmetric_server.py", line 39, in accept
    data=await reader.read(min(left,16384));assert data;hasher.update(data);left-=len(data);request_bytes+=len(data)
                                                   ^^^^
AssertionError
Unhandled exception in client_connected_cb
transport: <asyncio.sslproto._SSLProtocolTransport object at 0x101fb7f50>
Traceback (most recent call last):
  File "/Users/divyanshgolyan/.codex/worktrees/4511/onepage/research/transport-memory/asymmetric_server.py", line 39, in accept
    data=await reader.read(min(left,16384));assert data;hasher.update(data);left-=len(data);request_bytes+=len(data)
                                                   ^^^^
AssertionError
Unhandled exception in client_connected_cb
transport: <asyncio.sslproto._SSLProtocolTransport object at 0x101fb7ec0>
Traceback (most recent call last):
  File "/Users/divyanshgolyan/.codex/worktrees/4511/onepage/research/transport-memory/asymmetric_server.py", line 39, in accept
    data=await reader.read(min(left,16384));assert data;hasher.update(data);left-=len(data);request_bytes+=len(data)
                                                   ^^^^
AssertionError
Unhandled exception in client_connected_cb
transport: <asyncio.sslproto._SSLProtocolTransport object at 0x101fb7e30>
Traceback (most recent call last):
  File "/Users/divyanshgolyan/.codex/worktrees/4511/onepage/research/transport-memory/asymmetric_server.py", line 39, in accept
    data=await reader.read(min(left,16384));assert data;hasher.update(data);left-=len(data);request_bytes+=len(data)
                                                   ^^^^
AssertionError
Unhandled exception in client_connected_cb
transport: <asyncio.sslproto._SSLProtocolTransport object at 0x101fb7da0>
Traceback (most recent call last):
  File "/Users/divyanshgolyan/.codex/worktrees/4511/onepage/research/transport-memory/asymmetric_server.py", line 39, in accept
    data=await reader.read(min(left,16384));assert data;hasher.update(data);left-=len(data);request_bytes+=len(data)
                                                   ^^^^
AssertionError
Unhandled exception in client_connected_cb
transport: <asyncio.sslproto._SSLProtocolTransport object at 0x101fb7d10>
Traceback (most recent call last):
  File "/Users/divyanshgolyan/.codex/worktrees/4511/onepage/research/transport-memory/asymmetric_server.py", line 39, in accept
    data=await reader.read(min(left,16384));assert data;hasher.update(data);left-=len(data);request_bytes+=len(data)
                                                   ^^^^
AssertionError
Unhandled exception in client_connected_cb
transport: <asyncio.sslproto._SSLProtocolTransport object at 0x101fb7c80>
Traceback (most recent call last):
  File "/Users/divyanshgolyan/.codex/worktrees/4511/onepage/research/transport-memory/asymmetric_server.py", line 39, in accept
    data=await reader.read(min(left,16384));assert data;hasher.update(data);left-=len(data);request_bytes+=len(data)
                                                   ^^^^
AssertionError
Unhandled exception in client_connected_cb
transport: <asyncio.sslproto._SSLProtocolTransport object at 0x101fb7bf0>
Traceback (most recent call last):
  File "/Users/divyanshgolyan/.codex/worktrees/4511/onepage/research/transport-memory/asymmetric_server.py", line 39, in accept
    data=await reader.read(min(left,16384));assert data;hasher.update(data);left-=len(data);request_bytes+=len(data)
                                                   ^^^^
AssertionError
Unhandled exception in client_connected_cb
transport: <asyncio.sslproto._SSLProtocolTransport object at 0x101fb7b60>
Traceback (most recent call last):
  File "/Users/divyanshgolyan/.codex/worktrees/4511/onepage/research/transport-memory/asymmetric_server.py", line 39, in accept
    data=await reader.read(min(left,16384));assert data;hasher.update(data);left-=len(data);request_bytes+=len(data)
                                                   ^^^^
AssertionError
Unhandled exception in client_connected_cb
transport: <asyncio.sslproto._SSLProtocolTransport object at 0x101fb7ad0>
Traceback (most recent call last):
  File "/Users/divyanshgolyan/.codex/worktrees/4511/onepage/research/transport-memory/asymmetric_server.py", line 39, in accept
    data=await reader.read(min(left,16384));assert data;hasher.update(data);left-=len(data);request_bytes+=len(data)
                                                   ^^^^
AssertionError
Unhandled exception in client_connected_cb
transport: <asyncio.sslproto._SSLProtocolTransport object at 0x101fb7a40>
Traceback (most recent call last):
  File "/Users/divyanshgolyan/.codex/worktrees/4511/onepage/research/transport-memory/asymmetric_server.py", line 39, in accept
    data=await reader.read(min(left,16384));assert data;hasher.update(data);left-=len(data);request_bytes+=len(data)
                                                   ^^^^
AssertionError
Unhandled exception in client_connected_cb
transport: <asyncio.sslproto._SSLProtocolTransport object at 0x101fb79b0>
Traceback (most recent call last):
  File "/Users/divyanshgolyan/.codex/worktrees/4511/onepage/research/transport-memory/asymmetric_server.py", line 39, in accept
    data=await reader.read(min(left,16384));assert data;hasher.update(data);left-=len(data);request_bytes+=len(data)
                                                   ^^^^
AssertionError
Unhandled exception in client_connected_cb
transport: <asyncio.sslproto._SSLProtocolTransport object at 0x101fb7920>
Traceback (most recent call last):
  File "/Users/divyanshgolyan/.codex/worktrees/4511/onepage/research/transport-memory/asymmetric_server.py", line 39, in accept
    data=await reader.read(min(left,16384));assert data;hasher.update(data);left-=len(data);request_bytes+=len(data)
                                                   ^^^^
AssertionError
Unhandled exception in client_connected_cb
transport: <asyncio.sslproto._SSLProtocolTransport object at 0x101fb7890>
Traceback (most recent call last):
  File "/Users/divyanshgolyan/.codex/worktrees/4511/onepage/research/transport-memory/asymmetric_server.py", line 39, in accept
    data=await reader.read(min(left,16384));assert data;hasher.update(data);left-=len(data);request_bytes+=len(data)
                                                   ^^^^
AssertionError
Unhandled exception in client_connected_cb
transport: <asyncio.sslproto._SSLProtocolTransport object at 0x101fb7800>
Traceback (most recent call last):
  File "/Users/divyanshgolyan/.codex/worktrees/4511/onepage/research/transport-memory/asymmetric_server.py", line 39, in accept
    data=await reader.read(min(left,16384));assert data;hasher.update(data);left-=len(data);request_bytes+=len(data)
                                                   ^^^^
AssertionError
Unhandled exception in client_connected_cb
transport: <asyncio.sslproto._SSLProtocolTransport object at 0x101fb7770>
Traceback (most recent call last):
  File "/Users/divyanshgolyan/.codex/worktrees/4511/onepage/research/transport-memory/asymmetric_server.py", line 39, in accept
    data=await reader.read(min(left,16384));assert data;hasher.update(data);left-=len(data);request_bytes+=len(data)
                                                   ^^^^
AssertionError
Unhandled exception in client_connected_cb
transport: <asyncio.sslproto._SSLProtocolTransport object at 0x101fb76e0>
Traceback (most recent call last):
  File "/Users/divyanshgolyan/.codex/worktrees/4511/onepage/research/transport-memory/asymmetric_server.py", line 39, in accept
    data=await reader.read(min(left,16384));assert data;hasher.update(data);left-=len(data);request_bytes+=len(data)
                                                   ^^^^
AssertionError
Unhandled exception in client_connected_cb
transport: <asyncio.sslproto._SSLProtocolTransport object at 0x101fb7650>
Traceback (most recent call last):
  File "/Users/divyanshgolyan/.codex/worktrees/4511/onepage/research/transport-memory/asymmetric_server.py", line 39, in accept
    data=await reader.read(min(left,16384));assert data;hasher.update(data);left-=len(data);request_bytes+=len(data)
                                                   ^^^^
AssertionError
Unhandled exception in client_connected_cb
transport: <asyncio.sslproto._SSLProtocolTransport object at 0x101fb75c0>
Traceback (most recent call last):
  File "/Users/divyanshgolyan/.codex/worktrees/4511/onepage/research/transport-memory/asymmetric_server.py", line 39, in accept
    data=await reader.read(min(left,16384));assert data;hasher.update(data);left-=len(data);request_bytes+=len(data)
                                                   ^^^^
AssertionError
Unhandled exception in client_connected_cb
transport: <asyncio.sslproto._SSLProtocolTransport object at 0x101fb7530>
Traceback (most recent call last):
  File "/Users/divyanshgolyan/.codex/worktrees/4511/onepage/research/transport-memory/asymmetric_server.py", line 39, in accept
    data=await reader.read(min(left,16384));assert data;hasher.update(data);left-=len(data);request_bytes+=len(data)
                                                   ^^^^
AssertionError
Unhandled exception in client_connected_cb
transport: <asyncio.sslproto._SSLProtocolTransport object at 0x101fb74a0>
Traceback (most recent call last):
  File "/Users/divyanshgolyan/.codex/worktrees/4511/onepage/research/transport-memory/asymmetric_server.py", line 39, in accept
    data=await reader.read(min(left,16384));assert data;hasher.update(data);left-=len(data);request_bytes+=len(data)
                                                   ^^^^
AssertionError
Unhandled exception in client_connected_cb
transport: <asyncio.sslproto._SSLProtocolTransport object at 0x101fb7410>
Traceback (most recent call last):
  File "/Users/divyanshgolyan/.codex/worktrees/4511/onepage/research/transport-memory/asymmetric_server.py", line 39, in accept
    data=await reader.read(min(left,16384));assert data;hasher.update(data);left-=len(data);request_bytes+=len(data)
                                                   ^^^^
AssertionError
Unhandled exception in client_connected_cb
transport: <asyncio.sslproto._SSLProtocolTransport object at 0x101fb7380>
Traceback (most recent call last):
  File "/Users/divyanshgolyan/.codex/worktrees/4511/onepage/research/transport-memory/asymmetric_server.py", line 39, in accept
    data=await reader.read(min(left,16384));assert data;hasher.update(data);left-=len(data);request_bytes+=len(data)
                                                   ^^^^
AssertionError
Unhandled exception in client_connected_cb
transport: <asyncio.sslproto._SSLProtocolTransport object at 0x101fb72f0>
Traceback (most recent call last):
  File "/Users/divyanshgolyan/.codex/worktrees/4511/onepage/research/transport-memory/asymmetric_server.py", line 39, in accept
    data=await reader.read(min(left,16384));assert data;hasher.update(data);left-=len(data);request_bytes+=len(data)
                                                   ^^^^
AssertionError
Unhandled exception in client_connected_cb
transport: <asyncio.sslproto._SSLProtocolTransport object at 0x101fb7260>
Traceback (most recent call last):
  File "/Users/divyanshgolyan/.codex/worktrees/4511/onepage/research/transport-memory/asymmetric_server.py", line 39, in accept
    data=await reader.read(min(left,16384));assert data;hasher.update(data);left-=len(data);request_bytes+=len(data)
                                                   ^^^^
AssertionError
Unhandled exception in client_connected_cb
transport: <asyncio.sslproto._SSLProtocolTransport object at 0x101fb71d0>
Traceback (most recent call last):
  File "/Users/divyanshgolyan/.codex/worktrees/4511/onepage/research/transport-memory/asymmetric_server.py", line 39, in accept
    data=await reader.read(min(left,16384));assert data;hasher.update(data);left-=len(data);request_bytes+=len(data)
                                                   ^^^^
AssertionError
Unhandled exception in client_connected_cb
transport: <asyncio.sslproto._SSLProtocolTransport object at 0x101fb7140>
Traceback (most recent call last):
  File "/Users/divyanshgolyan/.codex/worktrees/4511/onepage/research/transport-memory/asymmetric_server.py", line 39, in accept
    data=await reader.read(min(left,16384));assert data;hasher.update(data);left-=len(data);request_bytes+=len(data)
                                                   ^^^^
AssertionError
Unhandled exception in client_connected_cb
transport: <asyncio.sslproto._SSLProtocolTransport object at 0x101fb70b0>
Traceback (most recent call last):
  File "/Users/divyanshgolyan/.codex/worktrees/4511/onepage/research/transport-memory/asymmetric_server.py", line 39, in accept
    data=await reader.read(min(left,16384));assert data;hasher.update(data);left-=len(data);request_bytes+=len(data)
                                                   ^^^^
AssertionError
Unhandled exception in client_connected_cb
transport: <asyncio.sslproto._SSLProtocolTransport object at 0x101fb7020>
Traceback (most recent call last):
  File "/Users/divyanshgolyan/.codex/worktrees/4511/onepage/research/transport-memory/asymmetric_server.py", line 39, in accept
    data=await reader.read(min(left,16384));assert data;hasher.update(data);left-=len(data);request_bytes+=len(data)
                                                   ^^^^
AssertionError
Unhandled exception in client_connected_cb
transport: <asyncio.sslproto._SSLProtocolTransport object at 0x101fb6f90>
Traceback (most recent call last):
  File "/Users/divyanshgolyan/.codex/worktrees/4511/onepage/research/transport-memory/asymmetric_server.py", line 39, in accept
    data=await reader.read(min(left,16384));assert data;hasher.update(data);left-=len(data);request_bytes+=len(data)
                                                   ^^^^
AssertionError
Unhandled exception in client_connected_cb
transport: <asyncio.sslproto._SSLProtocolTransport object at 0x101fb6f00>
Traceback (most recent call last):
  File "/Users/divyanshgolyan/.codex/worktrees/4511/onepage/research/transport-memory/asymmetric_server.py", line 39, in accept
    data=await reader.read(min(left,16384));assert data;hasher.update(data);left-=len(data);request_bytes+=len(data)
                                                   ^^^^
AssertionError
Unhandled exception in client_connected_cb
transport: <asyncio.sslproto._SSLProtocolTransport object at 0x101fb6e70>
Traceback (most recent call last):
  File "/Users/divyanshgolyan/.codex/worktrees/4511/onepage/research/transport-memory/asymmetric_server.py", line 39, in accept
    data=await reader.read(min(left,16384));assert data;hasher.update(data);left-=len(data);request_bytes+=len(data)
                                                   ^^^^
AssertionError
Unhandled exception in client_connected_cb
transport: <asyncio.sslproto._SSLProtocolTransport object at 0x101fb6de0>
Traceback (most recent call last):
  File "/Users/divyanshgolyan/.codex/worktrees/4511/onepage/research/transport-memory/asymmetric_server.py", line 39, in accept
    data=await reader.read(min(left,16384));assert data;hasher.update(data);left-=len(data);request_bytes+=len(data)
                                                   ^^^^
AssertionError
Unhandled exception in client_connected_cb
transport: <asyncio.sslproto._SSLProtocolTransport object at 0x101fb6d50>
Traceback (most recent call last):
  File "/Users/divyanshgolyan/.codex/worktrees/4511/onepage/research/transport-memory/asymmetric_server.py", line 39, in accept
    data=await reader.read(min(left,16384));assert data;hasher.update(data);left-=len(data);request_bytes+=len(data)
                                                   ^^^^
AssertionError
Unhandled exception in client_connected_cb
transport: <asyncio.sslproto._SSLProtocolTransport object at 0x101fb6cc0>
Traceback (most recent call last):
  File "/Users/divyanshgolyan/.codex/worktrees/4511/onepage/research/transport-memory/asymmetric_server.py", line 39, in accept
    data=await reader.read(min(left,16384));assert data;hasher.update(data);left-=len(data);request_bytes+=len(data)
                                                   ^^^^
AssertionError
Unhandled exception in client_connected_cb
transport: <asyncio.sslproto._SSLProtocolTransport object at 0x101fb6c30>
Traceback (most recent call last):
  File "/Users/divyanshgolyan/.codex/worktrees/4511/onepage/research/transport-memory/asymmetric_server.py", line 39, in accept
    data=await reader.read(min(left,16384));assert data;hasher.update(data);left-=len(data);request_bytes+=len(data)
                                                   ^^^^
AssertionError
Unhandled exception in client_connected_cb
transport: <asyncio.sslproto._SSLProtocolTransport object at 0x101fb6ba0>
Traceback (most recent call last):
  File "/Users/divyanshgolyan/.codex/worktrees/4511/onepage/research/transport-memory/asymmetric_server.py", line 39, in accept
    data=await reader.read(min(left,16384));assert data;hasher.update(data);left-=len(data);request_bytes+=len(data)
                                                   ^^^^
AssertionError
Unhandled exception in client_connected_cb
transport: <asyncio.sslproto._SSLProtocolTransport object at 0x101fb6b10>
Traceback (most recent call last):
  File "/Users/divyanshgolyan/.codex/worktrees/4511/onepage/research/transport-memory/asymmetric_server.py", line 39, in accept
    data=await reader.read(min(left,16384));assert data;hasher.update(data);left-=len(data);request_bytes+=len(data)
                                                   ^^^^
AssertionError
Unhandled exception in client_connected_cb
transport: <asyncio.sslproto._SSLProtocolTransport object at 0x101fb6a80>
Traceback (most recent call last):
  File "/Users/divyanshgolyan/.codex/worktrees/4511/onepage/research/transport-memory/asymmetric_server.py", line 39, in accept
    data=await reader.read(min(left,16384));assert data;hasher.update(data);left-=len(data);request_bytes+=len(data)
                                                   ^^^^
AssertionError
Unhandled exception in client_connected_cb
transport: <asyncio.sslproto._SSLProtocolTransport object at 0x101fb69f0>
Traceback (most recent call last):
  File "/Users/divyanshgolyan/.codex/worktrees/4511/onepage/research/transport-memory/asymmetric_server.py", line 39, in accept
    data=await reader.read(min(left,16384));assert data;hasher.update(data);left-=len(data);request_bytes+=len(data)
                                                   ^^^^
AssertionError
Unhandled exception in client_connected_cb
transport: <asyncio.sslproto._SSLProtocolTransport object at 0x101fb6960>
Traceback (most recent call last):
  File "/Users/divyanshgolyan/.codex/worktrees/4511/onepage/research/transport-memory/asymmetric_server.py", line 39, in accept
    data=await reader.read(min(left,16384));assert data;hasher.update(data);left-=len(data);request_bytes+=len(data)
                                                   ^^^^
AssertionError
Unhandled exception in client_connected_cb
transport: <asyncio.sslproto._SSLProtocolTransport object at 0x101fb68d0>
Traceback (most recent call last):
  File "/Users/divyanshgolyan/.codex/worktrees/4511/onepage/research/transport-memory/asymmetric_server.py", line 39, in accept
    data=await reader.read(min(left,16384));assert data;hasher.update(data);left-=len(data);request_bytes+=len(data)
                                                   ^^^^
AssertionError
Unhandled exception in client_connected_cb
transport: <asyncio.sslproto._SSLProtocolTransport object at 0x101fb6840>
Traceback (most recent call last):
  File "/Users/divyanshgolyan/.codex/worktrees/4511/onepage/research/transport-memory/asymmetric_server.py", line 39, in accept
    data=await reader.read(min(left,16384));assert data;hasher.update(data);left-=len(data);request_bytes+=len(data)
                                                   ^^^^
AssertionError
Unhandled exception in client_connected_cb
transport: <asyncio.sslproto._SSLProtocolTransport object at 0x101fb67b0>
Traceback (most recent call last):
  File "/Users/divyanshgolyan/.codex/worktrees/4511/onepage/research/transport-memory/asymmetric_server.py", line 39, in accept
    data=await reader.read(min(left,16384));assert data;hasher.update(data);left-=len(data);request_bytes+=len(data)
                                                   ^^^^
AssertionError
Unhandled exception in client_connected_cb
transport: <asyncio.sslproto._SSLProtocolTransport object at 0x101fb6720>
Traceback (most recent call last):
  File "/Users/divyanshgolyan/.codex/worktrees/4511/onepage/research/transport-memory/asymmetric_server.py", line 39, in accept
    data=await reader.read(min(left,16384));assert data;hasher.update(data);left-=len(data);request_bytes+=len(data)
                                                   ^^^^
AssertionError
Unhandled exception in client_connected_cb
transport: <asyncio.sslproto._SSLProtocolTransport object at 0x101fb6690>
Traceback (most recent call last):
  File "/Users/divyanshgolyan/.codex/worktrees/4511/onepage/research/transport-memory/asymmetric_server.py", line 39, in accept
    data=await reader.read(min(left,16384));assert data;hasher.update(data);left-=len(data);request_bytes+=len(data)
                                                   ^^^^
AssertionError
Unhandled exception in client_connected_cb
transport: <asyncio.sslproto._SSLProtocolTransport object at 0x101fb6600>
Traceback (most recent call last):
  File "/Users/divyanshgolyan/.codex/worktrees/4511/onepage/research/transport-memory/asymmetric_server.py", line 39, in accept
    data=await reader.read(min(left,16384));assert data;hasher.update(data);left-=len(data);request_bytes+=len(data)
                                                   ^^^^
AssertionError
Unhandled exception in client_connected_cb
transport: <asyncio.sslproto._SSLProtocolTransport object at 0x101fb6570>
Traceback (most recent call last):
  File "/Users/divyanshgolyan/.codex/worktrees/4511/onepage/research/transport-memory/asymmetric_server.py", line 39, in accept
    data=await reader.read(min(left,16384));assert data;hasher.update(data);left-=len(data);request_bytes+=len(data)
                                                   ^^^^
AssertionError
Unhandled exception in client_connected_cb
transport: <asyncio.sslproto._SSLProtocolTransport object at 0x101fb64e0>
Traceback (most recent call last):
  File "/Users/divyanshgolyan/.codex/worktrees/4511/onepage/research/transport-memory/asymmetric_server.py", line 39, in accept
    data=await reader.read(min(left,16384));assert data;hasher.update(data);left-=len(data);request_bytes+=len(data)
                                                   ^^^^
AssertionError
Unhandled exception in client_connected_cb
transport: <asyncio.sslproto._SSLProtocolTransport object at 0x101fb6450>
Traceback (most recent call last):
  File "/Users/divyanshgolyan/.codex/worktrees/4511/onepage/research/transport-memory/asymmetric_server.py", line 39, in accept
    data=await reader.read(min(left,16384));assert data;hasher.update(data);left-=len(data);request_bytes+=len(data)
                                                   ^^^^
AssertionError
Unhandled exception in client_connected_cb
transport: <asyncio.sslproto._SSLProtocolTransport object at 0x101fb63c0>
Traceback (most recent call last):
  File "/Users/divyanshgolyan/.codex/worktrees/4511/onepage/research/transport-memory/asymmetric_server.py", line 39, in accept
    data=await reader.read(min(left,16384));assert data;hasher.update(data);left-=len(data);request_bytes+=len(data)
                                                   ^^^^
AssertionError
Unhandled exception in client_connected_cb
transport: <asyncio.sslproto._SSLProtocolTransport object at 0x101fb6330>
Traceback (most recent call last):
  File "/Users/divyanshgolyan/.codex/worktrees/4511/onepage/research/transport-memory/asymmetric_server.py", line 39, in accept
    data=await reader.read(min(left,16384));assert data;hasher.update(data);left-=len(data);request_bytes+=len(data)
                                                   ^^^^
AssertionError
Unhandled exception in client_connected_cb
transport: <asyncio.sslproto._SSLProtocolTransport object at 0x101fb62a0>
Traceback (most recent call last):
  File "/Users/divyanshgolyan/.codex/worktrees/4511/onepage/research/transport-memory/asymmetric_server.py", line 39, in accept
    data=await reader.read(min(left,16384));assert data;hasher.update(data);left-=len(data);request_bytes+=len(data)
                                                   ^^^^
AssertionError
Unhandled exception in client_connected_cb
transport: <asyncio.sslproto._SSLProtocolTransport object at 0x101fb6210>
Traceback (most recent call last):
  File "/Users/divyanshgolyan/.codex/worktrees/4511/onepage/research/transport-memory/asymmetric_server.py", line 39, in accept
    data=await reader.read(min(left,16384));assert data;hasher.update(data);left-=len(data);request_bytes+=len(data)
                                                   ^^^^
AssertionError
Unhandled exception in client_connected_cb
transport: <asyncio.sslproto._SSLProtocolTransport object at 0x101fb6180>
Traceback (most recent call last):
  File "/Users/divyanshgolyan/.codex/worktrees/4511/onepage/research/transport-memory/asymmetric_server.py", line 39, in accept
    data=await reader.read(min(left,16384));assert data;hasher.update(data);left-=len(data);request_bytes+=len(data)
                                                   ^^^^
AssertionError
Unhandled exception in client_connected_cb
transport: <asyncio.sslproto._SSLProtocolTransport object at 0x101fb60f0>
Traceback (most recent call last):
  File "/Users/divyanshgolyan/.codex/worktrees/4511/onepage/research/transport-memory/asymmetric_server.py", line 39, in accept
    data=await reader.read(min(left,16384));assert data;hasher.update(data);left-=len(data);request_bytes+=len(data)
                                                   ^^^^
AssertionError
Unhandled exception in client_connected_cb
transport: <asyncio.sslproto._SSLProtocolTransport object at 0x101fb6060>
Traceback (most recent call last):
  File "/Users/divyanshgolyan/.codex/worktrees/4511/onepage/research/transport-memory/asymmetric_server.py", line 39, in accept
    data=await reader.read(min(left,16384));assert data;hasher.update(data);left-=len(data);request_bytes+=len(data)
                                                   ^^^^
AssertionError
Unhandled exception in client_connected_cb
transport: <asyncio.sslproto._SSLProtocolTransport object at 0x101fb5fd0>
Traceback (most recent call last):
  File "/Users/divyanshgolyan/.codex/worktrees/4511/onepage/research/transport-memory/asymmetric_server.py", line 39, in accept
    data=await reader.read(min(left,16384));assert data;hasher.update(data);left-=len(data);request_bytes+=len(data)
                                                   ^^^^
AssertionError
Unhandled exception in client_connected_cb
transport: <asyncio.sslproto._SSLProtocolTransport object at 0x101fb5f40>
Traceback (most recent call last):
  File "/Users/divyanshgolyan/.codex/worktrees/4511/onepage/research/transport-memory/asymmetric_server.py", line 39, in accept
    data=await reader.read(min(left,16384));assert data;hasher.update(data);left-=len(data);request_bytes+=len(data)
                                                   ^^^^
AssertionError
Unhandled exception in client_connected_cb
transport: <asyncio.sslproto._SSLProtocolTransport object at 0x101fb5eb0>
Traceback (most recent call last):
  File "/Users/divyanshgolyan/.codex/worktrees/4511/onepage/research/transport-memory/asymmetric_server.py", line 39, in accept
    data=await reader.read(min(left,16384));assert data;hasher.update(data);left-=len(data);request_bytes+=len(data)
                                                   ^^^^
AssertionError
Unhandled exception in client_connected_cb
transport: <asyncio.sslproto._SSLProtocolTransport object at 0x101fb5e20>
Traceback (most recent call last):
  File "/Users/divyanshgolyan/.codex/worktrees/4511/onepage/research/transport-memory/asymmetric_server.py", line 39, in accept
    data=await reader.read(min(left,16384));assert data;hasher.update(data);left-=len(data);request_bytes+=len(data)
                                                   ^^^^
AssertionError
Unhandled exception in client_connected_cb
transport: <asyncio.sslproto._SSLProtocolTransport object at 0x101fb5d90>
Traceback (most recent call last):
  File "/Users/divyanshgolyan/.codex/worktrees/4511/onepage/research/transport-memory/asymmetric_server.py", line 39, in accept
    data=await reader.read(min(left,16384));assert data;hasher.update(data);left-=len(data);request_bytes+=len(data)
                                                   ^^^^
AssertionError
Unhandled exception in client_connected_cb
transport: <asyncio.sslproto._SSLProtocolTransport object at 0x101fb5d00>
Traceback (most recent call last):
  File "/Users/divyanshgolyan/.codex/worktrees/4511/onepage/research/transport-memory/asymmetric_server.py", line 39, in accept
    data=await reader.read(min(left,16384));assert data;hasher.update(data);left-=len(data);request_bytes+=len(data)
                                                   ^^^^
AssertionError
Unhandled exception in client_connected_cb
transport: <asyncio.sslproto._SSLProtocolTransport object at 0x101fb5c70>
Traceback (most recent call last):
  File "/Users/divyanshgolyan/.codex/worktrees/4511/onepage/research/transport-memory/asymmetric_server.py", line 39, in accept
    data=await reader.read(min(left,16384));assert data;hasher.update(data);left-=len(data);request_bytes+=len(data)
                                                   ^^^^
AssertionError
Unhandled exception in client_connected_cb
transport: <asyncio.sslproto._SSLProtocolTransport object at 0x101fb5be0>
Traceback (most recent call last):
  File "/Users/divyanshgolyan/.codex/worktrees/4511/onepage/research/transport-memory/asymmetric_server.py", line 39, in accept
    data=await reader.read(min(left,16384));assert data;hasher.update(data);left-=len(data);request_bytes+=len(data)
                                                   ^^^^
AssertionError
Unhandled exception in client_connected_cb
transport: <asyncio.sslproto._SSLProtocolTransport object at 0x101fb5b50>
Traceback (most recent call last):
  File "/Users/divyanshgolyan/.codex/worktrees/4511/onepage/research/transport-memory/asymmetric_server.py", line 39, in accept
    data=await reader.read(min(left,16384));assert data;hasher.update(data);left-=len(data);request_bytes+=len(data)
                                                   ^^^^
AssertionError
Unhandled exception in client_connected_cb
transport: <asyncio.sslproto._SSLProtocolTransport object at 0x101fb5ac0>
Traceback (most recent call last):
  File "/Users/divyanshgolyan/.codex/worktrees/4511/onepage/research/transport-memory/asymmetric_server.py", line 39, in accept
    data=await reader.read(min(left,16384));assert data;hasher.update(data);left-=len(data);request_bytes+=len(data)
                                                   ^^^^
AssertionError
Unhandled exception in client_connected_cb
transport: <asyncio.sslproto._SSLProtocolTransport object at 0x101fb5a30>
Traceback (most recent call last):
  File "/Users/divyanshgolyan/.codex/worktrees/4511/onepage/research/transport-memory/asymmetric_server.py", line 39, in accept
    data=await reader.read(min(left,16384));assert data;hasher.update(data);left-=len(data);request_bytes+=len(data)
                                                   ^^^^
AssertionError
Unhandled exception in client_connected_cb
transport: <asyncio.sslproto._SSLProtocolTransport object at 0x101fb59a0>
Traceback (most recent call last):
  File "/Users/divyanshgolyan/.codex/worktrees/4511/onepage/research/transport-memory/asymmetric_server.py", line 39, in accept
    data=await reader.read(min(left,16384));assert data;hasher.update(data);left-=len(data);request_bytes+=len(data)
                                                   ^^^^
AssertionError
Unhandled exception in client_connected_cb
transport: <asyncio.sslproto._SSLProtocolTransport object at 0x101fb5910>
Traceback (most recent call last):
  File "/Users/divyanshgolyan/.codex/worktrees/4511/onepage/research/transport-memory/asymmetric_server.py", line 39, in accept
    data=await reader.read(min(left,16384));assert data;hasher.update(data);left-=len(data);request_bytes+=len(data)
                                                   ^^^^
AssertionError
Unhandled exception in client_connected_cb
transport: <asyncio.sslproto._SSLProtocolTransport object at 0x101fb5880>
Traceback (most recent call last):
  File "/Users/divyanshgolyan/.codex/worktrees/4511/onepage/research/transport-memory/asymmetric_server.py", line 39, in accept
    data=await reader.read(min(left,16384));assert data;hasher.update(data);left-=len(data);request_bytes+=len(data)
                                                   ^^^^
AssertionError
Unhandled exception in client_connected_cb
transport: <asyncio.sslproto._SSLProtocolTransport object at 0x101fb57f0>
Traceback (most recent call last):
  File "/Users/divyanshgolyan/.codex/worktrees/4511/onepage/research/transport-memory/asymmetric_server.py", line 39, in accept
    data=await reader.read(min(left,16384));assert data;hasher.update(data);left-=len(data);request_bytes+=len(data)
                                                   ^^^^
AssertionError
Unhandled exception in client_connected_cb
transport: <asyncio.sslproto._SSLProtocolTransport object at 0x101fb5760>
Traceback (most recent call last):
  File "/Users/divyanshgolyan/.codex/worktrees/4511/onepage/research/transport-memory/asymmetric_server.py", line 39, in accept
    data=await reader.read(min(left,16384));assert data;hasher.update(data);left-=len(data);request_bytes+=len(data)
                                                   ^^^^
AssertionError
Unhandled exception in client_connected_cb
transport: <asyncio.sslproto._SSLProtocolTransport object at 0x101fb56d0>
Traceback (most recent call last):
  File "/Users/divyanshgolyan/.codex/worktrees/4511/onepage/research/transport-memory/asymmetric_server.py", line 39, in accept
    data=await reader.read(min(left,16384));assert data;hasher.update(data);left-=len(data);request_bytes+=len(data)
                                                   ^^^^
AssertionError
Unhandled exception in client_connected_cb
transport: <asyncio.sslproto._SSLProtocolTransport object at 0x101fb5640>
Traceback (most recent call last):
  File "/Users/divyanshgolyan/.codex/worktrees/4511/onepage/research/transport-memory/asymmetric_server.py", line 39, in accept
    data=await reader.read(min(left,16384));assert data;hasher.update(data);left-=len(data);request_bytes+=len(data)
                                                   ^^^^
AssertionError
Unhandled exception in client_connected_cb
transport: <asyncio.sslproto._SSLProtocolTransport object at 0x101fb55b0>
Traceback (most recent call last):
  File "/Users/divyanshgolyan/.codex/worktrees/4511/onepage/research/transport-memory/asymmetric_server.py", line 39, in accept
    data=await reader.read(min(left,16384));assert data;hasher.update(data);left-=len(data);request_bytes+=len(data)
                                                   ^^^^
AssertionError
Unhandled exception in client_connected_cb
transport: <asyncio.sslproto._SSLProtocolTransport object at 0x101fb5520>
Traceback (most recent call last):
  File "/Users/divyanshgolyan/.codex/worktrees/4511/onepage/research/transport-memory/asymmetric_server.py", line 39, in accept
    data=await reader.read(min(left,16384));assert data;hasher.update(data);left-=len(data);request_bytes+=len(data)
                                                   ^^^^
AssertionError
Unhandled exception in client_connected_cb
transport: <asyncio.sslproto._SSLProtocolTransport object at 0x101fb5490>
Traceback (most recent call last):
  File "/Users/divyanshgolyan/.codex/worktrees/4511/onepage/research/transport-memory/asymmetric_server.py", line 39, in accept
    data=await reader.read(min(left,16384));assert data;hasher.update(data);left-=len(data);request_bytes+=len(data)
                                                   ^^^^
AssertionError
Unhandled exception in client_connected_cb
transport: <asyncio.sslproto._SSLProtocolTransport object at 0x101fb5400>
Traceback (most recent call last):
  File "/Users/divyanshgolyan/.codex/worktrees/4511/onepage/research/transport-memory/asymmetric_server.py", line 39, in accept
    data=await reader.read(min(left,16384));assert data;hasher.update(data);left-=len(data);request_bytes+=len(data)
                                                   ^^^^
AssertionError
Unhandled exception in client_connected_cb
transport: <asyncio.sslproto._SSLProtocolTransport object at 0x101fb5370>
Traceback (most recent call last):
  File "/Users/divyanshgolyan/.codex/worktrees/4511/onepage/research/transport-memory/asymmetric_server.py", line 39, in accept
    data=await reader.read(min(left,16384));assert data;hasher.update(data);left-=len(data);request_bytes+=len(data)
                                                   ^^^^
AssertionError
Unhandled exception in client_connected_cb
transport: <asyncio.sslproto._SSLProtocolTransport object at 0x101fb52e0>
Traceback (most recent call last):
  File "/Users/divyanshgolyan/.codex/worktrees/4511/onepage/research/transport-memory/asymmetric_server.py", line 39, in accept
    data=await reader.read(min(left,16384));assert data;hasher.update(data);left-=len(data);request_bytes+=len(data)
                                                   ^^^^
AssertionError
Unhandled exception in client_connected_cb
transport: <asyncio.sslproto._SSLProtocolTransport object at 0x101fb5250>
Traceback (most recent call last):
  File "/Users/divyanshgolyan/.codex/worktrees/4511/onepage/research/transport-memory/asymmetric_server.py", line 39, in accept
    data=await reader.read(min(left,16384));assert data;hasher.update(data);left-=len(data);request_bytes+=len(data)
                                                   ^^^^
AssertionError
Unhandled exception in client_connected_cb
transport: <asyncio.sslproto._SSLProtocolTransport object at 0x101fb51c0>
Traceback (most recent call last):
  File "/Users/divyanshgolyan/.codex/worktrees/4511/onepage/research/transport-memory/asymmetric_server.py", line 39, in accept
    data=await reader.read(min(left,16384));assert data;hasher.update(data);left-=len(data);request_bytes+=len(data)
                                                   ^^^^
AssertionError
Unhandled exception in client_connected_cb
transport: <asyncio.sslproto._SSLProtocolTransport object at 0x101fb5130>
Traceback (most recent call last):
  File "/Users/divyanshgolyan/.codex/worktrees/4511/onepage/research/transport-memory/asymmetric_server.py", line 39, in accept
    data=await reader.read(min(left,16384));assert data;hasher.update(data);left-=len(data);request_bytes+=len(data)
                                                   ^^^^
AssertionError
Unhandled exception in client_connected_cb
transport: <asyncio.sslproto._SSLProtocolTransport object at 0x101fb50a0>
Traceback (most recent call last):
  File "/Users/divyanshgolyan/.codex/worktrees/4511/onepage/research/transport-memory/asymmetric_server.py", line 39, in accept
    data=await reader.read(min(left,16384));assert data;hasher.update(data);left-=len(data);request_bytes+=len(data)
                                                   ^^^^
AssertionError
Unhandled exception in client_connected_cb
transport: <asyncio.sslproto._SSLProtocolTransport object at 0x101fb5010>
Traceback (most recent call last):
  File "/Users/divyanshgolyan/.codex/worktrees/4511/onepage/research/transport-memory/asymmetric_server.py", line 39, in accept
    data=await reader.read(min(left,16384));assert data;hasher.update(data);left-=len(data);request_bytes+=len(data)
                                                   ^^^^
AssertionError
Unhandled exception in client_connected_cb
transport: <asyncio.sslproto._SSLProtocolTransport object at 0x101fb4f80>
Traceback (most recent call last):
  File "/Users/divyanshgolyan/.codex/worktrees/4511/onepage/research/transport-memory/asymmetric_server.py", line 39, in accept
    data=await reader.read(min(left,16384));assert data;hasher.update(data);left-=len(data);request_bytes+=len(data)
                                                   ^^^^
AssertionError
Unhandled exception in client_connected_cb
transport: <asyncio.sslproto._SSLProtocolTransport object at 0x101fb4ef0>
Traceback (most recent call last):
  File "/Users/divyanshgolyan/.codex/worktrees/4511/onepage/research/transport-memory/asymmetric_server.py", line 39, in accept
    data=await reader.read(min(left,16384));assert data;hasher.update(data);left-=len(data);request_bytes+=len(data)
                                                   ^^^^
AssertionError
Unhandled exception in client_connected_cb
transport: <asyncio.sslproto._SSLProtocolTransport object at 0x101fb4e60>
Traceback (most recent call last):
  File "/Users/divyanshgolyan/.codex/worktrees/4511/onepage/research/transport-memory/asymmetric_server.py", line 39, in accept
    data=await reader.read(min(left,16384));assert data;hasher.update(data);left-=len(data);request_bytes+=len(data)
                                                   ^^^^
AssertionError
Unhandled exception in client_connected_cb
transport: <asyncio.sslproto._SSLProtocolTransport object at 0x101fb4dd0>
Traceback (most recent call last):
  File "/Users/divyanshgolyan/.codex/worktrees/4511/onepage/research/transport-memory/asymmetric_server.py", line 39, in accept
    data=await reader.read(min(left,16384));assert data;hasher.update(data);left-=len(data);request_bytes+=len(data)
                                                   ^^^^
AssertionError
Unhandled exception in client_connected_cb
transport: <asyncio.sslproto._SSLProtocolTransport object at 0x101fb4d40>
Traceback (most recent call last):
  File "/Users/divyanshgolyan/.codex/worktrees/4511/onepage/research/transport-memory/asymmetric_server.py", line 39, in accept
    data=await reader.read(min(left,16384));assert data;hasher.update(data);left-=len(data);request_bytes+=len(data)
                                                   ^^^^
AssertionError
Unhandled exception in client_connected_cb
transport: <asyncio.sslproto._SSLProtocolTransport object at 0x101fb4cb0>
Traceback (most recent call last):
  File "/Users/divyanshgolyan/.codex/worktrees/4511/onepage/research/transport-memory/asymmetric_server.py", line 39, in accept
    data=await reader.read(min(left,16384));assert data;hasher.update(data);left-=len(data);request_bytes+=len(data)
                                                   ^^^^
AssertionError
Unhandled exception in client_connected_cb
transport: <asyncio.sslproto._SSLProtocolTransport object at 0x101fb4c20>
Traceback (most recent call last):
  File "/Users/divyanshgolyan/.codex/worktrees/4511/onepage/research/transport-memory/asymmetric_server.py", line 39, in accept
    data=await reader.read(min(left,16384));assert data;hasher.update(data);left-=len(data);request_bytes+=len(data)
                                                   ^^^^
AssertionError
Unhandled exception in client_connected_cb
transport: <asyncio.sslproto._SSLProtocolTransport object at 0x101fb4b90>
Traceback (most recent call last):
  File "/Users/divyanshgolyan/.codex/worktrees/4511/onepage/research/transport-memory/asymmetric_server.py", line 39, in accept
    data=await reader.read(min(left,16384));assert data;hasher.update(data);left-=len(data);request_bytes+=len(data)
                                                   ^^^^
AssertionError
Unhandled exception in client_connected_cb
transport: <asyncio.sslproto._SSLProtocolTransport object at 0x101fb4b00>
Traceback (most recent call last):
  File "/Users/divyanshgolyan/.codex/worktrees/4511/onepage/research/transport-memory/asymmetric_server.py", line 39, in accept
    data=await reader.read(min(left,16384));assert data;hasher.update(data);left-=len(data);request_bytes+=len(data)
                                                   ^^^^
AssertionError
Unhandled exception in client_connected_cb
transport: <asyncio.sslproto._SSLProtocolTransport object at 0x101fb4a70>
Traceback (most recent call last):
  File "/Users/divyanshgolyan/.codex/worktrees/4511/onepage/research/transport-memory/asymmetric_server.py", line 39, in accept
    data=await reader.read(min(left,16384));assert data;hasher.update(data);left-=len(data);request_bytes+=len(data)
                                                   ^^^^
AssertionError
Unhandled exception in client_connected_cb
transport: <asyncio.sslproto._SSLProtocolTransport object at 0x101fb49e0>
Traceback (most recent call last):
  File "/Users/divyanshgolyan/.codex/worktrees/4511/onepage/research/transport-memory/asymmetric_server.py", line 39, in accept
    data=await reader.read(min(left,16384));assert data;hasher.update(data);left-=len(data);request_bytes+=len(data)
                                                   ^^^^
AssertionError
Unhandled exception in client_connected_cb
transport: <asyncio.sslproto._SSLProtocolTransport object at 0x101fb4950>
Traceback (most recent call last):
  File "/Users/divyanshgolyan/.codex/worktrees/4511/onepage/research/transport-memory/asymmetric_server.py", line 39, in accept
    data=await reader.read(min(left,16384));assert data;hasher.update(data);left-=len(data);request_bytes+=len(data)
                                                   ^^^^
AssertionError
Unhandled exception in client_connected_cb
transport: <asyncio.sslproto._SSLProtocolTransport object at 0x101fb48c0>
Traceback (most recent call last):
  File "/Users/divyanshgolyan/.codex/worktrees/4511/onepage/research/transport-memory/asymmetric_server.py", line 39, in accept
    data=await reader.read(min(left,16384));assert data;hasher.update(data);left-=len(data);request_bytes+=len(data)
                                                   ^^^^
AssertionError
Unhandled exception in client_connected_cb
transport: <asyncio.sslproto._SSLProtocolTransport object at 0x101fb4830>
Traceback (most recent call last):
  File "/Users/divyanshgolyan/.codex/worktrees/4511/onepage/research/transport-memory/asymmetric_server.py", line 39, in accept
    data=await reader.read(min(left,16384));assert data;hasher.update(data);left-=len(data);request_bytes+=len(data)
                                                   ^^^^
AssertionError
Unhandled exception in client_connected_cb
transport: <asyncio.sslproto._SSLProtocolTransport object at 0x101fb47a0>
Traceback (most recent call last):
  File "/Users/divyanshgolyan/.codex/worktrees/4511/onepage/research/transport-memory/asymmetric_server.py", line 39, in accept
    data=await reader.read(min(left,16384));assert data;hasher.update(data);left-=len(data);request_bytes+=len(data)
                                                   ^^^^
AssertionError
Unhandled exception in client_connected_cb
transport: <asyncio.sslproto._SSLProtocolTransport object at 0x101fb4710>
Traceback (most recent call last):
  File "/Users/divyanshgolyan/.codex/worktrees/4511/onepage/research/transport-memory/asymmetric_server.py", line 39, in accept
    data=await reader.read(min(left,16384));assert data;hasher.update(data);left-=len(data);request_bytes+=len(data)
                                                   ^^^^
AssertionError
Unhandled exception in client_connected_cb
transport: <asyncio.sslproto._SSLProtocolTransport object at 0x101fb4680>
Traceback (most recent call last):
  File "/Users/divyanshgolyan/.codex/worktrees/4511/onepage/research/transport-memory/asymmetric_server.py", line 39, in accept
    data=await reader.read(min(left,16384));assert data;hasher.update(data);left-=len(data);request_bytes+=len(data)
                                                   ^^^^
AssertionError
Unhandled exception in client_connected_cb
transport: <asyncio.sslproto._SSLProtocolTransport object at 0x101fb45f0>
Traceback (most recent call last):
  File "/Users/divyanshgolyan/.codex/worktrees/4511/onepage/research/transport-memory/asymmetric_server.py", line 39, in accept
    data=await reader.read(min(left,16384));assert data;hasher.update(data);left-=len(data);request_bytes+=len(data)
                                                   ^^^^
AssertionError
Unhandled exception in client_connected_cb
transport: <asyncio.sslproto._SSLProtocolTransport object at 0x101fb4560>
Traceback (most recent call last):
  File "/Users/divyanshgolyan/.codex/worktrees/4511/onepage/research/transport-memory/asymmetric_server.py", line 39, in accept
    data=await reader.read(min(left,16384));assert data;hasher.update(data);left-=len(data);request_bytes+=len(data)
                                                   ^^^^
AssertionError
Unhandled exception in client_connected_cb
transport: <asyncio.sslproto._SSLProtocolTransport object at 0x101fb44d0>
Traceback (most recent call last):
  File "/Users/divyanshgolyan/.codex/worktrees/4511/onepage/research/transport-memory/asymmetric_server.py", line 39, in accept
    data=await reader.read(min(left,16384));assert data;hasher.update(data);left-=len(data);request_bytes+=len(data)
                                                   ^^^^
AssertionError
Unhandled exception in client_connected_cb
transport: <asyncio.sslproto._SSLProtocolTransport object at 0x101fb4440>
Traceback (most recent call last):
  File "/Users/divyanshgolyan/.codex/worktrees/4511/onepage/research/transport-memory/asymmetric_server.py", line 39, in accept
    data=await reader.read(min(left,16384));assert data;hasher.update(data);left-=len(data);request_bytes+=len(data)
                                                   ^^^^
AssertionError
Unhandled exception in client_connected_cb
transport: <asyncio.sslproto._SSLProtocolTransport object at 0x101fb43b0>
Traceback (most recent call last):
  File "/Users/divyanshgolyan/.codex/worktrees/4511/onepage/research/transport-memory/asymmetric_server.py", line 39, in accept
    data=await reader.read(min(left,16384));assert data;hasher.update(data);left-=len(data);request_bytes+=len(data)
                                                   ^^^^
AssertionError
Unhandled exception in client_connected_cb
transport: <asyncio.sslproto._SSLProtocolTransport object at 0x101fb4320>
Traceback (most recent call last):
  File "/Users/divyanshgolyan/.codex/worktrees/4511/onepage/research/transport-memory/asymmetric_server.py", line 39, in accept
    data=await reader.read(min(left,16384));assert data;hasher.update(data);left-=len(data);request_bytes+=len(data)
                                                   ^^^^
AssertionError
Unhandled exception in client_connected_cb
transport: <asyncio.sslproto._SSLProtocolTransport object at 0x101fb4290>
Traceback (most recent call last):
  File "/Users/divyanshgolyan/.codex/worktrees/4511/onepage/research/transport-memory/asymmetric_server.py", line 39, in accept
    data=await reader.read(min(left,16384));assert data;hasher.update(data);left-=len(data);request_bytes+=len(data)
                                                   ^^^^
AssertionError
Unhandled exception in client_connected_cb
transport: <asyncio.sslproto._SSLProtocolTransport object at 0x101fb4200>
Traceback (most recent call last):
  File "/Users/divyanshgolyan/.codex/worktrees/4511/onepage/research/transport-memory/asymmetric_server.py", line 39, in accept
    data=await reader.read(min(left,16384));assert data;hasher.update(data);left-=len(data);request_bytes+=len(data)
                                                   ^^^^
AssertionError
Unhandled exception in client_connected_cb
transport: <asyncio.sslproto._SSLProtocolTransport object at 0x101fb4170>
Traceback (most recent call last):
  File "/Users/divyanshgolyan/.codex/worktrees/4511/onepage/research/transport-memory/asymmetric_server.py", line 39, in accept
    data=await reader.read(min(left,16384));assert data;hasher.update(data);left-=len(data);request_bytes+=len(data)
                                                   ^^^^
AssertionError
Unhandled exception in client_connected_cb
transport: <asyncio.sslproto._SSLProtocolTransport object at 0x101fb40e0>
Traceback (most recent call last):
  File "/Users/divyanshgolyan/.codex/worktrees/4511/onepage/research/transport-memory/asymmetric_server.py", line 39, in accept
    data=await reader.read(min(left,16384));assert data;hasher.update(data);left-=len(data);request_bytes+=len(data)
                                                   ^^^^
AssertionError
Unhandled exception in client_connected_cb
transport: <asyncio.sslproto._SSLProtocolTransport object at 0x101fb4050>
Traceback (most recent call last):
  File "/Users/divyanshgolyan/.codex/worktrees/4511/onepage/research/transport-memory/asymmetric_server.py", line 39, in accept
    data=await reader.read(min(left,16384));assert data;hasher.update(data);left-=len(data);request_bytes+=len(data)
                                                   ^^^^
AssertionError
Unhandled exception in client_connected_cb
transport: <asyncio.sslproto._SSLProtocolTransport object at 0x101f0ff50>
Traceback (most recent call last):
  File "/Users/divyanshgolyan/.codex/worktrees/4511/onepage/research/transport-memory/asymmetric_server.py", line 39, in accept
    data=await reader.read(min(left,16384));assert data;hasher.update(data);left-=len(data);request_bytes+=len(data)
                                                   ^^^^
AssertionError
Unhandled exception in client_connected_cb
transport: <asyncio.sslproto._SSLProtocolTransport object at 0x101f0fec0>
Traceback (most recent call last):
  File "/Users/divyanshgolyan/.codex/worktrees/4511/onepage/research/transport-memory/asymmetric_server.py", line 39, in accept
    data=await reader.read(min(left,16384));assert data;hasher.update(data);left-=len(data);request_bytes+=len(data)
                                                   ^^^^
AssertionError
Unhandled exception in client_connected_cb
transport: <asyncio.sslproto._SSLProtocolTransport object at 0x101f0fe30>
Traceback (most recent call last):
  File "/Users/divyanshgolyan/.codex/worktrees/4511/onepage/research/transport-memory/asymmetric_server.py", line 39, in accept
    data=await reader.read(min(left,16384));assert data;hasher.update(data);left-=len(data);request_bytes+=len(data)
                                                   ^^^^
AssertionError
Unhandled exception in client_connected_cb
transport: <asyncio.sslproto._SSLProtocolTransport object at 0x101f0fda0>
Traceback (most recent call last):
  File "/Users/divyanshgolyan/.codex/worktrees/4511/onepage/research/transport-memory/asymmetric_server.py", line 39, in accept
    data=await reader.read(min(left,16384));assert data;hasher.update(data);left-=len(data);request_bytes+=len(data)
                                                   ^^^^
AssertionError
Unhandled exception in client_connected_cb
transport: <asyncio.sslproto._SSLProtocolTransport object at 0x101f0fd10>
Traceback (most recent call last):
  File "/Users/divyanshgolyan/.codex/worktrees/4511/onepage/research/transport-memory/asymmetric_server.py", line 39, in accept
    data=await reader.read(min(left,16384));assert data;hasher.update(data);left-=len(data);request_bytes+=len(data)
                                                   ^^^^
AssertionError
Unhandled exception in client_connected_cb
transport: <asyncio.sslproto._SSLProtocolTransport object at 0x101f0fc80>
Traceback (most recent call last):
  File "/Users/divyanshgolyan/.codex/worktrees/4511/onepage/research/transport-memory/asymmetric_server.py", line 39, in accept
    data=await reader.read(min(left,16384));assert data;hasher.update(data);left-=len(data);request_bytes+=len(data)
                                                   ^^^^
AssertionError
Unhandled exception in client_connected_cb
transport: <asyncio.sslproto._SSLProtocolTransport object at 0x101f0fbf0>
Traceback (most recent call last):
  File "/Users/divyanshgolyan/.codex/worktrees/4511/onepage/research/transport-memory/asymmetric_server.py", line 39, in accept
    data=await reader.read(min(left,16384));assert data;hasher.update(data);left-=len(data);request_bytes+=len(data)
                                                   ^^^^
AssertionError
Unhandled exception in client_connected_cb
transport: <asyncio.sslproto._SSLProtocolTransport object at 0x101f0fb60>
Traceback (most recent call last):
  File "/Users/divyanshgolyan/.codex/worktrees/4511/onepage/research/transport-memory/asymmetric_server.py", line 39, in accept
    data=await reader.read(min(left,16384));assert data;hasher.update(data);left-=len(data);request_bytes+=len(data)
                                                   ^^^^
AssertionError
Unhandled exception in client_connected_cb
transport: <asyncio.sslproto._SSLProtocolTransport object at 0x101f0fad0>
Traceback (most recent call last):
  File "/Users/divyanshgolyan/.codex/worktrees/4511/onepage/research/transport-memory/asymmetric_server.py", line 39, in accept
    data=await reader.read(min(left,16384));assert data;hasher.update(data);left-=len(data);request_bytes+=len(data)
                                                   ^^^^
AssertionError
Unhandled exception in client_connected_cb
transport: <asyncio.sslproto._SSLProtocolTransport object at 0x101f0fa40>
Traceback (most recent call last):
  File "/Users/divyanshgolyan/.codex/worktrees/4511/onepage/research/transport-memory/asymmetric_server.py", line 39, in accept
    data=await reader.read(min(left,16384));assert data;hasher.update(data);left-=len(data);request_bytes+=len(data)
                                                   ^^^^
AssertionError
Unhandled exception in client_connected_cb
transport: <asyncio.sslproto._SSLProtocolTransport object at 0x101f0f9b0>
Traceback (most recent call last):
  File "/Users/divyanshgolyan/.codex/worktrees/4511/onepage/research/transport-memory/asymmetric_server.py", line 39, in accept
    data=await reader.read(min(left,16384));assert data;hasher.update(data);left-=len(data);request_bytes+=len(data)
                                                   ^^^^
AssertionError
Unhandled exception in client_connected_cb
transport: <asyncio.sslproto._SSLProtocolTransport object at 0x101f0f920>
Traceback (most recent call last):
  File "/Users/divyanshgolyan/.codex/worktrees/4511/onepage/research/transport-memory/asymmetric_server.py", line 39, in accept
    data=await reader.read(min(left,16384));assert data;hasher.update(data);left-=len(data);request_bytes+=len(data)
                                                   ^^^^
AssertionError
Unhandled exception in client_connected_cb
transport: <asyncio.sslproto._SSLProtocolTransport object at 0x101f0f890>
Traceback (most recent call last):
  File "/Users/divyanshgolyan/.codex/worktrees/4511/onepage/research/transport-memory/asymmetric_server.py", line 39, in accept
    data=await reader.read(min(left,16384));assert data;hasher.update(data);left-=len(data);request_bytes+=len(data)
                                                   ^^^^
AssertionError
Unhandled exception in client_connected_cb
transport: <asyncio.sslproto._SSLProtocolTransport object at 0x101f0f800>
Traceback (most recent call last):
  File "/Users/divyanshgolyan/.codex/worktrees/4511/onepage/research/transport-memory/asymmetric_server.py", line 39, in accept
    data=await reader.read(min(left,16384));assert data;hasher.update(data);left-=len(data);request_bytes+=len(data)
                                                   ^^^^
AssertionError
Unhandled exception in client_connected_cb
transport: <asyncio.sslproto._SSLProtocolTransport object at 0x101f0f770>
Traceback (most recent call last):
  File "/Users/divyanshgolyan/.codex/worktrees/4511/onepage/research/transport-memory/asymmetric_server.py", line 39, in accept
    data=await reader.read(min(left,16384));assert data;hasher.update(data);left-=len(data);request_bytes+=len(data)
                                                   ^^^^
AssertionError
Unhandled exception in client_connected_cb
transport: <asyncio.sslproto._SSLProtocolTransport object at 0x101f0f6e0>
Traceback (most recent call last):
  File "/Users/divyanshgolyan/.codex/worktrees/4511/onepage/research/transport-memory/asymmetric_server.py", line 39, in accept
    data=await reader.read(min(left,16384));assert data;hasher.update(data);left-=len(data);request_bytes+=len(data)
                                                   ^^^^
AssertionError
Unhandled exception in client_connected_cb
transport: <asyncio.sslproto._SSLProtocolTransport object at 0x101f0f650>
Traceback (most recent call last):
  File "/Users/divyanshgolyan/.codex/worktrees/4511/onepage/research/transport-memory/asymmetric_server.py", line 39, in accept
    data=await reader.read(min(left,16384));assert data;hasher.update(data);left-=len(data);request_bytes+=len(data)
                                                   ^^^^
AssertionError
Unhandled exception in client_connected_cb
transport: <asyncio.sslproto._SSLProtocolTransport object at 0x101f0f5c0>
Traceback (most recent call last):
  File "/Users/divyanshgolyan/.codex/worktrees/4511/onepage/research/transport-memory/asymmetric_server.py", line 39, in accept
    data=await reader.read(min(left,16384));assert data;hasher.update(data);left-=len(data);request_bytes+=len(data)
                                                   ^^^^
AssertionError
Unhandled exception in client_connected_cb
transport: <asyncio.sslproto._SSLProtocolTransport object at 0x101f0f530>
Traceback (most recent call last):
  File "/Users/divyanshgolyan/.codex/worktrees/4511/onepage/research/transport-memory/asymmetric_server.py", line 39, in accept
    data=await reader.read(min(left,16384));assert data;hasher.update(data);left-=len(data);request_bytes+=len(data)
                                                   ^^^^
AssertionError
Unhandled exception in client_connected_cb
transport: <asyncio.sslproto._SSLProtocolTransport object at 0x101f0f4a0>
Traceback (most recent call last):
  File "/Users/divyanshgolyan/.codex/worktrees/4511/onepage/research/transport-memory/asymmetric_server.py", line 39, in accept
    data=await reader.read(min(left,16384));assert data;hasher.update(data);left-=len(data);request_bytes+=len(data)
                                                   ^^^^
AssertionError
Unhandled exception in client_connected_cb
transport: <asyncio.sslproto._SSLProtocolTransport object at 0x101f0f410>
Traceback (most recent call last):
  File "/Users/divyanshgolyan/.codex/worktrees/4511/onepage/research/transport-memory/asymmetric_server.py", line 39, in accept
    data=await reader.read(min(left,16384));assert data;hasher.update(data);left-=len(data);request_bytes+=len(data)
                                                   ^^^^
AssertionError
Unhandled exception in client_connected_cb
transport: <asyncio.sslproto._SSLProtocolTransport object at 0x101f0f380>
Traceback (most recent call last):
  File "/Users/divyanshgolyan/.codex/worktrees/4511/onepage/research/transport-memory/asymmetric_server.py", line 39, in accept
    data=await reader.read(min(left,16384));assert data;hasher.update(data);left-=len(data);request_bytes+=len(data)
                                                   ^^^^
AssertionError
Unhandled exception in client_connected_cb
transport: <asyncio.sslproto._SSLProtocolTransport object at 0x101f0f2f0>
Traceback (most recent call last):
  File "/Users/divyanshgolyan/.codex/worktrees/4511/onepage/research/transport-memory/asymmetric_server.py", line 39, in accept
    data=await reader.read(min(left,16384));assert data;hasher.update(data);left-=len(data);request_bytes+=len(data)
                                                   ^^^^
AssertionError
Unhandled exception in client_connected_cb
transport: <asyncio.sslproto._SSLProtocolTransport object at 0x101f0f260>
Traceback (most recent call last):
  File "/Users/divyanshgolyan/.codex/worktrees/4511/onepage/research/transport-memory/asymmetric_server.py", line 39, in accept
    data=await reader.read(min(left,16384));assert data;hasher.update(data);left-=len(data);request_bytes+=len(data)
                                                   ^^^^
AssertionError
Unhandled exception in client_connected_cb
transport: <asyncio.sslproto._SSLProtocolTransport object at 0x101f0f1d0>
Traceback (most recent call last):
  File "/Users/divyanshgolyan/.codex/worktrees/4511/onepage/research/transport-memory/asymmetric_server.py", line 39, in accept
    data=await reader.read(min(left,16384));assert data;hasher.update(data);left-=len(data);request_bytes+=len(data)
                                                   ^^^^
AssertionError
Unhandled exception in client_connected_cb
transport: <asyncio.sslproto._SSLProtocolTransport object at 0x101f0f140>
Traceback (most recent call last):
  File "/Users/divyanshgolyan/.codex/worktrees/4511/onepage/research/transport-memory/asymmetric_server.py", line 39, in accept
    data=await reader.read(min(left,16384));assert data;hasher.update(data);left-=len(data);request_bytes+=len(data)
                                                   ^^^^
AssertionError
Unhandled exception in client_connected_cb
transport: <asyncio.sslproto._SSLProtocolTransport object at 0x101f0f0b0>
Traceback (most recent call last):
  File "/Users/divyanshgolyan/.codex/worktrees/4511/onepage/research/transport-memory/asymmetric_server.py", line 39, in accept
    data=await reader.read(min(left,16384));assert data;hasher.update(data);left-=len(data);request_bytes+=len(data)
                                                   ^^^^
AssertionError
Unhandled exception in client_connected_cb
transport: <asyncio.sslproto._SSLProtocolTransport object at 0x101f0f020>
Traceback (most recent call last):
  File "/Users/divyanshgolyan/.codex/worktrees/4511/onepage/research/transport-memory/asymmetric_server.py", line 39, in accept
    data=await reader.read(min(left,16384));assert data;hasher.update(data);left-=len(data);request_bytes+=len(data)
                                                   ^^^^
AssertionError
Unhandled exception in client_connected_cb
transport: <asyncio.sslproto._SSLProtocolTransport object at 0x101f0ef90>
Traceback (most recent call last):
  File "/Users/divyanshgolyan/.codex/worktrees/4511/onepage/research/transport-memory/asymmetric_server.py", line 39, in accept
    data=await reader.read(min(left,16384));assert data;hasher.update(data);left-=len(data);request_bytes+=len(data)
                                                   ^^^^
AssertionError
Unhandled exception in client_connected_cb
transport: <asyncio.sslproto._SSLProtocolTransport object at 0x101f0ef00>
Traceback (most recent call last):
  File "/Users/divyanshgolyan/.codex/worktrees/4511/onepage/research/transport-memory/asymmetric_server.py", line 39, in accept
    data=await reader.read(min(left,16384));assert data;hasher.update(data);left-=len(data);request_bytes+=len(data)
                                                   ^^^^
AssertionError
Unhandled exception in client_connected_cb
transport: <asyncio.sslproto._SSLProtocolTransport object at 0x101f0ee70>
Traceback (most recent call last):
  File "/Users/divyanshgolyan/.codex/worktrees/4511/onepage/research/transport-memory/asymmetric_server.py", line 39, in accept
    data=await reader.read(min(left,16384));assert data;hasher.update(data);left-=len(data);request_bytes+=len(data)
                                                   ^^^^
AssertionError
Unhandled exception in client_connected_cb
transport: <asyncio.sslproto._SSLProtocolTransport object at 0x101f0ede0>
Traceback (most recent call last):
  File "/Users/divyanshgolyan/.codex/worktrees/4511/onepage/research/transport-memory/asymmetric_server.py", line 39, in accept
    data=await reader.read(min(left,16384));assert data;hasher.update(data);left-=len(data);request_bytes+=len(data)
                                                   ^^^^
AssertionError
Unhandled exception in client_connected_cb
transport: <asyncio.sslproto._SSLProtocolTransport object at 0x101f0ed50>
Traceback (most recent call last):
  File "/Users/divyanshgolyan/.codex/worktrees/4511/onepage/research/transport-memory/asymmetric_server.py", line 39, in accept
    data=await reader.read(min(left,16384));assert data;hasher.update(data);left-=len(data);request_bytes+=len(data)
                                                   ^^^^
AssertionError
Unhandled exception in client_connected_cb
transport: <asyncio.sslproto._SSLProtocolTransport object at 0x101f0ecc0>
Traceback (most recent call last):
  File "/Users/divyanshgolyan/.codex/worktrees/4511/onepage/research/transport-memory/asymmetric_server.py", line 39, in accept
    data=await reader.read(min(left,16384));assert data;hasher.update(data);left-=len(data);request_bytes+=len(data)
                                                   ^^^^
AssertionError
Unhandled exception in client_connected_cb
transport: <asyncio.sslproto._SSLProtocolTransport object at 0x101f0ec30>
Traceback (most recent call last):
  File "/Users/divyanshgolyan/.codex/worktrees/4511/onepage/research/transport-memory/asymmetric_server.py", line 39, in accept
    data=await reader.read(min(left,16384));assert data;hasher.update(data);left-=len(data);request_bytes+=len(data)
                                                   ^^^^
AssertionError
Unhandled exception in client_connected_cb
transport: <asyncio.sslproto._SSLProtocolTransport object at 0x101f0eba0>
Traceback (most recent call last):
  File "/Users/divyanshgolyan/.codex/worktrees/4511/onepage/research/transport-memory/asymmetric_server.py", line 39, in accept
    data=await reader.read(min(left,16384));assert data;hasher.update(data);left-=len(data);request_bytes+=len(data)
                                                   ^^^^
AssertionError
Unhandled exception in client_connected_cb
transport: <asyncio.sslproto._SSLProtocolTransport object at 0x101f0eb10>
Traceback (most recent call last):
  File "/Users/divyanshgolyan/.codex/worktrees/4511/onepage/research/transport-memory/asymmetric_server.py", line 39, in accept
    data=await reader.read(min(left,16384));assert data;hasher.update(data);left-=len(data);request_bytes+=len(data)
                                                   ^^^^
AssertionError
Unhandled exception in client_connected_cb
transport: <asyncio.sslproto._SSLProtocolTransport object at 0x101f0ea80>
Traceback (most recent call last):
  File "/Users/divyanshgolyan/.codex/worktrees/4511/onepage/research/transport-memory/asymmetric_server.py", line 39, in accept
    data=await reader.read(min(left,16384));assert data;hasher.update(data);left-=len(data);request_bytes+=len(data)
                                                   ^^^^
AssertionError
Unhandled exception in client_connected_cb
transport: <asyncio.sslproto._SSLProtocolTransport object at 0x101f0e9f0>
Traceback (most recent call last):
  File "/Users/divyanshgolyan/.codex/worktrees/4511/onepage/research/transport-memory/asymmetric_server.py", line 39, in accept
    data=await reader.read(min(left,16384));assert data;hasher.update(data);left-=len(data);request_bytes+=len(data)
                                                   ^^^^
AssertionError
Unhandled exception in client_connected_cb
transport: <asyncio.sslproto._SSLProtocolTransport object at 0x101f0e960>
Traceback (most recent call last):
  File "/Users/divyanshgolyan/.codex/worktrees/4511/onepage/research/transport-memory/asymmetric_server.py", line 39, in accept
    data=await reader.read(min(left,16384));assert data;hasher.update(data);left-=len(data);request_bytes+=len(data)
                                                   ^^^^
AssertionError
Unhandled exception in client_connected_cb
transport: <asyncio.sslproto._SSLProtocolTransport object at 0x101f0e8d0>
Traceback (most recent call last):
  File "/Users/divyanshgolyan/.codex/worktrees/4511/onepage/research/transport-memory/asymmetric_server.py", line 39, in accept
    data=await reader.read(min(left,16384));assert data;hasher.update(data);left-=len(data);request_bytes+=len(data)
                                                   ^^^^
AssertionError
Unhandled exception in client_connected_cb
transport: <asyncio.sslproto._SSLProtocolTransport object at 0x101f0e840>
Traceback (most recent call last):
  File "/Users/divyanshgolyan/.codex/worktrees/4511/onepage/research/transport-memory/asymmetric_server.py", line 39, in accept
    data=await reader.read(min(left,16384));assert data;hasher.update(data);left-=len(data);request_bytes+=len(data)
                                                   ^^^^
AssertionError
Unhandled exception in client_connected_cb
transport: <asyncio.sslproto._SSLProtocolTransport object at 0x101f0e7b0>
Traceback (most recent call last):
  File "/Users/divyanshgolyan/.codex/worktrees/4511/onepage/research/transport-memory/asymmetric_server.py", line 39, in accept
    data=await reader.read(min(left,16384));assert data;hasher.update(data);left-=len(data);request_bytes+=len(data)
                                                   ^^^^
AssertionError
Unhandled exception in client_connected_cb
transport: <asyncio.sslproto._SSLProtocolTransport object at 0x101f0e720>
Traceback (most recent call last):
  File "/Users/divyanshgolyan/.codex/worktrees/4511/onepage/research/transport-memory/asymmetric_server.py", line 39, in accept
    data=await reader.read(min(left,16384));assert data;hasher.update(data);left-=len(data);request_bytes+=len(data)
                                                   ^^^^
AssertionError
Unhandled exception in client_connected_cb
transport: <asyncio.sslproto._SSLProtocolTransport object at 0x101f0e690>
Traceback (most recent call last):
  File "/Users/divyanshgolyan/.codex/worktrees/4511/onepage/research/transport-memory/asymmetric_server.py", line 39, in accept
    data=await reader.read(min(left,16384));assert data;hasher.update(data);left-=len(data);request_bytes+=len(data)
                                                   ^^^^
AssertionError
Unhandled exception in client_connected_cb
transport: <asyncio.sslproto._SSLProtocolTransport object at 0x101f0e600>
Traceback (most recent call last):
  File "/Users/divyanshgolyan/.codex/worktrees/4511/onepage/research/transport-memory/asymmetric_server.py", line 39, in accept
    data=await reader.read(min(left,16384));assert data;hasher.update(data);left-=len(data);request_bytes+=len(data)
                                                   ^^^^
AssertionError
Unhandled exception in client_connected_cb
transport: <asyncio.sslproto._SSLProtocolTransport object at 0x101f0e570>
Traceback (most recent call last):
  File "/Users/divyanshgolyan/.codex/worktrees/4511/onepage/research/transport-memory/asymmetric_server.py", line 39, in accept
    data=await reader.read(min(left,16384));assert data;hasher.update(data);left-=len(data);request_bytes+=len(data)
                                                   ^^^^
AssertionError
Unhandled exception in client_connected_cb
transport: <asyncio.sslproto._SSLProtocolTransport object at 0x101f0e4e0>
Traceback (most recent call last):
  File "/Users/divyanshgolyan/.codex/worktrees/4511/onepage/research/transport-memory/asymmetric_server.py", line 39, in accept
    data=await reader.read(min(left,16384));assert data;hasher.update(data);left-=len(data);request_bytes+=len(data)
                                                   ^^^^
AssertionError
Unhandled exception in client_connected_cb
transport: <asyncio.sslproto._SSLProtocolTransport object at 0x101f0e450>
Traceback (most recent call last):
  File "/Users/divyanshgolyan/.codex/worktrees/4511/onepage/research/transport-memory/asymmetric_server.py", line 39, in accept
    data=await reader.read(min(left,16384));assert data;hasher.update(data);left-=len(data);request_bytes+=len(data)
                                                   ^^^^
AssertionError
Unhandled exception in client_connected_cb
transport: <asyncio.sslproto._SSLProtocolTransport object at 0x101f0e3c0>
Traceback (most recent call last):
  File "/Users/divyanshgolyan/.codex/worktrees/4511/onepage/research/transport-memory/asymmetric_server.py", line 39, in accept
    data=await reader.read(min(left,16384));assert data;hasher.update(data);left-=len(data);request_bytes+=len(data)
                                                   ^^^^
AssertionError
Unhandled exception in client_connected_cb
transport: <asyncio.sslproto._SSLProtocolTransport object at 0x101f0e330>
Traceback (most recent call last):
  File "/Users/divyanshgolyan/.codex/worktrees/4511/onepage/research/transport-memory/asymmetric_server.py", line 39, in accept
    data=await reader.read(min(left,16384));assert data;hasher.update(data);left-=len(data);request_bytes+=len(data)
                                                   ^^^^
AssertionError
Unhandled exception in client_connected_cb
transport: <asyncio.sslproto._SSLProtocolTransport object at 0x101f0e2a0>
Traceback (most recent call last):
  File "/Users/divyanshgolyan/.codex/worktrees/4511/onepage/research/transport-memory/asymmetric_server.py", line 39, in accept
    data=await reader.read(min(left,16384));assert data;hasher.update(data);left-=len(data);request_bytes+=len(data)
                                                   ^^^^
AssertionError
Unhandled exception in client_connected_cb
transport: <asyncio.sslproto._SSLProtocolTransport object at 0x101f0e210>
Traceback (most recent call last):
  File "/Users/divyanshgolyan/.codex/worktrees/4511/onepage/research/transport-memory/asymmetric_server.py", line 39, in accept
    data=await reader.read(min(left,16384));assert data;hasher.update(data);left-=len(data);request_bytes+=len(data)
                                                   ^^^^
AssertionError
Unhandled exception in client_connected_cb
transport: <asyncio.sslproto._SSLProtocolTransport object at 0x101f0e180>
Traceback (most recent call last):
  File "/Users/divyanshgolyan/.codex/worktrees/4511/onepage/research/transport-memory/asymmetric_server.py", line 39, in accept
    data=await reader.read(min(left,16384));assert data;hasher.update(data);left-=len(data);request_bytes+=len(data)
                                                   ^^^^
AssertionError
Unhandled exception in client_connected_cb
transport: <asyncio.sslproto._SSLProtocolTransport object at 0x101f0e0f0>
Traceback (most recent call last):
  File "/Users/divyanshgolyan/.codex/worktrees/4511/onepage/research/transport-memory/asymmetric_server.py", line 39, in accept
    data=await reader.read(min(left,16384));assert data;hasher.update(data);left-=len(data);request_bytes+=len(data)
                                                   ^^^^
AssertionError
Unhandled exception in client_connected_cb
transport: <asyncio.sslproto._SSLProtocolTransport object at 0x101f0e060>
Traceback (most recent call last):
  File "/Users/divyanshgolyan/.codex/worktrees/4511/onepage/research/transport-memory/asymmetric_server.py", line 39, in accept
    data=await reader.read(min(left,16384));assert data;hasher.update(data);left-=len(data);request_bytes+=len(data)
                                                   ^^^^
AssertionError
Unhandled exception in client_connected_cb
transport: <asyncio.sslproto._SSLProtocolTransport object at 0x101f0dfd0>
Traceback (most recent call last):
  File "/Users/divyanshgolyan/.codex/worktrees/4511/onepage/research/transport-memory/asymmetric_server.py", line 39, in accept
    data=await reader.read(min(left,16384));assert data;hasher.update(data);left-=len(data);request_bytes+=len(data)
                                                   ^^^^
AssertionError
Unhandled exception in client_connected_cb
transport: <asyncio.sslproto._SSLProtocolTransport object at 0x101f0deb0>
Traceback (most recent call last):
  File "/Users/divyanshgolyan/.codex/worktrees/4511/onepage/research/transport-memory/asymmetric_server.py", line 39, in accept
    data=await reader.read(min(left,16384));assert data;hasher.update(data);left-=len(data);request_bytes+=len(data)
                                                   ^^^^
AssertionError
Unhandled exception in client_connected_cb
transport: <asyncio.sslproto._SSLProtocolTransport object at 0x101f0de20>
Traceback (most recent call last):
  File "/Users/divyanshgolyan/.codex/worktrees/4511/onepage/research/transport-memory/asymmetric_server.py", line 39, in accept
    data=await reader.read(min(left,16384));assert data;hasher.update(data);left-=len(data);request_bytes+=len(data)
                                                   ^^^^
AssertionError
Unhandled exception in client_connected_cb
transport: <asyncio.sslproto._SSLProtocolTransport object at 0x101f0dd90>
Traceback (most recent call last):
  File "/Users/divyanshgolyan/.codex/worktrees/4511/onepage/research/transport-memory/asymmetric_server.py", line 39, in accept
    data=await reader.read(min(left,16384));assert data;hasher.update(data);left-=len(data);request_bytes+=len(data)
                                                   ^^^^
AssertionError
Unhandled exception in client_connected_cb
transport: <asyncio.sslproto._SSLProtocolTransport object at 0x101f0dd00>
Traceback (most recent call last):
  File "/Users/divyanshgolyan/.codex/worktrees/4511/onepage/research/transport-memory/asymmetric_server.py", line 39, in accept
    data=await reader.read(min(left,16384));assert data;hasher.update(data);left-=len(data);request_bytes+=len(data)
                                                   ^^^^
AssertionError
Unhandled exception in client_connected_cb
transport: <asyncio.sslproto._SSLProtocolTransport object at 0x101f0dc70>
Traceback (most recent call last):
  File "/Users/divyanshgolyan/.codex/worktrees/4511/onepage/research/transport-memory/asymmetric_server.py", line 39, in accept
    data=await reader.read(min(left,16384));assert data;hasher.update(data);left-=len(data);request_bytes+=len(data)
                                                   ^^^^
AssertionError
Unhandled exception in client_connected_cb
transport: <asyncio.sslproto._SSLProtocolTransport object at 0x101f0dbe0>
Traceback (most recent call last):
  File "/Users/divyanshgolyan/.codex/worktrees/4511/onepage/research/transport-memory/asymmetric_server.py", line 39, in accept
    data=await reader.read(min(left,16384));assert data;hasher.update(data);left-=len(data);request_bytes+=len(data)
                                                   ^^^^
AssertionError
Unhandled exception in client_connected_cb
transport: <asyncio.sslproto._SSLProtocolTransport object at 0x101f0db50>
Traceback (most recent call last):
  File "/Users/divyanshgolyan/.codex/worktrees/4511/onepage/research/transport-memory/asymmetric_server.py", line 39, in accept
    data=await reader.read(min(left,16384));assert data;hasher.update(data);left-=len(data);request_bytes+=len(data)
                                                   ^^^^
AssertionError
Unhandled exception in client_connected_cb
transport: <asyncio.sslproto._SSLProtocolTransport object at 0x101f0dac0>
Traceback (most recent call last):
  File "/Users/divyanshgolyan/.codex/worktrees/4511/onepage/research/transport-memory/asymmetric_server.py", line 39, in accept
    data=await reader.read(min(left,16384));assert data;hasher.update(data);left-=len(data);request_bytes+=len(data)
                                                   ^^^^
AssertionError
Unhandled exception in client_connected_cb
transport: <asyncio.sslproto._SSLProtocolTransport object at 0x101f0da30>
Traceback (most recent call last):
  File "/Users/divyanshgolyan/.codex/worktrees/4511/onepage/research/transport-memory/asymmetric_server.py", line 39, in accept
    data=await reader.read(min(left,16384));assert data;hasher.update(data);left-=len(data);request_bytes+=len(data)
                                                   ^^^^
AssertionError
Unhandled exception in client_connected_cb
transport: <asyncio.sslproto._SSLProtocolTransport object at 0x101f0d9a0>
Traceback (most recent call last):
  File "/Users/divyanshgolyan/.codex/worktrees/4511/onepage/research/transport-memory/asymmetric_server.py", line 39, in accept
    data=await reader.read(min(left,16384));assert data;hasher.update(data);left-=len(data);request_bytes+=len(data)
                                                   ^^^^
AssertionError
Unhandled exception in client_connected_cb
transport: <asyncio.sslproto._SSLProtocolTransport object at 0x101f0d910>
Traceback (most recent call last):
  File "/Users/divyanshgolyan/.codex/worktrees/4511/onepage/research/transport-memory/asymmetric_server.py", line 39, in accept
    data=await reader.read(min(left,16384));assert data;hasher.update(data);left-=len(data);request_bytes+=len(data)
                                                   ^^^^
AssertionError
Unhandled exception in client_connected_cb
transport: <asyncio.sslproto._SSLProtocolTransport object at 0x101f0d880>
Traceback (most recent call last):
  File "/Users/divyanshgolyan/.codex/worktrees/4511/onepage/research/transport-memory/asymmetric_server.py", line 39, in accept
    data=await reader.read(min(left,16384));assert data;hasher.update(data);left-=len(data);request_bytes+=len(data)
                                                   ^^^^
AssertionError
Unhandled exception in client_connected_cb
transport: <asyncio.sslproto._SSLProtocolTransport object at 0x101f0d7f0>
Traceback (most recent call last):
  File "/Users/divyanshgolyan/.codex/worktrees/4511/onepage/research/transport-memory/asymmetric_server.py", line 39, in accept
    data=await reader.read(min(left,16384));assert data;hasher.update(data);left-=len(data);request_bytes+=len(data)
                                                   ^^^^
AssertionError
Unhandled exception in client_connected_cb
transport: <asyncio.sslproto._SSLProtocolTransport object at 0x101f0d760>
Traceback (most recent call last):
  File "/Users/divyanshgolyan/.codex/worktrees/4511/onepage/research/transport-memory/asymmetric_server.py", line 39, in accept
    data=await reader.read(min(left,16384));assert data;hasher.update(data);left-=len(data);request_bytes+=len(data)
                                                   ^^^^
AssertionError
Unhandled exception in client_connected_cb
transport: <asyncio.sslproto._SSLProtocolTransport object at 0x101f0d6d0>
Traceback (most recent call last):
  File "/Users/divyanshgolyan/.codex/worktrees/4511/onepage/research/transport-memory/asymmetric_server.py", line 39, in accept
    data=await reader.read(min(left,16384));assert data;hasher.update(data);left-=len(data);request_bytes+=len(data)
                                                   ^^^^
AssertionError
Unhandled exception in client_connected_cb
transport: <asyncio.sslproto._SSLProtocolTransport object at 0x101f0d640>
Traceback (most recent call last):
  File "/Users/divyanshgolyan/.codex/worktrees/4511/onepage/research/transport-memory/asymmetric_server.py", line 39, in accept
    data=await reader.read(min(left,16384));assert data;hasher.update(data);left-=len(data);request_bytes+=len(data)
                                                   ^^^^
AssertionError
Unhandled exception in client_connected_cb
transport: <asyncio.sslproto._SSLProtocolTransport object at 0x101f0d5b0>
Traceback (most recent call last):
  File "/Users/divyanshgolyan/.codex/worktrees/4511/onepage/research/transport-memory/asymmetric_server.py", line 39, in accept
    data=await reader.read(min(left,16384));assert data;hasher.update(data);left-=len(data);request_bytes+=len(data)
                                                   ^^^^
AssertionError
Unhandled exception in client_connected_cb
transport: <asyncio.sslproto._SSLProtocolTransport object at 0x101f0d520>
Traceback (most recent call last):
  File "/Users/divyanshgolyan/.codex/worktrees/4511/onepage/research/transport-memory/asymmetric_server.py", line 39, in accept
    data=await reader.read(min(left,16384));assert data;hasher.update(data);left-=len(data);request_bytes+=len(data)
                                                   ^^^^
AssertionError
Unhandled exception in client_connected_cb
transport: <asyncio.sslproto._SSLProtocolTransport object at 0x101f0d490>
Traceback (most recent call last):
  File "/Users/divyanshgolyan/.codex/worktrees/4511/onepage/research/transport-memory/asymmetric_server.py", line 39, in accept
    data=await reader.read(min(left,16384));assert data;hasher.update(data);left-=len(data);request_bytes+=len(data)
                                                   ^^^^
AssertionError
Unhandled exception in client_connected_cb
transport: <asyncio.sslproto._SSLProtocolTransport object at 0x101f0d400>
Traceback (most recent call last):
  File "/Users/divyanshgolyan/.codex/worktrees/4511/onepage/research/transport-memory/asymmetric_server.py", line 39, in accept
    data=await reader.read(min(left,16384));assert data;hasher.update(data);left-=len(data);request_bytes+=len(data)
                                                   ^^^^
AssertionError
Unhandled exception in client_connected_cb
transport: <asyncio.sslproto._SSLProtocolTransport object at 0x101f0d370>
Traceback (most recent call last):
  File "/Users/divyanshgolyan/.codex/worktrees/4511/onepage/research/transport-memory/asymmetric_server.py", line 39, in accept
    data=await reader.read(min(left,16384));assert data;hasher.update(data);left-=len(data);request_bytes+=len(data)
                                                   ^^^^
AssertionError
Unhandled exception in client_connected_cb
transport: <asyncio.sslproto._SSLProtocolTransport object at 0x101f0d2e0>
Traceback (most recent call last):
  File "/Users/divyanshgolyan/.codex/worktrees/4511/onepage/research/transport-memory/asymmetric_server.py", line 39, in accept
    data=await reader.read(min(left,16384));assert data;hasher.update(data);left-=len(data);request_bytes+=len(data)
                                                   ^^^^
AssertionError
Unhandled exception in client_connected_cb
transport: <asyncio.sslproto._SSLProtocolTransport object at 0x101f0d250>
Traceback (most recent call last):
  File "/Users/divyanshgolyan/.codex/worktrees/4511/onepage/research/transport-memory/asymmetric_server.py", line 39, in accept
    data=await reader.read(min(left,16384));assert data;hasher.update(data);left-=len(data);request_bytes+=len(data)
                                                   ^^^^
AssertionError
Unhandled exception in client_connected_cb
transport: <asyncio.sslproto._SSLProtocolTransport object at 0x101f0d1c0>
Traceback (most recent call last):
  File "/Users/divyanshgolyan/.codex/worktrees/4511/onepage/research/transport-memory/asymmetric_server.py", line 39, in accept
    data=await reader.read(min(left,16384));assert data;hasher.update(data);left-=len(data);request_bytes+=len(data)
                                                   ^^^^
AssertionError
Unhandled exception in client_connected_cb
transport: <asyncio.sslproto._SSLProtocolTransport object at 0x101f0d130>
Traceback (most recent call last):
  File "/Users/divyanshgolyan/.codex/worktrees/4511/onepage/research/transport-memory/asymmetric_server.py", line 39, in accept
    data=await reader.read(min(left,16384));assert data;hasher.update(data);left-=len(data);request_bytes+=len(data)
                                                   ^^^^
AssertionError
Unhandled exception in client_connected_cb
transport: <asyncio.sslproto._SSLProtocolTransport object at 0x101f0d0a0>
Traceback (most recent call last):
  File "/Users/divyanshgolyan/.codex/worktrees/4511/onepage/research/transport-memory/asymmetric_server.py", line 39, in accept
    data=await reader.read(min(left,16384));assert data;hasher.update(data);left-=len(data);request_bytes+=len(data)
                                                   ^^^^
AssertionError
Unhandled exception in client_connected_cb
transport: <asyncio.sslproto._SSLProtocolTransport object at 0x101f0d010>
Traceback (most recent call last):
  File "/Users/divyanshgolyan/.codex/worktrees/4511/onepage/research/transport-memory/asymmetric_server.py", line 39, in accept
    data=await reader.read(min(left,16384));assert data;hasher.update(data);left-=len(data);request_bytes+=len(data)
                                                   ^^^^
AssertionError
Unhandled exception in client_connected_cb
transport: <asyncio.sslproto._SSLProtocolTransport object at 0x101f0cf80>
Traceback (most recent call last):
  File "/Users/divyanshgolyan/.codex/worktrees/4511/onepage/research/transport-memory/asymmetric_server.py", line 39, in accept
    data=await reader.read(min(left,16384));assert data;hasher.update(data);left-=len(data);request_bytes+=len(data)
                                                   ^^^^
AssertionError
Unhandled exception in client_connected_cb
transport: <asyncio.sslproto._SSLProtocolTransport object at 0x101f0cef0>
Traceback (most recent call last):
  File "/Users/divyanshgolyan/.codex/worktrees/4511/onepage/research/transport-memory/asymmetric_server.py", line 39, in accept
    data=await reader.read(min(left,16384));assert data;hasher.update(data);left-=len(data);request_bytes+=len(data)
                                                   ^^^^
AssertionError
Unhandled exception in client_connected_cb
transport: <asyncio.sslproto._SSLProtocolTransport object at 0x101f0ce60>
Traceback (most recent call last):
  File "/Users/divyanshgolyan/.codex/worktrees/4511/onepage/research/transport-memory/asymmetric_server.py", line 39, in accept
    data=await reader.read(min(left,16384));assert data;hasher.update(data);left-=len(data);request_bytes+=len(data)
                                                   ^^^^
AssertionError
Unhandled exception in client_connected_cb
transport: <asyncio.sslproto._SSLProtocolTransport object at 0x101f0cdd0>
Traceback (most recent call last):
  File "/Users/divyanshgolyan/.codex/worktrees/4511/onepage/research/transport-memory/asymmetric_server.py", line 39, in accept
    data=await reader.read(min(left,16384));assert data;hasher.update(data);left-=len(data);request_bytes+=len(data)
                                                   ^^^^
AssertionError
Unhandled exception in client_connected_cb
transport: <asyncio.sslproto._SSLProtocolTransport object at 0x101f0cd40>
Traceback (most recent call last):
  File "/Users/divyanshgolyan/.codex/worktrees/4511/onepage/research/transport-memory/asymmetric_server.py", line 39, in accept
    data=await reader.read(min(left,16384));assert data;hasher.update(data);left-=len(data);request_bytes+=len(data)
                                                   ^^^^
AssertionError
Unhandled exception in client_connected_cb
transport: <asyncio.sslproto._SSLProtocolTransport object at 0x101f0ccb0>
Traceback (most recent call last):
  File "/Users/divyanshgolyan/.codex/worktrees/4511/onepage/research/transport-memory/asymmetric_server.py", line 39, in accept
    data=await reader.read(min(left,16384));assert data;hasher.update(data);left-=len(data);request_bytes+=len(data)
                                                   ^^^^
AssertionError
Unhandled exception in client_connected_cb
transport: <asyncio.sslproto._SSLProtocolTransport object at 0x101f0cc20>
Traceback (most recent call last):
  File "/Users/divyanshgolyan/.codex/worktrees/4511/onepage/research/transport-memory/asymmetric_server.py", line 39, in accept
    data=await reader.read(min(left,16384));assert data;hasher.update(data);left-=len(data);request_bytes+=len(data)
                                                   ^^^^
AssertionError
Unhandled exception in client_connected_cb
transport: <asyncio.sslproto._SSLProtocolTransport object at 0x101f0cb90>
Traceback (most recent call last):
  File "/Users/divyanshgolyan/.codex/worktrees/4511/onepage/research/transport-memory/asymmetric_server.py", line 39, in accept
    data=await reader.read(min(left,16384));assert data;hasher.update(data);left-=len(data);request_bytes+=len(data)
                                                   ^^^^
AssertionError
Unhandled exception in client_connected_cb
transport: <asyncio.sslproto._SSLProtocolTransport object at 0x101f0cb00>
Traceback (most recent call last):
  File "/Users/divyanshgolyan/.codex/worktrees/4511/onepage/research/transport-memory/asymmetric_server.py", line 39, in accept
    data=await reader.read(min(left,16384));assert data;hasher.update(data);left-=len(data);request_bytes+=len(data)
                                                   ^^^^
AssertionError
Unhandled exception in client_connected_cb
transport: <asyncio.sslproto._SSLProtocolTransport object at 0x101f0ca70>
Traceback (most recent call last):
  File "/Users/divyanshgolyan/.codex/worktrees/4511/onepage/research/transport-memory/asymmetric_server.py", line 39, in accept
    data=await reader.read(min(left,16384));assert data;hasher.update(data);left-=len(data);request_bytes+=len(data)
                                                   ^^^^
AssertionError
Unhandled exception in client_connected_cb
transport: <asyncio.sslproto._SSLProtocolTransport object at 0x101f0c9e0>
Traceback (most recent call last):
  File "/Users/divyanshgolyan/.codex/worktrees/4511/onepage/research/transport-memory/asymmetric_server.py", line 39, in accept
    data=await reader.read(min(left,16384));assert data;hasher.update(data);left-=len(data);request_bytes+=len(data)
                                                   ^^^^
AssertionError
Unhandled exception in client_connected_cb
transport: <asyncio.sslproto._SSLProtocolTransport object at 0x101f0c950>
Traceback (most recent call last):
  File "/Users/divyanshgolyan/.codex/worktrees/4511/onepage/research/transport-memory/asymmetric_server.py", line 39, in accept
    data=await reader.read(min(left,16384));assert data;hasher.update(data);left-=len(data);request_bytes+=len(data)
                                                   ^^^^
AssertionError
Unhandled exception in client_connected_cb
transport: <asyncio.sslproto._SSLProtocolTransport object at 0x101f0c8c0>
Traceback (most recent call last):
  File "/Users/divyanshgolyan/.codex/worktrees/4511/onepage/research/transport-memory/asymmetric_server.py", line 39, in accept
    data=await reader.read(min(left,16384));assert data;hasher.update(data);left-=len(data);request_bytes+=len(data)
                                                   ^^^^
AssertionError
Unhandled exception in client_connected_cb
transport: <asyncio.sslproto._SSLProtocolTransport object at 0x101f0c830>
Traceback (most recent call last):
  File "/Users/divyanshgolyan/.codex/worktrees/4511/onepage/research/transport-memory/asymmetric_server.py", line 39, in accept
    data=await reader.read(min(left,16384));assert data;hasher.update(data);left-=len(data);request_bytes+=len(data)
                                                   ^^^^
AssertionError
Unhandled exception in client_connected_cb
transport: <asyncio.sslproto._SSLProtocolTransport object at 0x101f0c7a0>
Traceback (most recent call last):
  File "/Users/divyanshgolyan/.codex/worktrees/4511/onepage/research/transport-memory/asymmetric_server.py", line 39, in accept
    data=await reader.read(min(left,16384));assert data;hasher.update(data);left-=len(data);request_bytes+=len(data)
                                                   ^^^^
AssertionError
Unhandled exception in client_connected_cb
transport: <asyncio.sslproto._SSLProtocolTransport object at 0x101f0c710>
Traceback (most recent call last):
  File "/Users/divyanshgolyan/.codex/worktrees/4511/onepage/research/transport-memory/asymmetric_server.py", line 39, in accept
    data=await reader.read(min(left,16384));assert data;hasher.update(data);left-=len(data);request_bytes+=len(data)
                                                   ^^^^
AssertionError
Unhandled exception in client_connected_cb
transport: <asyncio.sslproto._SSLProtocolTransport object at 0x101f0c680>
Traceback (most recent call last):
  File "/Users/divyanshgolyan/.codex/worktrees/4511/onepage/research/transport-memory/asymmetric_server.py", line 39, in accept
    data=await reader.read(min(left,16384));assert data;hasher.update(data);left-=len(data);request_bytes+=len(data)
                                                   ^^^^
AssertionError
Unhandled exception in client_connected_cb
transport: <asyncio.sslproto._SSLProtocolTransport object at 0x101f0c5f0>
Traceback (most recent call last):
  File "/Users/divyanshgolyan/.codex/worktrees/4511/onepage/research/transport-memory/asymmetric_server.py", line 39, in accept
    data=await reader.read(min(left,16384));assert data;hasher.update(data);left-=len(data);request_bytes+=len(data)
                                                   ^^^^
AssertionError
Unhandled exception in client_connected_cb
transport: <asyncio.sslproto._SSLProtocolTransport object at 0x101f0c560>
Traceback (most recent call last):
  File "/Users/divyanshgolyan/.codex/worktrees/4511/onepage/research/transport-memory/asymmetric_server.py", line 39, in accept
    data=await reader.read(min(left,16384));assert data;hasher.update(data);left-=len(data);request_bytes+=len(data)
                                                   ^^^^
AssertionError
Unhandled exception in client_connected_cb
transport: <asyncio.sslproto._SSLProtocolTransport object at 0x101f0c4d0>
Traceback (most recent call last):
  File "/Users/divyanshgolyan/.codex/worktrees/4511/onepage/research/transport-memory/asymmetric_server.py", line 39, in accept
    data=await reader.read(min(left,16384));assert data;hasher.update(data);left-=len(data);request_bytes+=len(data)
                                                   ^^^^
AssertionError
Unhandled exception in client_connected_cb
transport: <asyncio.sslproto._SSLProtocolTransport object at 0x101f0c440>
Traceback (most recent call last):
  File "/Users/divyanshgolyan/.codex/worktrees/4511/onepage/research/transport-memory/asymmetric_server.py", line 39, in accept
    data=await reader.read(min(left,16384));assert data;hasher.update(data);left-=len(data);request_bytes+=len(data)
                                                   ^^^^
AssertionError
Unhandled exception in client_connected_cb
transport: <asyncio.sslproto._SSLProtocolTransport object at 0x101f0c3b0>
Traceback (most recent call last):
  File "/Users/divyanshgolyan/.codex/worktrees/4511/onepage/research/transport-memory/asymmetric_server.py", line 39, in accept
    data=await reader.read(min(left,16384));assert data;hasher.update(data);left-=len(data);request_bytes+=len(data)
                                                   ^^^^
AssertionError
Unhandled exception in client_connected_cb
transport: <asyncio.sslproto._SSLProtocolTransport object at 0x101f0c320>
Traceback (most recent call last):
  File "/Users/divyanshgolyan/.codex/worktrees/4511/onepage/research/transport-memory/asymmetric_server.py", line 39, in accept
    data=await reader.read(min(left,16384));assert data;hasher.update(data);left-=len(data);request_bytes+=len(data)
                                                   ^^^^
AssertionError
Unhandled exception in client_connected_cb
transport: <asyncio.sslproto._SSLProtocolTransport object at 0x101f0c290>
Traceback (most recent call last):
  File "/Users/divyanshgolyan/.codex/worktrees/4511/onepage/research/transport-memory/asymmetric_server.py", line 39, in accept
    data=await reader.read(min(left,16384));assert data;hasher.update(data);left-=len(data);request_bytes+=len(data)
                                                   ^^^^
AssertionError
Unhandled exception in client_connected_cb
transport: <asyncio.sslproto._SSLProtocolTransport object at 0x101f0c200>
Traceback (most recent call last):
  File "/Users/divyanshgolyan/.codex/worktrees/4511/onepage/research/transport-memory/asymmetric_server.py", line 39, in accept
    data=await reader.read(min(left,16384));assert data;hasher.update(data);left-=len(data);request_bytes+=len(data)
                                                   ^^^^
AssertionError
Unhandled exception in client_connected_cb
transport: <asyncio.sslproto._SSLProtocolTransport object at 0x101f0c170>
Traceback (most recent call last):
  File "/Users/divyanshgolyan/.codex/worktrees/4511/onepage/research/transport-memory/asymmetric_server.py", line 39, in accept
    data=await reader.read(min(left,16384));assert data;hasher.update(data);left-=len(data);request_bytes+=len(data)
                                                   ^^^^
AssertionError
Unhandled exception in client_connected_cb
transport: <asyncio.sslproto._SSLProtocolTransport object at 0x101f0c0e0>
Traceback (most recent call last):
  File "/Users/divyanshgolyan/.codex/worktrees/4511/onepage/research/transport-memory/asymmetric_server.py", line 39, in accept
    data=await reader.read(min(left,16384));assert data;hasher.update(data);left-=len(data);request_bytes+=len(data)
                                                   ^^^^
AssertionError
Unhandled exception in client_connected_cb
transport: <asyncio.sslproto._SSLProtocolTransport object at 0x101f0c050>
Traceback (most recent call last):
  File "/Users/divyanshgolyan/.codex/worktrees/4511/onepage/research/transport-memory/asymmetric_server.py", line 39, in accept
    data=await reader.read(min(left,16384));assert data;hasher.update(data);left-=len(data);request_bytes+=len(data)
                                                   ^^^^
AssertionError
Unhandled exception in client_connected_cb
transport: <asyncio.sslproto._SSLProtocolTransport object at 0x10176ff50>
Traceback (most recent call last):
  File "/Users/divyanshgolyan/.codex/worktrees/4511/onepage/research/transport-memory/asymmetric_server.py", line 39, in accept
    data=await reader.read(min(left,16384));assert data;hasher.update(data);left-=len(data);request_bytes+=len(data)
                                                   ^^^^
AssertionError
Unhandled exception in client_connected_cb
transport: <asyncio.sslproto._SSLProtocolTransport object at 0x10176fec0>
Traceback (most recent call last):
  File "/Users/divyanshgolyan/.codex/worktrees/4511/onepage/research/transport-memory/asymmetric_server.py", line 39, in accept
    data=await reader.read(min(left,16384));assert data;hasher.update(data);left-=len(data);request_bytes+=len(data)
                                                   ^^^^
AssertionError
Unhandled exception in client_connected_cb
transport: <asyncio.sslproto._SSLProtocolTransport object at 0x10176fe30>
Traceback (most recent call last):
  File "/Users/divyanshgolyan/.codex/worktrees/4511/onepage/research/transport-memory/asymmetric_server.py", line 39, in accept
    data=await reader.read(min(left,16384));assert data;hasher.update(data);left-=len(data);request_bytes+=len(data)
                                                   ^^^^
AssertionError
Unhandled exception in client_connected_cb
transport: <asyncio.sslproto._SSLProtocolTransport object at 0x10176fda0>
Traceback (most recent call last):
  File "/Users/divyanshgolyan/.codex/worktrees/4511/onepage/research/transport-memory/asymmetric_server.py", line 39, in accept
    data=await reader.read(min(left,16384));assert data;hasher.update(data);left-=len(data);request_bytes+=len(data)
                                                   ^^^^
AssertionError
Unhandled exception in client_connected_cb
transport: <asyncio.sslproto._SSLProtocolTransport object at 0x10176fd10>
Traceback (most recent call last):
  File "/Users/divyanshgolyan/.codex/worktrees/4511/onepage/research/transport-memory/asymmetric_server.py", line 39, in accept
    data=await reader.read(min(left,16384));assert data;hasher.update(data);left-=len(data);request_bytes+=len(data)
                                                   ^^^^
AssertionError
Unhandled exception in client_connected_cb
transport: <asyncio.sslproto._SSLProtocolTransport object at 0x10176fc80>
Traceback (most recent call last):
  File "/Users/divyanshgolyan/.codex/worktrees/4511/onepage/research/transport-memory/asymmetric_server.py", line 39, in accept
    data=await reader.read(min(left,16384));assert data;hasher.update(data);left-=len(data);request_bytes+=len(data)
                                                   ^^^^
AssertionError
Unhandled exception in client_connected_cb
transport: <asyncio.sslproto._SSLProtocolTransport object at 0x10176fbf0>
Traceback (most recent call last):
  File "/Users/divyanshgolyan/.codex/worktrees/4511/onepage/research/transport-memory/asymmetric_server.py", line 39, in accept
    data=await reader.read(min(left,16384));assert data;hasher.update(data);left-=len(data);request_bytes+=len(data)
                                                   ^^^^
AssertionError
Unhandled exception in client_connected_cb
transport: <asyncio.sslproto._SSLProtocolTransport object at 0x10176fb60>
Traceback (most recent call last):
  File "/Users/divyanshgolyan/.codex/worktrees/4511/onepage/research/transport-memory/asymmetric_server.py", line 39, in accept
    data=await reader.read(min(left,16384));assert data;hasher.update(data);left-=len(data);request_bytes+=len(data)
                                                   ^^^^
AssertionError
Unhandled exception in client_connected_cb
transport: <asyncio.sslproto._SSLProtocolTransport object at 0x10176fad0>
Traceback (most recent call last):
  File "/Users/divyanshgolyan/.codex/worktrees/4511/onepage/research/transport-memory/asymmetric_server.py", line 39, in accept
    data=await reader.read(min(left,16384));assert data;hasher.update(data);left-=len(data);request_bytes+=len(data)
                                                   ^^^^
AssertionError
Unhandled exception in client_connected_cb
transport: <asyncio.sslproto._SSLProtocolTransport object at 0x10176fa40>
Traceback (most recent call last):
  File "/Users/divyanshgolyan/.codex/worktrees/4511/onepage/research/transport-memory/asymmetric_server.py", line 39, in accept
    data=await reader.read(min(left,16384));assert data;hasher.update(data);left-=len(data);request_bytes+=len(data)
                                                   ^^^^
AssertionError
Unhandled exception in client_connected_cb
transport: <asyncio.sslproto._SSLProtocolTransport object at 0x10176f9b0>
Traceback (most recent call last):
  File "/Users/divyanshgolyan/.codex/worktrees/4511/onepage/research/transport-memory/asymmetric_server.py", line 39, in accept
    data=await reader.read(min(left,16384));assert data;hasher.update(data);left-=len(data);request_bytes+=len(data)
                                                   ^^^^
AssertionError
Unhandled exception in client_connected_cb
transport: <asyncio.sslproto._SSLProtocolTransport object at 0x10176f920>
Traceback (most recent call last):
  File "/Users/divyanshgolyan/.codex/worktrees/4511/onepage/research/transport-memory/asymmetric_server.py", line 39, in accept
    data=await reader.read(min(left,16384));assert data;hasher.update(data);left-=len(data);request_bytes+=len(data)
                                                   ^^^^
AssertionError
Unhandled exception in client_connected_cb
transport: <asyncio.sslproto._SSLProtocolTransport object at 0x10176f890>
Traceback (most recent call last):
  File "/Users/divyanshgolyan/.codex/worktrees/4511/onepage/research/transport-memory/asymmetric_server.py", line 39, in accept
    data=await reader.read(min(left,16384));assert data;hasher.update(data);left-=len(data);request_bytes+=len(data)
                                                   ^^^^
AssertionError
Unhandled exception in client_connected_cb
transport: <asyncio.sslproto._SSLProtocolTransport object at 0x10176f800>
Traceback (most recent call last):
  File "/Users/divyanshgolyan/.codex/worktrees/4511/onepage/research/transport-memory/asymmetric_server.py", line 39, in accept
    data=await reader.read(min(left,16384));assert data;hasher.update(data);left-=len(data);request_bytes+=len(data)
                                                   ^^^^
AssertionError
Unhandled exception in client_connected_cb
transport: <asyncio.sslproto._SSLProtocolTransport object at 0x10176f770>
Traceback (most recent call last):
  File "/Users/divyanshgolyan/.codex/worktrees/4511/onepage/research/transport-memory/asymmetric_server.py", line 39, in accept
    data=await reader.read(min(left,16384));assert data;hasher.update(data);left-=len(data);request_bytes+=len(data)
                                                   ^^^^
AssertionError
Unhandled exception in client_connected_cb
transport: <asyncio.sslproto._SSLProtocolTransport object at 0x10176f6e0>
Traceback (most recent call last):
  File "/Users/divyanshgolyan/.codex/worktrees/4511/onepage/research/transport-memory/asymmetric_server.py", line 39, in accept
    data=await reader.read(min(left,16384));assert data;hasher.update(data);left-=len(data);request_bytes+=len(data)
                                                   ^^^^
AssertionError
Unhandled exception in client_connected_cb
transport: <asyncio.sslproto._SSLProtocolTransport object at 0x10176f650>
Traceback (most recent call last):
  File "/Users/divyanshgolyan/.codex/worktrees/4511/onepage/research/transport-memory/asymmetric_server.py", line 39, in accept
    data=await reader.read(min(left,16384));assert data;hasher.update(data);left-=len(data);request_bytes+=len(data)
                                                   ^^^^
AssertionError
Unhandled exception in client_connected_cb
transport: <asyncio.sslproto._SSLProtocolTransport object at 0x10176f5c0>
Traceback (most recent call last):
  File "/Users/divyanshgolyan/.codex/worktrees/4511/onepage/research/transport-memory/asymmetric_server.py", line 39, in accept
    data=await reader.read(min(left,16384));assert data;hasher.update(data);left-=len(data);request_bytes+=len(data)
                                                   ^^^^
AssertionError
Unhandled exception in client_connected_cb
transport: <asyncio.sslproto._SSLProtocolTransport object at 0x10176f530>
Traceback (most recent call last):
  File "/Users/divyanshgolyan/.codex/worktrees/4511/onepage/research/transport-memory/asymmetric_server.py", line 39, in accept
    data=await reader.read(min(left,16384));assert data;hasher.update(data);left-=len(data);request_bytes+=len(data)
                                                   ^^^^
AssertionError
Unhandled exception in client_connected_cb
transport: <asyncio.sslproto._SSLProtocolTransport object at 0x10176f4a0>
Traceback (most recent call last):
  File "/Users/divyanshgolyan/.codex/worktrees/4511/onepage/research/transport-memory/asymmetric_server.py", line 39, in accept
    data=await reader.read(min(left,16384));assert data;hasher.update(data);left-=len(data);request_bytes+=len(data)
                                                   ^^^^
AssertionError
Unhandled exception in client_connected_cb
transport: <asyncio.sslproto._SSLProtocolTransport object at 0x10176f410>
Traceback (most recent call last):
  File "/Users/divyanshgolyan/.codex/worktrees/4511/onepage/research/transport-memory/asymmetric_server.py", line 39, in accept
    data=await reader.read(min(left,16384));assert data;hasher.update(data);left-=len(data);request_bytes+=len(data)
                                                   ^^^^
AssertionError
Unhandled exception in client_connected_cb
transport: <asyncio.sslproto._SSLProtocolTransport object at 0x10176f380>
Traceback (most recent call last):
  File "/Users/divyanshgolyan/.codex/worktrees/4511/onepage/research/transport-memory/asymmetric_server.py", line 39, in accept
    data=await reader.read(min(left,16384));assert data;hasher.update(data);left-=len(data);request_bytes+=len(data)
                                                   ^^^^
AssertionError
Unhandled exception in client_connected_cb
transport: <asyncio.sslproto._SSLProtocolTransport object at 0x10176f2f0>
Traceback (most recent call last):
  File "/Users/divyanshgolyan/.codex/worktrees/4511/onepage/research/transport-memory/asymmetric_server.py", line 39, in accept
    data=await reader.read(min(left,16384));assert data;hasher.update(data);left-=len(data);request_bytes+=len(data)
                                                   ^^^^
AssertionError
Unhandled exception in client_connected_cb
transport: <asyncio.sslproto._SSLProtocolTransport object at 0x10176f260>
Traceback (most recent call last):
  File "/Users/divyanshgolyan/.codex/worktrees/4511/onepage/research/transport-memory/asymmetric_server.py", line 39, in accept
    data=await reader.read(min(left,16384));assert data;hasher.update(data);left-=len(data);request_bytes+=len(data)
                                                   ^^^^
AssertionError
Unhandled exception in client_connected_cb
transport: <asyncio.sslproto._SSLProtocolTransport object at 0x10176f1d0>
Traceback (most recent call last):
  File "/Users/divyanshgolyan/.codex/worktrees/4511/onepage/research/transport-memory/asymmetric_server.py", line 39, in accept
    data=await reader.read(min(left,16384));assert data;hasher.update(data);left-=len(data);request_bytes+=len(data)
                                                   ^^^^
AssertionError
Unhandled exception in client_connected_cb
transport: <asyncio.sslproto._SSLProtocolTransport object at 0x10176f140>
Traceback (most recent call last):
  File "/Users/divyanshgolyan/.codex/worktrees/4511/onepage/research/transport-memory/asymmetric_server.py", line 39, in accept
    data=await reader.read(min(left,16384));assert data;hasher.update(data);left-=len(data);request_bytes+=len(data)
                                                   ^^^^
AssertionError
Unhandled exception in client_connected_cb
transport: <asyncio.sslproto._SSLProtocolTransport object at 0x10176f0b0>
Traceback (most recent call last):
  File "/Users/divyanshgolyan/.codex/worktrees/4511/onepage/research/transport-memory/asymmetric_server.py", line 39, in accept
    data=await reader.read(min(left,16384));assert data;hasher.update(data);left-=len(data);request_bytes+=len(data)
                                                   ^^^^
AssertionError
Unhandled exception in client_connected_cb
transport: <asyncio.sslproto._SSLProtocolTransport object at 0x10176f020>
Traceback (most recent call last):
  File "/Users/divyanshgolyan/.codex/worktrees/4511/onepage/research/transport-memory/asymmetric_server.py", line 39, in accept
    data=await reader.read(min(left,16384));assert data;hasher.update(data);left-=len(data);request_bytes+=len(data)
                                                   ^^^^
AssertionError
Unhandled exception in client_connected_cb
transport: <asyncio.sslproto._SSLProtocolTransport object at 0x10176ef90>
Traceback (most recent call last):
  File "/Users/divyanshgolyan/.codex/worktrees/4511/onepage/research/transport-memory/asymmetric_server.py", line 39, in accept
    data=await reader.read(min(left,16384));assert data;hasher.update(data);left-=len(data);request_bytes+=len(data)
                                                   ^^^^
AssertionError
Unhandled exception in client_connected_cb
transport: <asyncio.sslproto._SSLProtocolTransport object at 0x10176ef00>
Traceback (most recent call last):
  File "/Users/divyanshgolyan/.codex/worktrees/4511/onepage/research/transport-memory/asymmetric_server.py", line 39, in accept
    data=await reader.read(min(left,16384));assert data;hasher.update(data);left-=len(data);request_bytes+=len(data)
                                                   ^^^^
AssertionError
Unhandled exception in client_connected_cb
transport: <asyncio.sslproto._SSLProtocolTransport object at 0x10176ee70>
Traceback (most recent call last):
  File "/Users/divyanshgolyan/.codex/worktrees/4511/onepage/research/transport-memory/asymmetric_server.py", line 39, in accept
    data=await reader.read(min(left,16384));assert data;hasher.update(data);left-=len(data);request_bytes+=len(data)
                                                   ^^^^
AssertionError
Unhandled exception in client_connected_cb
transport: <asyncio.sslproto._SSLProtocolTransport object at 0x10176ede0>
Traceback (most recent call last):
  File "/Users/divyanshgolyan/.codex/worktrees/4511/onepage/research/transport-memory/asymmetric_server.py", line 39, in accept
    data=await reader.read(min(left,16384));assert data;hasher.update(data);left-=len(data);request_bytes+=len(data)
                                                   ^^^^
AssertionError
Unhandled exception in client_connected_cb
transport: <asyncio.sslproto._SSLProtocolTransport object at 0x10176ed50>
Traceback (most recent call last):
  File "/Users/divyanshgolyan/.codex/worktrees/4511/onepage/research/transport-memory/asymmetric_server.py", line 39, in accept
    data=await reader.read(min(left,16384));assert data;hasher.update(data);left-=len(data);request_bytes+=len(data)
                                                   ^^^^
AssertionError
Unhandled exception in client_connected_cb
transport: <asyncio.sslproto._SSLProtocolTransport object at 0x10176ecc0>
Traceback (most recent call last):
  File "/Users/divyanshgolyan/.codex/worktrees/4511/onepage/research/transport-memory/asymmetric_server.py", line 39, in accept
    data=await reader.read(min(left,16384));assert data;hasher.update(data);left-=len(data);request_bytes+=len(data)
                                                   ^^^^
AssertionError
Unhandled exception in client_connected_cb
transport: <asyncio.sslproto._SSLProtocolTransport object at 0x10176ec30>
Traceback (most recent call last):
  File "/Users/divyanshgolyan/.codex/worktrees/4511/onepage/research/transport-memory/asymmetric_server.py", line 39, in accept
    data=await reader.read(min(left,16384));assert data;hasher.update(data);left-=len(data);request_bytes+=len(data)
                                                   ^^^^
AssertionError
Unhandled exception in client_connected_cb
transport: <asyncio.sslproto._SSLProtocolTransport object at 0x10176eba0>
Traceback (most recent call last):
  File "/Users/divyanshgolyan/.codex/worktrees/4511/onepage/research/transport-memory/asymmetric_server.py", line 39, in accept
    data=await reader.read(min(left,16384));assert data;hasher.update(data);left-=len(data);request_bytes+=len(data)
                                                   ^^^^
AssertionError
Unhandled exception in client_connected_cb
transport: <asyncio.sslproto._SSLProtocolTransport object at 0x10176eb10>
Traceback (most recent call last):
  File "/Users/divyanshgolyan/.codex/worktrees/4511/onepage/research/transport-memory/asymmetric_server.py", line 39, in accept
    data=await reader.read(min(left,16384));assert data;hasher.update(data);left-=len(data);request_bytes+=len(data)
                                                   ^^^^
AssertionError
Unhandled exception in client_connected_cb
transport: <asyncio.sslproto._SSLProtocolTransport object at 0x10176ea80>
Traceback (most recent call last):
  File "/Users/divyanshgolyan/.codex/worktrees/4511/onepage/research/transport-memory/asymmetric_server.py", line 39, in accept
    data=await reader.read(min(left,16384));assert data;hasher.update(data);left-=len(data);request_bytes+=len(data)
                                                   ^^^^
AssertionError
Unhandled exception in client_connected_cb
transport: <asyncio.sslproto._SSLProtocolTransport object at 0x10176e9f0>
Traceback (most recent call last):
  File "/Users/divyanshgolyan/.codex/worktrees/4511/onepage/research/transport-memory/asymmetric_server.py", line 39, in accept
    data=await reader.read(min(left,16384));assert data;hasher.update(data);left-=len(data);request_bytes+=len(data)
                                                   ^^^^
AssertionError
Unhandled exception in client_connected_cb
transport: <asyncio.sslproto._SSLProtocolTransport object at 0x10176e960>
Traceback (most recent call last):
  File "/Users/divyanshgolyan/.codex/worktrees/4511/onepage/research/transport-memory/asymmetric_server.py", line 39, in accept
    data=await reader.read(min(left,16384));assert data;hasher.update(data);left-=len(data);request_bytes+=len(data)
                                                   ^^^^
AssertionError
Unhandled exception in client_connected_cb
transport: <asyncio.sslproto._SSLProtocolTransport object at 0x10176e8d0>
Traceback (most recent call last):
  File "/Users/divyanshgolyan/.codex/worktrees/4511/onepage/research/transport-memory/asymmetric_server.py", line 39, in accept
    data=await reader.read(min(left,16384));assert data;hasher.update(data);left-=len(data);request_bytes+=len(data)
                                                   ^^^^
AssertionError
Unhandled exception in client_connected_cb
transport: <asyncio.sslproto._SSLProtocolTransport object at 0x10176e840>
Traceback (most recent call last):
  File "/Users/divyanshgolyan/.codex/worktrees/4511/onepage/research/transport-memory/asymmetric_server.py", line 39, in accept
    data=await reader.read(min(left,16384));assert data;hasher.update(data);left-=len(data);request_bytes+=len(data)
                                                   ^^^^
AssertionError
Unhandled exception in client_connected_cb
transport: <asyncio.sslproto._SSLProtocolTransport object at 0x10176e7b0>
Traceback (most recent call last):
  File "/Users/divyanshgolyan/.codex/worktrees/4511/onepage/research/transport-memory/asymmetric_server.py", line 39, in accept
    data=await reader.read(min(left,16384));assert data;hasher.update(data);left-=len(data);request_bytes+=len(data)
                                                   ^^^^
AssertionError
Unhandled exception in client_connected_cb
transport: <asyncio.sslproto._SSLProtocolTransport object at 0x10176e720>
Traceback (most recent call last):
  File "/Users/divyanshgolyan/.codex/worktrees/4511/onepage/research/transport-memory/asymmetric_server.py", line 39, in accept
    data=await reader.read(min(left,16384));assert data;hasher.update(data);left-=len(data);request_bytes+=len(data)
                                                   ^^^^
AssertionError
Unhandled exception in client_connected_cb
transport: <asyncio.sslproto._SSLProtocolTransport object at 0x10176e690>
Traceback (most recent call last):
  File "/Users/divyanshgolyan/.codex/worktrees/4511/onepage/research/transport-memory/asymmetric_server.py", line 39, in accept
    data=await reader.read(min(left,16384));assert data;hasher.update(data);left-=len(data);request_bytes+=len(data)
                                                   ^^^^
AssertionError
Unhandled exception in client_connected_cb
transport: <asyncio.sslproto._SSLProtocolTransport object at 0x10176e600>
Traceback (most recent call last):
  File "/Users/divyanshgolyan/.codex/worktrees/4511/onepage/research/transport-memory/asymmetric_server.py", line 39, in accept
    data=await reader.read(min(left,16384));assert data;hasher.update(data);left-=len(data);request_bytes+=len(data)
                                                   ^^^^
AssertionError
Unhandled exception in client_connected_cb
transport: <asyncio.sslproto._SSLProtocolTransport object at 0x10176e570>
Traceback (most recent call last):
  File "/Users/divyanshgolyan/.codex/worktrees/4511/onepage/research/transport-memory/asymmetric_server.py", line 39, in accept
    data=await reader.read(min(left,16384));assert data;hasher.update(data);left-=len(data);request_bytes+=len(data)
                                                   ^^^^
AssertionError
Unhandled exception in client_connected_cb
transport: <asyncio.sslproto._SSLProtocolTransport object at 0x10176e4e0>
Traceback (most recent call last):
  File "/Users/divyanshgolyan/.codex/worktrees/4511/onepage/research/transport-memory/asymmetric_server.py", line 39, in accept
    data=await reader.read(min(left,16384));assert data;hasher.update(data);left-=len(data);request_bytes+=len(data)
                                                   ^^^^
AssertionError
Unhandled exception in client_connected_cb
transport: <asyncio.sslproto._SSLProtocolTransport object at 0x10176e450>
Traceback (most recent call last):
  File "/Users/divyanshgolyan/.codex/worktrees/4511/onepage/research/transport-memory/asymmetric_server.py", line 39, in accept
    data=await reader.read(min(left,16384));assert data;hasher.update(data);left-=len(data);request_bytes+=len(data)
                                                   ^^^^
AssertionError
Unhandled exception in client_connected_cb
transport: <asyncio.sslproto._SSLProtocolTransport object at 0x10176e3c0>
Traceback (most recent call last):
  File "/Users/divyanshgolyan/.codex/worktrees/4511/onepage/research/transport-memory/asymmetric_server.py", line 39, in accept
    data=await reader.read(min(left,16384));assert data;hasher.update(data);left-=len(data);request_bytes+=len(data)
                                                   ^^^^
AssertionError
Unhandled exception in client_connected_cb
transport: <asyncio.sslproto._SSLProtocolTransport object at 0x10176e330>
Traceback (most recent call last):
  File "/Users/divyanshgolyan/.codex/worktrees/4511/onepage/research/transport-memory/asymmetric_server.py", line 39, in accept
    data=await reader.read(min(left,16384));assert data;hasher.update(data);left-=len(data);request_bytes+=len(data)
                                                   ^^^^
AssertionError
Unhandled exception in client_connected_cb
transport: <asyncio.sslproto._SSLProtocolTransport object at 0x10176e2a0>
Traceback (most recent call last):
  File "/Users/divyanshgolyan/.codex/worktrees/4511/onepage/research/transport-memory/asymmetric_server.py", line 39, in accept
    data=await reader.read(min(left,16384));assert data;hasher.update(data);left-=len(data);request_bytes+=len(data)
                                                   ^^^^
AssertionError
Unhandled exception in client_connected_cb
transport: <asyncio.sslproto._SSLProtocolTransport object at 0x10176e210>
Traceback (most recent call last):
  File "/Users/divyanshgolyan/.codex/worktrees/4511/onepage/research/transport-memory/asymmetric_server.py", line 39, in accept
    data=await reader.read(min(left,16384));assert data;hasher.update(data);left-=len(data);request_bytes+=len(data)
                                                   ^^^^
AssertionError
Unhandled exception in client_connected_cb
transport: <asyncio.sslproto._SSLProtocolTransport object at 0x10176e180>
Traceback (most recent call last):
  File "/Users/divyanshgolyan/.codex/worktrees/4511/onepage/research/transport-memory/asymmetric_server.py", line 39, in accept
    data=await reader.read(min(left,16384));assert data;hasher.update(data);left-=len(data);request_bytes+=len(data)
                                                   ^^^^
AssertionError
Unhandled exception in client_connected_cb
transport: <asyncio.sslproto._SSLProtocolTransport object at 0x10176e0f0>
Traceback (most recent call last):
  File "/Users/divyanshgolyan/.codex/worktrees/4511/onepage/research/transport-memory/asymmetric_server.py", line 39, in accept
    data=await reader.read(min(left,16384));assert data;hasher.update(data);left-=len(data);request_bytes+=len(data)
                                                   ^^^^
AssertionError
Unhandled exception in client_connected_cb
transport: <asyncio.sslproto._SSLProtocolTransport object at 0x10176e060>
Traceback (most recent call last):
  File "/Users/divyanshgolyan/.codex/worktrees/4511/onepage/research/transport-memory/asymmetric_server.py", line 39, in accept
    data=await reader.read(min(left,16384));assert data;hasher.update(data);left-=len(data);request_bytes+=len(data)
                                                   ^^^^
AssertionError
Unhandled exception in client_connected_cb
transport: <asyncio.sslproto._SSLProtocolTransport object at 0x10176dfd0>
Traceback (most recent call last):
  File "/Users/divyanshgolyan/.codex/worktrees/4511/onepage/research/transport-memory/asymmetric_server.py", line 39, in accept
    data=await reader.read(min(left,16384));assert data;hasher.update(data);left-=len(data);request_bytes+=len(data)
                                                   ^^^^
AssertionError
Unhandled exception in client_connected_cb
transport: <asyncio.sslproto._SSLProtocolTransport object at 0x10176df40>
Traceback (most recent call last):
  File "/Users/divyanshgolyan/.codex/worktrees/4511/onepage/research/transport-memory/asymmetric_server.py", line 39, in accept
    data=await reader.read(min(left,16384));assert data;hasher.update(data);left-=len(data);request_bytes+=len(data)
                                                   ^^^^
AssertionError
Unhandled exception in client_connected_cb
transport: <asyncio.sslproto._SSLProtocolTransport object at 0x10176deb0>
Traceback (most recent call last):
  File "/Users/divyanshgolyan/.codex/worktrees/4511/onepage/research/transport-memory/asymmetric_server.py", line 39, in accept
    data=await reader.read(min(left,16384));assert data;hasher.update(data);left-=len(data);request_bytes+=len(data)
                                                   ^^^^
AssertionError
Unhandled exception in client_connected_cb
transport: <asyncio.sslproto._SSLProtocolTransport object at 0x10176de20>
Traceback (most recent call last):
  File "/Users/divyanshgolyan/.codex/worktrees/4511/onepage/research/transport-memory/asymmetric_server.py", line 39, in accept
    data=await reader.read(min(left,16384));assert data;hasher.update(data);left-=len(data);request_bytes+=len(data)
                                                   ^^^^
AssertionError
Unhandled exception in client_connected_cb
transport: <asyncio.sslproto._SSLProtocolTransport object at 0x10176dd90>
Traceback (most recent call last):
  File "/Users/divyanshgolyan/.codex/worktrees/4511/onepage/research/transport-memory/asymmetric_server.py", line 39, in accept
    data=await reader.read(min(left,16384));assert data;hasher.update(data);left-=len(data);request_bytes+=len(data)
                                                   ^^^^
AssertionError
Unhandled exception in client_connected_cb
transport: <asyncio.sslproto._SSLProtocolTransport object at 0x10176dd00>
Traceback (most recent call last):
  File "/Users/divyanshgolyan/.codex/worktrees/4511/onepage/research/transport-memory/asymmetric_server.py", line 39, in accept
    data=await reader.read(min(left,16384));assert data;hasher.update(data);left-=len(data);request_bytes+=len(data)
                                                   ^^^^
AssertionError
Unhandled exception in client_connected_cb
transport: <asyncio.sslproto._SSLProtocolTransport object at 0x10176dc70>
Traceback (most recent call last):
  File "/Users/divyanshgolyan/.codex/worktrees/4511/onepage/research/transport-memory/asymmetric_server.py", line 39, in accept
    data=await reader.read(min(left,16384));assert data;hasher.update(data);left-=len(data);request_bytes+=len(data)
                                                   ^^^^
AssertionError
Unhandled exception in client_connected_cb
transport: <asyncio.sslproto._SSLProtocolTransport object at 0x10176dbe0>
Traceback (most recent call last):
  File "/Users/divyanshgolyan/.codex/worktrees/4511/onepage/research/transport-memory/asymmetric_server.py", line 39, in accept
    data=await reader.read(min(left,16384));assert data;hasher.update(data);left-=len(data);request_bytes+=len(data)
                                                   ^^^^
AssertionError
Unhandled exception in client_connected_cb
transport: <asyncio.sslproto._SSLProtocolTransport object at 0x10176db50>
Traceback (most recent call last):
  File "/Users/divyanshgolyan/.codex/worktrees/4511/onepage/research/transport-memory/asymmetric_server.py", line 39, in accept
    data=await reader.read(min(left,16384));assert data;hasher.update(data);left-=len(data);request_bytes+=len(data)
                                                   ^^^^
AssertionError
Unhandled exception in client_connected_cb
transport: <asyncio.sslproto._SSLProtocolTransport object at 0x10176dac0>
Traceback (most recent call last):
  File "/Users/divyanshgolyan/.codex/worktrees/4511/onepage/research/transport-memory/asymmetric_server.py", line 39, in accept
    data=await reader.read(min(left,16384));assert data;hasher.update(data);left-=len(data);request_bytes+=len(data)
                                                   ^^^^
AssertionError
Unhandled exception in client_connected_cb
transport: <asyncio.sslproto._SSLProtocolTransport object at 0x10176da30>
Traceback (most recent call last):
  File "/Users/divyanshgolyan/.codex/worktrees/4511/onepage/research/transport-memory/asymmetric_server.py", line 39, in accept
    data=await reader.read(min(left,16384));assert data;hasher.update(data);left-=len(data);request_bytes+=len(data)
                                                   ^^^^
AssertionError
Unhandled exception in client_connected_cb
transport: <asyncio.sslproto._SSLProtocolTransport object at 0x10176d9a0>
Traceback (most recent call last):
  File "/Users/divyanshgolyan/.codex/worktrees/4511/onepage/research/transport-memory/asymmetric_server.py", line 39, in accept
    data=await reader.read(min(left,16384));assert data;hasher.update(data);left-=len(data);request_bytes+=len(data)
                                                   ^^^^
AssertionError
Unhandled exception in client_connected_cb
transport: <asyncio.sslproto._SSLProtocolTransport object at 0x10176d910>
Traceback (most recent call last):
  File "/Users/divyanshgolyan/.codex/worktrees/4511/onepage/research/transport-memory/asymmetric_server.py", line 39, in accept
    data=await reader.read(min(left,16384));assert data;hasher.update(data);left-=len(data);request_bytes+=len(data)
                                                   ^^^^
AssertionError
Unhandled exception in client_connected_cb
transport: <asyncio.sslproto._SSLProtocolTransport object at 0x10176d880>
Traceback (most recent call last):
  File "/Users/divyanshgolyan/.codex/worktrees/4511/onepage/research/transport-memory/asymmetric_server.py", line 39, in accept
    data=await reader.read(min(left,16384));assert data;hasher.update(data);left-=len(data);request_bytes+=len(data)
                                                   ^^^^
AssertionError
Unhandled exception in client_connected_cb
transport: <asyncio.sslproto._SSLProtocolTransport object at 0x10176d7f0>
Traceback (most recent call last):
  File "/Users/divyanshgolyan/.codex/worktrees/4511/onepage/research/transport-memory/asymmetric_server.py", line 39, in accept
    data=await reader.read(min(left,16384));assert data;hasher.update(data);left-=len(data);request_bytes+=len(data)
                                                   ^^^^
AssertionError
Unhandled exception in client_connected_cb
transport: <asyncio.sslproto._SSLProtocolTransport object at 0x10176d760>
Traceback (most recent call last):
  File "/Users/divyanshgolyan/.codex/worktrees/4511/onepage/research/transport-memory/asymmetric_server.py", line 39, in accept
    data=await reader.read(min(left,16384));assert data;hasher.update(data);left-=len(data);request_bytes+=len(data)
                                                   ^^^^
AssertionError
Unhandled exception in client_connected_cb
transport: <asyncio.sslproto._SSLProtocolTransport object at 0x10176d6d0>
Traceback (most recent call last):
  File "/Users/divyanshgolyan/.codex/worktrees/4511/onepage/research/transport-memory/asymmetric_server.py", line 39, in accept
    data=await reader.read(min(left,16384));assert data;hasher.update(data);left-=len(data);request_bytes+=len(data)
                                                   ^^^^
AssertionError
Unhandled exception in client_connected_cb
transport: <asyncio.sslproto._SSLProtocolTransport object at 0x10176d640>
Traceback (most recent call last):
  File "/Users/divyanshgolyan/.codex/worktrees/4511/onepage/research/transport-memory/asymmetric_server.py", line 39, in accept
    data=await reader.read(min(left,16384));assert data;hasher.update(data);left-=len(data);request_bytes+=len(data)
                                                   ^^^^
AssertionError
Unhandled exception in client_connected_cb
transport: <asyncio.sslproto._SSLProtocolTransport object at 0x10176d5b0>
Traceback (most recent call last):
  File "/Users/divyanshgolyan/.codex/worktrees/4511/onepage/research/transport-memory/asymmetric_server.py", line 39, in accept
    data=await reader.read(min(left,16384));assert data;hasher.update(data);left-=len(data);request_bytes+=len(data)
                                                   ^^^^
AssertionError
Unhandled exception in client_connected_cb
transport: <asyncio.sslproto._SSLProtocolTransport object at 0x10176d520>
Traceback (most recent call last):
  File "/Users/divyanshgolyan/.codex/worktrees/4511/onepage/research/transport-memory/asymmetric_server.py", line 39, in accept
    data=await reader.read(min(left,16384));assert data;hasher.update(data);left-=len(data);request_bytes+=len(data)
                                                   ^^^^
AssertionError
Unhandled exception in client_connected_cb
transport: <asyncio.sslproto._SSLProtocolTransport object at 0x10176d490>
Traceback (most recent call last):
  File "/Users/divyanshgolyan/.codex/worktrees/4511/onepage/research/transport-memory/asymmetric_server.py", line 39, in accept
    data=await reader.read(min(left,16384));assert data;hasher.update(data);left-=len(data);request_bytes+=len(data)
                                                   ^^^^
AssertionError
Unhandled exception in client_connected_cb
transport: <asyncio.sslproto._SSLProtocolTransport object at 0x10176d400>
Traceback (most recent call last):
  File "/Users/divyanshgolyan/.codex/worktrees/4511/onepage/research/transport-memory/asymmetric_server.py", line 39, in accept
    data=await reader.read(min(left,16384));assert data;hasher.update(data);left-=len(data);request_bytes+=len(data)
                                                   ^^^^
AssertionError
Unhandled exception in client_connected_cb
transport: <asyncio.sslproto._SSLProtocolTransport object at 0x10176d370>
Traceback (most recent call last):
  File "/Users/divyanshgolyan/.codex/worktrees/4511/onepage/research/transport-memory/asymmetric_server.py", line 39, in accept
    data=await reader.read(min(left,16384));assert data;hasher.update(data);left-=len(data);request_bytes+=len(data)
                                                   ^^^^
AssertionError
Unhandled exception in client_connected_cb
transport: <asyncio.sslproto._SSLProtocolTransport object at 0x10176d2e0>
Traceback (most recent call last):
  File "/Users/divyanshgolyan/.codex/worktrees/4511/onepage/research/transport-memory/asymmetric_server.py", line 39, in accept
    data=await reader.read(min(left,16384));assert data;hasher.update(data);left-=len(data);request_bytes+=len(data)
                                                   ^^^^
AssertionError
Unhandled exception in client_connected_cb
transport: <asyncio.sslproto._SSLProtocolTransport object at 0x10176d250>
Traceback (most recent call last):
  File "/Users/divyanshgolyan/.codex/worktrees/4511/onepage/research/transport-memory/asymmetric_server.py", line 39, in accept
    data=await reader.read(min(left,16384));assert data;hasher.update(data);left-=len(data);request_bytes+=len(data)
                                                   ^^^^
AssertionError
Unhandled exception in client_connected_cb
transport: <asyncio.sslproto._SSLProtocolTransport object at 0x10176d1c0>
Traceback (most recent call last):
  File "/Users/divyanshgolyan/.codex/worktrees/4511/onepage/research/transport-memory/asymmetric_server.py", line 39, in accept
    data=await reader.read(min(left,16384));assert data;hasher.update(data);left-=len(data);request_bytes+=len(data)
                                                   ^^^^
AssertionError
Unhandled exception in client_connected_cb
transport: <asyncio.sslproto._SSLProtocolTransport object at 0x10176d130>
Traceback (most recent call last):
  File "/Users/divyanshgolyan/.codex/worktrees/4511/onepage/research/transport-memory/asymmetric_server.py", line 39, in accept
    data=await reader.read(min(left,16384));assert data;hasher.update(data);left-=len(data);request_bytes+=len(data)
                                                   ^^^^
AssertionError
Unhandled exception in client_connected_cb
transport: <asyncio.sslproto._SSLProtocolTransport object at 0x10176d0a0>
Traceback (most recent call last):
  File "/Users/divyanshgolyan/.codex/worktrees/4511/onepage/research/transport-memory/asymmetric_server.py", line 39, in accept
    data=await reader.read(min(left,16384));assert data;hasher.update(data);left-=len(data);request_bytes+=len(data)
                                                   ^^^^
AssertionError
Unhandled exception in client_connected_cb
transport: <asyncio.sslproto._SSLProtocolTransport object at 0x10176d010>
Traceback (most recent call last):
  File "/Users/divyanshgolyan/.codex/worktrees/4511/onepage/research/transport-memory/asymmetric_server.py", line 39, in accept
    data=await reader.read(min(left,16384));assert data;hasher.update(data);left-=len(data);request_bytes+=len(data)
                                                   ^^^^
AssertionError
Unhandled exception in client_connected_cb
transport: <asyncio.sslproto._SSLProtocolTransport object at 0x10176cf80>
Traceback (most recent call last):
  File "/Users/divyanshgolyan/.codex/worktrees/4511/onepage/research/transport-memory/asymmetric_server.py", line 39, in accept
    data=await reader.read(min(left,16384));assert data;hasher.update(data);left-=len(data);request_bytes+=len(data)
                                                   ^^^^
AssertionError
Unhandled exception in client_connected_cb
transport: <asyncio.sslproto._SSLProtocolTransport object at 0x10176cef0>
Traceback (most recent call last):
  File "/Users/divyanshgolyan/.codex/worktrees/4511/onepage/research/transport-memory/asymmetric_server.py", line 39, in accept
    data=await reader.read(min(left,16384));assert data;hasher.update(data);left-=len(data);request_bytes+=len(data)
                                                   ^^^^
AssertionError
Unhandled exception in client_connected_cb
transport: <asyncio.sslproto._SSLProtocolTransport object at 0x10176ce60>
Traceback (most recent call last):
  File "/Users/divyanshgolyan/.codex/worktrees/4511/onepage/research/transport-memory/asymmetric_server.py", line 39, in accept
    data=await reader.read(min(left,16384));assert data;hasher.update(data);left-=len(data);request_bytes+=len(data)
                                                   ^^^^
AssertionError
Unhandled exception in client_connected_cb
transport: <asyncio.sslproto._SSLProtocolTransport object at 0x10176cdd0>
Traceback (most recent call last):
  File "/Users/divyanshgolyan/.codex/worktrees/4511/onepage/research/transport-memory/asymmetric_server.py", line 39, in accept
    data=await reader.read(min(left,16384));assert data;hasher.update(data);left-=len(data);request_bytes+=len(data)
                                                   ^^^^
AssertionError
Unhandled exception in client_connected_cb
transport: <asyncio.sslproto._SSLProtocolTransport object at 0x10176cd40>
Traceback (most recent call last):
  File "/Users/divyanshgolyan/.codex/worktrees/4511/onepage/research/transport-memory/asymmetric_server.py", line 39, in accept
    data=await reader.read(min(left,16384));assert data;hasher.update(data);left-=len(data);request_bytes+=len(data)
                                                   ^^^^
AssertionError
Unhandled exception in client_connected_cb
transport: <asyncio.sslproto._SSLProtocolTransport object at 0x10176ccb0>
Traceback (most recent call last):
  File "/Users/divyanshgolyan/.codex/worktrees/4511/onepage/research/transport-memory/asymmetric_server.py", line 39, in accept
    data=await reader.read(min(left,16384));assert data;hasher.update(data);left-=len(data);request_bytes+=len(data)
                                                   ^^^^
AssertionError
Unhandled exception in client_connected_cb
transport: <asyncio.sslproto._SSLProtocolTransport object at 0x10176cc20>
Traceback (most recent call last):
  File "/Users/divyanshgolyan/.codex/worktrees/4511/onepage/research/transport-memory/asymmetric_server.py", line 39, in accept
    data=await reader.read(min(left,16384));assert data;hasher.update(data);left-=len(data);request_bytes+=len(data)
                                                   ^^^^
AssertionError
Unhandled exception in client_connected_cb
transport: <asyncio.sslproto._SSLProtocolTransport object at 0x10176cb90>
Traceback (most recent call last):
  File "/Users/divyanshgolyan/.codex/worktrees/4511/onepage/research/transport-memory/asymmetric_server.py", line 39, in accept
    data=await reader.read(min(left,16384));assert data;hasher.update(data);left-=len(data);request_bytes+=len(data)
                                                   ^^^^
AssertionError
Unhandled exception in client_connected_cb
transport: <asyncio.sslproto._SSLProtocolTransport object at 0x10176cb00>
Traceback (most recent call last):
  File "/Users/divyanshgolyan/.codex/worktrees/4511/onepage/research/transport-memory/asymmetric_server.py", line 39, in accept
    data=await reader.read(min(left,16384));assert data;hasher.update(data);left-=len(data);request_bytes+=len(data)
                                                   ^^^^
AssertionError
Unhandled exception in client_connected_cb
transport: <asyncio.sslproto._SSLProtocolTransport object at 0x10176ca70>
Traceback (most recent call last):
  File "/Users/divyanshgolyan/.codex/worktrees/4511/onepage/research/transport-memory/asymmetric_server.py", line 39, in accept
    data=await reader.read(min(left,16384));assert data;hasher.update(data);left-=len(data);request_bytes+=len(data)
                                                   ^^^^
AssertionError
Unhandled exception in client_connected_cb
transport: <asyncio.sslproto._SSLProtocolTransport object at 0x10176c9e0>
Traceback (most recent call last):
  File "/Users/divyanshgolyan/.codex/worktrees/4511/onepage/research/transport-memory/asymmetric_server.py", line 39, in accept
    data=await reader.read(min(left,16384));assert data;hasher.update(data);left-=len(data);request_bytes+=len(data)
                                                   ^^^^
AssertionError
Unhandled exception in client_connected_cb
transport: <asyncio.sslproto._SSLProtocolTransport object at 0x10176c950>
Traceback (most recent call last):
  File "/Users/divyanshgolyan/.codex/worktrees/4511/onepage/research/transport-memory/asymmetric_server.py", line 39, in accept
    data=await reader.read(min(left,16384));assert data;hasher.update(data);left-=len(data);request_bytes+=len(data)
                                                   ^^^^
AssertionError
Unhandled exception in client_connected_cb
transport: <asyncio.sslproto._SSLProtocolTransport object at 0x10176c8c0>
Traceback (most recent call last):
  File "/Users/divyanshgolyan/.codex/worktrees/4511/onepage/research/transport-memory/asymmetric_server.py", line 39, in accept
    data=await reader.read(min(left,16384));assert data;hasher.update(data);left-=len(data);request_bytes+=len(data)
                                                   ^^^^
AssertionError
Unhandled exception in client_connected_cb
transport: <asyncio.sslproto._SSLProtocolTransport object at 0x10176c830>
Traceback (most recent call last):
  File "/Users/divyanshgolyan/.codex/worktrees/4511/onepage/research/transport-memory/asymmetric_server.py", line 39, in accept
    data=await reader.read(min(left,16384));assert data;hasher.update(data);left-=len(data);request_bytes+=len(data)
                                                   ^^^^
AssertionError
Unhandled exception in client_connected_cb
transport: <asyncio.sslproto._SSLProtocolTransport object at 0x10176c7a0>
Traceback (most recent call last):
  File "/Users/divyanshgolyan/.codex/worktrees/4511/onepage/research/transport-memory/asymmetric_server.py", line 39, in accept
    data=await reader.read(min(left,16384));assert data;hasher.update(data);left-=len(data);request_bytes+=len(data)
                                                   ^^^^
AssertionError
Unhandled exception in client_connected_cb
transport: <asyncio.sslproto._SSLProtocolTransport object at 0x10176c710>
Traceback (most recent call last):
  File "/Users/divyanshgolyan/.codex/worktrees/4511/onepage/research/transport-memory/asymmetric_server.py", line 39, in accept
    data=await reader.read(min(left,16384));assert data;hasher.update(data);left-=len(data);request_bytes+=len(data)
                                                   ^^^^
AssertionError
Unhandled exception in client_connected_cb
transport: <asyncio.sslproto._SSLProtocolTransport object at 0x10176c680>
Traceback (most recent call last):
  File "/Users/divyanshgolyan/.codex/worktrees/4511/onepage/research/transport-memory/asymmetric_server.py", line 39, in accept
    data=await reader.read(min(left,16384));assert data;hasher.update(data);left-=len(data);request_bytes+=len(data)
                                                   ^^^^
AssertionError
Unhandled exception in client_connected_cb
transport: <asyncio.sslproto._SSLProtocolTransport object at 0x10176c5f0>
Traceback (most recent call last):
  File "/Users/divyanshgolyan/.codex/worktrees/4511/onepage/research/transport-memory/asymmetric_server.py", line 39, in accept
    data=await reader.read(min(left,16384));assert data;hasher.update(data);left-=len(data);request_bytes+=len(data)
                                                   ^^^^
AssertionError
Unhandled exception in client_connected_cb
transport: <asyncio.sslproto._SSLProtocolTransport object at 0x10176c560>
Traceback (most recent call last):
  File "/Users/divyanshgolyan/.codex/worktrees/4511/onepage/research/transport-memory/asymmetric_server.py", line 39, in accept
    data=await reader.read(min(left,16384));assert data;hasher.update(data);left-=len(data);request_bytes+=len(data)
                                                   ^^^^
AssertionError
Unhandled exception in client_connected_cb
transport: <asyncio.sslproto._SSLProtocolTransport object at 0x10176c4d0>
Traceback (most recent call last):
  File "/Users/divyanshgolyan/.codex/worktrees/4511/onepage/research/transport-memory/asymmetric_server.py", line 39, in accept
    data=await reader.read(min(left,16384));assert data;hasher.update(data);left-=len(data);request_bytes+=len(data)
                                                   ^^^^
AssertionError
Unhandled exception in client_connected_cb
transport: <asyncio.sslproto._SSLProtocolTransport object at 0x10176c440>
Traceback (most recent call last):
  File "/Users/divyanshgolyan/.codex/worktrees/4511/onepage/research/transport-memory/asymmetric_server.py", line 39, in accept
    data=await reader.read(min(left,16384));assert data;hasher.update(data);left-=len(data);request_bytes+=len(data)
                                                   ^^^^
AssertionError
Unhandled exception in client_connected_cb
transport: <asyncio.sslproto._SSLProtocolTransport object at 0x10176c3b0>
Traceback (most recent call last):
  File "/Users/divyanshgolyan/.codex/worktrees/4511/onepage/research/transport-memory/asymmetric_server.py", line 39, in accept
    data=await reader.read(min(left,16384));assert data;hasher.update(data);left-=len(data);request_bytes+=len(data)
                                                   ^^^^
AssertionError
Unhandled exception in client_connected_cb
transport: <asyncio.sslproto._SSLProtocolTransport object at 0x10176c320>
Traceback (most recent call last):
  File "/Users/divyanshgolyan/.codex/worktrees/4511/onepage/research/transport-memory/asymmetric_server.py", line 39, in accept
    data=await reader.read(min(left,16384));assert data;hasher.update(data);left-=len(data);request_bytes+=len(data)
                                                   ^^^^
AssertionError
Unhandled exception in client_connected_cb
transport: <asyncio.sslproto._SSLProtocolTransport object at 0x10176c290>
Traceback (most recent call last):
  File "/Users/divyanshgolyan/.codex/worktrees/4511/onepage/research/transport-memory/asymmetric_server.py", line 39, in accept
    data=await reader.read(min(left,16384));assert data;hasher.update(data);left-=len(data);request_bytes+=len(data)
                                                   ^^^^
AssertionError
Unhandled exception in client_connected_cb
transport: <asyncio.sslproto._SSLProtocolTransport object at 0x10176c200>
Traceback (most recent call last):
  File "/Users/divyanshgolyan/.codex/worktrees/4511/onepage/research/transport-memory/asymmetric_server.py", line 39, in accept
    data=await reader.read(min(left,16384));assert data;hasher.update(data);left-=len(data);request_bytes+=len(data)
                                                   ^^^^
AssertionError
Unhandled exception in client_connected_cb
transport: <asyncio.sslproto._SSLProtocolTransport object at 0x10176c170>
Traceback (most recent call last):
  File "/Users/divyanshgolyan/.codex/worktrees/4511/onepage/research/transport-memory/asymmetric_server.py", line 39, in accept
    data=await reader.read(min(left,16384));assert data;hasher.update(data);left-=len(data);request_bytes+=len(data)
                                                   ^^^^
AssertionError
Unhandled exception in client_connected_cb
transport: <asyncio.sslproto._SSLProtocolTransport object at 0x10176c0e0>
Traceback (most recent call last):
  File "/Users/divyanshgolyan/.codex/worktrees/4511/onepage/research/transport-memory/asymmetric_server.py", line 39, in accept
    data=await reader.read(min(left,16384));assert data;hasher.update(data);left-=len(data);request_bytes+=len(data)
                                                   ^^^^
AssertionError
Unhandled exception in client_connected_cb
transport: <asyncio.sslproto._SSLProtocolTransport object at 0x10176c050>
Traceback (most recent call last):
  File "/Users/divyanshgolyan/.codex/worktrees/4511/onepage/research/transport-memory/asymmetric_server.py", line 39, in accept
    data=await reader.read(min(left,16384));assert data;hasher.update(data);left-=len(data);request_bytes+=len(data)
                                                   ^^^^
AssertionError
Unhandled exception in client_connected_cb
transport: <asyncio.sslproto._SSLProtocolTransport object at 0x1016bff50>
Traceback (most recent call last):
  File "/Users/divyanshgolyan/.codex/worktrees/4511/onepage/research/transport-memory/asymmetric_server.py", line 39, in accept
    data=await reader.read(min(left,16384));assert data;hasher.update(data);left-=len(data);request_bytes+=len(data)
                                                   ^^^^
AssertionError
Unhandled exception in client_connected_cb
transport: <asyncio.sslproto._SSLProtocolTransport object at 0x1016bfec0>
Traceback (most recent call last):
  File "/Users/divyanshgolyan/.codex/worktrees/4511/onepage/research/transport-memory/asymmetric_server.py", line 39, in accept
    data=await reader.read(min(left,16384));assert data;hasher.update(data);left-=len(data);request_bytes+=len(data)
                                                   ^^^^
AssertionError
Unhandled exception in client_connected_cb
transport: <asyncio.sslproto._SSLProtocolTransport object at 0x1016bfe30>
Traceback (most recent call last):
  File "/Users/divyanshgolyan/.codex/worktrees/4511/onepage/research/transport-memory/asymmetric_server.py", line 39, in accept
    data=await reader.read(min(left,16384));assert data;hasher.update(data);left-=len(data);request_bytes+=len(data)
                                                   ^^^^
AssertionError
Unhandled exception in client_connected_cb
transport: <asyncio.sslproto._SSLProtocolTransport object at 0x1016bfda0>
Traceback (most recent call last):
  File "/Users/divyanshgolyan/.codex/worktrees/4511/onepage/research/transport-memory/asymmetric_server.py", line 39, in accept
    data=await reader.read(min(left,16384));assert data;hasher.update(data);left-=len(data);request_bytes+=len(data)
                                                   ^^^^
AssertionError
Unhandled exception in client_connected_cb
transport: <asyncio.sslproto._SSLProtocolTransport object at 0x1016bfd10>
Traceback (most recent call last):
  File "/Users/divyanshgolyan/.codex/worktrees/4511/onepage/research/transport-memory/asymmetric_server.py", line 39, in accept
    data=await reader.read(min(left,16384));assert data;hasher.update(data);left-=len(data);request_bytes+=len(data)
                                                   ^^^^
AssertionError
Unhandled exception in client_connected_cb
transport: <asyncio.sslproto._SSLProtocolTransport object at 0x1016bfc80>
Traceback (most recent call last):
  File "/Users/divyanshgolyan/.codex/worktrees/4511/onepage/research/transport-memory/asymmetric_server.py", line 39, in accept
    data=await reader.read(min(left,16384));assert data;hasher.update(data);left-=len(data);request_bytes+=len(data)
                                                   ^^^^
AssertionError
Unhandled exception in client_connected_cb
transport: <asyncio.sslproto._SSLProtocolTransport object at 0x1016bfbf0>
Traceback (most recent call last):
  File "/Users/divyanshgolyan/.codex/worktrees/4511/onepage/research/transport-memory/asymmetric_server.py", line 39, in accept
    data=await reader.read(min(left,16384));assert data;hasher.update(data);left-=len(data);request_bytes+=len(data)
                                                   ^^^^
AssertionError
Unhandled exception in client_connected_cb
transport: <asyncio.sslproto._SSLProtocolTransport object at 0x1016bfb60>
Traceback (most recent call last):
  File "/Users/divyanshgolyan/.codex/worktrees/4511/onepage/research/transport-memory/asymmetric_server.py", line 39, in accept
    data=await reader.read(min(left,16384));assert data;hasher.update(data);left-=len(data);request_bytes+=len(data)
                                                   ^^^^
AssertionError
Unhandled exception in client_connected_cb
transport: <asyncio.sslproto._SSLProtocolTransport object at 0x1016bfad0>
Traceback (most recent call last):
  File "/Users/divyanshgolyan/.codex/worktrees/4511/onepage/research/transport-memory/asymmetric_server.py", line 39, in accept
    data=await reader.read(min(left,16384));assert data;hasher.update(data);left-=len(data);request_bytes+=len(data)
                                                   ^^^^
AssertionError
Unhandled exception in client_connected_cb
transport: <asyncio.sslproto._SSLProtocolTransport object at 0x1016bfa40>
Traceback (most recent call last):
  File "/Users/divyanshgolyan/.codex/worktrees/4511/onepage/research/transport-memory/asymmetric_server.py", line 39, in accept
    data=await reader.read(min(left,16384));assert data;hasher.update(data);left-=len(data);request_bytes+=len(data)
                                                   ^^^^
AssertionError
Unhandled exception in client_connected_cb
transport: <asyncio.sslproto._SSLProtocolTransport object at 0x1016bf9b0>
Traceback (most recent call last):
  File "/Users/divyanshgolyan/.codex/worktrees/4511/onepage/research/transport-memory/asymmetric_server.py", line 39, in accept
    data=await reader.read(min(left,16384));assert data;hasher.update(data);left-=len(data);request_bytes+=len(data)
                                                   ^^^^
AssertionError
Unhandled exception in client_connected_cb
transport: <asyncio.sslproto._SSLProtocolTransport object at 0x1016bf920>
Traceback (most recent call last):
  File "/Users/divyanshgolyan/.codex/worktrees/4511/onepage/research/transport-memory/asymmetric_server.py", line 39, in accept
    data=await reader.read(min(left,16384));assert data;hasher.update(data);left-=len(data);request_bytes+=len(data)
                                                   ^^^^
AssertionError
Unhandled exception in client_connected_cb
transport: <asyncio.sslproto._SSLProtocolTransport object at 0x1016bf890>
Traceback (most recent call last):
  File "/Users/divyanshgolyan/.codex/worktrees/4511/onepage/research/transport-memory/asymmetric_server.py", line 39, in accept
    data=await reader.read(min(left,16384));assert data;hasher.update(data);left-=len(data);request_bytes+=len(data)
                                                   ^^^^
AssertionError
Unhandled exception in client_connected_cb
transport: <asyncio.sslproto._SSLProtocolTransport object at 0x1016bf800>
Traceback (most recent call last):
  File "/Users/divyanshgolyan/.codex/worktrees/4511/onepage/research/transport-memory/asymmetric_server.py", line 39, in accept
    data=await reader.read(min(left,16384));assert data;hasher.update(data);left-=len(data);request_bytes+=len(data)
                                                   ^^^^
AssertionError
Unhandled exception in client_connected_cb
transport: <asyncio.sslproto._SSLProtocolTransport object at 0x1016bf770>
Traceback (most recent call last):
  File "/Users/divyanshgolyan/.codex/worktrees/4511/onepage/research/transport-memory/asymmetric_server.py", line 39, in accept
    data=await reader.read(min(left,16384));assert data;hasher.update(data);left-=len(data);request_bytes+=len(data)
                                                   ^^^^
AssertionError
Unhandled exception in client_connected_cb
transport: <asyncio.sslproto._SSLProtocolTransport object at 0x1016bf6e0>
Traceback (most recent call last):
  File "/Users/divyanshgolyan/.codex/worktrees/4511/onepage/research/transport-memory/asymmetric_server.py", line 39, in accept
    data=await reader.read(min(left,16384));assert data;hasher.update(data);left-=len(data);request_bytes+=len(data)
                                                   ^^^^
AssertionError
Unhandled exception in client_connected_cb
transport: <asyncio.sslproto._SSLProtocolTransport object at 0x1016bf650>
Traceback (most recent call last):
  File "/Users/divyanshgolyan/.codex/worktrees/4511/onepage/research/transport-memory/asymmetric_server.py", line 39, in accept
    data=await reader.read(min(left,16384));assert data;hasher.update(data);left-=len(data);request_bytes+=len(data)
                                                   ^^^^
AssertionError
Unhandled exception in client_connected_cb
transport: <asyncio.sslproto._SSLProtocolTransport object at 0x1016bf5c0>
Traceback (most recent call last):
  File "/Users/divyanshgolyan/.codex/worktrees/4511/onepage/research/transport-memory/asymmetric_server.py", line 39, in accept
    data=await reader.read(min(left,16384));assert data;hasher.update(data);left-=len(data);request_bytes+=len(data)
                                                   ^^^^
AssertionError
Unhandled exception in client_connected_cb
transport: <asyncio.sslproto._SSLProtocolTransport object at 0x1016bf530>
Traceback (most recent call last):
  File "/Users/divyanshgolyan/.codex/worktrees/4511/onepage/research/transport-memory/asymmetric_server.py", line 39, in accept
    data=await reader.read(min(left,16384));assert data;hasher.update(data);left-=len(data);request_bytes+=len(data)
                                                   ^^^^
AssertionError
Unhandled exception in client_connected_cb
transport: <asyncio.sslproto._SSLProtocolTransport object at 0x1016bf4a0>
Traceback (most recent call last):
  File "/Users/divyanshgolyan/.codex/worktrees/4511/onepage/research/transport-memory/asymmetric_server.py", line 39, in accept
    data=await reader.read(min(left,16384));assert data;hasher.update(data);left-=len(data);request_bytes+=len(data)
                                                   ^^^^
AssertionError
Unhandled exception in client_connected_cb
transport: <asyncio.sslproto._SSLProtocolTransport object at 0x1016bf410>
Traceback (most recent call last):
  File "/Users/divyanshgolyan/.codex/worktrees/4511/onepage/research/transport-memory/asymmetric_server.py", line 39, in accept
    data=await reader.read(min(left,16384));assert data;hasher.update(data);left-=len(data);request_bytes+=len(data)
                                                   ^^^^
AssertionError
Unhandled exception in client_connected_cb
transport: <asyncio.sslproto._SSLProtocolTransport object at 0x1016bf380>
Traceback (most recent call last):
  File "/Users/divyanshgolyan/.codex/worktrees/4511/onepage/research/transport-memory/asymmetric_server.py", line 39, in accept
    data=await reader.read(min(left,16384));assert data;hasher.update(data);left-=len(data);request_bytes+=len(data)
                                                   ^^^^
AssertionError
Unhandled exception in client_connected_cb
transport: <asyncio.sslproto._SSLProtocolTransport object at 0x1016bf2f0>
Traceback (most recent call last):
  File "/Users/divyanshgolyan/.codex/worktrees/4511/onepage/research/transport-memory/asymmetric_server.py", line 39, in accept
    data=await reader.read(min(left,16384));assert data;hasher.update(data);left-=len(data);request_bytes+=len(data)
                                                   ^^^^
AssertionError
Unhandled exception in client_connected_cb
transport: <asyncio.sslproto._SSLProtocolTransport object at 0x1016bf260>
Traceback (most recent call last):
  File "/Users/divyanshgolyan/.codex/worktrees/4511/onepage/research/transport-memory/asymmetric_server.py", line 39, in accept
    data=await reader.read(min(left,16384));assert data;hasher.update(data);left-=len(data);request_bytes+=len(data)
                                                   ^^^^
AssertionError
Unhandled exception in client_connected_cb
transport: <asyncio.sslproto._SSLProtocolTransport object at 0x1016bf1d0>
Traceback (most recent call last):
  File "/Users/divyanshgolyan/.codex/worktrees/4511/onepage/research/transport-memory/asymmetric_server.py", line 39, in accept
    data=await reader.read(min(left,16384));assert data;hasher.update(data);left-=len(data);request_bytes+=len(data)
                                                   ^^^^
AssertionError
Unhandled exception in client_connected_cb
transport: <asyncio.sslproto._SSLProtocolTransport object at 0x1016bf140>
Traceback (most recent call last):
  File "/Users/divyanshgolyan/.codex/worktrees/4511/onepage/research/transport-memory/asymmetric_server.py", line 39, in accept
    data=await reader.read(min(left,16384));assert data;hasher.update(data);left-=len(data);request_bytes+=len(data)
                                                   ^^^^
AssertionError
Unhandled exception in client_connected_cb
transport: <asyncio.sslproto._SSLProtocolTransport object at 0x1016bf0b0>
Traceback (most recent call last):
  File "/Users/divyanshgolyan/.codex/worktrees/4511/onepage/research/transport-memory/asymmetric_server.py", line 39, in accept
    data=await reader.read(min(left,16384));assert data;hasher.update(data);left-=len(data);request_bytes+=len(data)
                                                   ^^^^
AssertionError
Unhandled exception in client_connected_cb
transport: <asyncio.sslproto._SSLProtocolTransport object at 0x1016bf020>
Traceback (most recent call last):
  File "/Users/divyanshgolyan/.codex/worktrees/4511/onepage/research/transport-memory/asymmetric_server.py", line 39, in accept
    data=await reader.read(min(left,16384));assert data;hasher.update(data);left-=len(data);request_bytes+=len(data)
                                                   ^^^^
AssertionError
Unhandled exception in client_connected_cb
transport: <asyncio.sslproto._SSLProtocolTransport object at 0x1016bef90>
Traceback (most recent call last):
  File "/Users/divyanshgolyan/.codex/worktrees/4511/onepage/research/transport-memory/asymmetric_server.py", line 39, in accept
    data=await reader.read(min(left,16384));assert data;hasher.update(data);left-=len(data);request_bytes+=len(data)
                                                   ^^^^
AssertionError
Unhandled exception in client_connected_cb
transport: <asyncio.sslproto._SSLProtocolTransport object at 0x1016bef00>
Traceback (most recent call last):
  File "/Users/divyanshgolyan/.codex/worktrees/4511/onepage/research/transport-memory/asymmetric_server.py", line 39, in accept
    data=await reader.read(min(left,16384));assert data;hasher.update(data);left-=len(data);request_bytes+=len(data)
                                                   ^^^^
AssertionError
Unhandled exception in client_connected_cb
transport: <asyncio.sslproto._SSLProtocolTransport object at 0x1016bee70>
Traceback (most recent call last):
  File "/Users/divyanshgolyan/.codex/worktrees/4511/onepage/research/transport-memory/asymmetric_server.py", line 39, in accept
    data=await reader.read(min(left,16384));assert data;hasher.update(data);left-=len(data);request_bytes+=len(data)
                                                   ^^^^
AssertionError
Unhandled exception in client_connected_cb
transport: <asyncio.sslproto._SSLProtocolTransport object at 0x1016bede0>
Traceback (most recent call last):
  File "/Users/divyanshgolyan/.codex/worktrees/4511/onepage/research/transport-memory/asymmetric_server.py", line 39, in accept
    data=await reader.read(min(left,16384));assert data;hasher.update(data);left-=len(data);request_bytes+=len(data)
                                                   ^^^^
AssertionError
Unhandled exception in client_connected_cb
transport: <asyncio.sslproto._SSLProtocolTransport object at 0x1016bed50>
Traceback (most recent call last):
  File "/Users/divyanshgolyan/.codex/worktrees/4511/onepage/research/transport-memory/asymmetric_server.py", line 39, in accept
    data=await reader.read(min(left,16384));assert data;hasher.update(data);left-=len(data);request_bytes+=len(data)
                                                   ^^^^
AssertionError
Unhandled exception in client_connected_cb
transport: <asyncio.sslproto._SSLProtocolTransport object at 0x1016becc0>
Traceback (most recent call last):
  File "/Users/divyanshgolyan/.codex/worktrees/4511/onepage/research/transport-memory/asymmetric_server.py", line 39, in accept
    data=await reader.read(min(left,16384));assert data;hasher.update(data);left-=len(data);request_bytes+=len(data)
                                                   ^^^^
AssertionError
Unhandled exception in client_connected_cb
transport: <asyncio.sslproto._SSLProtocolTransport object at 0x1016bec30>
Traceback (most recent call last):
  File "/Users/divyanshgolyan/.codex/worktrees/4511/onepage/research/transport-memory/asymmetric_server.py", line 39, in accept
    data=await reader.read(min(left,16384));assert data;hasher.update(data);left-=len(data);request_bytes+=len(data)
                                                   ^^^^
AssertionError
Unhandled exception in client_connected_cb
transport: <asyncio.sslproto._SSLProtocolTransport object at 0x1016beba0>
Traceback (most recent call last):
  File "/Users/divyanshgolyan/.codex/worktrees/4511/onepage/research/transport-memory/asymmetric_server.py", line 39, in accept
    data=await reader.read(min(left,16384));assert data;hasher.update(data);left-=len(data);request_bytes+=len(data)
                                                   ^^^^
AssertionError
Unhandled exception in client_connected_cb
transport: <asyncio.sslproto._SSLProtocolTransport object at 0x1016beb10>
Traceback (most recent call last):
  File "/Users/divyanshgolyan/.codex/worktrees/4511/onepage/research/transport-memory/asymmetric_server.py", line 39, in accept
    data=await reader.read(min(left,16384));assert data;hasher.update(data);left-=len(data);request_bytes+=len(data)
                                                   ^^^^
AssertionError
Unhandled exception in client_connected_cb
transport: <asyncio.sslproto._SSLProtocolTransport object at 0x1016bea80>
Traceback (most recent call last):
  File "/Users/divyanshgolyan/.codex/worktrees/4511/onepage/research/transport-memory/asymmetric_server.py", line 39, in accept
    data=await reader.read(min(left,16384));assert data;hasher.update(data);left-=len(data);request_bytes+=len(data)
                                                   ^^^^
AssertionError
Unhandled exception in client_connected_cb
transport: <asyncio.sslproto._SSLProtocolTransport object at 0x1016be9f0>
Traceback (most recent call last):
  File "/Users/divyanshgolyan/.codex/worktrees/4511/onepage/research/transport-memory/asymmetric_server.py", line 39, in accept
    data=await reader.read(min(left,16384));assert data;hasher.update(data);left-=len(data);request_bytes+=len(data)
                                                   ^^^^
AssertionError
Unhandled exception in client_connected_cb
transport: <asyncio.sslproto._SSLProtocolTransport object at 0x1016be960>
Traceback (most recent call last):
  File "/Users/divyanshgolyan/.codex/worktrees/4511/onepage/research/transport-memory/asymmetric_server.py", line 39, in accept
    data=await reader.read(min(left,16384));assert data;hasher.update(data);left-=len(data);request_bytes+=len(data)
                                                   ^^^^
AssertionError
Unhandled exception in client_connected_cb
transport: <asyncio.sslproto._SSLProtocolTransport object at 0x1016be8d0>
Traceback (most recent call last):
  File "/Users/divyanshgolyan/.codex/worktrees/4511/onepage/research/transport-memory/asymmetric_server.py", line 39, in accept
    data=await reader.read(min(left,16384));assert data;hasher.update(data);left-=len(data);request_bytes+=len(data)
                                                   ^^^^
AssertionError
Unhandled exception in client_connected_cb
transport: <asyncio.sslproto._SSLProtocolTransport object at 0x1016be840>
Traceback (most recent call last):
  File "/Users/divyanshgolyan/.codex/worktrees/4511/onepage/research/transport-memory/asymmetric_server.py", line 39, in accept
    data=await reader.read(min(left,16384));assert data;hasher.update(data);left-=len(data);request_bytes+=len(data)
                                                   ^^^^
AssertionError
Unhandled exception in client_connected_cb
transport: <asyncio.sslproto._SSLProtocolTransport object at 0x1016be7b0>
Traceback (most recent call last):
  File "/Users/divyanshgolyan/.codex/worktrees/4511/onepage/research/transport-memory/asymmetric_server.py", line 39, in accept
    data=await reader.read(min(left,16384));assert data;hasher.update(data);left-=len(data);request_bytes+=len(data)
                                                   ^^^^
AssertionError
Unhandled exception in client_connected_cb
transport: <asyncio.sslproto._SSLProtocolTransport object at 0x1016be720>
Traceback (most recent call last):
  File "/Users/divyanshgolyan/.codex/worktrees/4511/onepage/research/transport-memory/asymmetric_server.py", line 39, in accept
    data=await reader.read(min(left,16384));assert data;hasher.update(data);left-=len(data);request_bytes+=len(data)
                                                   ^^^^
AssertionError
Unhandled exception in client_connected_cb
transport: <asyncio.sslproto._SSLProtocolTransport object at 0x1016be690>
Traceback (most recent call last):
  File "/Users/divyanshgolyan/.codex/worktrees/4511/onepage/research/transport-memory/asymmetric_server.py", line 39, in accept
    data=await reader.read(min(left,16384));assert data;hasher.update(data);left-=len(data);request_bytes+=len(data)
                                                   ^^^^
AssertionError
Unhandled exception in client_connected_cb
transport: <asyncio.sslproto._SSLProtocolTransport object at 0x1016be600>
Traceback (most recent call last):
  File "/Users/divyanshgolyan/.codex/worktrees/4511/onepage/research/transport-memory/asymmetric_server.py", line 39, in accept
    data=await reader.read(min(left,16384));assert data;hasher.update(data);left-=len(data);request_bytes+=len(data)
                                                   ^^^^
AssertionError
Unhandled exception in client_connected_cb
transport: <asyncio.sslproto._SSLProtocolTransport object at 0x1016be570>
Traceback (most recent call last):
  File "/Users/divyanshgolyan/.codex/worktrees/4511/onepage/research/transport-memory/asymmetric_server.py", line 39, in accept
    data=await reader.read(min(left,16384));assert data;hasher.update(data);left-=len(data);request_bytes+=len(data)
                                                   ^^^^
AssertionError
Unhandled exception in client_connected_cb
transport: <asyncio.sslproto._SSLProtocolTransport object at 0x1016be4e0>
Traceback (most recent call last):
  File "/Users/divyanshgolyan/.codex/worktrees/4511/onepage/research/transport-memory/asymmetric_server.py", line 39, in accept
    data=await reader.read(min(left,16384));assert data;hasher.update(data);left-=len(data);request_bytes+=len(data)
                                                   ^^^^
AssertionError
Unhandled exception in client_connected_cb
transport: <asyncio.sslproto._SSLProtocolTransport object at 0x1016be450>
Traceback (most recent call last):
  File "/Users/divyanshgolyan/.codex/worktrees/4511/onepage/research/transport-memory/asymmetric_server.py", line 39, in accept
    data=await reader.read(min(left,16384));assert data;hasher.update(data);left-=len(data);request_bytes+=len(data)
                                                   ^^^^
AssertionError
Unhandled exception in client_connected_cb
transport: <asyncio.sslproto._SSLProtocolTransport object at 0x1016be3c0>
Traceback (most recent call last):
  File "/Users/divyanshgolyan/.codex/worktrees/4511/onepage/research/transport-memory/asymmetric_server.py", line 39, in accept
    data=await reader.read(min(left,16384));assert data;hasher.update(data);left-=len(data);request_bytes+=len(data)
                                                   ^^^^
AssertionError
Unhandled exception in client_connected_cb
transport: <asyncio.sslproto._SSLProtocolTransport object at 0x1016be330>
Traceback (most recent call last):
  File "/Users/divyanshgolyan/.codex/worktrees/4511/onepage/research/transport-memory/asymmetric_server.py", line 39, in accept
    data=await reader.read(min(left,16384));assert data;hasher.update(data);left-=len(data);request_bytes+=len(data)
                                                   ^^^^
AssertionError
Unhandled exception in client_connected_cb
transport: <asyncio.sslproto._SSLProtocolTransport object at 0x1016be2a0>
Traceback (most recent call last):
  File "/Users/divyanshgolyan/.codex/worktrees/4511/onepage/research/transport-memory/asymmetric_server.py", line 39, in accept
    data=await reader.read(min(left,16384));assert data;hasher.update(data);left-=len(data);request_bytes+=len(data)
                                                   ^^^^
AssertionError
Unhandled exception in client_connected_cb
transport: <asyncio.sslproto._SSLProtocolTransport object at 0x1016be210>
Traceback (most recent call last):
  File "/Users/divyanshgolyan/.codex/worktrees/4511/onepage/research/transport-memory/asymmetric_server.py", line 39, in accept
    data=await reader.read(min(left,16384));assert data;hasher.update(data);left-=len(data);request_bytes+=len(data)
                                                   ^^^^
AssertionError
Unhandled exception in client_connected_cb
transport: <asyncio.sslproto._SSLProtocolTransport object at 0x1016be180>
Traceback (most recent call last):
  File "/Users/divyanshgolyan/.codex/worktrees/4511/onepage/research/transport-memory/asymmetric_server.py", line 39, in accept
    data=await reader.read(min(left,16384));assert data;hasher.update(data);left-=len(data);request_bytes+=len(data)
                                                   ^^^^
AssertionError
Unhandled exception in client_connected_cb
transport: <asyncio.sslproto._SSLProtocolTransport object at 0x1016be0f0>
Traceback (most recent call last):
  File "/Users/divyanshgolyan/.codex/worktrees/4511/onepage/research/transport-memory/asymmetric_server.py", line 39, in accept
    data=await reader.read(min(left,16384));assert data;hasher.update(data);left-=len(data);request_bytes+=len(data)
                                                   ^^^^
AssertionError
Unhandled exception in client_connected_cb
transport: <asyncio.sslproto._SSLProtocolTransport object at 0x1016be060>
Traceback (most recent call last):
  File "/Users/divyanshgolyan/.codex/worktrees/4511/onepage/research/transport-memory/asymmetric_server.py", line 39, in accept
    data=await reader.read(min(left,16384));assert data;hasher.update(data);left-=len(data);request_bytes+=len(data)
                                                   ^^^^
AssertionError
Unhandled exception in client_connected_cb
transport: <asyncio.sslproto._SSLProtocolTransport object at 0x1016bdfd0>
Traceback (most recent call last):
  File "/Users/divyanshgolyan/.codex/worktrees/4511/onepage/research/transport-memory/asymmetric_server.py", line 39, in accept
    data=await reader.read(min(left,16384));assert data;hasher.update(data);left-=len(data);request_bytes+=len(data)
                                                   ^^^^
AssertionError
Unhandled exception in client_connected_cb
transport: <asyncio.sslproto._SSLProtocolTransport object at 0x1016bdf40>
Traceback (most recent call last):
  File "/Users/divyanshgolyan/.codex/worktrees/4511/onepage/research/transport-memory/asymmetric_server.py", line 39, in accept
    data=await reader.read(min(left,16384));assert data;hasher.update(data);left-=len(data);request_bytes+=len(data)
                                                   ^^^^
AssertionError
Unhandled exception in client_connected_cb
transport: <asyncio.sslproto._SSLProtocolTransport object at 0x1016bdeb0>
Traceback (most recent call last):
  File "/Users/divyanshgolyan/.codex/worktrees/4511/onepage/research/transport-memory/asymmetric_server.py", line 39, in accept
    data=await reader.read(min(left,16384));assert data;hasher.update(data);left-=len(data);request_bytes+=len(data)
                                                   ^^^^
AssertionError
Unhandled exception in client_connected_cb
transport: <asyncio.sslproto._SSLProtocolTransport object at 0x1016bde20>
Traceback (most recent call last):
  File "/Users/divyanshgolyan/.codex/worktrees/4511/onepage/research/transport-memory/asymmetric_server.py", line 39, in accept
    data=await reader.read(min(left,16384));assert data;hasher.update(data);left-=len(data);request_bytes+=len(data)
                                                   ^^^^
AssertionError
Unhandled exception in client_connected_cb
transport: <asyncio.sslproto._SSLProtocolTransport object at 0x1016bdd90>
Traceback (most recent call last):
  File "/Users/divyanshgolyan/.codex/worktrees/4511/onepage/research/transport-memory/asymmetric_server.py", line 39, in accept
    data=await reader.read(min(left,16384));assert data;hasher.update(data);left-=len(data);request_bytes+=len(data)
                                                   ^^^^
AssertionError
Unhandled exception in client_connected_cb
transport: <asyncio.sslproto._SSLProtocolTransport object at 0x1016bdd00>
Traceback (most recent call last):
  File "/Users/divyanshgolyan/.codex/worktrees/4511/onepage/research/transport-memory/asymmetric_server.py", line 39, in accept
    data=await reader.read(min(left,16384));assert data;hasher.update(data);left-=len(data);request_bytes+=len(data)
                                                   ^^^^
AssertionError
Unhandled exception in client_connected_cb
transport: <asyncio.sslproto._SSLProtocolTransport object at 0x1016bdc70>
Traceback (most recent call last):
  File "/Users/divyanshgolyan/.codex/worktrees/4511/onepage/research/transport-memory/asymmetric_server.py", line 39, in accept
    data=await reader.read(min(left,16384));assert data;hasher.update(data);left-=len(data);request_bytes+=len(data)
                                                   ^^^^
AssertionError
Unhandled exception in client_connected_cb
transport: <asyncio.sslproto._SSLProtocolTransport object at 0x1016bdbe0>
Traceback (most recent call last):
  File "/Users/divyanshgolyan/.codex/worktrees/4511/onepage/research/transport-memory/asymmetric_server.py", line 39, in accept
    data=await reader.read(min(left,16384));assert data;hasher.update(data);left-=len(data);request_bytes+=len(data)
                                                   ^^^^
AssertionError
Unhandled exception in client_connected_cb
transport: <asyncio.sslproto._SSLProtocolTransport object at 0x1016bdb50>
Traceback (most recent call last):
  File "/Users/divyanshgolyan/.codex/worktrees/4511/onepage/research/transport-memory/asymmetric_server.py", line 39, in accept
    data=await reader.read(min(left,16384));assert data;hasher.update(data);left-=len(data);request_bytes+=len(data)
                                                   ^^^^
AssertionError
Unhandled exception in client_connected_cb
transport: <asyncio.sslproto._SSLProtocolTransport object at 0x1016bdac0>
Traceback (most recent call last):
  File "/Users/divyanshgolyan/.codex/worktrees/4511/onepage/research/transport-memory/asymmetric_server.py", line 39, in accept
    data=await reader.read(min(left,16384));assert data;hasher.update(data);left-=len(data);request_bytes+=len(data)
                                                   ^^^^
AssertionError
Unhandled exception in client_connected_cb
transport: <asyncio.sslproto._SSLProtocolTransport object at 0x1016bda30>
Traceback (most recent call last):
  File "/Users/divyanshgolyan/.codex/worktrees/4511/onepage/research/transport-memory/asymmetric_server.py", line 39, in accept
    data=await reader.read(min(left,16384));assert data;hasher.update(data);left-=len(data);request_bytes+=len(data)
                                                   ^^^^
AssertionError
Unhandled exception in client_connected_cb
transport: <asyncio.sslproto._SSLProtocolTransport object at 0x1016bd9a0>
Traceback (most recent call last):
  File "/Users/divyanshgolyan/.codex/worktrees/4511/onepage/research/transport-memory/asymmetric_server.py", line 39, in accept
    data=await reader.read(min(left,16384));assert data;hasher.update(data);left-=len(data);request_bytes+=len(data)
                                                   ^^^^
AssertionError
Unhandled exception in client_connected_cb
transport: <asyncio.sslproto._SSLProtocolTransport object at 0x1016bd910>
Traceback (most recent call last):
  File "/Users/divyanshgolyan/.codex/worktrees/4511/onepage/research/transport-memory/asymmetric_server.py", line 39, in accept
    data=await reader.read(min(left,16384));assert data;hasher.update(data);left-=len(data);request_bytes+=len(data)
                                                   ^^^^
AssertionError
Unhandled exception in client_connected_cb
transport: <asyncio.sslproto._SSLProtocolTransport object at 0x1016bd880>
Traceback (most recent call last):
  File "/Users/divyanshgolyan/.codex/worktrees/4511/onepage/research/transport-memory/asymmetric_server.py", line 39, in accept
    data=await reader.read(min(left,16384));assert data;hasher.update(data);left-=len(data);request_bytes+=len(data)
                                                   ^^^^
AssertionError
Unhandled exception in client_connected_cb
transport: <asyncio.sslproto._SSLProtocolTransport object at 0x1016bd7f0>
Traceback (most recent call last):
  File "/Users/divyanshgolyan/.codex/worktrees/4511/onepage/research/transport-memory/asymmetric_server.py", line 39, in accept
    data=await reader.read(min(left,16384));assert data;hasher.update(data);left-=len(data);request_bytes+=len(data)
                                                   ^^^^
AssertionError
Unhandled exception in client_connected_cb
transport: <asyncio.sslproto._SSLProtocolTransport object at 0x1016bd760>
Traceback (most recent call last):
  File "/Users/divyanshgolyan/.codex/worktrees/4511/onepage/research/transport-memory/asymmetric_server.py", line 39, in accept
    data=await reader.read(min(left,16384));assert data;hasher.update(data);left-=len(data);request_bytes+=len(data)
                                                   ^^^^
AssertionError
Unhandled exception in client_connected_cb
transport: <asyncio.sslproto._SSLProtocolTransport object at 0x1016bd6d0>
Traceback (most recent call last):
  File "/Users/divyanshgolyan/.codex/worktrees/4511/onepage/research/transport-memory/asymmetric_server.py", line 39, in accept
    data=await reader.read(min(left,16384));assert data;hasher.update(data);left-=len(data);request_bytes+=len(data)
                                                   ^^^^
AssertionError
Unhandled exception in client_connected_cb
transport: <asyncio.sslproto._SSLProtocolTransport object at 0x1016bd640>
Traceback (most recent call last):
  File "/Users/divyanshgolyan/.codex/worktrees/4511/onepage/research/transport-memory/asymmetric_server.py", line 39, in accept
    data=await reader.read(min(left,16384));assert data;hasher.update(data);left-=len(data);request_bytes+=len(data)
                                                   ^^^^
AssertionError
Unhandled exception in client_connected_cb
transport: <asyncio.sslproto._SSLProtocolTransport object at 0x1016bd5b0>
Traceback (most recent call last):
  File "/Users/divyanshgolyan/.codex/worktrees/4511/onepage/research/transport-memory/asymmetric_server.py", line 39, in accept
    data=await reader.read(min(left,16384));assert data;hasher.update(data);left-=len(data);request_bytes+=len(data)
                                                   ^^^^
AssertionError
Unhandled exception in client_connected_cb
transport: <asyncio.sslproto._SSLProtocolTransport object at 0x1016bd520>
Traceback (most recent call last):
  File "/Users/divyanshgolyan/.codex/worktrees/4511/onepage/research/transport-memory/asymmetric_server.py", line 39, in accept
    data=await reader.read(min(left,16384));assert data;hasher.update(data);left-=len(data);request_bytes+=len(data)
                                                   ^^^^
AssertionError
Unhandled exception in client_connected_cb
transport: <asyncio.sslproto._SSLProtocolTransport object at 0x1016bd490>
Traceback (most recent call last):
  File "/Users/divyanshgolyan/.codex/worktrees/4511/onepage/research/transport-memory/asymmetric_server.py", line 39, in accept
    data=await reader.read(min(left,16384));assert data;hasher.update(data);left-=len(data);request_bytes+=len(data)
                                                   ^^^^
AssertionError
Unhandled exception in client_connected_cb
transport: <asyncio.sslproto._SSLProtocolTransport object at 0x1016bd400>
Traceback (most recent call last):
  File "/Users/divyanshgolyan/.codex/worktrees/4511/onepage/research/transport-memory/asymmetric_server.py", line 39, in accept
    data=await reader.read(min(left,16384));assert data;hasher.update(data);left-=len(data);request_bytes+=len(data)
                                                   ^^^^
AssertionError
Unhandled exception in client_connected_cb
transport: <asyncio.sslproto._SSLProtocolTransport object at 0x1016bd370>
Traceback (most recent call last):
  File "/Users/divyanshgolyan/.codex/worktrees/4511/onepage/research/transport-memory/asymmetric_server.py", line 39, in accept
    data=await reader.read(min(left,16384));assert data;hasher.update(data);left-=len(data);request_bytes+=len(data)
                                                   ^^^^
AssertionError
Unhandled exception in client_connected_cb
transport: <asyncio.sslproto._SSLProtocolTransport object at 0x1016bd2e0>
Traceback (most recent call last):
  File "/Users/divyanshgolyan/.codex/worktrees/4511/onepage/research/transport-memory/asymmetric_server.py", line 39, in accept
    data=await reader.read(min(left,16384));assert data;hasher.update(data);left-=len(data);request_bytes+=len(data)
                                                   ^^^^
AssertionError
Unhandled exception in client_connected_cb
transport: <asyncio.sslproto._SSLProtocolTransport object at 0x1016bd250>
Traceback (most recent call last):
  File "/Users/divyanshgolyan/.codex/worktrees/4511/onepage/research/transport-memory/asymmetric_server.py", line 39, in accept
    data=await reader.read(min(left,16384));assert data;hasher.update(data);left-=len(data);request_bytes+=len(data)
                                                   ^^^^
AssertionError
Unhandled exception in client_connected_cb
transport: <asyncio.sslproto._SSLProtocolTransport object at 0x1016bd1c0>
Traceback (most recent call last):
  File "/Users/divyanshgolyan/.codex/worktrees/4511/onepage/research/transport-memory/asymmetric_server.py", line 39, in accept
    data=await reader.read(min(left,16384));assert data;hasher.update(data);left-=len(data);request_bytes+=len(data)
                                                   ^^^^
AssertionError
Unhandled exception in client_connected_cb
transport: <asyncio.sslproto._SSLProtocolTransport object at 0x1016bd130>
Traceback (most recent call last):
  File "/Users/divyanshgolyan/.codex/worktrees/4511/onepage/research/transport-memory/asymmetric_server.py", line 39, in accept
    data=await reader.read(min(left,16384));assert data;hasher.update(data);left-=len(data);request_bytes+=len(data)
                                                   ^^^^
AssertionError
Unhandled exception in client_connected_cb
transport: <asyncio.sslproto._SSLProtocolTransport object at 0x1016bd0a0>
Traceback (most recent call last):
  File "/Users/divyanshgolyan/.codex/worktrees/4511/onepage/research/transport-memory/asymmetric_server.py", line 39, in accept
    data=await reader.read(min(left,16384));assert data;hasher.update(data);left-=len(data);request_bytes+=len(data)
                                                   ^^^^
AssertionError
Unhandled exception in client_connected_cb
transport: <asyncio.sslproto._SSLProtocolTransport object at 0x1016bd010>
Traceback (most recent call last):
  File "/Users/divyanshgolyan/.codex/worktrees/4511/onepage/research/transport-memory/asymmetric_server.py", line 39, in accept
    data=await reader.read(min(left,16384));assert data;hasher.update(data);left-=len(data);request_bytes+=len(data)
                                                   ^^^^
AssertionError
Unhandled exception in client_connected_cb
transport: <asyncio.sslproto._SSLProtocolTransport object at 0x1016bcf80>
Traceback (most recent call last):
  File "/Users/divyanshgolyan/.codex/worktrees/4511/onepage/research/transport-memory/asymmetric_server.py", line 39, in accept
    data=await reader.read(min(left,16384));assert data;hasher.update(data);left-=len(data);request_bytes+=len(data)
                                                   ^^^^
AssertionError
Unhandled exception in client_connected_cb
transport: <asyncio.sslproto._SSLProtocolTransport object at 0x1016bcef0>
Traceback (most recent call last):
  File "/Users/divyanshgolyan/.codex/worktrees/4511/onepage/research/transport-memory/asymmetric_server.py", line 39, in accept
    data=await reader.read(min(left,16384));assert data;hasher.update(data);left-=len(data);request_bytes+=len(data)
                                                   ^^^^
AssertionError
Unhandled exception in client_connected_cb
transport: <asyncio.sslproto._SSLProtocolTransport object at 0x1016bcdd0>
Traceback (most recent call last):
  File "/Users/divyanshgolyan/.codex/worktrees/4511/onepage/research/transport-memory/asymmetric_server.py", line 39, in accept
    data=await reader.read(min(left,16384));assert data;hasher.update(data);left-=len(data);request_bytes+=len(data)
                                                   ^^^^
AssertionError
Unhandled exception in client_connected_cb
transport: <asyncio.sslproto._SSLProtocolTransport object at 0x1016bcc20>
Traceback (most recent call last):
  File "/Users/divyanshgolyan/.codex/worktrees/4511/onepage/research/transport-memory/asymmetric_server.py", line 39, in accept
    data=await reader.read(min(left,16384));assert data;hasher.update(data);left-=len(data);request_bytes+=len(data)
                                                   ^^^^
AssertionError
Unhandled exception in client_connected_cb
transport: <asyncio.sslproto._SSLProtocolTransport object at 0x1016bcb90>
Traceback (most recent call last):
  File "/Users/divyanshgolyan/.codex/worktrees/4511/onepage/research/transport-memory/asymmetric_server.py", line 39, in accept
    data=await reader.read(min(left,16384));assert data;hasher.update(data);left-=len(data);request_bytes+=len(data)
                                                   ^^^^
AssertionError
Unhandled exception in client_connected_cb
transport: <asyncio.sslproto._SSLProtocolTransport object at 0x1016bcb00>
Traceback (most recent call last):
  File "/Users/divyanshgolyan/.codex/worktrees/4511/onepage/research/transport-memory/asymmetric_server.py", line 39, in accept
    data=await reader.read(min(left,16384));assert data;hasher.update(data);left-=len(data);request_bytes+=len(data)
                                                   ^^^^
AssertionError
Unhandled exception in client_connected_cb
transport: <asyncio.sslproto._SSLProtocolTransport object at 0x1016bca70>
Traceback (most recent call last):
  File "/Users/divyanshgolyan/.codex/worktrees/4511/onepage/research/transport-memory/asymmetric_server.py", line 39, in accept
    data=await reader.read(min(left,16384));assert data;hasher.update(data);left-=len(data);request_bytes+=len(data)
                                                   ^^^^
AssertionError
Unhandled exception in client_connected_cb
transport: <asyncio.sslproto._SSLProtocolTransport object at 0x1016bc9e0>
Traceback (most recent call last):
  File "/Users/divyanshgolyan/.codex/worktrees/4511/onepage/research/transport-memory/asymmetric_server.py", line 39, in accept
    data=await reader.read(min(left,16384));assert data;hasher.update(data);left-=len(data);request_bytes+=len(data)
                                                   ^^^^
AssertionError
Unhandled exception in client_connected_cb
transport: <asyncio.sslproto._SSLProtocolTransport object at 0x1016bc950>
Traceback (most recent call last):
  File "/Users/divyanshgolyan/.codex/worktrees/4511/onepage/research/transport-memory/asymmetric_server.py", line 39, in accept
    data=await reader.read(min(left,16384));assert data;hasher.update(data);left-=len(data);request_bytes+=len(data)
                                                   ^^^^
AssertionError
Unhandled exception in client_connected_cb
transport: <asyncio.sslproto._SSLProtocolTransport object at 0x1016bc8c0>
Traceback (most recent call last):
  File "/Users/divyanshgolyan/.codex/worktrees/4511/onepage/research/transport-memory/asymmetric_server.py", line 39, in accept
    data=await reader.read(min(left,16384));assert data;hasher.update(data);left-=len(data);request_bytes+=len(data)
                                                   ^^^^
AssertionError
Unhandled exception in client_connected_cb
transport: <asyncio.sslproto._SSLProtocolTransport object at 0x1016bc830>
Traceback (most recent call last):
  File "/Users/divyanshgolyan/.codex/worktrees/4511/onepage/research/transport-memory/asymmetric_server.py", line 39, in accept
    data=await reader.read(min(left,16384));assert data;hasher.update(data);left-=len(data);request_bytes+=len(data)
                                                   ^^^^
AssertionError
Unhandled exception in client_connected_cb
transport: <asyncio.sslproto._SSLProtocolTransport object at 0x1016bc7a0>
Traceback (most recent call last):
  File "/Users/divyanshgolyan/.codex/worktrees/4511/onepage/research/transport-memory/asymmetric_server.py", line 39, in accept
    data=await reader.read(min(left,16384));assert data;hasher.update(data);left-=len(data);request_bytes+=len(data)
                                                   ^^^^
AssertionError
Unhandled exception in client_connected_cb
transport: <asyncio.sslproto._SSLProtocolTransport object at 0x1016bc710>
Traceback (most recent call last):
  File "/Users/divyanshgolyan/.codex/worktrees/4511/onepage/research/transport-memory/asymmetric_server.py", line 39, in accept
    data=await reader.read(min(left,16384));assert data;hasher.update(data);left-=len(data);request_bytes+=len(data)
                                                   ^^^^
AssertionError
Unhandled exception in client_connected_cb
transport: <asyncio.sslproto._SSLProtocolTransport object at 0x1016bc680>
Traceback (most recent call last):
  File "/Users/divyanshgolyan/.codex/worktrees/4511/onepage/research/transport-memory/asymmetric_server.py", line 39, in accept
    data=await reader.read(min(left,16384));assert data;hasher.update(data);left-=len(data);request_bytes+=len(data)
                                                   ^^^^
AssertionError
Unhandled exception in client_connected_cb
transport: <asyncio.sslproto._SSLProtocolTransport object at 0x1016bc5f0>
Traceback (most recent call last):
  File "/Users/divyanshgolyan/.codex/worktrees/4511/onepage/research/transport-memory/asymmetric_server.py", line 39, in accept
    data=await reader.read(min(left,16384));assert data;hasher.update(data);left-=len(data);request_bytes+=len(data)
                                                   ^^^^
AssertionError
Unhandled exception in client_connected_cb
transport: <asyncio.sslproto._SSLProtocolTransport object at 0x1016bc560>
Traceback (most recent call last):
  File "/Users/divyanshgolyan/.codex/worktrees/4511/onepage/research/transport-memory/asymmetric_server.py", line 39, in accept
    data=await reader.read(min(left,16384));assert data;hasher.update(data);left-=len(data);request_bytes+=len(data)
                                                   ^^^^
AssertionError
Unhandled exception in client_connected_cb
transport: <asyncio.sslproto._SSLProtocolTransport object at 0x1016bc4d0>
Traceback (most recent call last):
  File "/Users/divyanshgolyan/.codex/worktrees/4511/onepage/research/transport-memory/asymmetric_server.py", line 39, in accept
    data=await reader.read(min(left,16384));assert data;hasher.update(data);left-=len(data);request_bytes+=len(data)
                                                   ^^^^
AssertionError
Unhandled exception in client_connected_cb
transport: <asyncio.sslproto._SSLProtocolTransport object at 0x1016bc440>
Traceback (most recent call last):
  File "/Users/divyanshgolyan/.codex/worktrees/4511/onepage/research/transport-memory/asymmetric_server.py", line 39, in accept
    data=await reader.read(min(left,16384));assert data;hasher.update(data);left-=len(data);request_bytes+=len(data)
                                                   ^^^^
AssertionError
Unhandled exception in client_connected_cb
transport: <asyncio.sslproto._SSLProtocolTransport object at 0x1016bc3b0>
Traceback (most recent call last):
  File "/Users/divyanshgolyan/.codex/worktrees/4511/onepage/research/transport-memory/asymmetric_server.py", line 39, in accept
    data=await reader.read(min(left,16384));assert data;hasher.update(data);left-=len(data);request_bytes+=len(data)
                                                   ^^^^
AssertionError
Unhandled exception in client_connected_cb
transport: <asyncio.sslproto._SSLProtocolTransport object at 0x1016bc320>
Traceback (most recent call last):
  File "/Users/divyanshgolyan/.codex/worktrees/4511/onepage/research/transport-memory/asymmetric_server.py", line 39, in accept
    data=await reader.read(min(left,16384));assert data;hasher.update(data);left-=len(data);request_bytes+=len(data)
                                                   ^^^^
AssertionError
Unhandled exception in client_connected_cb
transport: <asyncio.sslproto._SSLProtocolTransport object at 0x1016bc290>
Traceback (most recent call last):
  File "/Users/divyanshgolyan/.codex/worktrees/4511/onepage/research/transport-memory/asymmetric_server.py", line 39, in accept
    data=await reader.read(min(left,16384));assert data;hasher.update(data);left-=len(data);request_bytes+=len(data)
                                                   ^^^^
AssertionError
Unhandled exception in client_connected_cb
transport: <asyncio.sslproto._SSLProtocolTransport object at 0x1016bc200>
Traceback (most recent call last):
  File "/Users/divyanshgolyan/.codex/worktrees/4511/onepage/research/transport-memory/asymmetric_server.py", line 39, in accept
    data=await reader.read(min(left,16384));assert data;hasher.update(data);left-=len(data);request_bytes+=len(data)
                                                   ^^^^
AssertionError
Unhandled exception in client_connected_cb
transport: <asyncio.sslproto._SSLProtocolTransport object at 0x1016bc170>
Traceback (most recent call last):
  File "/Users/divyanshgolyan/.codex/worktrees/4511/onepage/research/transport-memory/asymmetric_server.py", line 39, in accept
    data=await reader.read(min(left,16384));assert data;hasher.update(data);left-=len(data);request_bytes+=len(data)
                                                   ^^^^
AssertionError
Unhandled exception in client_connected_cb
transport: <asyncio.sslproto._SSLProtocolTransport object at 0x1016bc0e0>
Traceback (most recent call last):
  File "/Users/divyanshgolyan/.codex/worktrees/4511/onepage/research/transport-memory/asymmetric_server.py", line 39, in accept
    data=await reader.read(min(left,16384));assert data;hasher.update(data);left-=len(data);request_bytes+=len(data)
                                                   ^^^^
AssertionError
Unhandled exception in client_connected_cb
transport: <asyncio.sslproto._SSLProtocolTransport object at 0x1016bc050>
Traceback (most recent call last):
  File "/Users/divyanshgolyan/.codex/worktrees/4511/onepage/research/transport-memory/asymmetric_server.py", line 39, in accept
    data=await reader.read(min(left,16384));assert data;hasher.update(data);left-=len(data);request_bytes+=len(data)
                                                   ^^^^
AssertionError
Unhandled exception in client_connected_cb
transport: <asyncio.sslproto._SSLProtocolTransport object at 0x101623f50>
Traceback (most recent call last):
  File "/Users/divyanshgolyan/.codex/worktrees/4511/onepage/research/transport-memory/asymmetric_server.py", line 39, in accept
    data=await reader.read(min(left,16384));assert data;hasher.update(data);left-=len(data);request_bytes+=len(data)
                                                   ^^^^
AssertionError
Unhandled exception in client_connected_cb
transport: <asyncio.sslproto._SSLProtocolTransport object at 0x101623ec0>
Traceback (most recent call last):
  File "/Users/divyanshgolyan/.codex/worktrees/4511/onepage/research/transport-memory/asymmetric_server.py", line 39, in accept
    data=await reader.read(min(left,16384));assert data;hasher.update(data);left-=len(data);request_bytes+=len(data)
                                                   ^^^^
AssertionError
Unhandled exception in client_connected_cb
transport: <asyncio.sslproto._SSLProtocolTransport object at 0x101623e30>
Traceback (most recent call last):
  File "/Users/divyanshgolyan/.codex/worktrees/4511/onepage/research/transport-memory/asymmetric_server.py", line 39, in accept
    data=await reader.read(min(left,16384));assert data;hasher.update(data);left-=len(data);request_bytes+=len(data)
                                                   ^^^^
AssertionError
Unhandled exception in client_connected_cb
transport: <asyncio.sslproto._SSLProtocolTransport object at 0x101623da0>
Traceback (most recent call last):
  File "/Users/divyanshgolyan/.codex/worktrees/4511/onepage/research/transport-memory/asymmetric_server.py", line 39, in accept
    data=await reader.read(min(left,16384));assert data;hasher.update(data);left-=len(data);request_bytes+=len(data)
                                                   ^^^^
AssertionError
Unhandled exception in client_connected_cb
transport: <asyncio.sslproto._SSLProtocolTransport object at 0x101623d10>
Traceback (most recent call last):
  File "/Users/divyanshgolyan/.codex/worktrees/4511/onepage/research/transport-memory/asymmetric_server.py", line 39, in accept
    data=await reader.read(min(left,16384));assert data;hasher.update(data);left-=len(data);request_bytes+=len(data)
                                                   ^^^^
AssertionError
Unhandled exception in client_connected_cb
transport: <asyncio.sslproto._SSLProtocolTransport object at 0x101623c80>
Traceback (most recent call last):
  File "/Users/divyanshgolyan/.codex/worktrees/4511/onepage/research/transport-memory/asymmetric_server.py", line 39, in accept
    data=await reader.read(min(left,16384));assert data;hasher.update(data);left-=len(data);request_bytes+=len(data)
                                                   ^^^^
AssertionError
Unhandled exception in client_connected_cb
transport: <asyncio.sslproto._SSLProtocolTransport object at 0x101623bf0>
Traceback (most recent call last):
  File "/Users/divyanshgolyan/.codex/worktrees/4511/onepage/research/transport-memory/asymmetric_server.py", line 39, in accept
    data=await reader.read(min(left,16384));assert data;hasher.update(data);left-=len(data);request_bytes+=len(data)
                                                   ^^^^
AssertionError
Unhandled exception in client_connected_cb
transport: <asyncio.sslproto._SSLProtocolTransport object at 0x101623b60>
Traceback (most recent call last):
  File "/Users/divyanshgolyan/.codex/worktrees/4511/onepage/research/transport-memory/asymmetric_server.py", line 39, in accept
    data=await reader.read(min(left,16384));assert data;hasher.update(data);left-=len(data);request_bytes+=len(data)
                                                   ^^^^
AssertionError
Unhandled exception in client_connected_cb
transport: <asyncio.sslproto._SSLProtocolTransport object at 0x101623ad0>
Traceback (most recent call last):
  File "/Users/divyanshgolyan/.codex/worktrees/4511/onepage/research/transport-memory/asymmetric_server.py", line 39, in accept
    data=await reader.read(min(left,16384));assert data;hasher.update(data);left-=len(data);request_bytes+=len(data)
                                                   ^^^^
AssertionError
Unhandled exception in client_connected_cb
transport: <asyncio.sslproto._SSLProtocolTransport object at 0x101623a40>
Traceback (most recent call last):
  File "/Users/divyanshgolyan/.codex/worktrees/4511/onepage/research/transport-memory/asymmetric_server.py", line 39, in accept
    data=await reader.read(min(left,16384));assert data;hasher.update(data);left-=len(data);request_bytes+=len(data)
                                                   ^^^^
AssertionError
Unhandled exception in client_connected_cb
transport: <asyncio.sslproto._SSLProtocolTransport object at 0x1016239b0>
Traceback (most recent call last):
  File "/Users/divyanshgolyan/.codex/worktrees/4511/onepage/research/transport-memory/asymmetric_server.py", line 39, in accept
    data=await reader.read(min(left,16384));assert data;hasher.update(data);left-=len(data);request_bytes+=len(data)
                                                   ^^^^
AssertionError
Unhandled exception in client_connected_cb
transport: <asyncio.sslproto._SSLProtocolTransport object at 0x101623920>
Traceback (most recent call last):
  File "/Users/divyanshgolyan/.codex/worktrees/4511/onepage/research/transport-memory/asymmetric_server.py", line 39, in accept
    data=await reader.read(min(left,16384));assert data;hasher.update(data);left-=len(data);request_bytes+=len(data)
                                                   ^^^^
AssertionError
Unhandled exception in client_connected_cb
transport: <asyncio.sslproto._SSLProtocolTransport object at 0x101623890>
Traceback (most recent call last):
  File "/Users/divyanshgolyan/.codex/worktrees/4511/onepage/research/transport-memory/asymmetric_server.py", line 39, in accept
    data=await reader.read(min(left,16384));assert data;hasher.update(data);left-=len(data);request_bytes+=len(data)
                                                   ^^^^
AssertionError
Unhandled exception in client_connected_cb
transport: <asyncio.sslproto._SSLProtocolTransport object at 0x101623800>
Traceback (most recent call last):
  File "/Users/divyanshgolyan/.codex/worktrees/4511/onepage/research/transport-memory/asymmetric_server.py", line 39, in accept
    data=await reader.read(min(left,16384));assert data;hasher.update(data);left-=len(data);request_bytes+=len(data)
                                                   ^^^^
AssertionError
Unhandled exception in client_connected_cb
transport: <asyncio.sslproto._SSLProtocolTransport object at 0x101623770>
Traceback (most recent call last):
  File "/Users/divyanshgolyan/.codex/worktrees/4511/onepage/research/transport-memory/asymmetric_server.py", line 39, in accept
    data=await reader.read(min(left,16384));assert data;hasher.update(data);left-=len(data);request_bytes+=len(data)
                                                   ^^^^
AssertionError
Unhandled exception in client_connected_cb
transport: <asyncio.sslproto._SSLProtocolTransport object at 0x1016236e0>
Traceback (most recent call last):
  File "/Users/divyanshgolyan/.codex/worktrees/4511/onepage/research/transport-memory/asymmetric_server.py", line 39, in accept
    data=await reader.read(min(left,16384));assert data;hasher.update(data);left-=len(data);request_bytes+=len(data)
                                                   ^^^^
AssertionError
Unhandled exception in client_connected_cb
transport: <asyncio.sslproto._SSLProtocolTransport object at 0x101623650>
Traceback (most recent call last):
  File "/Users/divyanshgolyan/.codex/worktrees/4511/onepage/research/transport-memory/asymmetric_server.py", line 39, in accept
    data=await reader.read(min(left,16384));assert data;hasher.update(data);left-=len(data);request_bytes+=len(data)
                                                   ^^^^
AssertionError
Unhandled exception in client_connected_cb
transport: <asyncio.sslproto._SSLProtocolTransport object at 0x1016235c0>
Traceback (most recent call last):
  File "/Users/divyanshgolyan/.codex/worktrees/4511/onepage/research/transport-memory/asymmetric_server.py", line 39, in accept
    data=await reader.read(min(left,16384));assert data;hasher.update(data);left-=len(data);request_bytes+=len(data)
                                                   ^^^^
AssertionError
Unhandled exception in client_connected_cb
transport: <asyncio.sslproto._SSLProtocolTransport object at 0x101623530>
Traceback (most recent call last):
  File "/Users/divyanshgolyan/.codex/worktrees/4511/onepage/research/transport-memory/asymmetric_server.py", line 39, in accept
    data=await reader.read(min(left,16384));assert data;hasher.update(data);left-=len(data);request_bytes+=len(data)
                                                   ^^^^
AssertionError
Unhandled exception in client_connected_cb
transport: <asyncio.sslproto._SSLProtocolTransport object at 0x1016234a0>
Traceback (most recent call last):
  File "/Users/divyanshgolyan/.codex/worktrees/4511/onepage/research/transport-memory/asymmetric_server.py", line 39, in accept
    data=await reader.read(min(left,16384));assert data;hasher.update(data);left-=len(data);request_bytes+=len(data)
                                                   ^^^^
AssertionError
Unhandled exception in client_connected_cb
transport: <asyncio.sslproto._SSLProtocolTransport object at 0x101623410>
Traceback (most recent call last):
  File "/Users/divyanshgolyan/.codex/worktrees/4511/onepage/research/transport-memory/asymmetric_server.py", line 39, in accept
    data=await reader.read(min(left,16384));assert data;hasher.update(data);left-=len(data);request_bytes+=len(data)
                                                   ^^^^
AssertionError
Unhandled exception in client_connected_cb
transport: <asyncio.sslproto._SSLProtocolTransport object at 0x101623380>
Traceback (most recent call last):
  File "/Users/divyanshgolyan/.codex/worktrees/4511/onepage/research/transport-memory/asymmetric_server.py", line 39, in accept
    data=await reader.read(min(left,16384));assert data;hasher.update(data);left-=len(data);request_bytes+=len(data)
                                                   ^^^^
AssertionError
Unhandled exception in client_connected_cb
transport: <asyncio.sslproto._SSLProtocolTransport object at 0x1016232f0>
Traceback (most recent call last):
  File "/Users/divyanshgolyan/.codex/worktrees/4511/onepage/research/transport-memory/asymmetric_server.py", line 39, in accept
    data=await reader.read(min(left,16384));assert data;hasher.update(data);left-=len(data);request_bytes+=len(data)
                                                   ^^^^
AssertionError
Unhandled exception in client_connected_cb
transport: <asyncio.sslproto._SSLProtocolTransport object at 0x101623260>
Traceback (most recent call last):
  File "/Users/divyanshgolyan/.codex/worktrees/4511/onepage/research/transport-memory/asymmetric_server.py", line 39, in accept
    data=await reader.read(min(left,16384));assert data;hasher.update(data);left-=len(data);request_bytes+=len(data)
                                                   ^^^^
AssertionError
Unhandled exception in client_connected_cb
transport: <asyncio.sslproto._SSLProtocolTransport object at 0x1016231d0>
Traceback (most recent call last):
  File "/Users/divyanshgolyan/.codex/worktrees/4511/onepage/research/transport-memory/asymmetric_server.py", line 39, in accept
    data=await reader.read(min(left,16384));assert data;hasher.update(data);left-=len(data);request_bytes+=len(data)
                                                   ^^^^
AssertionError
Unhandled exception in client_connected_cb
transport: <asyncio.sslproto._SSLProtocolTransport object at 0x101623140>
Traceback (most recent call last):
  File "/Users/divyanshgolyan/.codex/worktrees/4511/onepage/research/transport-memory/asymmetric_server.py", line 39, in accept
    data=await reader.read(min(left,16384));assert data;hasher.update(data);left-=len(data);request_bytes+=len(data)
                                                   ^^^^
AssertionError
Unhandled exception in client_connected_cb
transport: <asyncio.sslproto._SSLProtocolTransport object at 0x1016230b0>
Traceback (most recent call last):
  File "/Users/divyanshgolyan/.codex/worktrees/4511/onepage/research/transport-memory/asymmetric_server.py", line 39, in accept
    data=await reader.read(min(left,16384));assert data;hasher.update(data);left-=len(data);request_bytes+=len(data)
                                                   ^^^^
AssertionError
Unhandled exception in client_connected_cb
transport: <asyncio.sslproto._SSLProtocolTransport object at 0x101623020>
Traceback (most recent call last):
  File "/Users/divyanshgolyan/.codex/worktrees/4511/onepage/research/transport-memory/asymmetric_server.py", line 39, in accept
    data=await reader.read(min(left,16384));assert data;hasher.update(data);left-=len(data);request_bytes+=len(data)
                                                   ^^^^
AssertionError
Unhandled exception in client_connected_cb
transport: <asyncio.sslproto._SSLProtocolTransport object at 0x101622f90>
Traceback (most recent call last):
  File "/Users/divyanshgolyan/.codex/worktrees/4511/onepage/research/transport-memory/asymmetric_server.py", line 39, in accept
    data=await reader.read(min(left,16384));assert data;hasher.update(data);left-=len(data);request_bytes+=len(data)
                                                   ^^^^
AssertionError
Unhandled exception in client_connected_cb
transport: <asyncio.sslproto._SSLProtocolTransport object at 0x101622f00>
Traceback (most recent call last):
  File "/Users/divyanshgolyan/.codex/worktrees/4511/onepage/research/transport-memory/asymmetric_server.py", line 39, in accept
    data=await reader.read(min(left,16384));assert data;hasher.update(data);left-=len(data);request_bytes+=len(data)
                                                   ^^^^
AssertionError
Unhandled exception in client_connected_cb
transport: <asyncio.sslproto._SSLProtocolTransport object at 0x101622e70>
Traceback (most recent call last):
  File "/Users/divyanshgolyan/.codex/worktrees/4511/onepage/research/transport-memory/asymmetric_server.py", line 39, in accept
    data=await reader.read(min(left,16384));assert data;hasher.update(data);left-=len(data);request_bytes+=len(data)
                                                   ^^^^
AssertionError
Unhandled exception in client_connected_cb
transport: <asyncio.sslproto._SSLProtocolTransport object at 0x101622de0>
Traceback (most recent call last):
  File "/Users/divyanshgolyan/.codex/worktrees/4511/onepage/research/transport-memory/asymmetric_server.py", line 39, in accept
    data=await reader.read(min(left,16384));assert data;hasher.update(data);left-=len(data);request_bytes+=len(data)
                                                   ^^^^
AssertionError
Unhandled exception in client_connected_cb
transport: <asyncio.sslproto._SSLProtocolTransport object at 0x101622d50>
Traceback (most recent call last):
  File "/Users/divyanshgolyan/.codex/worktrees/4511/onepage/research/transport-memory/asymmetric_server.py", line 39, in accept
    data=await reader.read(min(left,16384));assert data;hasher.update(data);left-=len(data);request_bytes+=len(data)
                                                   ^^^^
AssertionError
Unhandled exception in client_connected_cb
transport: <asyncio.sslproto._SSLProtocolTransport object at 0x101622cc0>
Traceback (most recent call last):
  File "/Users/divyanshgolyan/.codex/worktrees/4511/onepage/research/transport-memory/asymmetric_server.py", line 39, in accept
    data=await reader.read(min(left,16384));assert data;hasher.update(data);left-=len(data);request_bytes+=len(data)
                                                   ^^^^
AssertionError
Unhandled exception in client_connected_cb
transport: <asyncio.sslproto._SSLProtocolTransport object at 0x101622c30>
Traceback (most recent call last):
  File "/Users/divyanshgolyan/.codex/worktrees/4511/onepage/research/transport-memory/asymmetric_server.py", line 39, in accept
    data=await reader.read(min(left,16384));assert data;hasher.update(data);left-=len(data);request_bytes+=len(data)
                                                   ^^^^
AssertionError
Unhandled exception in client_connected_cb
transport: <asyncio.sslproto._SSLProtocolTransport object at 0x101622ba0>
Traceback (most recent call last):
  File "/Users/divyanshgolyan/.codex/worktrees/4511/onepage/research/transport-memory/asymmetric_server.py", line 39, in accept
    data=await reader.read(min(left,16384));assert data;hasher.update(data);left-=len(data);request_bytes+=len(data)
                                                   ^^^^
AssertionError
Unhandled exception in client_connected_cb
transport: <asyncio.sslproto._SSLProtocolTransport object at 0x101622b10>
Traceback (most recent call last):
  File "/Users/divyanshgolyan/.codex/worktrees/4511/onepage/research/transport-memory/asymmetric_server.py", line 39, in accept
    data=await reader.read(min(left,16384));assert data;hasher.update(data);left-=len(data);request_bytes+=len(data)
                                                   ^^^^
AssertionError
Unhandled exception in client_connected_cb
transport: <asyncio.sslproto._SSLProtocolTransport object at 0x101622a80>
Traceback (most recent call last):
  File "/Users/divyanshgolyan/.codex/worktrees/4511/onepage/research/transport-memory/asymmetric_server.py", line 39, in accept
    data=await reader.read(min(left,16384));assert data;hasher.update(data);left-=len(data);request_bytes+=len(data)
                                                   ^^^^
AssertionError
Unhandled exception in client_connected_cb
transport: <asyncio.sslproto._SSLProtocolTransport object at 0x1016229f0>
Traceback (most recent call last):
  File "/Users/divyanshgolyan/.codex/worktrees/4511/onepage/research/transport-memory/asymmetric_server.py", line 39, in accept
    data=await reader.read(min(left,16384));assert data;hasher.update(data);left-=len(data);request_bytes+=len(data)
                                                   ^^^^
AssertionError
Unhandled exception in client_connected_cb
transport: <asyncio.sslproto._SSLProtocolTransport object at 0x101622960>
Traceback (most recent call last):
  File "/Users/divyanshgolyan/.codex/worktrees/4511/onepage/research/transport-memory/asymmetric_server.py", line 39, in accept
    data=await reader.read(min(left,16384));assert data;hasher.update(data);left-=len(data);request_bytes+=len(data)
                                                   ^^^^
AssertionError
Unhandled exception in client_connected_cb
transport: <asyncio.sslproto._SSLProtocolTransport object at 0x1016228d0>
Traceback (most recent call last):
  File "/Users/divyanshgolyan/.codex/worktrees/4511/onepage/research/transport-memory/asymmetric_server.py", line 39, in accept
    data=await reader.read(min(left,16384));assert data;hasher.update(data);left-=len(data);request_bytes+=len(data)
                                                   ^^^^
AssertionError
Unhandled exception in client_connected_cb
transport: <asyncio.sslproto._SSLProtocolTransport object at 0x101622840>
Traceback (most recent call last):
  File "/Users/divyanshgolyan/.codex/worktrees/4511/onepage/research/transport-memory/asymmetric_server.py", line 39, in accept
    data=await reader.read(min(left,16384));assert data;hasher.update(data);left-=len(data);request_bytes+=len(data)
                                                   ^^^^
AssertionError
Unhandled exception in client_connected_cb
transport: <asyncio.sslproto._SSLProtocolTransport object at 0x1016227b0>
Traceback (most recent call last):
  File "/Users/divyanshgolyan/.codex/worktrees/4511/onepage/research/transport-memory/asymmetric_server.py", line 39, in accept
    data=await reader.read(min(left,16384));assert data;hasher.update(data);left-=len(data);request_bytes+=len(data)
                                                   ^^^^
AssertionError
Unhandled exception in client_connected_cb
transport: <asyncio.sslproto._SSLProtocolTransport object at 0x101622720>
Traceback (most recent call last):
  File "/Users/divyanshgolyan/.codex/worktrees/4511/onepage/research/transport-memory/asymmetric_server.py", line 39, in accept
    data=await reader.read(min(left,16384));assert data;hasher.update(data);left-=len(data);request_bytes+=len(data)
                                                   ^^^^
AssertionError
Unhandled exception in client_connected_cb
transport: <asyncio.sslproto._SSLProtocolTransport object at 0x101622690>
Traceback (most recent call last):
  File "/Users/divyanshgolyan/.codex/worktrees/4511/onepage/research/transport-memory/asymmetric_server.py", line 39, in accept
    data=await reader.read(min(left,16384));assert data;hasher.update(data);left-=len(data);request_bytes+=len(data)
                                                   ^^^^
AssertionError
Unhandled exception in client_connected_cb
transport: <asyncio.sslproto._SSLProtocolTransport object at 0x101622600>
Traceback (most recent call last):
  File "/Users/divyanshgolyan/.codex/worktrees/4511/onepage/research/transport-memory/asymmetric_server.py", line 39, in accept
    data=await reader.read(min(left,16384));assert data;hasher.update(data);left-=len(data);request_bytes+=len(data)
                                                   ^^^^
AssertionError
Unhandled exception in client_connected_cb
transport: <asyncio.sslproto._SSLProtocolTransport object at 0x101622570>
Traceback (most recent call last):
  File "/Users/divyanshgolyan/.codex/worktrees/4511/onepage/research/transport-memory/asymmetric_server.py", line 39, in accept
    data=await reader.read(min(left,16384));assert data;hasher.update(data);left-=len(data);request_bytes+=len(data)
                                                   ^^^^
AssertionError
Unhandled exception in client_connected_cb
transport: <asyncio.sslproto._SSLProtocolTransport object at 0x1016224e0>
Traceback (most recent call last):
  File "/Users/divyanshgolyan/.codex/worktrees/4511/onepage/research/transport-memory/asymmetric_server.py", line 39, in accept
    data=await reader.read(min(left,16384));assert data;hasher.update(data);left-=len(data);request_bytes+=len(data)
                                                   ^^^^
AssertionError
Unhandled exception in client_connected_cb
transport: <asyncio.sslproto._SSLProtocolTransport object at 0x101622450>
Traceback (most recent call last):
  File "/Users/divyanshgolyan/.codex/worktrees/4511/onepage/research/transport-memory/asymmetric_server.py", line 39, in accept
    data=await reader.read(min(left,16384));assert data;hasher.update(data);left-=len(data);request_bytes+=len(data)
                                                   ^^^^
AssertionError
Unhandled exception in client_connected_cb
transport: <asyncio.sslproto._SSLProtocolTransport object at 0x1016223c0>
Traceback (most recent call last):
  File "/Users/divyanshgolyan/.codex/worktrees/4511/onepage/research/transport-memory/asymmetric_server.py", line 39, in accept
    data=await reader.read(min(left,16384));assert data;hasher.update(data);left-=len(data);request_bytes+=len(data)
                                                   ^^^^
AssertionError
Unhandled exception in client_connected_cb
transport: <asyncio.sslproto._SSLProtocolTransport object at 0x101622330>
Traceback (most recent call last):
  File "/Users/divyanshgolyan/.codex/worktrees/4511/onepage/research/transport-memory/asymmetric_server.py", line 39, in accept
    data=await reader.read(min(left,16384));assert data;hasher.update(data);left-=len(data);request_bytes+=len(data)
                                                   ^^^^
AssertionError
Unhandled exception in client_connected_cb
transport: <asyncio.sslproto._SSLProtocolTransport object at 0x1016222a0>
Traceback (most recent call last):
  File "/Users/divyanshgolyan/.codex/worktrees/4511/onepage/research/transport-memory/asymmetric_server.py", line 39, in accept
    data=await reader.read(min(left,16384));assert data;hasher.update(data);left-=len(data);request_bytes+=len(data)
                                                   ^^^^
AssertionError
Unhandled exception in client_connected_cb
transport: <asyncio.sslproto._SSLProtocolTransport object at 0x101622210>
Traceback (most recent call last):
  File "/Users/divyanshgolyan/.codex/worktrees/4511/onepage/research/transport-memory/asymmetric_server.py", line 39, in accept
    data=await reader.read(min(left,16384));assert data;hasher.update(data);left-=len(data);request_bytes+=len(data)
                                                   ^^^^
AssertionError
Unhandled exception in client_connected_cb
transport: <asyncio.sslproto._SSLProtocolTransport object at 0x101622180>
Traceback (most recent call last):
  File "/Users/divyanshgolyan/.codex/worktrees/4511/onepage/research/transport-memory/asymmetric_server.py", line 39, in accept
    data=await reader.read(min(left,16384));assert data;hasher.update(data);left-=len(data);request_bytes+=len(data)
                                                   ^^^^
AssertionError
Unhandled exception in client_connected_cb
transport: <asyncio.sslproto._SSLProtocolTransport object at 0x1016220f0>
Traceback (most recent call last):
  File "/Users/divyanshgolyan/.codex/worktrees/4511/onepage/research/transport-memory/asymmetric_server.py", line 39, in accept
    data=await reader.read(min(left,16384));assert data;hasher.update(data);left-=len(data);request_bytes+=len(data)
                                                   ^^^^
AssertionError
Unhandled exception in client_connected_cb
transport: <asyncio.sslproto._SSLProtocolTransport object at 0x101622060>
Traceback (most recent call last):
  File "/Users/divyanshgolyan/.codex/worktrees/4511/onepage/research/transport-memory/asymmetric_server.py", line 39, in accept
    data=await reader.read(min(left,16384));assert data;hasher.update(data);left-=len(data);request_bytes+=len(data)
                                                   ^^^^
AssertionError
Unhandled exception in client_connected_cb
transport: <asyncio.sslproto._SSLProtocolTransport object at 0x101621fd0>
Traceback (most recent call last):
  File "/Users/divyanshgolyan/.codex/worktrees/4511/onepage/research/transport-memory/asymmetric_server.py", line 39, in accept
    data=await reader.read(min(left,16384));assert data;hasher.update(data);left-=len(data);request_bytes+=len(data)
                                                   ^^^^
AssertionError
Unhandled exception in client_connected_cb
transport: <asyncio.sslproto._SSLProtocolTransport object at 0x101621f40>
Traceback (most recent call last):
  File "/Users/divyanshgolyan/.codex/worktrees/4511/onepage/research/transport-memory/asymmetric_server.py", line 39, in accept
    data=await reader.read(min(left,16384));assert data;hasher.update(data);left-=len(data);request_bytes+=len(data)
                                                   ^^^^
AssertionError
Unhandled exception in client_connected_cb
transport: <asyncio.sslproto._SSLProtocolTransport object at 0x101621eb0>
Traceback (most recent call last):
  File "/Users/divyanshgolyan/.codex/worktrees/4511/onepage/research/transport-memory/asymmetric_server.py", line 39, in accept
    data=await reader.read(min(left,16384));assert data;hasher.update(data);left-=len(data);request_bytes+=len(data)
                                                   ^^^^
AssertionError
Unhandled exception in client_connected_cb
transport: <asyncio.sslproto._SSLProtocolTransport object at 0x101621e20>
Traceback (most recent call last):
  File "/Users/divyanshgolyan/.codex/worktrees/4511/onepage/research/transport-memory/asymmetric_server.py", line 39, in accept
    data=await reader.read(min(left,16384));assert data;hasher.update(data);left-=len(data);request_bytes+=len(data)
                                                   ^^^^
AssertionError
Unhandled exception in client_connected_cb
transport: <asyncio.sslproto._SSLProtocolTransport object at 0x101621d90>
Traceback (most recent call last):
  File "/Users/divyanshgolyan/.codex/worktrees/4511/onepage/research/transport-memory/asymmetric_server.py", line 39, in accept
    data=await reader.read(min(left,16384));assert data;hasher.update(data);left-=len(data);request_bytes+=len(data)
                                                   ^^^^
AssertionError
Unhandled exception in client_connected_cb
transport: <asyncio.sslproto._SSLProtocolTransport object at 0x101621d00>
Traceback (most recent call last):
  File "/Users/divyanshgolyan/.codex/worktrees/4511/onepage/research/transport-memory/asymmetric_server.py", line 39, in accept
    data=await reader.read(min(left,16384));assert data;hasher.update(data);left-=len(data);request_bytes+=len(data)
                                                   ^^^^
AssertionError
Unhandled exception in client_connected_cb
transport: <asyncio.sslproto._SSLProtocolTransport object at 0x101621c70>
Traceback (most recent call last):
  File "/Users/divyanshgolyan/.codex/worktrees/4511/onepage/research/transport-memory/asymmetric_server.py", line 39, in accept
    data=await reader.read(min(left,16384));assert data;hasher.update(data);left-=len(data);request_bytes+=len(data)
                                                   ^^^^
AssertionError
Unhandled exception in client_connected_cb
transport: <asyncio.sslproto._SSLProtocolTransport object at 0x101621be0>
Traceback (most recent call last):
  File "/Users/divyanshgolyan/.codex/worktrees/4511/onepage/research/transport-memory/asymmetric_server.py", line 39, in accept
    data=await reader.read(min(left,16384));assert data;hasher.update(data);left-=len(data);request_bytes+=len(data)
                                                   ^^^^
AssertionError
Unhandled exception in client_connected_cb
transport: <asyncio.sslproto._SSLProtocolTransport object at 0x101621b50>
Traceback (most recent call last):
  File "/Users/divyanshgolyan/.codex/worktrees/4511/onepage/research/transport-memory/asymmetric_server.py", line 39, in accept
    data=await reader.read(min(left,16384));assert data;hasher.update(data);left-=len(data);request_bytes+=len(data)
                                                   ^^^^
AssertionError
Unhandled exception in client_connected_cb
transport: <asyncio.sslproto._SSLProtocolTransport object at 0x101621ac0>
Traceback (most recent call last):
  File "/Users/divyanshgolyan/.codex/worktrees/4511/onepage/research/transport-memory/asymmetric_server.py", line 39, in accept
    data=await reader.read(min(left,16384));assert data;hasher.update(data);left-=len(data);request_bytes+=len(data)
                                                   ^^^^
AssertionError
Unhandled exception in client_connected_cb
transport: <asyncio.sslproto._SSLProtocolTransport object at 0x101621a30>
Traceback (most recent call last):
  File "/Users/divyanshgolyan/.codex/worktrees/4511/onepage/research/transport-memory/asymmetric_server.py", line 39, in accept
    data=await reader.read(min(left,16384));assert data;hasher.update(data);left-=len(data);request_bytes+=len(data)
                                                   ^^^^
AssertionError
Unhandled exception in client_connected_cb
transport: <asyncio.sslproto._SSLProtocolTransport object at 0x1016219a0>
Traceback (most recent call last):
  File "/Users/divyanshgolyan/.codex/worktrees/4511/onepage/research/transport-memory/asymmetric_server.py", line 39, in accept
    data=await reader.read(min(left,16384));assert data;hasher.update(data);left-=len(data);request_bytes+=len(data)
                                                   ^^^^
AssertionError
Unhandled exception in client_connected_cb
transport: <asyncio.sslproto._SSLProtocolTransport object at 0x101621910>
Traceback (most recent call last):
  File "/Users/divyanshgolyan/.codex/worktrees/4511/onepage/research/transport-memory/asymmetric_server.py", line 39, in accept
    data=await reader.read(min(left,16384));assert data;hasher.update(data);left-=len(data);request_bytes+=len(data)
                                                   ^^^^
AssertionError
Unhandled exception in client_connected_cb
transport: <asyncio.sslproto._SSLProtocolTransport object at 0x101621880>
Traceback (most recent call last):
  File "/Users/divyanshgolyan/.codex/worktrees/4511/onepage/research/transport-memory/asymmetric_server.py", line 39, in accept
    data=await reader.read(min(left,16384));assert data;hasher.update(data);left-=len(data);request_bytes+=len(data)
                                                   ^^^^
AssertionError
Unhandled exception in client_connected_cb
transport: <asyncio.sslproto._SSLProtocolTransport object at 0x1016217f0>
Traceback (most recent call last):
  File "/Users/divyanshgolyan/.codex/worktrees/4511/onepage/research/transport-memory/asymmetric_server.py", line 39, in accept
    data=await reader.read(min(left,16384));assert data;hasher.update(data);left-=len(data);request_bytes+=len(data)
                                                   ^^^^
AssertionError
Unhandled exception in client_connected_cb
transport: <asyncio.sslproto._SSLProtocolTransport object at 0x101621760>
Traceback (most recent call last):
  File "/Users/divyanshgolyan/.codex/worktrees/4511/onepage/research/transport-memory/asymmetric_server.py", line 39, in accept
    data=await reader.read(min(left,16384));assert data;hasher.update(data);left-=len(data);request_bytes+=len(data)
                                                   ^^^^
AssertionError
Unhandled exception in client_connected_cb
transport: <asyncio.sslproto._SSLProtocolTransport object at 0x1016216d0>
Traceback (most recent call last):
  File "/Users/divyanshgolyan/.codex/worktrees/4511/onepage/research/transport-memory/asymmetric_server.py", line 39, in accept
    data=await reader.read(min(left,16384));assert data;hasher.update(data);left-=len(data);request_bytes+=len(data)
                                                   ^^^^
AssertionError
Unhandled exception in client_connected_cb
transport: <asyncio.sslproto._SSLProtocolTransport object at 0x101621640>
Traceback (most recent call last):
  File "/Users/divyanshgolyan/.codex/worktrees/4511/onepage/research/transport-memory/asymmetric_server.py", line 39, in accept
    data=await reader.read(min(left,16384));assert data;hasher.update(data);left-=len(data);request_bytes+=len(data)
                                                   ^^^^
AssertionError
Unhandled exception in client_connected_cb
transport: <asyncio.sslproto._SSLProtocolTransport object at 0x1016215b0>
Traceback (most recent call last):
  File "/Users/divyanshgolyan/.codex/worktrees/4511/onepage/research/transport-memory/asymmetric_server.py", line 39, in accept
    data=await reader.read(min(left,16384));assert data;hasher.update(data);left-=len(data);request_bytes+=len(data)
                                                   ^^^^
AssertionError
Unhandled exception in client_connected_cb
transport: <asyncio.sslproto._SSLProtocolTransport object at 0x101621520>
Traceback (most recent call last):
  File "/Users/divyanshgolyan/.codex/worktrees/4511/onepage/research/transport-memory/asymmetric_server.py", line 39, in accept
    data=await reader.read(min(left,16384));assert data;hasher.update(data);left-=len(data);request_bytes+=len(data)
                                                   ^^^^
AssertionError
Unhandled exception in client_connected_cb
transport: <asyncio.sslproto._SSLProtocolTransport object at 0x101621490>
Traceback (most recent call last):
  File "/Users/divyanshgolyan/.codex/worktrees/4511/onepage/research/transport-memory/asymmetric_server.py", line 39, in accept
    data=await reader.read(min(left,16384));assert data;hasher.update(data);left-=len(data);request_bytes+=len(data)
                                                   ^^^^
AssertionError
Unhandled exception in client_connected_cb
transport: <asyncio.sslproto._SSLProtocolTransport object at 0x101621400>
Traceback (most recent call last):
  File "/Users/divyanshgolyan/.codex/worktrees/4511/onepage/research/transport-memory/asymmetric_server.py", line 39, in accept
    data=await reader.read(min(left,16384));assert data;hasher.update(data);left-=len(data);request_bytes+=len(data)
                                                   ^^^^
AssertionError
Unhandled exception in client_connected_cb
transport: <asyncio.sslproto._SSLProtocolTransport object at 0x101621370>
Traceback (most recent call last):
  File "/Users/divyanshgolyan/.codex/worktrees/4511/onepage/research/transport-memory/asymmetric_server.py", line 39, in accept
    data=await reader.read(min(left,16384));assert data;hasher.update(data);left-=len(data);request_bytes+=len(data)
                                                   ^^^^
AssertionError
Unhandled exception in client_connected_cb
transport: <asyncio.sslproto._SSLProtocolTransport object at 0x1016212e0>
Traceback (most recent call last):
  File "/Users/divyanshgolyan/.codex/worktrees/4511/onepage/research/transport-memory/asymmetric_server.py", line 39, in accept
    data=await reader.read(min(left,16384));assert data;hasher.update(data);left-=len(data);request_bytes+=len(data)
                                                   ^^^^
AssertionError
Unhandled exception in client_connected_cb
transport: <asyncio.sslproto._SSLProtocolTransport object at 0x101621250>
Traceback (most recent call last):
  File "/Users/divyanshgolyan/.codex/worktrees/4511/onepage/research/transport-memory/asymmetric_server.py", line 39, in accept
    data=await reader.read(min(left,16384));assert data;hasher.update(data);left-=len(data);request_bytes+=len(data)
                                                   ^^^^
AssertionError
Unhandled exception in client_connected_cb
transport: <asyncio.sslproto._SSLProtocolTransport object at 0x1016211c0>
Traceback (most recent call last):
  File "/Users/divyanshgolyan/.codex/worktrees/4511/onepage/research/transport-memory/asymmetric_server.py", line 39, in accept
    data=await reader.read(min(left,16384));assert data;hasher.update(data);left-=len(data);request_bytes+=len(data)
                                                   ^^^^
AssertionError
Unhandled exception in client_connected_cb
transport: <asyncio.sslproto._SSLProtocolTransport object at 0x101621130>
Traceback (most recent call last):
  File "/Users/divyanshgolyan/.codex/worktrees/4511/onepage/research/transport-memory/asymmetric_server.py", line 39, in accept
    data=await reader.read(min(left,16384));assert data;hasher.update(data);left-=len(data);request_bytes+=len(data)
                                                   ^^^^
AssertionError
Unhandled exception in client_connected_cb
transport: <asyncio.sslproto._SSLProtocolTransport object at 0x1016210a0>
Traceback (most recent call last):
  File "/Users/divyanshgolyan/.codex/worktrees/4511/onepage/research/transport-memory/asymmetric_server.py", line 39, in accept
    data=await reader.read(min(left,16384));assert data;hasher.update(data);left-=len(data);request_bytes+=len(data)
                                                   ^^^^
AssertionError
Unhandled exception in client_connected_cb
transport: <asyncio.sslproto._SSLProtocolTransport object at 0x101621010>
Traceback (most recent call last):
  File "/Users/divyanshgolyan/.codex/worktrees/4511/onepage/research/transport-memory/asymmetric_server.py", line 39, in accept
    data=await reader.read(min(left,16384));assert data;hasher.update(data);left-=len(data);request_bytes+=len(data)
                                                   ^^^^
AssertionError
Unhandled exception in client_connected_cb
transport: <asyncio.sslproto._SSLProtocolTransport object at 0x101620f80>
Traceback (most recent call last):
  File "/Users/divyanshgolyan/.codex/worktrees/4511/onepage/research/transport-memory/asymmetric_server.py", line 39, in accept
    data=await reader.read(min(left,16384));assert data;hasher.update(data);left-=len(data);request_bytes+=len(data)
                                                   ^^^^
AssertionError
Unhandled exception in client_connected_cb
transport: <asyncio.sslproto._SSLProtocolTransport object at 0x101620ef0>
Traceback (most recent call last):
  File "/Users/divyanshgolyan/.codex/worktrees/4511/onepage/research/transport-memory/asymmetric_server.py", line 39, in accept
    data=await reader.read(min(left,16384));assert data;hasher.update(data);left-=len(data);request_bytes+=len(data)
                                                   ^^^^
AssertionError
Unhandled exception in client_connected_cb
transport: <asyncio.sslproto._SSLProtocolTransport object at 0x101620e60>
Traceback (most recent call last):
  File "/Users/divyanshgolyan/.codex/worktrees/4511/onepage/research/transport-memory/asymmetric_server.py", line 39, in accept
    data=await reader.read(min(left,16384));assert data;hasher.update(data);left-=len(data);request_bytes+=len(data)
                                                   ^^^^
AssertionError
Unhandled exception in client_connected_cb
transport: <asyncio.sslproto._SSLProtocolTransport object at 0x101620dd0>
Traceback (most recent call last):
  File "/Users/divyanshgolyan/.codex/worktrees/4511/onepage/research/transport-memory/asymmetric_server.py", line 39, in accept
    data=await reader.read(min(left,16384));assert data;hasher.update(data);left-=len(data);request_bytes+=len(data)
                                                   ^^^^
AssertionError
Unhandled exception in client_connected_cb
transport: <asyncio.sslproto._SSLProtocolTransport object at 0x101620d40>
Traceback (most recent call last):
  File "/Users/divyanshgolyan/.codex/worktrees/4511/onepage/research/transport-memory/asymmetric_server.py", line 39, in accept
    data=await reader.read(min(left,16384));assert data;hasher.update(data);left-=len(data);request_bytes+=len(data)
                                                   ^^^^
AssertionError
Unhandled exception in client_connected_cb
transport: <asyncio.sslproto._SSLProtocolTransport object at 0x101620cb0>
Traceback (most recent call last):
  File "/Users/divyanshgolyan/.codex/worktrees/4511/onepage/research/transport-memory/asymmetric_server.py", line 39, in accept
    data=await reader.read(min(left,16384));assert data;hasher.update(data);left-=len(data);request_bytes+=len(data)
                                                   ^^^^
AssertionError
Unhandled exception in client_connected_cb
transport: <asyncio.sslproto._SSLProtocolTransport object at 0x101620c20>
Traceback (most recent call last):
  File "/Users/divyanshgolyan/.codex/worktrees/4511/onepage/research/transport-memory/asymmetric_server.py", line 39, in accept
    data=await reader.read(min(left,16384));assert data;hasher.update(data);left-=len(data);request_bytes+=len(data)
                                                   ^^^^
AssertionError
Unhandled exception in client_connected_cb
transport: <asyncio.sslproto._SSLProtocolTransport object at 0x101620b90>
Traceback (most recent call last):
  File "/Users/divyanshgolyan/.codex/worktrees/4511/onepage/research/transport-memory/asymmetric_server.py", line 39, in accept
    data=await reader.read(min(left,16384));assert data;hasher.update(data);left-=len(data);request_bytes+=len(data)
                                                   ^^^^
AssertionError
Unhandled exception in client_connected_cb
transport: <asyncio.sslproto._SSLProtocolTransport object at 0x101620b00>
Traceback (most recent call last):
  File "/Users/divyanshgolyan/.codex/worktrees/4511/onepage/research/transport-memory/asymmetric_server.py", line 39, in accept
    data=await reader.read(min(left,16384));assert data;hasher.update(data);left-=len(data);request_bytes+=len(data)
                                                   ^^^^
AssertionError
Unhandled exception in client_connected_cb
transport: <asyncio.sslproto._SSLProtocolTransport object at 0x101620a70>
Traceback (most recent call last):
  File "/Users/divyanshgolyan/.codex/worktrees/4511/onepage/research/transport-memory/asymmetric_server.py", line 39, in accept
    data=await reader.read(min(left,16384));assert data;hasher.update(data);left-=len(data);request_bytes+=len(data)
                                                   ^^^^
AssertionError
Unhandled exception in client_connected_cb
transport: <asyncio.sslproto._SSLProtocolTransport object at 0x1016209e0>
Traceback (most recent call last):
  File "/Users/divyanshgolyan/.codex/worktrees/4511/onepage/research/transport-memory/asymmetric_server.py", line 39, in accept
    data=await reader.read(min(left,16384));assert data;hasher.update(data);left-=len(data);request_bytes+=len(data)
                                                   ^^^^
AssertionError
Unhandled exception in client_connected_cb
transport: <asyncio.sslproto._SSLProtocolTransport object at 0x101620950>
Traceback (most recent call last):
  File "/Users/divyanshgolyan/.codex/worktrees/4511/onepage/research/transport-memory/asymmetric_server.py", line 39, in accept
    data=await reader.read(min(left,16384));assert data;hasher.update(data);left-=len(data);request_bytes+=len(data)
                                                   ^^^^
AssertionError
Unhandled exception in client_connected_cb
transport: <asyncio.sslproto._SSLProtocolTransport object at 0x1016208c0>
Traceback (most recent call last):
  File "/Users/divyanshgolyan/.codex/worktrees/4511/onepage/research/transport-memory/asymmetric_server.py", line 39, in accept
    data=await reader.read(min(left,16384));assert data;hasher.update(data);left-=len(data);request_bytes+=len(data)
                                                   ^^^^
AssertionError
Unhandled exception in client_connected_cb
transport: <asyncio.sslproto._SSLProtocolTransport object at 0x101620830>
Traceback (most recent call last):
  File "/Users/divyanshgolyan/.codex/worktrees/4511/onepage/research/transport-memory/asymmetric_server.py", line 39, in accept
    data=await reader.read(min(left,16384));assert data;hasher.update(data);left-=len(data);request_bytes+=len(data)
                                                   ^^^^
AssertionError
Unhandled exception in client_connected_cb
transport: <asyncio.sslproto._SSLProtocolTransport object at 0x1016207a0>
Traceback (most recent call last):
  File "/Users/divyanshgolyan/.codex/worktrees/4511/onepage/research/transport-memory/asymmetric_server.py", line 39, in accept
    data=await reader.read(min(left,16384));assert data;hasher.update(data);left-=len(data);request_bytes+=len(data)
                                                   ^^^^
AssertionError
Unhandled exception in client_connected_cb
transport: <asyncio.sslproto._SSLProtocolTransport object at 0x101620710>
Traceback (most recent call last):
  File "/Users/divyanshgolyan/.codex/worktrees/4511/onepage/research/transport-memory/asymmetric_server.py", line 39, in accept
    data=await reader.read(min(left,16384));assert data;hasher.update(data);left-=len(data);request_bytes+=len(data)
                                                   ^^^^
AssertionError
Unhandled exception in client_connected_cb
transport: <asyncio.sslproto._SSLProtocolTransport object at 0x101620680>
Traceback (most recent call last):
  File "/Users/divyanshgolyan/.codex/worktrees/4511/onepage/research/transport-memory/asymmetric_server.py", line 39, in accept
    data=await reader.read(min(left,16384));assert data;hasher.update(data);left-=len(data);request_bytes+=len(data)
                                                   ^^^^
AssertionError
Unhandled exception in client_connected_cb
transport: <asyncio.sslproto._SSLProtocolTransport object at 0x1016205f0>
Traceback (most recent call last):
  File "/Users/divyanshgolyan/.codex/worktrees/4511/onepage/research/transport-memory/asymmetric_server.py", line 39, in accept
    data=await reader.read(min(left,16384));assert data;hasher.update(data);left-=len(data);request_bytes+=len(data)
                                                   ^^^^
AssertionError
Unhandled exception in client_connected_cb
transport: <asyncio.sslproto._SSLProtocolTransport object at 0x101620560>
Traceback (most recent call last):
  File "/Users/divyanshgolyan/.codex/worktrees/4511/onepage/research/transport-memory/asymmetric_server.py", line 39, in accept
    data=await reader.read(min(left,16384));assert data;hasher.update(data);left-=len(data);request_bytes+=len(data)
                                                   ^^^^
AssertionError
Unhandled exception in client_connected_cb
transport: <asyncio.sslproto._SSLProtocolTransport object at 0x1016204d0>
Traceback (most recent call last):
  File "/Users/divyanshgolyan/.codex/worktrees/4511/onepage/research/transport-memory/asymmetric_server.py", line 39, in accept
    data=await reader.read(min(left,16384));assert data;hasher.update(data);left-=len(data);request_bytes+=len(data)
                                                   ^^^^
AssertionError
Unhandled exception in client_connected_cb
transport: <asyncio.sslproto._SSLProtocolTransport object at 0x101620440>
Traceback (most recent call last):
  File "/Users/divyanshgolyan/.codex/worktrees/4511/onepage/research/transport-memory/asymmetric_server.py", line 39, in accept
    data=await reader.read(min(left,16384));assert data;hasher.update(data);left-=len(data);request_bytes+=len(data)
                                                   ^^^^
AssertionError
Unhandled exception in client_connected_cb
transport: <asyncio.sslproto._SSLProtocolTransport object at 0x1016203b0>
Traceback (most recent call last):
  File "/Users/divyanshgolyan/.codex/worktrees/4511/onepage/research/transport-memory/asymmetric_server.py", line 39, in accept
    data=await reader.read(min(left,16384));assert data;hasher.update(data);left-=len(data);request_bytes+=len(data)
                                                   ^^^^
AssertionError
Unhandled exception in client_connected_cb
transport: <asyncio.sslproto._SSLProtocolTransport object at 0x101620320>
Traceback (most recent call last):
  File "/Users/divyanshgolyan/.codex/worktrees/4511/onepage/research/transport-memory/asymmetric_server.py", line 39, in accept
    data=await reader.read(min(left,16384));assert data;hasher.update(data);left-=len(data);request_bytes+=len(data)
                                                   ^^^^
AssertionError
Unhandled exception in client_connected_cb
transport: <asyncio.sslproto._SSLProtocolTransport object at 0x101620290>
Traceback (most recent call last):
  File "/Users/divyanshgolyan/.codex/worktrees/4511/onepage/research/transport-memory/asymmetric_server.py", line 39, in accept
    data=await reader.read(min(left,16384));assert data;hasher.update(data);left-=len(data);request_bytes+=len(data)
                                                   ^^^^
AssertionError
Unhandled exception in client_connected_cb
transport: <asyncio.sslproto._SSLProtocolTransport object at 0x101620200>
Traceback (most recent call last):
  File "/Users/divyanshgolyan/.codex/worktrees/4511/onepage/research/transport-memory/asymmetric_server.py", line 39, in accept
    data=await reader.read(min(left,16384));assert data;hasher.update(data);left-=len(data);request_bytes+=len(data)
                                                   ^^^^
AssertionError
Unhandled exception in client_connected_cb
transport: <asyncio.sslproto._SSLProtocolTransport object at 0x101620170>
Traceback (most recent call last):
  File "/Users/divyanshgolyan/.codex/worktrees/4511/onepage/research/transport-memory/asymmetric_server.py", line 39, in accept
    data=await reader.read(min(left,16384));assert data;hasher.update(data);left-=len(data);request_bytes+=len(data)
                                                   ^^^^
AssertionError
Unhandled exception in client_connected_cb
transport: <asyncio.sslproto._SSLProtocolTransport object at 0x1016200e0>
Traceback (most recent call last):
  File "/Users/divyanshgolyan/.codex/worktrees/4511/onepage/research/transport-memory/asymmetric_server.py", line 39, in accept
    data=await reader.read(min(left,16384));assert data;hasher.update(data);left-=len(data);request_bytes+=len(data)
                                                   ^^^^
AssertionError
Unhandled exception in client_connected_cb
transport: <asyncio.sslproto._SSLProtocolTransport object at 0x101620050>
Traceback (most recent call last):
  File "/Users/divyanshgolyan/.codex/worktrees/4511/onepage/research/transport-memory/asymmetric_server.py", line 39, in accept
    data=await reader.read(min(left,16384));assert data;hasher.update(data);left-=len(data);request_bytes+=len(data)
                                                   ^^^^
AssertionError
Unhandled exception in client_connected_cb
transport: <asyncio.sslproto._SSLProtocolTransport object at 0x101497f50>
Traceback (most recent call last):
  File "/Users/divyanshgolyan/.codex/worktrees/4511/onepage/research/transport-memory/asymmetric_server.py", line 39, in accept
    data=await reader.read(min(left,16384));assert data;hasher.update(data);left-=len(data);request_bytes+=len(data)
                                                   ^^^^
AssertionError
Unhandled exception in client_connected_cb
transport: <asyncio.sslproto._SSLProtocolTransport object at 0x101497ec0>
Traceback (most recent call last):
  File "/Users/divyanshgolyan/.codex/worktrees/4511/onepage/research/transport-memory/asymmetric_server.py", line 39, in accept
    data=await reader.read(min(left,16384));assert data;hasher.update(data);left-=len(data);request_bytes+=len(data)
                                                   ^^^^
AssertionError
Unhandled exception in client_connected_cb
transport: <asyncio.sslproto._SSLProtocolTransport object at 0x101497e30>
Traceback (most recent call last):
  File "/Users/divyanshgolyan/.codex/worktrees/4511/onepage/research/transport-memory/asymmetric_server.py", line 39, in accept
    data=await reader.read(min(left,16384));assert data;hasher.update(data);left-=len(data);request_bytes+=len(data)
                                                   ^^^^
AssertionError
Unhandled exception in client_connected_cb
transport: <asyncio.sslproto._SSLProtocolTransport object at 0x101497da0>
Traceback (most recent call last):
  File "/Users/divyanshgolyan/.codex/worktrees/4511/onepage/research/transport-memory/asymmetric_server.py", line 39, in accept
    data=await reader.read(min(left,16384));assert data;hasher.update(data);left-=len(data);request_bytes+=len(data)
                                                   ^^^^
AssertionError
Unhandled exception in client_connected_cb
transport: <asyncio.sslproto._SSLProtocolTransport object at 0x101497d10>
Traceback (most recent call last):
  File "/Users/divyanshgolyan/.codex/worktrees/4511/onepage/research/transport-memory/asymmetric_server.py", line 39, in accept
    data=await reader.read(min(left,16384));assert data;hasher.update(data);left-=len(data);request_bytes+=len(data)
                                                   ^^^^
AssertionError
Unhandled exception in client_connected_cb
transport: <asyncio.sslproto._SSLProtocolTransport object at 0x101497c80>
Traceback (most recent call last):
  File "/Users/divyanshgolyan/.codex/worktrees/4511/onepage/research/transport-memory/asymmetric_server.py", line 39, in accept
    data=await reader.read(min(left,16384));assert data;hasher.update(data);left-=len(data);request_bytes+=len(data)
                                                   ^^^^
AssertionError
Unhandled exception in client_connected_cb
transport: <asyncio.sslproto._SSLProtocolTransport object at 0x101497bf0>
Traceback (most recent call last):
  File "/Users/divyanshgolyan/.codex/worktrees/4511/onepage/research/transport-memory/asymmetric_server.py", line 39, in accept
    data=await reader.read(min(left,16384));assert data;hasher.update(data);left-=len(data);request_bytes+=len(data)
                                                   ^^^^
AssertionError
Unhandled exception in client_connected_cb
transport: <asyncio.sslproto._SSLProtocolTransport object at 0x101497b60>
Traceback (most recent call last):
  File "/Users/divyanshgolyan/.codex/worktrees/4511/onepage/research/transport-memory/asymmetric_server.py", line 39, in accept
    data=await reader.read(min(left,16384));assert data;hasher.update(data);left-=len(data);request_bytes+=len(data)
                                                   ^^^^
AssertionError
Unhandled exception in client_connected_cb
transport: <asyncio.sslproto._SSLProtocolTransport object at 0x101497ad0>
Traceback (most recent call last):
  File "/Users/divyanshgolyan/.codex/worktrees/4511/onepage/research/transport-memory/asymmetric_server.py", line 39, in accept
    data=await reader.read(min(left,16384));assert data;hasher.update(data);left-=len(data);request_bytes+=len(data)
                                                   ^^^^
AssertionError
Unhandled exception in client_connected_cb
transport: <asyncio.sslproto._SSLProtocolTransport object at 0x101497a40>
Traceback (most recent call last):
  File "/Users/divyanshgolyan/.codex/worktrees/4511/onepage/research/transport-memory/asymmetric_server.py", line 39, in accept
    data=await reader.read(min(left,16384));assert data;hasher.update(data);left-=len(data);request_bytes+=len(data)
                                                   ^^^^
AssertionError
Unhandled exception in client_connected_cb
transport: <asyncio.sslproto._SSLProtocolTransport object at 0x1014979b0>
Traceback (most recent call last):
  File "/Users/divyanshgolyan/.codex/worktrees/4511/onepage/research/transport-memory/asymmetric_server.py", line 39, in accept
    data=await reader.read(min(left,16384));assert data;hasher.update(data);left-=len(data);request_bytes+=len(data)
                                                   ^^^^
AssertionError
Unhandled exception in client_connected_cb
transport: <asyncio.sslproto._SSLProtocolTransport object at 0x101556710>
Traceback (most recent call last):
  File "/Users/divyanshgolyan/.codex/worktrees/4511/onepage/research/transport-memory/asymmetric_server.py", line 39, in accept
    data=await reader.read(min(left,16384));assert data;hasher.update(data);left-=len(data);request_bytes+=len(data)
                                                   ^^^^
AssertionError
Unhandled exception in client_connected_cb
transport: <asyncio.sslproto._SSLProtocolTransport object at 0x1015565d0>
Traceback (most recent call last):
  File "/Users/divyanshgolyan/.codex/worktrees/4511/onepage/research/transport-memory/asymmetric_server.py", line 39, in accept
    data=await reader.read(min(left,16384));assert data;hasher.update(data);left-=len(data);request_bytes+=len(data)
                                                   ^^^^
AssertionError
Unhandled exception in client_connected_cb
transport: <asyncio.sslproto._SSLProtocolTransport object at 0x1015dfd80>
Traceback (most recent call last):
  File "/Users/divyanshgolyan/.codex/worktrees/4511/onepage/research/transport-memory/asymmetric_server.py", line 39, in accept
    data=await reader.read(min(left,16384));assert data;hasher.update(data);left-=len(data);request_bytes+=len(data)
                                                   ^^^^
AssertionError
Unhandled exception in client_connected_cb
transport: <asyncio.sslproto._SSLProtocolTransport object at 0x1015d9c10>
Traceback (most recent call last):
  File "/Users/divyanshgolyan/.codex/worktrees/4511/onepage/research/transport-memory/asymmetric_server.py", line 39, in accept
    data=await reader.read(min(left,16384));assert data;hasher.update(data);left-=len(data);request_bytes+=len(data)
                                                   ^^^^
AssertionError
Unhandled exception in client_connected_cb
transport: <asyncio.sslproto._SSLProtocolTransport object at 0x1015d99d0>
Traceback (most recent call last):
  File "/Users/divyanshgolyan/.codex/worktrees/4511/onepage/research/transport-memory/asymmetric_server.py", line 39, in accept
    data=await reader.read(min(left,16384));assert data;hasher.update(data);left-=len(data);request_bytes+=len(data)
                                                   ^^^^
AssertionError
Unhandled exception in client_connected_cb
transport: <asyncio.sslproto._SSLProtocolTransport object at 0x1014b75f0>
Traceback (most recent call last):
  File "/Users/divyanshgolyan/.codex/worktrees/4511/onepage/research/transport-memory/asymmetric_server.py", line 39, in accept
    data=await reader.read(min(left,16384));assert data;hasher.update(data);left-=len(data);request_bytes+=len(data)
                                                   ^^^^
AssertionError
Unhandled exception in client_connected_cb
transport: <asyncio.sslproto._SSLProtocolTransport object at 0x1014b7520>
Traceback (most recent call last):
  File "/Users/divyanshgolyan/.codex/worktrees/4511/onepage/research/transport-memory/asymmetric_server.py", line 39, in accept
    data=await reader.read(min(left,16384));assert data;hasher.update(data);left-=len(data);request_bytes+=len(data)
                                                   ^^^^
AssertionError
Unhandled exception in client_connected_cb
transport: <asyncio.sslproto._SSLProtocolTransport object at 0x1015c5710>
Traceback (most recent call last):
  File "/Users/divyanshgolyan/.codex/worktrees/4511/onepage/research/transport-memory/asymmetric_server.py", line 39, in accept
    data=await reader.read(min(left,16384));assert data;hasher.update(data);left-=len(data);request_bytes+=len(data)
                                                   ^^^^
AssertionError
Unhandled exception in client_connected_cb
transport: <asyncio.sslproto._SSLProtocolTransport object at 0x1015c51d0>
Traceback (most recent call last):
  File "/Users/divyanshgolyan/.codex/worktrees/4511/onepage/research/transport-memory/asymmetric_server.py", line 39, in accept
    data=await reader.read(min(left,16384));assert data;hasher.update(data);left-=len(data);request_bytes+=len(data)
                                                   ^^^^
AssertionError
Unhandled exception in client_connected_cb
transport: <asyncio.sslproto._SSLProtocolTransport object at 0x1015e9f40>
Traceback (most recent call last):
  File "/Users/divyanshgolyan/.codex/worktrees/4511/onepage/research/transport-memory/asymmetric_server.py", line 39, in accept
    data=await reader.read(min(left,16384));assert data;hasher.update(data);left-=len(data);request_bytes+=len(data)
                                                   ^^^^
AssertionError
Unhandled exception in client_connected_cb
transport: <asyncio.sslproto._SSLProtocolTransport object at 0x1015e9a90>
Traceback (most recent call last):
  File "/Users/divyanshgolyan/.codex/worktrees/4511/onepage/research/transport-memory/asymmetric_server.py", line 39, in accept
    data=await reader.read(min(left,16384));assert data;hasher.update(data);left-=len(data);request_bytes+=len(data)
                                                   ^^^^
AssertionError
Unhandled exception in client_connected_cb
transport: <asyncio.sslproto._SSLProtocolTransport object at 0x1015f0750>
Traceback (most recent call last):
  File "/Users/divyanshgolyan/.codex/worktrees/4511/onepage/research/transport-memory/asymmetric_server.py", line 39, in accept
    data=await reader.read(min(left,16384));assert data;hasher.update(data);left-=len(data);request_bytes+=len(data)
                                                   ^^^^
AssertionError
Unhandled exception in client_connected_cb
transport: <asyncio.sslproto._SSLProtocolTransport object at 0x101582ad0>
Traceback (most recent call last):
  File "/Users/divyanshgolyan/.codex/worktrees/4511/onepage/research/transport-memory/asymmetric_server.py", line 39, in accept
    data=await reader.read(min(left,16384));assert data;hasher.update(data);left-=len(data);request_bytes+=len(data)
                                                   ^^^^
AssertionError
Unhandled exception in client_connected_cb
transport: <asyncio.sslproto._SSLProtocolTransport object at 0x1015828b0>
Traceback (most recent call last):
  File "/Users/divyanshgolyan/.codex/worktrees/4511/onepage/research/transport-memory/asymmetric_server.py", line 39, in accept
    data=await reader.read(min(left,16384));assert data;hasher.update(data);left-=len(data);request_bytes+=len(data)
                                                   ^^^^
AssertionError
Unhandled exception in client_connected_cb
transport: <asyncio.sslproto._SSLProtocolTransport object at 0x10157b410>
Traceback (most recent call last):
  File "/Users/divyanshgolyan/.codex/worktrees/4511/onepage/research/transport-memory/asymmetric_server.py", line 39, in accept
    data=await reader.read(min(left,16384));assert data;hasher.update(data);left-=len(data);request_bytes+=len(data)
                                                   ^^^^
AssertionError
Unhandled exception in client_connected_cb
transport: <asyncio.sslproto._SSLProtocolTransport object at 0x10157bd10>
Traceback (most recent call last):
  File "/Users/divyanshgolyan/.codex/worktrees/4511/onepage/research/transport-memory/asymmetric_server.py", line 39, in accept
    data=await reader.read(min(left,16384));assert data;hasher.update(data);left-=len(data);request_bytes+=len(data)
                                                   ^^^^
AssertionError
Unhandled exception in client_connected_cb
transport: <asyncio.sslproto._SSLProtocolTransport object at 0x1014c3950>
Traceback (most recent call last):
  File "/Users/divyanshgolyan/.codex/worktrees/4511/onepage/research/transport-memory/asymmetric_server.py", line 39, in accept
    data=await reader.read(min(left,16384));assert data;hasher.update(data);left-=len(data);request_bytes+=len(data)
                                                   ^^^^
AssertionError
Unhandled exception in client_connected_cb
transport: <asyncio.sslproto._SSLProtocolTransport object at 0x1014c36f0>
Traceback (most recent call last):
  File "/Users/divyanshgolyan/.codex/worktrees/4511/onepage/research/transport-memory/asymmetric_server.py", line 39, in accept
    data=await reader.read(min(left,16384));assert data;hasher.update(data);left-=len(data);request_bytes+=len(data)
                                                   ^^^^
AssertionError
Unhandled exception in client_connected_cb
transport: <asyncio.sslproto._SSLProtocolTransport object at 0x1014cb9d0>
Traceback (most recent call last):
  File "/Users/divyanshgolyan/.codex/worktrees/4511/onepage/research/transport-memory/asymmetric_server.py", line 39, in accept
    data=await reader.read(min(left,16384));assert data;hasher.update(data);left-=len(data);request_bytes+=len(data)
                                                   ^^^^
AssertionError
Unhandled exception in client_connected_cb
transport: <asyncio.sslproto._SSLProtocolTransport object at 0x10155ea50>
Traceback (most recent call last):
  File "/Users/divyanshgolyan/.codex/worktrees/4511/onepage/research/transport-memory/asymmetric_server.py", line 39, in accept
    data=await reader.read(min(left,16384));assert data;hasher.update(data);left-=len(data);request_bytes+=len(data)
                                                   ^^^^
AssertionError
Unhandled exception in client_connected_cb
transport: <asyncio.sslproto._SSLProtocolTransport object at 0x10155e510>
Traceback (most recent call last):
  File "/Users/divyanshgolyan/.codex/worktrees/4511/onepage/research/transport-memory/asymmetric_server.py", line 39, in accept
    data=await reader.read(min(left,16384));assert data;hasher.update(data);left-=len(data);request_bytes+=len(data)
                                                   ^^^^
AssertionError
Unhandled exception in client_connected_cb
transport: <asyncio.sslproto._SSLProtocolTransport object at 0x10153e6d0>
Traceback (most recent call last):
  File "/Users/divyanshgolyan/.codex/worktrees/4511/onepage/research/transport-memory/asymmetric_server.py", line 39, in accept
    data=await reader.read(min(left,16384));assert data;hasher.update(data);left-=len(data);request_bytes+=len(data)
                                                   ^^^^
AssertionError
Unhandled exception in client_connected_cb
transport: <asyncio.sslproto._SSLProtocolTransport object at 0x10153dff0>
Traceback (most recent call last):
  File "/Users/divyanshgolyan/.codex/worktrees/4511/onepage/research/transport-memory/asymmetric_server.py", line 39, in accept
    data=await reader.read(min(left,16384));assert data;hasher.update(data);left-=len(data);request_bytes+=len(data)
                                                   ^^^^
AssertionError
Unhandled exception in client_connected_cb
transport: <asyncio.sslproto._SSLProtocolTransport object at 0x1014dde80>
Traceback (most recent call last):
  File "/Users/divyanshgolyan/.codex/worktrees/4511/onepage/research/transport-memory/asymmetric_server.py", line 39, in accept
    data=await reader.read(min(left,16384));assert data;hasher.update(data);left-=len(data);request_bytes+=len(data)
                                                   ^^^^
AssertionError
Unhandled exception in client_connected_cb
transport: <asyncio.sslproto._SSLProtocolTransport object at 0x1014dd8c0>
Traceback (most recent call last):
  File "/Users/divyanshgolyan/.codex/worktrees/4511/onepage/research/transport-memory/asymmetric_server.py", line 39, in accept
    data=await reader.read(min(left,16384));assert data;hasher.update(data);left-=len(data);request_bytes+=len(data)
                                                   ^^^^
AssertionError
