Unhandled exception in client_connected_cb
transport: <asyncio.sslproto._SSLProtocolTransport object at 0x106513ec0>
Traceback (most recent call last):
  File "/Users/divyanshgolyan/.codex/worktrees/4511/onepage/research/transport-memory/asymmetric_server.py", line 39, in accept
    data=await reader.read(min(left,16384));assert data;hasher.update(data);left-=len(data);request_bytes+=len(data)
                                                   ^^^^
AssertionError
Unhandled exception in client_connected_cb
transport: <asyncio.sslproto._SSLProtocolTransport object at 0x106657650>
Traceback (most recent call last):
  File "/Users/divyanshgolyan/.codex/worktrees/4511/onepage/research/transport-memory/asymmetric_server.py", line 39, in accept
    data=await reader.read(min(left,16384));assert data;hasher.update(data);left-=len(data);request_bytes+=len(data)
                                                   ^^^^
AssertionError
Unhandled exception in client_connected_cb
transport: <asyncio.sslproto._SSLProtocolTransport object at 0x1065b80e0>
Traceback (most recent call last):
  File "/Users/divyanshgolyan/.codex/worktrees/4511/onepage/research/transport-memory/asymmetric_server.py", line 39, in accept
    data=await reader.read(min(left,16384));assert data;hasher.update(data);left-=len(data);request_bytes+=len(data)
                                                   ^^^^
AssertionError
Unhandled exception in client_connected_cb
transport: <asyncio.sslproto._SSLProtocolTransport object at 0x1065b8170>
Traceback (most recent call last):
  File "/Users/divyanshgolyan/.codex/worktrees/4511/onepage/research/transport-memory/asymmetric_server.py", line 39, in accept
    data=await reader.read(min(left,16384));assert data;hasher.update(data);left-=len(data);request_bytes+=len(data)
                                                   ^^^^
AssertionError
Unhandled exception in client_connected_cb
transport: <asyncio.sslproto._SSLProtocolTransport object at 0x106511eb0>
Traceback (most recent call last):
  File "/Users/divyanshgolyan/.codex/worktrees/4511/onepage/research/transport-memory/asymmetric_server.py", line 39, in accept
    data=await reader.read(min(left,16384));assert data;hasher.update(data);left-=len(data);request_bytes+=len(data)
                                                   ^^^^
AssertionError
Unhandled exception in client_connected_cb
transport: <asyncio.sslproto._SSLProtocolTransport object at 0x1065b8290>
Traceback (most recent call last):
  File "/Users/divyanshgolyan/.codex/worktrees/4511/onepage/research/transport-memory/asymmetric_server.py", line 39, in accept
    data=await reader.read(min(left,16384));assert data;hasher.update(data);left-=len(data);request_bytes+=len(data)
                                                   ^^^^
AssertionError
Unhandled exception in client_connected_cb
transport: <asyncio.sslproto._SSLProtocolTransport object at 0x1056704d0>
Traceback (most recent call last):
  File "/Users/divyanshgolyan/.codex/worktrees/4511/onepage/research/transport-memory/asymmetric_server.py", line 39, in accept
    data=await reader.read(min(left,16384));assert data;hasher.update(data);left-=len(data);request_bytes+=len(data)
                                                   ^^^^
AssertionError
Unhandled exception in client_connected_cb
transport: <asyncio.sslproto._SSLProtocolTransport object at 0x106657ad0>
Traceback (most recent call last):
  File "/Users/divyanshgolyan/.codex/worktrees/4511/onepage/research/transport-memory/asymmetric_server.py", line 39, in accept
    data=await reader.read(min(left,16384));assert data;hasher.update(data);left-=len(data);request_bytes+=len(data)
                                                   ^^^^
AssertionError
Unhandled exception in client_connected_cb
transport: <asyncio.sslproto._SSLProtocolTransport object at 0x106512060>
Traceback (most recent call last):
  File "/Users/divyanshgolyan/.codex/worktrees/4511/onepage/research/transport-memory/asymmetric_server.py", line 39, in accept
    data=await reader.read(min(left,16384));assert data;hasher.update(data);left-=len(data);request_bytes+=len(data)
                                                   ^^^^
AssertionError
Unhandled exception in client_connected_cb
transport: <asyncio.sslproto._SSLProtocolTransport object at 0x1065b85f0>
Traceback (most recent call last):
  File "/Users/divyanshgolyan/.codex/worktrees/4511/onepage/research/transport-memory/asymmetric_server.py", line 39, in accept
    data=await reader.read(min(left,16384));assert data;hasher.update(data);left-=len(data);request_bytes+=len(data)
                                                   ^^^^
AssertionError
Unhandled exception in client_connected_cb
transport: <asyncio.sslproto._SSLProtocolTransport object at 0x107a3e180>
Traceback (most recent call last):
  File "/Users/divyanshgolyan/.codex/worktrees/4511/onepage/research/transport-memory/asymmetric_server.py", line 39, in accept
    data=await reader.read(min(left,16384));assert data;hasher.update(data);left-=len(data);request_bytes+=len(data)
                                                   ^^^^
AssertionError
Unhandled exception in client_connected_cb
transport: <asyncio.sslproto._SSLProtocolTransport object at 0x107a3e0f0>
Traceback (most recent call last):
  File "/Users/divyanshgolyan/.codex/worktrees/4511/onepage/research/transport-memory/asymmetric_server.py", line 39, in accept
    data=await reader.read(min(left,16384));assert data;hasher.update(data);left-=len(data);request_bytes+=len(data)
                                                   ^^^^
AssertionError
Unhandled exception in client_connected_cb
transport: <asyncio.sslproto._SSLProtocolTransport object at 0x107a3e060>
Traceback (most recent call last):
  File "/Users/divyanshgolyan/.codex/worktrees/4511/onepage/research/transport-memory/asymmetric_server.py", line 39, in accept
    data=await reader.read(min(left,16384));assert data;hasher.update(data);left-=len(data);request_bytes+=len(data)
                                                   ^^^^
AssertionError
Unhandled exception in client_connected_cb
transport: <asyncio.sslproto._SSLProtocolTransport object at 0x107a3dfd0>
Traceback (most recent call last):
  File "/Users/divyanshgolyan/.codex/worktrees/4511/onepage/research/transport-memory/asymmetric_server.py", line 39, in accept
    data=await reader.read(min(left,16384));assert data;hasher.update(data);left-=len(data);request_bytes+=len(data)
                                                   ^^^^
AssertionError
Unhandled exception in client_connected_cb
transport: <asyncio.sslproto._SSLProtocolTransport object at 0x107a3df40>
Traceback (most recent call last):
  File "/Users/divyanshgolyan/.codex/worktrees/4511/onepage/research/transport-memory/asymmetric_server.py", line 39, in accept
    data=await reader.read(min(left,16384));assert data;hasher.update(data);left-=len(data);request_bytes+=len(data)
                                                   ^^^^
AssertionError
Unhandled exception in client_connected_cb
transport: <asyncio.sslproto._SSLProtocolTransport object at 0x107a3deb0>
Traceback (most recent call last):
  File "/Users/divyanshgolyan/.codex/worktrees/4511/onepage/research/transport-memory/asymmetric_server.py", line 39, in accept
    data=await reader.read(min(left,16384));assert data;hasher.update(data);left-=len(data);request_bytes+=len(data)
                                                   ^^^^
AssertionError
Unhandled exception in client_connected_cb
transport: <asyncio.sslproto._SSLProtocolTransport object at 0x107a3de20>
Traceback (most recent call last):
  File "/Users/divyanshgolyan/.codex/worktrees/4511/onepage/research/transport-memory/asymmetric_server.py", line 39, in accept
    data=await reader.read(min(left,16384));assert data;hasher.update(data);left-=len(data);request_bytes+=len(data)
                                                   ^^^^
AssertionError
Unhandled exception in client_connected_cb
transport: <asyncio.sslproto._SSLProtocolTransport object at 0x107a3dd90>
Traceback (most recent call last):
  File "/Users/divyanshgolyan/.codex/worktrees/4511/onepage/research/transport-memory/asymmetric_server.py", line 39, in accept
    data=await reader.read(min(left,16384));assert data;hasher.update(data);left-=len(data);request_bytes+=len(data)
                                                   ^^^^
AssertionError
Unhandled exception in client_connected_cb
transport: <asyncio.sslproto._SSLProtocolTransport object at 0x107a3dd00>
Traceback (most recent call last):
  File "/Users/divyanshgolyan/.codex/worktrees/4511/onepage/research/transport-memory/asymmetric_server.py", line 39, in accept
    data=await reader.read(min(left,16384));assert data;hasher.update(data);left-=len(data);request_bytes+=len(data)
                                                   ^^^^
AssertionError
Unhandled exception in client_connected_cb
transport: <asyncio.sslproto._SSLProtocolTransport object at 0x107a3dc70>
Traceback (most recent call last):
  File "/Users/divyanshgolyan/.codex/worktrees/4511/onepage/research/transport-memory/asymmetric_server.py", line 39, in accept
    data=await reader.read(min(left,16384));assert data;hasher.update(data);left-=len(data);request_bytes+=len(data)
                                                   ^^^^
AssertionError
Unhandled exception in client_connected_cb
transport: <asyncio.sslproto._SSLProtocolTransport object at 0x107a3dbe0>
Traceback (most recent call last):
  File "/Users/divyanshgolyan/.codex/worktrees/4511/onepage/research/transport-memory/asymmetric_server.py", line 39, in accept
    data=await reader.read(min(left,16384));assert data;hasher.update(data);left-=len(data);request_bytes+=len(data)
                                                   ^^^^
AssertionError
Unhandled exception in client_connected_cb
transport: <asyncio.sslproto._SSLProtocolTransport object at 0x107a3db50>
Traceback (most recent call last):
  File "/Users/divyanshgolyan/.codex/worktrees/4511/onepage/research/transport-memory/asymmetric_server.py", line 39, in accept
    data=await reader.read(min(left,16384));assert data;hasher.update(data);left-=len(data);request_bytes+=len(data)
                                                   ^^^^
AssertionError
Unhandled exception in client_connected_cb
transport: <asyncio.sslproto._SSLProtocolTransport object at 0x107a3dac0>
Traceback (most recent call last):
  File "/Users/divyanshgolyan/.codex/worktrees/4511/onepage/research/transport-memory/asymmetric_server.py", line 39, in accept
    data=await reader.read(min(left,16384));assert data;hasher.update(data);left-=len(data);request_bytes+=len(data)
                                                   ^^^^
AssertionError
Unhandled exception in client_connected_cb
transport: <asyncio.sslproto._SSLProtocolTransport object at 0x107a3da30>
Traceback (most recent call last):
  File "/Users/divyanshgolyan/.codex/worktrees/4511/onepage/research/transport-memory/asymmetric_server.py", line 39, in accept
    data=await reader.read(min(left,16384));assert data;hasher.update(data);left-=len(data);request_bytes+=len(data)
                                                   ^^^^
AssertionError
Unhandled exception in client_connected_cb
transport: <asyncio.sslproto._SSLProtocolTransport object at 0x107a3d9a0>
Traceback (most recent call last):
  File "/Users/divyanshgolyan/.codex/worktrees/4511/onepage/research/transport-memory/asymmetric_server.py", line 39, in accept
    data=await reader.read(min(left,16384));assert data;hasher.update(data);left-=len(data);request_bytes+=len(data)
                                                   ^^^^
AssertionError
Unhandled exception in client_connected_cb
transport: <asyncio.sslproto._SSLProtocolTransport object at 0x107a3d910>
Traceback (most recent call last):
  File "/Users/divyanshgolyan/.codex/worktrees/4511/onepage/research/transport-memory/asymmetric_server.py", line 39, in accept
    data=await reader.read(min(left,16384));assert data;hasher.update(data);left-=len(data);request_bytes+=len(data)
                                                   ^^^^
AssertionError
Unhandled exception in client_connected_cb
transport: <asyncio.sslproto._SSLProtocolTransport object at 0x107a3d880>
Traceback (most recent call last):
  File "/Users/divyanshgolyan/.codex/worktrees/4511/onepage/research/transport-memory/asymmetric_server.py", line 39, in accept
    data=await reader.read(min(left,16384));assert data;hasher.update(data);left-=len(data);request_bytes+=len(data)
                                                   ^^^^
AssertionError
Unhandled exception in client_connected_cb
transport: <asyncio.sslproto._SSLProtocolTransport object at 0x107a3d7f0>
Traceback (most recent call last):
  File "/Users/divyanshgolyan/.codex/worktrees/4511/onepage/research/transport-memory/asymmetric_server.py", line 39, in accept
    data=await reader.read(min(left,16384));assert data;hasher.update(data);left-=len(data);request_bytes+=len(data)
                                                   ^^^^
AssertionError
Unhandled exception in client_connected_cb
transport: <asyncio.sslproto._SSLProtocolTransport object at 0x107a3d760>
Traceback (most recent call last):
  File "/Users/divyanshgolyan/.codex/worktrees/4511/onepage/research/transport-memory/asymmetric_server.py", line 39, in accept
    data=await reader.read(min(left,16384));assert data;hasher.update(data);left-=len(data);request_bytes+=len(data)
                                                   ^^^^
AssertionError
Unhandled exception in client_connected_cb
transport: <asyncio.sslproto._SSLProtocolTransport object at 0x107a3d6d0>
Traceback (most recent call last):
  File "/Users/divyanshgolyan/.codex/worktrees/4511/onepage/research/transport-memory/asymmetric_server.py", line 39, in accept
    data=await reader.read(min(left,16384));assert data;hasher.update(data);left-=len(data);request_bytes+=len(data)
                                                   ^^^^
AssertionError
Unhandled exception in client_connected_cb
transport: <asyncio.sslproto._SSLProtocolTransport object at 0x107a3d640>
Traceback (most recent call last):
  File "/Users/divyanshgolyan/.codex/worktrees/4511/onepage/research/transport-memory/asymmetric_server.py", line 39, in accept
    data=await reader.read(min(left,16384));assert data;hasher.update(data);left-=len(data);request_bytes+=len(data)
                                                   ^^^^
AssertionError
Unhandled exception in client_connected_cb
transport: <asyncio.sslproto._SSLProtocolTransport object at 0x107a3d5b0>
Traceback (most recent call last):
  File "/Users/divyanshgolyan/.codex/worktrees/4511/onepage/research/transport-memory/asymmetric_server.py", line 39, in accept
    data=await reader.read(min(left,16384));assert data;hasher.update(data);left-=len(data);request_bytes+=len(data)
                                                   ^^^^
AssertionError
Unhandled exception in client_connected_cb
transport: <asyncio.sslproto._SSLProtocolTransport object at 0x107a3d520>
Traceback (most recent call last):
  File "/Users/divyanshgolyan/.codex/worktrees/4511/onepage/research/transport-memory/asymmetric_server.py", line 39, in accept
    data=await reader.read(min(left,16384));assert data;hasher.update(data);left-=len(data);request_bytes+=len(data)
                                                   ^^^^
AssertionError
Unhandled exception in client_connected_cb
transport: <asyncio.sslproto._SSLProtocolTransport object at 0x107a3d490>
Traceback (most recent call last):
  File "/Users/divyanshgolyan/.codex/worktrees/4511/onepage/research/transport-memory/asymmetric_server.py", line 39, in accept
    data=await reader.read(min(left,16384));assert data;hasher.update(data);left-=len(data);request_bytes+=len(data)
                                                   ^^^^
AssertionError
Unhandled exception in client_connected_cb
transport: <asyncio.sslproto._SSLProtocolTransport object at 0x107a3d400>
Traceback (most recent call last):
  File "/Users/divyanshgolyan/.codex/worktrees/4511/onepage/research/transport-memory/asymmetric_server.py", line 39, in accept
    data=await reader.read(min(left,16384));assert data;hasher.update(data);left-=len(data);request_bytes+=len(data)
                                                   ^^^^
AssertionError
Unhandled exception in client_connected_cb
transport: <asyncio.sslproto._SSLProtocolTransport object at 0x107a3d370>
Traceback (most recent call last):
  File "/Users/divyanshgolyan/.codex/worktrees/4511/onepage/research/transport-memory/asymmetric_server.py", line 39, in accept
    data=await reader.read(min(left,16384));assert data;hasher.update(data);left-=len(data);request_bytes+=len(data)
                                                   ^^^^
AssertionError
Unhandled exception in client_connected_cb
transport: <asyncio.sslproto._SSLProtocolTransport object at 0x107a3d2e0>
Traceback (most recent call last):
  File "/Users/divyanshgolyan/.codex/worktrees/4511/onepage/research/transport-memory/asymmetric_server.py", line 39, in accept
    data=await reader.read(min(left,16384));assert data;hasher.update(data);left-=len(data);request_bytes+=len(data)
                                                   ^^^^
AssertionError
Unhandled exception in client_connected_cb
transport: <asyncio.sslproto._SSLProtocolTransport object at 0x107a3d250>
Traceback (most recent call last):
  File "/Users/divyanshgolyan/.codex/worktrees/4511/onepage/research/transport-memory/asymmetric_server.py", line 39, in accept
    data=await reader.read(min(left,16384));assert data;hasher.update(data);left-=len(data);request_bytes+=len(data)
                                                   ^^^^
AssertionError
Unhandled exception in client_connected_cb
transport: <asyncio.sslproto._SSLProtocolTransport object at 0x107a3d1c0>
Traceback (most recent call last):
  File "/Users/divyanshgolyan/.codex/worktrees/4511/onepage/research/transport-memory/asymmetric_server.py", line 39, in accept
    data=await reader.read(min(left,16384));assert data;hasher.update(data);left-=len(data);request_bytes+=len(data)
                                                   ^^^^
AssertionError
Unhandled exception in client_connected_cb
transport: <asyncio.sslproto._SSLProtocolTransport object at 0x107a3d130>
Traceback (most recent call last):
  File "/Users/divyanshgolyan/.codex/worktrees/4511/onepage/research/transport-memory/asymmetric_server.py", line 39, in accept
    data=await reader.read(min(left,16384));assert data;hasher.update(data);left-=len(data);request_bytes+=len(data)
                                                   ^^^^
AssertionError
Unhandled exception in client_connected_cb
transport: <asyncio.sslproto._SSLProtocolTransport object at 0x107a3d0a0>
Traceback (most recent call last):
  File "/Users/divyanshgolyan/.codex/worktrees/4511/onepage/research/transport-memory/asymmetric_server.py", line 39, in accept
    data=await reader.read(min(left,16384));assert data;hasher.update(data);left-=len(data);request_bytes+=len(data)
                                                   ^^^^
AssertionError
Unhandled exception in client_connected_cb
transport: <asyncio.sslproto._SSLProtocolTransport object at 0x107a3d010>
Traceback (most recent call last):
  File "/Users/divyanshgolyan/.codex/worktrees/4511/onepage/research/transport-memory/asymmetric_server.py", line 39, in accept
    data=await reader.read(min(left,16384));assert data;hasher.update(data);left-=len(data);request_bytes+=len(data)
                                                   ^^^^
AssertionError
Unhandled exception in client_connected_cb
transport: <asyncio.sslproto._SSLProtocolTransport object at 0x107a3cf80>
Traceback (most recent call last):
  File "/Users/divyanshgolyan/.codex/worktrees/4511/onepage/research/transport-memory/asymmetric_server.py", line 39, in accept
    data=await reader.read(min(left,16384));assert data;hasher.update(data);left-=len(data);request_bytes+=len(data)
                                                   ^^^^
AssertionError
Unhandled exception in client_connected_cb
transport: <asyncio.sslproto._SSLProtocolTransport object at 0x107a3cef0>
Traceback (most recent call last):
  File "/Users/divyanshgolyan/.codex/worktrees/4511/onepage/research/transport-memory/asymmetric_server.py", line 39, in accept
    data=await reader.read(min(left,16384));assert data;hasher.update(data);left-=len(data);request_bytes+=len(data)
                                                   ^^^^
AssertionError
Unhandled exception in client_connected_cb
transport: <asyncio.sslproto._SSLProtocolTransport object at 0x107a3ce60>
Traceback (most recent call last):
  File "/Users/divyanshgolyan/.codex/worktrees/4511/onepage/research/transport-memory/asymmetric_server.py", line 39, in accept
    data=await reader.read(min(left,16384));assert data;hasher.update(data);left-=len(data);request_bytes+=len(data)
                                                   ^^^^
AssertionError
Unhandled exception in client_connected_cb
transport: <asyncio.sslproto._SSLProtocolTransport object at 0x107a3cdd0>
Traceback (most recent call last):
  File "/Users/divyanshgolyan/.codex/worktrees/4511/onepage/research/transport-memory/asymmetric_server.py", line 39, in accept
    data=await reader.read(min(left,16384));assert data;hasher.update(data);left-=len(data);request_bytes+=len(data)
                                                   ^^^^
AssertionError
Unhandled exception in client_connected_cb
transport: <asyncio.sslproto._SSLProtocolTransport object at 0x107a3cd40>
Traceback (most recent call last):
  File "/Users/divyanshgolyan/.codex/worktrees/4511/onepage/research/transport-memory/asymmetric_server.py", line 39, in accept
    data=await reader.read(min(left,16384));assert data;hasher.update(data);left-=len(data);request_bytes+=len(data)
                                                   ^^^^
AssertionError
Unhandled exception in client_connected_cb
transport: <asyncio.sslproto._SSLProtocolTransport object at 0x107a3ccb0>
Traceback (most recent call last):
  File "/Users/divyanshgolyan/.codex/worktrees/4511/onepage/research/transport-memory/asymmetric_server.py", line 39, in accept
    data=await reader.read(min(left,16384));assert data;hasher.update(data);left-=len(data);request_bytes+=len(data)
                                                   ^^^^
AssertionError
Unhandled exception in client_connected_cb
transport: <asyncio.sslproto._SSLProtocolTransport object at 0x107a3cc20>
Traceback (most recent call last):
  File "/Users/divyanshgolyan/.codex/worktrees/4511/onepage/research/transport-memory/asymmetric_server.py", line 39, in accept
    data=await reader.read(min(left,16384));assert data;hasher.update(data);left-=len(data);request_bytes+=len(data)
                                                   ^^^^
AssertionError
Unhandled exception in client_connected_cb
transport: <asyncio.sslproto._SSLProtocolTransport object at 0x107a3cb90>
Traceback (most recent call last):
  File "/Users/divyanshgolyan/.codex/worktrees/4511/onepage/research/transport-memory/asymmetric_server.py", line 39, in accept
    data=await reader.read(min(left,16384));assert data;hasher.update(data);left-=len(data);request_bytes+=len(data)
                                                   ^^^^
AssertionError
Unhandled exception in client_connected_cb
transport: <asyncio.sslproto._SSLProtocolTransport object at 0x107a3cb00>
Traceback (most recent call last):
  File "/Users/divyanshgolyan/.codex/worktrees/4511/onepage/research/transport-memory/asymmetric_server.py", line 39, in accept
    data=await reader.read(min(left,16384));assert data;hasher.update(data);left-=len(data);request_bytes+=len(data)
                                                   ^^^^
AssertionError
Unhandled exception in client_connected_cb
transport: <asyncio.sslproto._SSLProtocolTransport object at 0x107a3ca70>
Traceback (most recent call last):
  File "/Users/divyanshgolyan/.codex/worktrees/4511/onepage/research/transport-memory/asymmetric_server.py", line 39, in accept
    data=await reader.read(min(left,16384));assert data;hasher.update(data);left-=len(data);request_bytes+=len(data)
                                                   ^^^^
AssertionError
Unhandled exception in client_connected_cb
transport: <asyncio.sslproto._SSLProtocolTransport object at 0x107a3c9e0>
Traceback (most recent call last):
  File "/Users/divyanshgolyan/.codex/worktrees/4511/onepage/research/transport-memory/asymmetric_server.py", line 39, in accept
    data=await reader.read(min(left,16384));assert data;hasher.update(data);left-=len(data);request_bytes+=len(data)
                                                   ^^^^
AssertionError
Unhandled exception in client_connected_cb
transport: <asyncio.sslproto._SSLProtocolTransport object at 0x107a3c950>
Traceback (most recent call last):
  File "/Users/divyanshgolyan/.codex/worktrees/4511/onepage/research/transport-memory/asymmetric_server.py", line 39, in accept
    data=await reader.read(min(left,16384));assert data;hasher.update(data);left-=len(data);request_bytes+=len(data)
                                                   ^^^^
AssertionError
Unhandled exception in client_connected_cb
transport: <asyncio.sslproto._SSLProtocolTransport object at 0x107a3c8c0>
Traceback (most recent call last):
  File "/Users/divyanshgolyan/.codex/worktrees/4511/onepage/research/transport-memory/asymmetric_server.py", line 39, in accept
    data=await reader.read(min(left,16384));assert data;hasher.update(data);left-=len(data);request_bytes+=len(data)
                                                   ^^^^
AssertionError
Unhandled exception in client_connected_cb
transport: <asyncio.sslproto._SSLProtocolTransport object at 0x107a3c830>
Traceback (most recent call last):
  File "/Users/divyanshgolyan/.codex/worktrees/4511/onepage/research/transport-memory/asymmetric_server.py", line 39, in accept
    data=await reader.read(min(left,16384));assert data;hasher.update(data);left-=len(data);request_bytes+=len(data)
                                                   ^^^^
AssertionError
Unhandled exception in client_connected_cb
transport: <asyncio.sslproto._SSLProtocolTransport object at 0x107a3c7a0>
Traceback (most recent call last):
  File "/Users/divyanshgolyan/.codex/worktrees/4511/onepage/research/transport-memory/asymmetric_server.py", line 39, in accept
    data=await reader.read(min(left,16384));assert data;hasher.update(data);left-=len(data);request_bytes+=len(data)
                                                   ^^^^
AssertionError
Unhandled exception in client_connected_cb
transport: <asyncio.sslproto._SSLProtocolTransport object at 0x107a3c710>
Traceback (most recent call last):
  File "/Users/divyanshgolyan/.codex/worktrees/4511/onepage/research/transport-memory/asymmetric_server.py", line 39, in accept
    data=await reader.read(min(left,16384));assert data;hasher.update(data);left-=len(data);request_bytes+=len(data)
                                                   ^^^^
AssertionError
Unhandled exception in client_connected_cb
transport: <asyncio.sslproto._SSLProtocolTransport object at 0x107a3c680>
Traceback (most recent call last):
  File "/Users/divyanshgolyan/.codex/worktrees/4511/onepage/research/transport-memory/asymmetric_server.py", line 39, in accept
    data=await reader.read(min(left,16384));assert data;hasher.update(data);left-=len(data);request_bytes+=len(data)
                                                   ^^^^
AssertionError
Unhandled exception in client_connected_cb
transport: <asyncio.sslproto._SSLProtocolTransport object at 0x107a3c5f0>
Traceback (most recent call last):
  File "/Users/divyanshgolyan/.codex/worktrees/4511/onepage/research/transport-memory/asymmetric_server.py", line 39, in accept
    data=await reader.read(min(left,16384));assert data;hasher.update(data);left-=len(data);request_bytes+=len(data)
                                                   ^^^^
AssertionError
Unhandled exception in client_connected_cb
transport: <asyncio.sslproto._SSLProtocolTransport object at 0x107a3c560>
Traceback (most recent call last):
  File "/Users/divyanshgolyan/.codex/worktrees/4511/onepage/research/transport-memory/asymmetric_server.py", line 39, in accept
    data=await reader.read(min(left,16384));assert data;hasher.update(data);left-=len(data);request_bytes+=len(data)
                                                   ^^^^
AssertionError
Unhandled exception in client_connected_cb
transport: <asyncio.sslproto._SSLProtocolTransport object at 0x107a3c4d0>
Traceback (most recent call last):
  File "/Users/divyanshgolyan/.codex/worktrees/4511/onepage/research/transport-memory/asymmetric_server.py", line 39, in accept
    data=await reader.read(min(left,16384));assert data;hasher.update(data);left-=len(data);request_bytes+=len(data)
                                                   ^^^^
AssertionError
Unhandled exception in client_connected_cb
transport: <asyncio.sslproto._SSLProtocolTransport object at 0x107a3c440>
Traceback (most recent call last):
  File "/Users/divyanshgolyan/.codex/worktrees/4511/onepage/research/transport-memory/asymmetric_server.py", line 39, in accept
    data=await reader.read(min(left,16384));assert data;hasher.update(data);left-=len(data);request_bytes+=len(data)
                                                   ^^^^
AssertionError
Unhandled exception in client_connected_cb
transport: <asyncio.sslproto._SSLProtocolTransport object at 0x107a3c3b0>
Traceback (most recent call last):
  File "/Users/divyanshgolyan/.codex/worktrees/4511/onepage/research/transport-memory/asymmetric_server.py", line 39, in accept
    data=await reader.read(min(left,16384));assert data;hasher.update(data);left-=len(data);request_bytes+=len(data)
                                                   ^^^^
AssertionError
Unhandled exception in client_connected_cb
transport: <asyncio.sslproto._SSLProtocolTransport object at 0x107a3c320>
Traceback (most recent call last):
  File "/Users/divyanshgolyan/.codex/worktrees/4511/onepage/research/transport-memory/asymmetric_server.py", line 39, in accept
    data=await reader.read(min(left,16384));assert data;hasher.update(data);left-=len(data);request_bytes+=len(data)
                                                   ^^^^
AssertionError
Unhandled exception in client_connected_cb
transport: <asyncio.sslproto._SSLProtocolTransport object at 0x107a3c290>
Traceback (most recent call last):
  File "/Users/divyanshgolyan/.codex/worktrees/4511/onepage/research/transport-memory/asymmetric_server.py", line 39, in accept
    data=await reader.read(min(left,16384));assert data;hasher.update(data);left-=len(data);request_bytes+=len(data)
                                                   ^^^^
AssertionError
Unhandled exception in client_connected_cb
transport: <asyncio.sslproto._SSLProtocolTransport object at 0x107a3c200>
Traceback (most recent call last):
  File "/Users/divyanshgolyan/.codex/worktrees/4511/onepage/research/transport-memory/asymmetric_server.py", line 39, in accept
    data=await reader.read(min(left,16384));assert data;hasher.update(data);left-=len(data);request_bytes+=len(data)
                                                   ^^^^
AssertionError
Unhandled exception in client_connected_cb
transport: <asyncio.sslproto._SSLProtocolTransport object at 0x107a3c170>
Traceback (most recent call last):
  File "/Users/divyanshgolyan/.codex/worktrees/4511/onepage/research/transport-memory/asymmetric_server.py", line 39, in accept
    data=await reader.read(min(left,16384));assert data;hasher.update(data);left-=len(data);request_bytes+=len(data)
                                                   ^^^^
AssertionError
Unhandled exception in client_connected_cb
transport: <asyncio.sslproto._SSLProtocolTransport object at 0x107a3c0e0>
Traceback (most recent call last):
  File "/Users/divyanshgolyan/.codex/worktrees/4511/onepage/research/transport-memory/asymmetric_server.py", line 39, in accept
    data=await reader.read(min(left,16384));assert data;hasher.update(data);left-=len(data);request_bytes+=len(data)
                                                   ^^^^
AssertionError
Unhandled exception in client_connected_cb
transport: <asyncio.sslproto._SSLProtocolTransport object at 0x107a3c050>
Traceback (most recent call last):
  File "/Users/divyanshgolyan/.codex/worktrees/4511/onepage/research/transport-memory/asymmetric_server.py", line 39, in accept
    data=await reader.read(min(left,16384));assert data;hasher.update(data);left-=len(data);request_bytes+=len(data)
                                                   ^^^^
AssertionError
Unhandled exception in client_connected_cb
transport: <asyncio.sslproto._SSLProtocolTransport object at 0x10799ff50>
Traceback (most recent call last):
  File "/Users/divyanshgolyan/.codex/worktrees/4511/onepage/research/transport-memory/asymmetric_server.py", line 39, in accept
    data=await reader.read(min(left,16384));assert data;hasher.update(data);left-=len(data);request_bytes+=len(data)
                                                   ^^^^
AssertionError
Unhandled exception in client_connected_cb
transport: <asyncio.sslproto._SSLProtocolTransport object at 0x10799fec0>
Traceback (most recent call last):
  File "/Users/divyanshgolyan/.codex/worktrees/4511/onepage/research/transport-memory/asymmetric_server.py", line 39, in accept
    data=await reader.read(min(left,16384));assert data;hasher.update(data);left-=len(data);request_bytes+=len(data)
                                                   ^^^^
AssertionError
Unhandled exception in client_connected_cb
transport: <asyncio.sslproto._SSLProtocolTransport object at 0x10799fe30>
Traceback (most recent call last):
  File "/Users/divyanshgolyan/.codex/worktrees/4511/onepage/research/transport-memory/asymmetric_server.py", line 39, in accept
    data=await reader.read(min(left,16384));assert data;hasher.update(data);left-=len(data);request_bytes+=len(data)
                                                   ^^^^
AssertionError
Unhandled exception in client_connected_cb
transport: <asyncio.sslproto._SSLProtocolTransport object at 0x10799fda0>
Traceback (most recent call last):
  File "/Users/divyanshgolyan/.codex/worktrees/4511/onepage/research/transport-memory/asymmetric_server.py", line 39, in accept
    data=await reader.read(min(left,16384));assert data;hasher.update(data);left-=len(data);request_bytes+=len(data)
                                                   ^^^^
AssertionError
Unhandled exception in client_connected_cb
transport: <asyncio.sslproto._SSLProtocolTransport object at 0x10799fd10>
Traceback (most recent call last):
  File "/Users/divyanshgolyan/.codex/worktrees/4511/onepage/research/transport-memory/asymmetric_server.py", line 39, in accept
    data=await reader.read(min(left,16384));assert data;hasher.update(data);left-=len(data);request_bytes+=len(data)
                                                   ^^^^
AssertionError
Unhandled exception in client_connected_cb
transport: <asyncio.sslproto._SSLProtocolTransport object at 0x10799fc80>
Traceback (most recent call last):
  File "/Users/divyanshgolyan/.codex/worktrees/4511/onepage/research/transport-memory/asymmetric_server.py", line 39, in accept
    data=await reader.read(min(left,16384));assert data;hasher.update(data);left-=len(data);request_bytes+=len(data)
                                                   ^^^^
AssertionError
Unhandled exception in client_connected_cb
transport: <asyncio.sslproto._SSLProtocolTransport object at 0x10799fbf0>
Traceback (most recent call last):
  File "/Users/divyanshgolyan/.codex/worktrees/4511/onepage/research/transport-memory/asymmetric_server.py", line 39, in accept
    data=await reader.read(min(left,16384));assert data;hasher.update(data);left-=len(data);request_bytes+=len(data)
                                                   ^^^^
AssertionError
Unhandled exception in client_connected_cb
transport: <asyncio.sslproto._SSLProtocolTransport object at 0x10799fb60>
Traceback (most recent call last):
  File "/Users/divyanshgolyan/.codex/worktrees/4511/onepage/research/transport-memory/asymmetric_server.py", line 39, in accept
    data=await reader.read(min(left,16384));assert data;hasher.update(data);left-=len(data);request_bytes+=len(data)
                                                   ^^^^
AssertionError
Unhandled exception in client_connected_cb
transport: <asyncio.sslproto._SSLProtocolTransport object at 0x10799fad0>
Traceback (most recent call last):
  File "/Users/divyanshgolyan/.codex/worktrees/4511/onepage/research/transport-memory/asymmetric_server.py", line 39, in accept
    data=await reader.read(min(left,16384));assert data;hasher.update(data);left-=len(data);request_bytes+=len(data)
                                                   ^^^^
AssertionError
Unhandled exception in client_connected_cb
transport: <asyncio.sslproto._SSLProtocolTransport object at 0x10799fa40>
Traceback (most recent call last):
  File "/Users/divyanshgolyan/.codex/worktrees/4511/onepage/research/transport-memory/asymmetric_server.py", line 39, in accept
    data=await reader.read(min(left,16384));assert data;hasher.update(data);left-=len(data);request_bytes+=len(data)
                                                   ^^^^
AssertionError
Unhandled exception in client_connected_cb
transport: <asyncio.sslproto._SSLProtocolTransport object at 0x10799f9b0>
Traceback (most recent call last):
  File "/Users/divyanshgolyan/.codex/worktrees/4511/onepage/research/transport-memory/asymmetric_server.py", line 39, in accept
    data=await reader.read(min(left,16384));assert data;hasher.update(data);left-=len(data);request_bytes+=len(data)
                                                   ^^^^
AssertionError
Unhandled exception in client_connected_cb
transport: <asyncio.sslproto._SSLProtocolTransport object at 0x10799f920>
Traceback (most recent call last):
  File "/Users/divyanshgolyan/.codex/worktrees/4511/onepage/research/transport-memory/asymmetric_server.py", line 39, in accept
    data=await reader.read(min(left,16384));assert data;hasher.update(data);left-=len(data);request_bytes+=len(data)
                                                   ^^^^
AssertionError
Unhandled exception in client_connected_cb
transport: <asyncio.sslproto._SSLProtocolTransport object at 0x10799f890>
Traceback (most recent call last):
  File "/Users/divyanshgolyan/.codex/worktrees/4511/onepage/research/transport-memory/asymmetric_server.py", line 39, in accept
    data=await reader.read(min(left,16384));assert data;hasher.update(data);left-=len(data);request_bytes+=len(data)
                                                   ^^^^
AssertionError
Unhandled exception in client_connected_cb
transport: <asyncio.sslproto._SSLProtocolTransport object at 0x10799f800>
Traceback (most recent call last):
  File "/Users/divyanshgolyan/.codex/worktrees/4511/onepage/research/transport-memory/asymmetric_server.py", line 39, in accept
    data=await reader.read(min(left,16384));assert data;hasher.update(data);left-=len(data);request_bytes+=len(data)
                                                   ^^^^
AssertionError
Unhandled exception in client_connected_cb
transport: <asyncio.sslproto._SSLProtocolTransport object at 0x10799f770>
Traceback (most recent call last):
  File "/Users/divyanshgolyan/.codex/worktrees/4511/onepage/research/transport-memory/asymmetric_server.py", line 39, in accept
    data=await reader.read(min(left,16384));assert data;hasher.update(data);left-=len(data);request_bytes+=len(data)
                                                   ^^^^
AssertionError
Unhandled exception in client_connected_cb
transport: <asyncio.sslproto._SSLProtocolTransport object at 0x10799f6e0>
Traceback (most recent call last):
  File "/Users/divyanshgolyan/.codex/worktrees/4511/onepage/research/transport-memory/asymmetric_server.py", line 39, in accept
    data=await reader.read(min(left,16384));assert data;hasher.update(data);left-=len(data);request_bytes+=len(data)
                                                   ^^^^
AssertionError
Unhandled exception in client_connected_cb
transport: <asyncio.sslproto._SSLProtocolTransport object at 0x10799f650>
Traceback (most recent call last):
  File "/Users/divyanshgolyan/.codex/worktrees/4511/onepage/research/transport-memory/asymmetric_server.py", line 39, in accept
    data=await reader.read(min(left,16384));assert data;hasher.update(data);left-=len(data);request_bytes+=len(data)
                                                   ^^^^
AssertionError
Unhandled exception in client_connected_cb
transport: <asyncio.sslproto._SSLProtocolTransport object at 0x10799f5c0>
Traceback (most recent call last):
  File "/Users/divyanshgolyan/.codex/worktrees/4511/onepage/research/transport-memory/asymmetric_server.py", line 39, in accept
    data=await reader.read(min(left,16384));assert data;hasher.update(data);left-=len(data);request_bytes+=len(data)
                                                   ^^^^
AssertionError
Unhandled exception in client_connected_cb
transport: <asyncio.sslproto._SSLProtocolTransport object at 0x10799f530>
Traceback (most recent call last):
  File "/Users/divyanshgolyan/.codex/worktrees/4511/onepage/research/transport-memory/asymmetric_server.py", line 39, in accept
    data=await reader.read(min(left,16384));assert data;hasher.update(data);left-=len(data);request_bytes+=len(data)
                                                   ^^^^
AssertionError
Unhandled exception in client_connected_cb
transport: <asyncio.sslproto._SSLProtocolTransport object at 0x10799f4a0>
Traceback (most recent call last):
  File "/Users/divyanshgolyan/.codex/worktrees/4511/onepage/research/transport-memory/asymmetric_server.py", line 39, in accept
    data=await reader.read(min(left,16384));assert data;hasher.update(data);left-=len(data);request_bytes+=len(data)
                                                   ^^^^
AssertionError
Unhandled exception in client_connected_cb
transport: <asyncio.sslproto._SSLProtocolTransport object at 0x10799f410>
Traceback (most recent call last):
  File "/Users/divyanshgolyan/.codex/worktrees/4511/onepage/research/transport-memory/asymmetric_server.py", line 39, in accept
    data=await reader.read(min(left,16384));assert data;hasher.update(data);left-=len(data);request_bytes+=len(data)
                                                   ^^^^
AssertionError
Unhandled exception in client_connected_cb
transport: <asyncio.sslproto._SSLProtocolTransport object at 0x10799f380>
Traceback (most recent call last):
  File "/Users/divyanshgolyan/.codex/worktrees/4511/onepage/research/transport-memory/asymmetric_server.py", line 39, in accept
    data=await reader.read(min(left,16384));assert data;hasher.update(data);left-=len(data);request_bytes+=len(data)
                                                   ^^^^
AssertionError
Unhandled exception in client_connected_cb
transport: <asyncio.sslproto._SSLProtocolTransport object at 0x10799f2f0>
Traceback (most recent call last):
  File "/Users/divyanshgolyan/.codex/worktrees/4511/onepage/research/transport-memory/asymmetric_server.py", line 39, in accept
    data=await reader.read(min(left,16384));assert data;hasher.update(data);left-=len(data);request_bytes+=len(data)
                                                   ^^^^
AssertionError
Unhandled exception in client_connected_cb
transport: <asyncio.sslproto._SSLProtocolTransport object at 0x10799f260>
Traceback (most recent call last):
  File "/Users/divyanshgolyan/.codex/worktrees/4511/onepage/research/transport-memory/asymmetric_server.py", line 39, in accept
    data=await reader.read(min(left,16384));assert data;hasher.update(data);left-=len(data);request_bytes+=len(data)
                                                   ^^^^
AssertionError
Unhandled exception in client_connected_cb
transport: <asyncio.sslproto._SSLProtocolTransport object at 0x10799f1d0>
Traceback (most recent call last):
  File "/Users/divyanshgolyan/.codex/worktrees/4511/onepage/research/transport-memory/asymmetric_server.py", line 39, in accept
    data=await reader.read(min(left,16384));assert data;hasher.update(data);left-=len(data);request_bytes+=len(data)
                                                   ^^^^
AssertionError
Unhandled exception in client_connected_cb
transport: <asyncio.sslproto._SSLProtocolTransport object at 0x10799f140>
Traceback (most recent call last):
  File "/Users/divyanshgolyan/.codex/worktrees/4511/onepage/research/transport-memory/asymmetric_server.py", line 39, in accept
    data=await reader.read(min(left,16384));assert data;hasher.update(data);left-=len(data);request_bytes+=len(data)
                                                   ^^^^
AssertionError
Unhandled exception in client_connected_cb
transport: <asyncio.sslproto._SSLProtocolTransport object at 0x10799f0b0>
Traceback (most recent call last):
  File "/Users/divyanshgolyan/.codex/worktrees/4511/onepage/research/transport-memory/asymmetric_server.py", line 39, in accept
    data=await reader.read(min(left,16384));assert data;hasher.update(data);left-=len(data);request_bytes+=len(data)
                                                   ^^^^
AssertionError
Unhandled exception in client_connected_cb
transport: <asyncio.sslproto._SSLProtocolTransport object at 0x10799f020>
Traceback (most recent call last):
  File "/Users/divyanshgolyan/.codex/worktrees/4511/onepage/research/transport-memory/asymmetric_server.py", line 39, in accept
    data=await reader.read(min(left,16384));assert data;hasher.update(data);left-=len(data);request_bytes+=len(data)
                                                   ^^^^
AssertionError
Unhandled exception in client_connected_cb
transport: <asyncio.sslproto._SSLProtocolTransport object at 0x10799ef90>
Traceback (most recent call last):
  File "/Users/divyanshgolyan/.codex/worktrees/4511/onepage/research/transport-memory/asymmetric_server.py", line 39, in accept
    data=await reader.read(min(left,16384));assert data;hasher.update(data);left-=len(data);request_bytes+=len(data)
                                                   ^^^^
AssertionError
Unhandled exception in client_connected_cb
transport: <asyncio.sslproto._SSLProtocolTransport object at 0x10799ef00>
Traceback (most recent call last):
  File "/Users/divyanshgolyan/.codex/worktrees/4511/onepage/research/transport-memory/asymmetric_server.py", line 39, in accept
    data=await reader.read(min(left,16384));assert data;hasher.update(data);left-=len(data);request_bytes+=len(data)
                                                   ^^^^
AssertionError
Unhandled exception in client_connected_cb
transport: <asyncio.sslproto._SSLProtocolTransport object at 0x10799ee70>
Traceback (most recent call last):
  File "/Users/divyanshgolyan/.codex/worktrees/4511/onepage/research/transport-memory/asymmetric_server.py", line 39, in accept
    data=await reader.read(min(left,16384));assert data;hasher.update(data);left-=len(data);request_bytes+=len(data)
                                                   ^^^^
AssertionError
Unhandled exception in client_connected_cb
transport: <asyncio.sslproto._SSLProtocolTransport object at 0x10799ede0>
Traceback (most recent call last):
  File "/Users/divyanshgolyan/.codex/worktrees/4511/onepage/research/transport-memory/asymmetric_server.py", line 39, in accept
    data=await reader.read(min(left,16384));assert data;hasher.update(data);left-=len(data);request_bytes+=len(data)
                                                   ^^^^
AssertionError
Unhandled exception in client_connected_cb
transport: <asyncio.sslproto._SSLProtocolTransport object at 0x10799ed50>
Traceback (most recent call last):
  File "/Users/divyanshgolyan/.codex/worktrees/4511/onepage/research/transport-memory/asymmetric_server.py", line 39, in accept
    data=await reader.read(min(left,16384));assert data;hasher.update(data);left-=len(data);request_bytes+=len(data)
                                                   ^^^^
AssertionError
Unhandled exception in client_connected_cb
transport: <asyncio.sslproto._SSLProtocolTransport object at 0x10799ecc0>
Traceback (most recent call last):
  File "/Users/divyanshgolyan/.codex/worktrees/4511/onepage/research/transport-memory/asymmetric_server.py", line 39, in accept
    data=await reader.read(min(left,16384));assert data;hasher.update(data);left-=len(data);request_bytes+=len(data)
                                                   ^^^^
AssertionError
Unhandled exception in client_connected_cb
transport: <asyncio.sslproto._SSLProtocolTransport object at 0x10799ec30>
Traceback (most recent call last):
  File "/Users/divyanshgolyan/.codex/worktrees/4511/onepage/research/transport-memory/asymmetric_server.py", line 39, in accept
    data=await reader.read(min(left,16384));assert data;hasher.update(data);left-=len(data);request_bytes+=len(data)
                                                   ^^^^
AssertionError
Unhandled exception in client_connected_cb
transport: <asyncio.sslproto._SSLProtocolTransport object at 0x10799eba0>
Traceback (most recent call last):
  File "/Users/divyanshgolyan/.codex/worktrees/4511/onepage/research/transport-memory/asymmetric_server.py", line 39, in accept
    data=await reader.read(min(left,16384));assert data;hasher.update(data);left-=len(data);request_bytes+=len(data)
                                                   ^^^^
AssertionError
Unhandled exception in client_connected_cb
transport: <asyncio.sslproto._SSLProtocolTransport object at 0x10799eb10>
Traceback (most recent call last):
  File "/Users/divyanshgolyan/.codex/worktrees/4511/onepage/research/transport-memory/asymmetric_server.py", line 39, in accept
    data=await reader.read(min(left,16384));assert data;hasher.update(data);left-=len(data);request_bytes+=len(data)
                                                   ^^^^
AssertionError
Unhandled exception in client_connected_cb
transport: <asyncio.sslproto._SSLProtocolTransport object at 0x10799ea80>
Traceback (most recent call last):
  File "/Users/divyanshgolyan/.codex/worktrees/4511/onepage/research/transport-memory/asymmetric_server.py", line 39, in accept
    data=await reader.read(min(left,16384));assert data;hasher.update(data);left-=len(data);request_bytes+=len(data)
                                                   ^^^^
AssertionError
Unhandled exception in client_connected_cb
transport: <asyncio.sslproto._SSLProtocolTransport object at 0x10799e9f0>
Traceback (most recent call last):
  File "/Users/divyanshgolyan/.codex/worktrees/4511/onepage/research/transport-memory/asymmetric_server.py", line 39, in accept
    data=await reader.read(min(left,16384));assert data;hasher.update(data);left-=len(data);request_bytes+=len(data)
                                                   ^^^^
AssertionError
Unhandled exception in client_connected_cb
transport: <asyncio.sslproto._SSLProtocolTransport object at 0x10799e960>
Traceback (most recent call last):
  File "/Users/divyanshgolyan/.codex/worktrees/4511/onepage/research/transport-memory/asymmetric_server.py", line 39, in accept
    data=await reader.read(min(left,16384));assert data;hasher.update(data);left-=len(data);request_bytes+=len(data)
                                                   ^^^^
AssertionError
Unhandled exception in client_connected_cb
transport: <asyncio.sslproto._SSLProtocolTransport object at 0x10799e8d0>
Traceback (most recent call last):
  File "/Users/divyanshgolyan/.codex/worktrees/4511/onepage/research/transport-memory/asymmetric_server.py", line 39, in accept
    data=await reader.read(min(left,16384));assert data;hasher.update(data);left-=len(data);request_bytes+=len(data)
                                                   ^^^^
AssertionError
Unhandled exception in client_connected_cb
transport: <asyncio.sslproto._SSLProtocolTransport object at 0x10799e840>
Traceback (most recent call last):
  File "/Users/divyanshgolyan/.codex/worktrees/4511/onepage/research/transport-memory/asymmetric_server.py", line 39, in accept
    data=await reader.read(min(left,16384));assert data;hasher.update(data);left-=len(data);request_bytes+=len(data)
                                                   ^^^^
AssertionError
Unhandled exception in client_connected_cb
transport: <asyncio.sslproto._SSLProtocolTransport object at 0x10799e7b0>
Traceback (most recent call last):
  File "/Users/divyanshgolyan/.codex/worktrees/4511/onepage/research/transport-memory/asymmetric_server.py", line 39, in accept
    data=await reader.read(min(left,16384));assert data;hasher.update(data);left-=len(data);request_bytes+=len(data)
                                                   ^^^^
AssertionError
Unhandled exception in client_connected_cb
transport: <asyncio.sslproto._SSLProtocolTransport object at 0x10799e720>
Traceback (most recent call last):
  File "/Users/divyanshgolyan/.codex/worktrees/4511/onepage/research/transport-memory/asymmetric_server.py", line 39, in accept
    data=await reader.read(min(left,16384));assert data;hasher.update(data);left-=len(data);request_bytes+=len(data)
                                                   ^^^^
AssertionError
Unhandled exception in client_connected_cb
transport: <asyncio.sslproto._SSLProtocolTransport object at 0x10799e690>
Traceback (most recent call last):
  File "/Users/divyanshgolyan/.codex/worktrees/4511/onepage/research/transport-memory/asymmetric_server.py", line 39, in accept
    data=await reader.read(min(left,16384));assert data;hasher.update(data);left-=len(data);request_bytes+=len(data)
                                                   ^^^^
AssertionError
Unhandled exception in client_connected_cb
transport: <asyncio.sslproto._SSLProtocolTransport object at 0x10799e600>
Traceback (most recent call last):
  File "/Users/divyanshgolyan/.codex/worktrees/4511/onepage/research/transport-memory/asymmetric_server.py", line 39, in accept
    data=await reader.read(min(left,16384));assert data;hasher.update(data);left-=len(data);request_bytes+=len(data)
                                                   ^^^^
AssertionError
Unhandled exception in client_connected_cb
transport: <asyncio.sslproto._SSLProtocolTransport object at 0x10799e570>
Traceback (most recent call last):
  File "/Users/divyanshgolyan/.codex/worktrees/4511/onepage/research/transport-memory/asymmetric_server.py", line 39, in accept
    data=await reader.read(min(left,16384));assert data;hasher.update(data);left-=len(data);request_bytes+=len(data)
                                                   ^^^^
AssertionError
Unhandled exception in client_connected_cb
transport: <asyncio.sslproto._SSLProtocolTransport object at 0x10799e4e0>
Traceback (most recent call last):
  File "/Users/divyanshgolyan/.codex/worktrees/4511/onepage/research/transport-memory/asymmetric_server.py", line 39, in accept
    data=await reader.read(min(left,16384));assert data;hasher.update(data);left-=len(data);request_bytes+=len(data)
                                                   ^^^^
AssertionError
Unhandled exception in client_connected_cb
transport: <asyncio.sslproto._SSLProtocolTransport object at 0x10799e450>
Traceback (most recent call last):
  File "/Users/divyanshgolyan/.codex/worktrees/4511/onepage/research/transport-memory/asymmetric_server.py", line 39, in accept
    data=await reader.read(min(left,16384));assert data;hasher.update(data);left-=len(data);request_bytes+=len(data)
                                                   ^^^^
AssertionError
Unhandled exception in client_connected_cb
transport: <asyncio.sslproto._SSLProtocolTransport object at 0x10799e3c0>
Traceback (most recent call last):
  File "/Users/divyanshgolyan/.codex/worktrees/4511/onepage/research/transport-memory/asymmetric_server.py", line 39, in accept
    data=await reader.read(min(left,16384));assert data;hasher.update(data);left-=len(data);request_bytes+=len(data)
                                                   ^^^^
AssertionError
Unhandled exception in client_connected_cb
transport: <asyncio.sslproto._SSLProtocolTransport object at 0x10799e330>
Traceback (most recent call last):
  File "/Users/divyanshgolyan/.codex/worktrees/4511/onepage/research/transport-memory/asymmetric_server.py", line 39, in accept
    data=await reader.read(min(left,16384));assert data;hasher.update(data);left-=len(data);request_bytes+=len(data)
                                                   ^^^^
AssertionError
Unhandled exception in client_connected_cb
transport: <asyncio.sslproto._SSLProtocolTransport object at 0x10799e2a0>
Traceback (most recent call last):
  File "/Users/divyanshgolyan/.codex/worktrees/4511/onepage/research/transport-memory/asymmetric_server.py", line 39, in accept
    data=await reader.read(min(left,16384));assert data;hasher.update(data);left-=len(data);request_bytes+=len(data)
                                                   ^^^^
AssertionError
Unhandled exception in client_connected_cb
transport: <asyncio.sslproto._SSLProtocolTransport object at 0x10799e210>
Traceback (most recent call last):
  File "/Users/divyanshgolyan/.codex/worktrees/4511/onepage/research/transport-memory/asymmetric_server.py", line 39, in accept
    data=await reader.read(min(left,16384));assert data;hasher.update(data);left-=len(data);request_bytes+=len(data)
                                                   ^^^^
AssertionError
Unhandled exception in client_connected_cb
transport: <asyncio.sslproto._SSLProtocolTransport object at 0x10799e180>
Traceback (most recent call last):
  File "/Users/divyanshgolyan/.codex/worktrees/4511/onepage/research/transport-memory/asymmetric_server.py", line 39, in accept
    data=await reader.read(min(left,16384));assert data;hasher.update(data);left-=len(data);request_bytes+=len(data)
                                                   ^^^^
AssertionError
Unhandled exception in client_connected_cb
transport: <asyncio.sslproto._SSLProtocolTransport object at 0x10799e0f0>
Traceback (most recent call last):
  File "/Users/divyanshgolyan/.codex/worktrees/4511/onepage/research/transport-memory/asymmetric_server.py", line 39, in accept
    data=await reader.read(min(left,16384));assert data;hasher.update(data);left-=len(data);request_bytes+=len(data)
                                                   ^^^^
AssertionError
Unhandled exception in client_connected_cb
transport: <asyncio.sslproto._SSLProtocolTransport object at 0x10799e060>
Traceback (most recent call last):
  File "/Users/divyanshgolyan/.codex/worktrees/4511/onepage/research/transport-memory/asymmetric_server.py", line 39, in accept
    data=await reader.read(min(left,16384));assert data;hasher.update(data);left-=len(data);request_bytes+=len(data)
                                                   ^^^^
AssertionError
Unhandled exception in client_connected_cb
transport: <asyncio.sslproto._SSLProtocolTransport object at 0x10799dfd0>
Traceback (most recent call last):
  File "/Users/divyanshgolyan/.codex/worktrees/4511/onepage/research/transport-memory/asymmetric_server.py", line 39, in accept
    data=await reader.read(min(left,16384));assert data;hasher.update(data);left-=len(data);request_bytes+=len(data)
                                                   ^^^^
AssertionError
Unhandled exception in client_connected_cb
transport: <asyncio.sslproto._SSLProtocolTransport object at 0x10799df40>
Traceback (most recent call last):
  File "/Users/divyanshgolyan/.codex/worktrees/4511/onepage/research/transport-memory/asymmetric_server.py", line 39, in accept
    data=await reader.read(min(left,16384));assert data;hasher.update(data);left-=len(data);request_bytes+=len(data)
                                                   ^^^^
AssertionError
Unhandled exception in client_connected_cb
transport: <asyncio.sslproto._SSLProtocolTransport object at 0x10799deb0>
Traceback (most recent call last):
  File "/Users/divyanshgolyan/.codex/worktrees/4511/onepage/research/transport-memory/asymmetric_server.py", line 39, in accept
    data=await reader.read(min(left,16384));assert data;hasher.update(data);left-=len(data);request_bytes+=len(data)
                                                   ^^^^
AssertionError
Unhandled exception in client_connected_cb
transport: <asyncio.sslproto._SSLProtocolTransport object at 0x10799de20>
Traceback (most recent call last):
  File "/Users/divyanshgolyan/.codex/worktrees/4511/onepage/research/transport-memory/asymmetric_server.py", line 39, in accept
    data=await reader.read(min(left,16384));assert data;hasher.update(data);left-=len(data);request_bytes+=len(data)
                                                   ^^^^
AssertionError
Unhandled exception in client_connected_cb
transport: <asyncio.sslproto._SSLProtocolTransport object at 0x10799dd90>
Traceback (most recent call last):
  File "/Users/divyanshgolyan/.codex/worktrees/4511/onepage/research/transport-memory/asymmetric_server.py", line 39, in accept
    data=await reader.read(min(left,16384));assert data;hasher.update(data);left-=len(data);request_bytes+=len(data)
                                                   ^^^^
AssertionError
Unhandled exception in client_connected_cb
transport: <asyncio.sslproto._SSLProtocolTransport object at 0x10799dd00>
Traceback (most recent call last):
  File "/Users/divyanshgolyan/.codex/worktrees/4511/onepage/research/transport-memory/asymmetric_server.py", line 39, in accept
    data=await reader.read(min(left,16384));assert data;hasher.update(data);left-=len(data);request_bytes+=len(data)
                                                   ^^^^
AssertionError
Unhandled exception in client_connected_cb
transport: <asyncio.sslproto._SSLProtocolTransport object at 0x10799dc70>
Traceback (most recent call last):
  File "/Users/divyanshgolyan/.codex/worktrees/4511/onepage/research/transport-memory/asymmetric_server.py", line 39, in accept
    data=await reader.read(min(left,16384));assert data;hasher.update(data);left-=len(data);request_bytes+=len(data)
                                                   ^^^^
AssertionError
Unhandled exception in client_connected_cb
transport: <asyncio.sslproto._SSLProtocolTransport object at 0x10799dbe0>
Traceback (most recent call last):
  File "/Users/divyanshgolyan/.codex/worktrees/4511/onepage/research/transport-memory/asymmetric_server.py", line 39, in accept
    data=await reader.read(min(left,16384));assert data;hasher.update(data);left-=len(data);request_bytes+=len(data)
                                                   ^^^^
AssertionError
Unhandled exception in client_connected_cb
transport: <asyncio.sslproto._SSLProtocolTransport object at 0x10799db50>
Traceback (most recent call last):
  File "/Users/divyanshgolyan/.codex/worktrees/4511/onepage/research/transport-memory/asymmetric_server.py", line 39, in accept
    data=await reader.read(min(left,16384));assert data;hasher.update(data);left-=len(data);request_bytes+=len(data)
                                                   ^^^^
AssertionError
Unhandled exception in client_connected_cb
transport: <asyncio.sslproto._SSLProtocolTransport object at 0x10799dac0>
Traceback (most recent call last):
  File "/Users/divyanshgolyan/.codex/worktrees/4511/onepage/research/transport-memory/asymmetric_server.py", line 39, in accept
    data=await reader.read(min(left,16384));assert data;hasher.update(data);left-=len(data);request_bytes+=len(data)
                                                   ^^^^
AssertionError
Unhandled exception in client_connected_cb
transport: <asyncio.sslproto._SSLProtocolTransport object at 0x10799da30>
Traceback (most recent call last):
  File "/Users/divyanshgolyan/.codex/worktrees/4511/onepage/research/transport-memory/asymmetric_server.py", line 39, in accept
    data=await reader.read(min(left,16384));assert data;hasher.update(data);left-=len(data);request_bytes+=len(data)
                                                   ^^^^
AssertionError
Unhandled exception in client_connected_cb
transport: <asyncio.sslproto._SSLProtocolTransport object at 0x10799d9a0>
Traceback (most recent call last):
  File "/Users/divyanshgolyan/.codex/worktrees/4511/onepage/research/transport-memory/asymmetric_server.py", line 39, in accept
    data=await reader.read(min(left,16384));assert data;hasher.update(data);left-=len(data);request_bytes+=len(data)
                                                   ^^^^
AssertionError
Unhandled exception in client_connected_cb
transport: <asyncio.sslproto._SSLProtocolTransport object at 0x10799d910>
Traceback (most recent call last):
  File "/Users/divyanshgolyan/.codex/worktrees/4511/onepage/research/transport-memory/asymmetric_server.py", line 39, in accept
    data=await reader.read(min(left,16384));assert data;hasher.update(data);left-=len(data);request_bytes+=len(data)
                                                   ^^^^
AssertionError
Unhandled exception in client_connected_cb
transport: <asyncio.sslproto._SSLProtocolTransport object at 0x10799d880>
Traceback (most recent call last):
  File "/Users/divyanshgolyan/.codex/worktrees/4511/onepage/research/transport-memory/asymmetric_server.py", line 39, in accept
    data=await reader.read(min(left,16384));assert data;hasher.update(data);left-=len(data);request_bytes+=len(data)
                                                   ^^^^
AssertionError
Unhandled exception in client_connected_cb
transport: <asyncio.sslproto._SSLProtocolTransport object at 0x10799d7f0>
Traceback (most recent call last):
  File "/Users/divyanshgolyan/.codex/worktrees/4511/onepage/research/transport-memory/asymmetric_server.py", line 39, in accept
    data=await reader.read(min(left,16384));assert data;hasher.update(data);left-=len(data);request_bytes+=len(data)
                                                   ^^^^
AssertionError
Unhandled exception in client_connected_cb
transport: <asyncio.sslproto._SSLProtocolTransport object at 0x10799d760>
Traceback (most recent call last):
  File "/Users/divyanshgolyan/.codex/worktrees/4511/onepage/research/transport-memory/asymmetric_server.py", line 39, in accept
    data=await reader.read(min(left,16384));assert data;hasher.update(data);left-=len(data);request_bytes+=len(data)
                                                   ^^^^
AssertionError
Unhandled exception in client_connected_cb
transport: <asyncio.sslproto._SSLProtocolTransport object at 0x10799d6d0>
Traceback (most recent call last):
  File "/Users/divyanshgolyan/.codex/worktrees/4511/onepage/research/transport-memory/asymmetric_server.py", line 39, in accept
    data=await reader.read(min(left,16384));assert data;hasher.update(data);left-=len(data);request_bytes+=len(data)
                                                   ^^^^
AssertionError
Unhandled exception in client_connected_cb
transport: <asyncio.sslproto._SSLProtocolTransport object at 0x10799d640>
Traceback (most recent call last):
  File "/Users/divyanshgolyan/.codex/worktrees/4511/onepage/research/transport-memory/asymmetric_server.py", line 39, in accept
    data=await reader.read(min(left,16384));assert data;hasher.update(data);left-=len(data);request_bytes+=len(data)
                                                   ^^^^
AssertionError
Unhandled exception in client_connected_cb
transport: <asyncio.sslproto._SSLProtocolTransport object at 0x10799d5b0>
Traceback (most recent call last):
  File "/Users/divyanshgolyan/.codex/worktrees/4511/onepage/research/transport-memory/asymmetric_server.py", line 39, in accept
    data=await reader.read(min(left,16384));assert data;hasher.update(data);left-=len(data);request_bytes+=len(data)
                                                   ^^^^
AssertionError
Unhandled exception in client_connected_cb
transport: <asyncio.sslproto._SSLProtocolTransport object at 0x10799d520>
Traceback (most recent call last):
  File "/Users/divyanshgolyan/.codex/worktrees/4511/onepage/research/transport-memory/asymmetric_server.py", line 39, in accept
    data=await reader.read(min(left,16384));assert data;hasher.update(data);left-=len(data);request_bytes+=len(data)
                                                   ^^^^
AssertionError
Unhandled exception in client_connected_cb
transport: <asyncio.sslproto._SSLProtocolTransport object at 0x10799d490>
Traceback (most recent call last):
  File "/Users/divyanshgolyan/.codex/worktrees/4511/onepage/research/transport-memory/asymmetric_server.py", line 39, in accept
    data=await reader.read(min(left,16384));assert data;hasher.update(data);left-=len(data);request_bytes+=len(data)
                                                   ^^^^
AssertionError
Unhandled exception in client_connected_cb
transport: <asyncio.sslproto._SSLProtocolTransport object at 0x10799d400>
Traceback (most recent call last):
  File "/Users/divyanshgolyan/.codex/worktrees/4511/onepage/research/transport-memory/asymmetric_server.py", line 39, in accept
    data=await reader.read(min(left,16384));assert data;hasher.update(data);left-=len(data);request_bytes+=len(data)
                                                   ^^^^
AssertionError
Unhandled exception in client_connected_cb
transport: <asyncio.sslproto._SSLProtocolTransport object at 0x10799d370>
Traceback (most recent call last):
  File "/Users/divyanshgolyan/.codex/worktrees/4511/onepage/research/transport-memory/asymmetric_server.py", line 39, in accept
    data=await reader.read(min(left,16384));assert data;hasher.update(data);left-=len(data);request_bytes+=len(data)
                                                   ^^^^
AssertionError
Unhandled exception in client_connected_cb
transport: <asyncio.sslproto._SSLProtocolTransport object at 0x10799d2e0>
Traceback (most recent call last):
  File "/Users/divyanshgolyan/.codex/worktrees/4511/onepage/research/transport-memory/asymmetric_server.py", line 39, in accept
    data=await reader.read(min(left,16384));assert data;hasher.update(data);left-=len(data);request_bytes+=len(data)
                                                   ^^^^
AssertionError
Unhandled exception in client_connected_cb
transport: <asyncio.sslproto._SSLProtocolTransport object at 0x10799d250>
Traceback (most recent call last):
  File "/Users/divyanshgolyan/.codex/worktrees/4511/onepage/research/transport-memory/asymmetric_server.py", line 39, in accept
    data=await reader.read(min(left,16384));assert data;hasher.update(data);left-=len(data);request_bytes+=len(data)
                                                   ^^^^
AssertionError
Unhandled exception in client_connected_cb
transport: <asyncio.sslproto._SSLProtocolTransport object at 0x10799d1c0>
Traceback (most recent call last):
  File "/Users/divyanshgolyan/.codex/worktrees/4511/onepage/research/transport-memory/asymmetric_server.py", line 39, in accept
    data=await reader.read(min(left,16384));assert data;hasher.update(data);left-=len(data);request_bytes+=len(data)
                                                   ^^^^
AssertionError
Unhandled exception in client_connected_cb
transport: <asyncio.sslproto._SSLProtocolTransport object at 0x10799d130>
Traceback (most recent call last):
  File "/Users/divyanshgolyan/.codex/worktrees/4511/onepage/research/transport-memory/asymmetric_server.py", line 39, in accept
    data=await reader.read(min(left,16384));assert data;hasher.update(data);left-=len(data);request_bytes+=len(data)
                                                   ^^^^
AssertionError
Unhandled exception in client_connected_cb
transport: <asyncio.sslproto._SSLProtocolTransport object at 0x10799d0a0>
Traceback (most recent call last):
  File "/Users/divyanshgolyan/.codex/worktrees/4511/onepage/research/transport-memory/asymmetric_server.py", line 39, in accept
    data=await reader.read(min(left,16384));assert data;hasher.update(data);left-=len(data);request_bytes+=len(data)
                                                   ^^^^
AssertionError
Unhandled exception in client_connected_cb
transport: <asyncio.sslproto._SSLProtocolTransport object at 0x10799d010>
Traceback (most recent call last):
  File "/Users/divyanshgolyan/.codex/worktrees/4511/onepage/research/transport-memory/asymmetric_server.py", line 39, in accept
    data=await reader.read(min(left,16384));assert data;hasher.update(data);left-=len(data);request_bytes+=len(data)
                                                   ^^^^
AssertionError
Unhandled exception in client_connected_cb
transport: <asyncio.sslproto._SSLProtocolTransport object at 0x10799cf80>
Traceback (most recent call last):
  File "/Users/divyanshgolyan/.codex/worktrees/4511/onepage/research/transport-memory/asymmetric_server.py", line 39, in accept
    data=await reader.read(min(left,16384));assert data;hasher.update(data);left-=len(data);request_bytes+=len(data)
                                                   ^^^^
AssertionError
Unhandled exception in client_connected_cb
transport: <asyncio.sslproto._SSLProtocolTransport object at 0x10799cef0>
Traceback (most recent call last):
  File "/Users/divyanshgolyan/.codex/worktrees/4511/onepage/research/transport-memory/asymmetric_server.py", line 39, in accept
    data=await reader.read(min(left,16384));assert data;hasher.update(data);left-=len(data);request_bytes+=len(data)
                                                   ^^^^
AssertionError
Unhandled exception in client_connected_cb
transport: <asyncio.sslproto._SSLProtocolTransport object at 0x10799ce60>
Traceback (most recent call last):
  File "/Users/divyanshgolyan/.codex/worktrees/4511/onepage/research/transport-memory/asymmetric_server.py", line 39, in accept
    data=await reader.read(min(left,16384));assert data;hasher.update(data);left-=len(data);request_bytes+=len(data)
                                                   ^^^^
AssertionError
Unhandled exception in client_connected_cb
transport: <asyncio.sslproto._SSLProtocolTransport object at 0x10799cdd0>
Traceback (most recent call last):
  File "/Users/divyanshgolyan/.codex/worktrees/4511/onepage/research/transport-memory/asymmetric_server.py", line 39, in accept
    data=await reader.read(min(left,16384));assert data;hasher.update(data);left-=len(data);request_bytes+=len(data)
                                                   ^^^^
AssertionError
Unhandled exception in client_connected_cb
transport: <asyncio.sslproto._SSLProtocolTransport object at 0x10799cd40>
Traceback (most recent call last):
  File "/Users/divyanshgolyan/.codex/worktrees/4511/onepage/research/transport-memory/asymmetric_server.py", line 39, in accept
    data=await reader.read(min(left,16384));assert data;hasher.update(data);left-=len(data);request_bytes+=len(data)
                                                   ^^^^
AssertionError
Unhandled exception in client_connected_cb
transport: <asyncio.sslproto._SSLProtocolTransport object at 0x10799ccb0>
Traceback (most recent call last):
  File "/Users/divyanshgolyan/.codex/worktrees/4511/onepage/research/transport-memory/asymmetric_server.py", line 39, in accept
    data=await reader.read(min(left,16384));assert data;hasher.update(data);left-=len(data);request_bytes+=len(data)
                                                   ^^^^
AssertionError
Unhandled exception in client_connected_cb
transport: <asyncio.sslproto._SSLProtocolTransport object at 0x10799cc20>
Traceback (most recent call last):
  File "/Users/divyanshgolyan/.codex/worktrees/4511/onepage/research/transport-memory/asymmetric_server.py", line 39, in accept
    data=await reader.read(min(left,16384));assert data;hasher.update(data);left-=len(data);request_bytes+=len(data)
                                                   ^^^^
AssertionError
Unhandled exception in client_connected_cb
transport: <asyncio.sslproto._SSLProtocolTransport object at 0x10799cb90>
Traceback (most recent call last):
  File "/Users/divyanshgolyan/.codex/worktrees/4511/onepage/research/transport-memory/asymmetric_server.py", line 39, in accept
    data=await reader.read(min(left,16384));assert data;hasher.update(data);left-=len(data);request_bytes+=len(data)
                                                   ^^^^
AssertionError
Unhandled exception in client_connected_cb
transport: <asyncio.sslproto._SSLProtocolTransport object at 0x10799cb00>
Traceback (most recent call last):
  File "/Users/divyanshgolyan/.codex/worktrees/4511/onepage/research/transport-memory/asymmetric_server.py", line 39, in accept
    data=await reader.read(min(left,16384));assert data;hasher.update(data);left-=len(data);request_bytes+=len(data)
                                                   ^^^^
AssertionError
Unhandled exception in client_connected_cb
transport: <asyncio.sslproto._SSLProtocolTransport object at 0x10799ca70>
Traceback (most recent call last):
  File "/Users/divyanshgolyan/.codex/worktrees/4511/onepage/research/transport-memory/asymmetric_server.py", line 39, in accept
    data=await reader.read(min(left,16384));assert data;hasher.update(data);left-=len(data);request_bytes+=len(data)
                                                   ^^^^
AssertionError
Unhandled exception in client_connected_cb
transport: <asyncio.sslproto._SSLProtocolTransport object at 0x10799c9e0>
Traceback (most recent call last):
  File "/Users/divyanshgolyan/.codex/worktrees/4511/onepage/research/transport-memory/asymmetric_server.py", line 39, in accept
    data=await reader.read(min(left,16384));assert data;hasher.update(data);left-=len(data);request_bytes+=len(data)
                                                   ^^^^
AssertionError
Unhandled exception in client_connected_cb
transport: <asyncio.sslproto._SSLProtocolTransport object at 0x10799c950>
Traceback (most recent call last):
  File "/Users/divyanshgolyan/.codex/worktrees/4511/onepage/research/transport-memory/asymmetric_server.py", line 39, in accept
    data=await reader.read(min(left,16384));assert data;hasher.update(data);left-=len(data);request_bytes+=len(data)
                                                   ^^^^
AssertionError
Unhandled exception in client_connected_cb
transport: <asyncio.sslproto._SSLProtocolTransport object at 0x10799c8c0>
Traceback (most recent call last):
  File "/Users/divyanshgolyan/.codex/worktrees/4511/onepage/research/transport-memory/asymmetric_server.py", line 39, in accept
    data=await reader.read(min(left,16384));assert data;hasher.update(data);left-=len(data);request_bytes+=len(data)
                                                   ^^^^
AssertionError
Unhandled exception in client_connected_cb
transport: <asyncio.sslproto._SSLProtocolTransport object at 0x10799c830>
Traceback (most recent call last):
  File "/Users/divyanshgolyan/.codex/worktrees/4511/onepage/research/transport-memory/asymmetric_server.py", line 39, in accept
    data=await reader.read(min(left,16384));assert data;hasher.update(data);left-=len(data);request_bytes+=len(data)
                                                   ^^^^
AssertionError
Unhandled exception in client_connected_cb
transport: <asyncio.sslproto._SSLProtocolTransport object at 0x10799c7a0>
Traceback (most recent call last):
  File "/Users/divyanshgolyan/.codex/worktrees/4511/onepage/research/transport-memory/asymmetric_server.py", line 39, in accept
    data=await reader.read(min(left,16384));assert data;hasher.update(data);left-=len(data);request_bytes+=len(data)
                                                   ^^^^
AssertionError
Unhandled exception in client_connected_cb
transport: <asyncio.sslproto._SSLProtocolTransport object at 0x10799c710>
Traceback (most recent call last):
  File "/Users/divyanshgolyan/.codex/worktrees/4511/onepage/research/transport-memory/asymmetric_server.py", line 39, in accept
    data=await reader.read(min(left,16384));assert data;hasher.update(data);left-=len(data);request_bytes+=len(data)
                                                   ^^^^
AssertionError
Unhandled exception in client_connected_cb
transport: <asyncio.sslproto._SSLProtocolTransport object at 0x10799c680>
Traceback (most recent call last):
  File "/Users/divyanshgolyan/.codex/worktrees/4511/onepage/research/transport-memory/asymmetric_server.py", line 39, in accept
    data=await reader.read(min(left,16384));assert data;hasher.update(data);left-=len(data);request_bytes+=len(data)
                                                   ^^^^
AssertionError
Unhandled exception in client_connected_cb
transport: <asyncio.sslproto._SSLProtocolTransport object at 0x10799c5f0>
Traceback (most recent call last):
  File "/Users/divyanshgolyan/.codex/worktrees/4511/onepage/research/transport-memory/asymmetric_server.py", line 39, in accept
    data=await reader.read(min(left,16384));assert data;hasher.update(data);left-=len(data);request_bytes+=len(data)
                                                   ^^^^
AssertionError
Unhandled exception in client_connected_cb
transport: <asyncio.sslproto._SSLProtocolTransport object at 0x10799c560>
Traceback (most recent call last):
  File "/Users/divyanshgolyan/.codex/worktrees/4511/onepage/research/transport-memory/asymmetric_server.py", line 39, in accept
    data=await reader.read(min(left,16384));assert data;hasher.update(data);left-=len(data);request_bytes+=len(data)
                                                   ^^^^
AssertionError
Unhandled exception in client_connected_cb
transport: <asyncio.sslproto._SSLProtocolTransport object at 0x10799c4d0>
Traceback (most recent call last):
  File "/Users/divyanshgolyan/.codex/worktrees/4511/onepage/research/transport-memory/asymmetric_server.py", line 39, in accept
    data=await reader.read(min(left,16384));assert data;hasher.update(data);left-=len(data);request_bytes+=len(data)
                                                   ^^^^
AssertionError
Unhandled exception in client_connected_cb
transport: <asyncio.sslproto._SSLProtocolTransport object at 0x10799c440>
Traceback (most recent call last):
  File "/Users/divyanshgolyan/.codex/worktrees/4511/onepage/research/transport-memory/asymmetric_server.py", line 39, in accept
    data=await reader.read(min(left,16384));assert data;hasher.update(data);left-=len(data);request_bytes+=len(data)
                                                   ^^^^
AssertionError
Unhandled exception in client_connected_cb
transport: <asyncio.sslproto._SSLProtocolTransport object at 0x10799c3b0>
Traceback (most recent call last):
  File "/Users/divyanshgolyan/.codex/worktrees/4511/onepage/research/transport-memory/asymmetric_server.py", line 39, in accept
    data=await reader.read(min(left,16384));assert data;hasher.update(data);left-=len(data);request_bytes+=len(data)
                                                   ^^^^
AssertionError
Unhandled exception in client_connected_cb
transport: <asyncio.sslproto._SSLProtocolTransport object at 0x10799c320>
Traceback (most recent call last):
  File "/Users/divyanshgolyan/.codex/worktrees/4511/onepage/research/transport-memory/asymmetric_server.py", line 39, in accept
    data=await reader.read(min(left,16384));assert data;hasher.update(data);left-=len(data);request_bytes+=len(data)
                                                   ^^^^
AssertionError
Unhandled exception in client_connected_cb
transport: <asyncio.sslproto._SSLProtocolTransport object at 0x10799c290>
Traceback (most recent call last):
  File "/Users/divyanshgolyan/.codex/worktrees/4511/onepage/research/transport-memory/asymmetric_server.py", line 39, in accept
    data=await reader.read(min(left,16384));assert data;hasher.update(data);left-=len(data);request_bytes+=len(data)
                                                   ^^^^
AssertionError
Unhandled exception in client_connected_cb
transport: <asyncio.sslproto._SSLProtocolTransport object at 0x10799c200>
Traceback (most recent call last):
  File "/Users/divyanshgolyan/.codex/worktrees/4511/onepage/research/transport-memory/asymmetric_server.py", line 39, in accept
    data=await reader.read(min(left,16384));assert data;hasher.update(data);left-=len(data);request_bytes+=len(data)
                                                   ^^^^
AssertionError
Unhandled exception in client_connected_cb
transport: <asyncio.sslproto._SSLProtocolTransport object at 0x10799c170>
Traceback (most recent call last):
  File "/Users/divyanshgolyan/.codex/worktrees/4511/onepage/research/transport-memory/asymmetric_server.py", line 39, in accept
    data=await reader.read(min(left,16384));assert data;hasher.update(data);left-=len(data);request_bytes+=len(data)
                                                   ^^^^
AssertionError
Unhandled exception in client_connected_cb
transport: <asyncio.sslproto._SSLProtocolTransport object at 0x10799c0e0>
Traceback (most recent call last):
  File "/Users/divyanshgolyan/.codex/worktrees/4511/onepage/research/transport-memory/asymmetric_server.py", line 39, in accept
    data=await reader.read(min(left,16384));assert data;hasher.update(data);left-=len(data);request_bytes+=len(data)
                                                   ^^^^
AssertionError
Unhandled exception in client_connected_cb
transport: <asyncio.sslproto._SSLProtocolTransport object at 0x10799c050>
Traceback (most recent call last):
  File "/Users/divyanshgolyan/.codex/worktrees/4511/onepage/research/transport-memory/asymmetric_server.py", line 39, in accept
    data=await reader.read(min(left,16384));assert data;hasher.update(data);left-=len(data);request_bytes+=len(data)
                                                   ^^^^
AssertionError
Unhandled exception in client_connected_cb
transport: <asyncio.sslproto._SSLProtocolTransport object at 0x1078fbf50>
Traceback (most recent call last):
  File "/Users/divyanshgolyan/.codex/worktrees/4511/onepage/research/transport-memory/asymmetric_server.py", line 39, in accept
    data=await reader.read(min(left,16384));assert data;hasher.update(data);left-=len(data);request_bytes+=len(data)
                                                   ^^^^
AssertionError
Unhandled exception in client_connected_cb
transport: <asyncio.sslproto._SSLProtocolTransport object at 0x1078fbec0>
Traceback (most recent call last):
  File "/Users/divyanshgolyan/.codex/worktrees/4511/onepage/research/transport-memory/asymmetric_server.py", line 39, in accept
    data=await reader.read(min(left,16384));assert data;hasher.update(data);left-=len(data);request_bytes+=len(data)
                                                   ^^^^
AssertionError
Unhandled exception in client_connected_cb
transport: <asyncio.sslproto._SSLProtocolTransport object at 0x1078fbe30>
Traceback (most recent call last):
  File "/Users/divyanshgolyan/.codex/worktrees/4511/onepage/research/transport-memory/asymmetric_server.py", line 39, in accept
    data=await reader.read(min(left,16384));assert data;hasher.update(data);left-=len(data);request_bytes+=len(data)
                                                   ^^^^
AssertionError
Unhandled exception in client_connected_cb
transport: <asyncio.sslproto._SSLProtocolTransport object at 0x1078fbda0>
Traceback (most recent call last):
  File "/Users/divyanshgolyan/.codex/worktrees/4511/onepage/research/transport-memory/asymmetric_server.py", line 39, in accept
    data=await reader.read(min(left,16384));assert data;hasher.update(data);left-=len(data);request_bytes+=len(data)
                                                   ^^^^
AssertionError
Unhandled exception in client_connected_cb
transport: <asyncio.sslproto._SSLProtocolTransport object at 0x1078fbd10>
Traceback (most recent call last):
  File "/Users/divyanshgolyan/.codex/worktrees/4511/onepage/research/transport-memory/asymmetric_server.py", line 39, in accept
    data=await reader.read(min(left,16384));assert data;hasher.update(data);left-=len(data);request_bytes+=len(data)
                                                   ^^^^
AssertionError
Unhandled exception in client_connected_cb
transport: <asyncio.sslproto._SSLProtocolTransport object at 0x1078fbc80>
Traceback (most recent call last):
  File "/Users/divyanshgolyan/.codex/worktrees/4511/onepage/research/transport-memory/asymmetric_server.py", line 39, in accept
    data=await reader.read(min(left,16384));assert data;hasher.update(data);left-=len(data);request_bytes+=len(data)
                                                   ^^^^
AssertionError
Unhandled exception in client_connected_cb
transport: <asyncio.sslproto._SSLProtocolTransport object at 0x1078fbbf0>
Traceback (most recent call last):
  File "/Users/divyanshgolyan/.codex/worktrees/4511/onepage/research/transport-memory/asymmetric_server.py", line 39, in accept
    data=await reader.read(min(left,16384));assert data;hasher.update(data);left-=len(data);request_bytes+=len(data)
                                                   ^^^^
AssertionError
Unhandled exception in client_connected_cb
transport: <asyncio.sslproto._SSLProtocolTransport object at 0x1078fbb60>
Traceback (most recent call last):
  File "/Users/divyanshgolyan/.codex/worktrees/4511/onepage/research/transport-memory/asymmetric_server.py", line 39, in accept
    data=await reader.read(min(left,16384));assert data;hasher.update(data);left-=len(data);request_bytes+=len(data)
                                                   ^^^^
AssertionError
Unhandled exception in client_connected_cb
transport: <asyncio.sslproto._SSLProtocolTransport object at 0x1078fbad0>
Traceback (most recent call last):
  File "/Users/divyanshgolyan/.codex/worktrees/4511/onepage/research/transport-memory/asymmetric_server.py", line 39, in accept
    data=await reader.read(min(left,16384));assert data;hasher.update(data);left-=len(data);request_bytes+=len(data)
                                                   ^^^^
AssertionError
Unhandled exception in client_connected_cb
transport: <asyncio.sslproto._SSLProtocolTransport object at 0x1078fba40>
Traceback (most recent call last):
  File "/Users/divyanshgolyan/.codex/worktrees/4511/onepage/research/transport-memory/asymmetric_server.py", line 39, in accept
    data=await reader.read(min(left,16384));assert data;hasher.update(data);left-=len(data);request_bytes+=len(data)
                                                   ^^^^
AssertionError
Unhandled exception in client_connected_cb
transport: <asyncio.sslproto._SSLProtocolTransport object at 0x1078fb9b0>
Traceback (most recent call last):
  File "/Users/divyanshgolyan/.codex/worktrees/4511/onepage/research/transport-memory/asymmetric_server.py", line 39, in accept
    data=await reader.read(min(left,16384));assert data;hasher.update(data);left-=len(data);request_bytes+=len(data)
                                                   ^^^^
AssertionError
Unhandled exception in client_connected_cb
transport: <asyncio.sslproto._SSLProtocolTransport object at 0x1078fb920>
Traceback (most recent call last):
  File "/Users/divyanshgolyan/.codex/worktrees/4511/onepage/research/transport-memory/asymmetric_server.py", line 39, in accept
    data=await reader.read(min(left,16384));assert data;hasher.update(data);left-=len(data);request_bytes+=len(data)
                                                   ^^^^
AssertionError
Unhandled exception in client_connected_cb
transport: <asyncio.sslproto._SSLProtocolTransport object at 0x1078fb890>
Traceback (most recent call last):
  File "/Users/divyanshgolyan/.codex/worktrees/4511/onepage/research/transport-memory/asymmetric_server.py", line 39, in accept
    data=await reader.read(min(left,16384));assert data;hasher.update(data);left-=len(data);request_bytes+=len(data)
                                                   ^^^^
AssertionError
Unhandled exception in client_connected_cb
transport: <asyncio.sslproto._SSLProtocolTransport object at 0x1078fb800>
Traceback (most recent call last):
  File "/Users/divyanshgolyan/.codex/worktrees/4511/onepage/research/transport-memory/asymmetric_server.py", line 39, in accept
    data=await reader.read(min(left,16384));assert data;hasher.update(data);left-=len(data);request_bytes+=len(data)
                                                   ^^^^
AssertionError
Unhandled exception in client_connected_cb
transport: <asyncio.sslproto._SSLProtocolTransport object at 0x1078fb770>
Traceback (most recent call last):
  File "/Users/divyanshgolyan/.codex/worktrees/4511/onepage/research/transport-memory/asymmetric_server.py", line 39, in accept
    data=await reader.read(min(left,16384));assert data;hasher.update(data);left-=len(data);request_bytes+=len(data)
                                                   ^^^^
AssertionError
Unhandled exception in client_connected_cb
transport: <asyncio.sslproto._SSLProtocolTransport object at 0x1078fb6e0>
Traceback (most recent call last):
  File "/Users/divyanshgolyan/.codex/worktrees/4511/onepage/research/transport-memory/asymmetric_server.py", line 39, in accept
    data=await reader.read(min(left,16384));assert data;hasher.update(data);left-=len(data);request_bytes+=len(data)
                                                   ^^^^
AssertionError
Unhandled exception in client_connected_cb
transport: <asyncio.sslproto._SSLProtocolTransport object at 0x1078fb650>
Traceback (most recent call last):
  File "/Users/divyanshgolyan/.codex/worktrees/4511/onepage/research/transport-memory/asymmetric_server.py", line 39, in accept
    data=await reader.read(min(left,16384));assert data;hasher.update(data);left-=len(data);request_bytes+=len(data)
                                                   ^^^^
AssertionError
Unhandled exception in client_connected_cb
transport: <asyncio.sslproto._SSLProtocolTransport object at 0x1078fb5c0>
Traceback (most recent call last):
  File "/Users/divyanshgolyan/.codex/worktrees/4511/onepage/research/transport-memory/asymmetric_server.py", line 39, in accept
    data=await reader.read(min(left,16384));assert data;hasher.update(data);left-=len(data);request_bytes+=len(data)
                                                   ^^^^
AssertionError
Unhandled exception in client_connected_cb
transport: <asyncio.sslproto._SSLProtocolTransport object at 0x1078fb530>
Traceback (most recent call last):
  File "/Users/divyanshgolyan/.codex/worktrees/4511/onepage/research/transport-memory/asymmetric_server.py", line 39, in accept
    data=await reader.read(min(left,16384));assert data;hasher.update(data);left-=len(data);request_bytes+=len(data)
                                                   ^^^^
AssertionError
Unhandled exception in client_connected_cb
transport: <asyncio.sslproto._SSLProtocolTransport object at 0x1078fb4a0>
Traceback (most recent call last):
  File "/Users/divyanshgolyan/.codex/worktrees/4511/onepage/research/transport-memory/asymmetric_server.py", line 39, in accept
    data=await reader.read(min(left,16384));assert data;hasher.update(data);left-=len(data);request_bytes+=len(data)
                                                   ^^^^
AssertionError
Unhandled exception in client_connected_cb
transport: <asyncio.sslproto._SSLProtocolTransport object at 0x1078fb410>
Traceback (most recent call last):
  File "/Users/divyanshgolyan/.codex/worktrees/4511/onepage/research/transport-memory/asymmetric_server.py", line 39, in accept
    data=await reader.read(min(left,16384));assert data;hasher.update(data);left-=len(data);request_bytes+=len(data)
                                                   ^^^^
AssertionError
Unhandled exception in client_connected_cb
transport: <asyncio.sslproto._SSLProtocolTransport object at 0x1078fb380>
Traceback (most recent call last):
  File "/Users/divyanshgolyan/.codex/worktrees/4511/onepage/research/transport-memory/asymmetric_server.py", line 39, in accept
    data=await reader.read(min(left,16384));assert data;hasher.update(data);left-=len(data);request_bytes+=len(data)
                                                   ^^^^
AssertionError
Unhandled exception in client_connected_cb
transport: <asyncio.sslproto._SSLProtocolTransport object at 0x1078fb2f0>
Traceback (most recent call last):
  File "/Users/divyanshgolyan/.codex/worktrees/4511/onepage/research/transport-memory/asymmetric_server.py", line 39, in accept
    data=await reader.read(min(left,16384));assert data;hasher.update(data);left-=len(data);request_bytes+=len(data)
                                                   ^^^^
AssertionError
Unhandled exception in client_connected_cb
transport: <asyncio.sslproto._SSLProtocolTransport object at 0x1078fb260>
Traceback (most recent call last):
  File "/Users/divyanshgolyan/.codex/worktrees/4511/onepage/research/transport-memory/asymmetric_server.py", line 39, in accept
    data=await reader.read(min(left,16384));assert data;hasher.update(data);left-=len(data);request_bytes+=len(data)
                                                   ^^^^
AssertionError
Unhandled exception in client_connected_cb
transport: <asyncio.sslproto._SSLProtocolTransport object at 0x1078fb1d0>
Traceback (most recent call last):
  File "/Users/divyanshgolyan/.codex/worktrees/4511/onepage/research/transport-memory/asymmetric_server.py", line 39, in accept
    data=await reader.read(min(left,16384));assert data;hasher.update(data);left-=len(data);request_bytes+=len(data)
                                                   ^^^^
AssertionError
Unhandled exception in client_connected_cb
transport: <asyncio.sslproto._SSLProtocolTransport object at 0x1078fb140>
Traceback (most recent call last):
  File "/Users/divyanshgolyan/.codex/worktrees/4511/onepage/research/transport-memory/asymmetric_server.py", line 39, in accept
    data=await reader.read(min(left,16384));assert data;hasher.update(data);left-=len(data);request_bytes+=len(data)
                                                   ^^^^
AssertionError
Unhandled exception in client_connected_cb
transport: <asyncio.sslproto._SSLProtocolTransport object at 0x1078fb0b0>
Traceback (most recent call last):
  File "/Users/divyanshgolyan/.codex/worktrees/4511/onepage/research/transport-memory/asymmetric_server.py", line 39, in accept
    data=await reader.read(min(left,16384));assert data;hasher.update(data);left-=len(data);request_bytes+=len(data)
                                                   ^^^^
AssertionError
Unhandled exception in client_connected_cb
transport: <asyncio.sslproto._SSLProtocolTransport object at 0x1078fb020>
Traceback (most recent call last):
  File "/Users/divyanshgolyan/.codex/worktrees/4511/onepage/research/transport-memory/asymmetric_server.py", line 39, in accept
    data=await reader.read(min(left,16384));assert data;hasher.update(data);left-=len(data);request_bytes+=len(data)
                                                   ^^^^
AssertionError
Unhandled exception in client_connected_cb
transport: <asyncio.sslproto._SSLProtocolTransport object at 0x1078faf90>
Traceback (most recent call last):
  File "/Users/divyanshgolyan/.codex/worktrees/4511/onepage/research/transport-memory/asymmetric_server.py", line 39, in accept
    data=await reader.read(min(left,16384));assert data;hasher.update(data);left-=len(data);request_bytes+=len(data)
                                                   ^^^^
AssertionError
Unhandled exception in client_connected_cb
transport: <asyncio.sslproto._SSLProtocolTransport object at 0x1078faf00>
Traceback (most recent call last):
  File "/Users/divyanshgolyan/.codex/worktrees/4511/onepage/research/transport-memory/asymmetric_server.py", line 39, in accept
    data=await reader.read(min(left,16384));assert data;hasher.update(data);left-=len(data);request_bytes+=len(data)
                                                   ^^^^
AssertionError
Unhandled exception in client_connected_cb
transport: <asyncio.sslproto._SSLProtocolTransport object at 0x1078fae70>
Traceback (most recent call last):
  File "/Users/divyanshgolyan/.codex/worktrees/4511/onepage/research/transport-memory/asymmetric_server.py", line 39, in accept
    data=await reader.read(min(left,16384));assert data;hasher.update(data);left-=len(data);request_bytes+=len(data)
                                                   ^^^^
AssertionError
Unhandled exception in client_connected_cb
transport: <asyncio.sslproto._SSLProtocolTransport object at 0x1078fade0>
Traceback (most recent call last):
  File "/Users/divyanshgolyan/.codex/worktrees/4511/onepage/research/transport-memory/asymmetric_server.py", line 39, in accept
    data=await reader.read(min(left,16384));assert data;hasher.update(data);left-=len(data);request_bytes+=len(data)
                                                   ^^^^
AssertionError
Unhandled exception in client_connected_cb
transport: <asyncio.sslproto._SSLProtocolTransport object at 0x1078fad50>
Traceback (most recent call last):
  File "/Users/divyanshgolyan/.codex/worktrees/4511/onepage/research/transport-memory/asymmetric_server.py", line 39, in accept
    data=await reader.read(min(left,16384));assert data;hasher.update(data);left-=len(data);request_bytes+=len(data)
                                                   ^^^^
AssertionError
Unhandled exception in client_connected_cb
transport: <asyncio.sslproto._SSLProtocolTransport object at 0x1078facc0>
Traceback (most recent call last):
  File "/Users/divyanshgolyan/.codex/worktrees/4511/onepage/research/transport-memory/asymmetric_server.py", line 39, in accept
    data=await reader.read(min(left,16384));assert data;hasher.update(data);left-=len(data);request_bytes+=len(data)
                                                   ^^^^
AssertionError
Unhandled exception in client_connected_cb
transport: <asyncio.sslproto._SSLProtocolTransport object at 0x1078fac30>
Traceback (most recent call last):
  File "/Users/divyanshgolyan/.codex/worktrees/4511/onepage/research/transport-memory/asymmetric_server.py", line 39, in accept
    data=await reader.read(min(left,16384));assert data;hasher.update(data);left-=len(data);request_bytes+=len(data)
                                                   ^^^^
AssertionError
Unhandled exception in client_connected_cb
transport: <asyncio.sslproto._SSLProtocolTransport object at 0x1078faba0>
Traceback (most recent call last):
  File "/Users/divyanshgolyan/.codex/worktrees/4511/onepage/research/transport-memory/asymmetric_server.py", line 39, in accept
    data=await reader.read(min(left,16384));assert data;hasher.update(data);left-=len(data);request_bytes+=len(data)
                                                   ^^^^
AssertionError
Unhandled exception in client_connected_cb
transport: <asyncio.sslproto._SSLProtocolTransport object at 0x1078fab10>
Traceback (most recent call last):
  File "/Users/divyanshgolyan/.codex/worktrees/4511/onepage/research/transport-memory/asymmetric_server.py", line 39, in accept
    data=await reader.read(min(left,16384));assert data;hasher.update(data);left-=len(data);request_bytes+=len(data)
                                                   ^^^^
AssertionError
Unhandled exception in client_connected_cb
transport: <asyncio.sslproto._SSLProtocolTransport object at 0x1078faa80>
Traceback (most recent call last):
  File "/Users/divyanshgolyan/.codex/worktrees/4511/onepage/research/transport-memory/asymmetric_server.py", line 39, in accept
    data=await reader.read(min(left,16384));assert data;hasher.update(data);left-=len(data);request_bytes+=len(data)
                                                   ^^^^
AssertionError
Unhandled exception in client_connected_cb
transport: <asyncio.sslproto._SSLProtocolTransport object at 0x1078fa9f0>
Traceback (most recent call last):
  File "/Users/divyanshgolyan/.codex/worktrees/4511/onepage/research/transport-memory/asymmetric_server.py", line 39, in accept
    data=await reader.read(min(left,16384));assert data;hasher.update(data);left-=len(data);request_bytes+=len(data)
                                                   ^^^^
AssertionError
Unhandled exception in client_connected_cb
transport: <asyncio.sslproto._SSLProtocolTransport object at 0x1078fa960>
Traceback (most recent call last):
  File "/Users/divyanshgolyan/.codex/worktrees/4511/onepage/research/transport-memory/asymmetric_server.py", line 39, in accept
    data=await reader.read(min(left,16384));assert data;hasher.update(data);left-=len(data);request_bytes+=len(data)
                                                   ^^^^
AssertionError
Unhandled exception in client_connected_cb
transport: <asyncio.sslproto._SSLProtocolTransport object at 0x1078fa8d0>
Traceback (most recent call last):
  File "/Users/divyanshgolyan/.codex/worktrees/4511/onepage/research/transport-memory/asymmetric_server.py", line 39, in accept
    data=await reader.read(min(left,16384));assert data;hasher.update(data);left-=len(data);request_bytes+=len(data)
                                                   ^^^^
AssertionError
Unhandled exception in client_connected_cb
transport: <asyncio.sslproto._SSLProtocolTransport object at 0x1078fa840>
Traceback (most recent call last):
  File "/Users/divyanshgolyan/.codex/worktrees/4511/onepage/research/transport-memory/asymmetric_server.py", line 39, in accept
    data=await reader.read(min(left,16384));assert data;hasher.update(data);left-=len(data);request_bytes+=len(data)
                                                   ^^^^
AssertionError
Unhandled exception in client_connected_cb
transport: <asyncio.sslproto._SSLProtocolTransport object at 0x1078fa7b0>
Traceback (most recent call last):
  File "/Users/divyanshgolyan/.codex/worktrees/4511/onepage/research/transport-memory/asymmetric_server.py", line 39, in accept
    data=await reader.read(min(left,16384));assert data;hasher.update(data);left-=len(data);request_bytes+=len(data)
                                                   ^^^^
AssertionError
Unhandled exception in client_connected_cb
transport: <asyncio.sslproto._SSLProtocolTransport object at 0x1078fa720>
Traceback (most recent call last):
  File "/Users/divyanshgolyan/.codex/worktrees/4511/onepage/research/transport-memory/asymmetric_server.py", line 39, in accept
    data=await reader.read(min(left,16384));assert data;hasher.update(data);left-=len(data);request_bytes+=len(data)
                                                   ^^^^
AssertionError
Unhandled exception in client_connected_cb
transport: <asyncio.sslproto._SSLProtocolTransport object at 0x1078fa690>
Traceback (most recent call last):
  File "/Users/divyanshgolyan/.codex/worktrees/4511/onepage/research/transport-memory/asymmetric_server.py", line 39, in accept
    data=await reader.read(min(left,16384));assert data;hasher.update(data);left-=len(data);request_bytes+=len(data)
                                                   ^^^^
AssertionError
Unhandled exception in client_connected_cb
transport: <asyncio.sslproto._SSLProtocolTransport object at 0x1078fa600>
Traceback (most recent call last):
  File "/Users/divyanshgolyan/.codex/worktrees/4511/onepage/research/transport-memory/asymmetric_server.py", line 39, in accept
    data=await reader.read(min(left,16384));assert data;hasher.update(data);left-=len(data);request_bytes+=len(data)
                                                   ^^^^
AssertionError
Unhandled exception in client_connected_cb
transport: <asyncio.sslproto._SSLProtocolTransport object at 0x1078fa570>
Traceback (most recent call last):
  File "/Users/divyanshgolyan/.codex/worktrees/4511/onepage/research/transport-memory/asymmetric_server.py", line 39, in accept
    data=await reader.read(min(left,16384));assert data;hasher.update(data);left-=len(data);request_bytes+=len(data)
                                                   ^^^^
AssertionError
Unhandled exception in client_connected_cb
transport: <asyncio.sslproto._SSLProtocolTransport object at 0x1078fa4e0>
Traceback (most recent call last):
  File "/Users/divyanshgolyan/.codex/worktrees/4511/onepage/research/transport-memory/asymmetric_server.py", line 39, in accept
    data=await reader.read(min(left,16384));assert data;hasher.update(data);left-=len(data);request_bytes+=len(data)
                                                   ^^^^
AssertionError
Unhandled exception in client_connected_cb
transport: <asyncio.sslproto._SSLProtocolTransport object at 0x1078fa450>
Traceback (most recent call last):
  File "/Users/divyanshgolyan/.codex/worktrees/4511/onepage/research/transport-memory/asymmetric_server.py", line 39, in accept
    data=await reader.read(min(left,16384));assert data;hasher.update(data);left-=len(data);request_bytes+=len(data)
                                                   ^^^^
AssertionError
Unhandled exception in client_connected_cb
transport: <asyncio.sslproto._SSLProtocolTransport object at 0x1078fa3c0>
Traceback (most recent call last):
  File "/Users/divyanshgolyan/.codex/worktrees/4511/onepage/research/transport-memory/asymmetric_server.py", line 39, in accept
    data=await reader.read(min(left,16384));assert data;hasher.update(data);left-=len(data);request_bytes+=len(data)
                                                   ^^^^
AssertionError
Unhandled exception in client_connected_cb
transport: <asyncio.sslproto._SSLProtocolTransport object at 0x1078fa330>
Traceback (most recent call last):
  File "/Users/divyanshgolyan/.codex/worktrees/4511/onepage/research/transport-memory/asymmetric_server.py", line 39, in accept
    data=await reader.read(min(left,16384));assert data;hasher.update(data);left-=len(data);request_bytes+=len(data)
                                                   ^^^^
AssertionError
Unhandled exception in client_connected_cb
transport: <asyncio.sslproto._SSLProtocolTransport object at 0x1078fa2a0>
Traceback (most recent call last):
  File "/Users/divyanshgolyan/.codex/worktrees/4511/onepage/research/transport-memory/asymmetric_server.py", line 39, in accept
    data=await reader.read(min(left,16384));assert data;hasher.update(data);left-=len(data);request_bytes+=len(data)
                                                   ^^^^
AssertionError
Unhandled exception in client_connected_cb
transport: <asyncio.sslproto._SSLProtocolTransport object at 0x1078fa210>
Traceback (most recent call last):
  File "/Users/divyanshgolyan/.codex/worktrees/4511/onepage/research/transport-memory/asymmetric_server.py", line 39, in accept
    data=await reader.read(min(left,16384));assert data;hasher.update(data);left-=len(data);request_bytes+=len(data)
                                                   ^^^^
AssertionError
Unhandled exception in client_connected_cb
transport: <asyncio.sslproto._SSLProtocolTransport object at 0x1078fa180>
Traceback (most recent call last):
  File "/Users/divyanshgolyan/.codex/worktrees/4511/onepage/research/transport-memory/asymmetric_server.py", line 39, in accept
    data=await reader.read(min(left,16384));assert data;hasher.update(data);left-=len(data);request_bytes+=len(data)
                                                   ^^^^
AssertionError
Unhandled exception in client_connected_cb
transport: <asyncio.sslproto._SSLProtocolTransport object at 0x1078fa0f0>
Traceback (most recent call last):
  File "/Users/divyanshgolyan/.codex/worktrees/4511/onepage/research/transport-memory/asymmetric_server.py", line 39, in accept
    data=await reader.read(min(left,16384));assert data;hasher.update(data);left-=len(data);request_bytes+=len(data)
                                                   ^^^^
AssertionError
Unhandled exception in client_connected_cb
transport: <asyncio.sslproto._SSLProtocolTransport object at 0x1078fa060>
Traceback (most recent call last):
  File "/Users/divyanshgolyan/.codex/worktrees/4511/onepage/research/transport-memory/asymmetric_server.py", line 39, in accept
    data=await reader.read(min(left,16384));assert data;hasher.update(data);left-=len(data);request_bytes+=len(data)
                                                   ^^^^
AssertionError
Unhandled exception in client_connected_cb
transport: <asyncio.sslproto._SSLProtocolTransport object at 0x1078f9fd0>
Traceback (most recent call last):
  File "/Users/divyanshgolyan/.codex/worktrees/4511/onepage/research/transport-memory/asymmetric_server.py", line 39, in accept
    data=await reader.read(min(left,16384));assert data;hasher.update(data);left-=len(data);request_bytes+=len(data)
                                                   ^^^^
AssertionError
Unhandled exception in client_connected_cb
transport: <asyncio.sslproto._SSLProtocolTransport object at 0x1078f9f40>
Traceback (most recent call last):
  File "/Users/divyanshgolyan/.codex/worktrees/4511/onepage/research/transport-memory/asymmetric_server.py", line 39, in accept
    data=await reader.read(min(left,16384));assert data;hasher.update(data);left-=len(data);request_bytes+=len(data)
                                                   ^^^^
AssertionError
Unhandled exception in client_connected_cb
transport: <asyncio.sslproto._SSLProtocolTransport object at 0x1078f9eb0>
Traceback (most recent call last):
  File "/Users/divyanshgolyan/.codex/worktrees/4511/onepage/research/transport-memory/asymmetric_server.py", line 39, in accept
    data=await reader.read(min(left,16384));assert data;hasher.update(data);left-=len(data);request_bytes+=len(data)
                                                   ^^^^
AssertionError
Unhandled exception in client_connected_cb
transport: <asyncio.sslproto._SSLProtocolTransport object at 0x1078f9e20>
Traceback (most recent call last):
  File "/Users/divyanshgolyan/.codex/worktrees/4511/onepage/research/transport-memory/asymmetric_server.py", line 39, in accept
    data=await reader.read(min(left,16384));assert data;hasher.update(data);left-=len(data);request_bytes+=len(data)
                                                   ^^^^
AssertionError
Unhandled exception in client_connected_cb
transport: <asyncio.sslproto._SSLProtocolTransport object at 0x1078f9d90>
Traceback (most recent call last):
  File "/Users/divyanshgolyan/.codex/worktrees/4511/onepage/research/transport-memory/asymmetric_server.py", line 39, in accept
    data=await reader.read(min(left,16384));assert data;hasher.update(data);left-=len(data);request_bytes+=len(data)
                                                   ^^^^
AssertionError
Unhandled exception in client_connected_cb
transport: <asyncio.sslproto._SSLProtocolTransport object at 0x1078f9d00>
Traceback (most recent call last):
  File "/Users/divyanshgolyan/.codex/worktrees/4511/onepage/research/transport-memory/asymmetric_server.py", line 39, in accept
    data=await reader.read(min(left,16384));assert data;hasher.update(data);left-=len(data);request_bytes+=len(data)
                                                   ^^^^
AssertionError
Unhandled exception in client_connected_cb
transport: <asyncio.sslproto._SSLProtocolTransport object at 0x1078f9c70>
Traceback (most recent call last):
  File "/Users/divyanshgolyan/.codex/worktrees/4511/onepage/research/transport-memory/asymmetric_server.py", line 39, in accept
    data=await reader.read(min(left,16384));assert data;hasher.update(data);left-=len(data);request_bytes+=len(data)
                                                   ^^^^
AssertionError
Unhandled exception in client_connected_cb
transport: <asyncio.sslproto._SSLProtocolTransport object at 0x1078f9be0>
Traceback (most recent call last):
  File "/Users/divyanshgolyan/.codex/worktrees/4511/onepage/research/transport-memory/asymmetric_server.py", line 39, in accept
    data=await reader.read(min(left,16384));assert data;hasher.update(data);left-=len(data);request_bytes+=len(data)
                                                   ^^^^
AssertionError
Unhandled exception in client_connected_cb
transport: <asyncio.sslproto._SSLProtocolTransport object at 0x1078f9b50>
Traceback (most recent call last):
  File "/Users/divyanshgolyan/.codex/worktrees/4511/onepage/research/transport-memory/asymmetric_server.py", line 39, in accept
    data=await reader.read(min(left,16384));assert data;hasher.update(data);left-=len(data);request_bytes+=len(data)
                                                   ^^^^
AssertionError
Unhandled exception in client_connected_cb
transport: <asyncio.sslproto._SSLProtocolTransport object at 0x1078f9ac0>
Traceback (most recent call last):
  File "/Users/divyanshgolyan/.codex/worktrees/4511/onepage/research/transport-memory/asymmetric_server.py", line 39, in accept
    data=await reader.read(min(left,16384));assert data;hasher.update(data);left-=len(data);request_bytes+=len(data)
                                                   ^^^^
AssertionError
Unhandled exception in client_connected_cb
transport: <asyncio.sslproto._SSLProtocolTransport object at 0x1078f9a30>
Traceback (most recent call last):
  File "/Users/divyanshgolyan/.codex/worktrees/4511/onepage/research/transport-memory/asymmetric_server.py", line 39, in accept
    data=await reader.read(min(left,16384));assert data;hasher.update(data);left-=len(data);request_bytes+=len(data)
                                                   ^^^^
AssertionError
Unhandled exception in client_connected_cb
transport: <asyncio.sslproto._SSLProtocolTransport object at 0x1078f99a0>
Traceback (most recent call last):
  File "/Users/divyanshgolyan/.codex/worktrees/4511/onepage/research/transport-memory/asymmetric_server.py", line 39, in accept
    data=await reader.read(min(left,16384));assert data;hasher.update(data);left-=len(data);request_bytes+=len(data)
                                                   ^^^^
AssertionError
Unhandled exception in client_connected_cb
transport: <asyncio.sslproto._SSLProtocolTransport object at 0x1078f9910>
Traceback (most recent call last):
  File "/Users/divyanshgolyan/.codex/worktrees/4511/onepage/research/transport-memory/asymmetric_server.py", line 39, in accept
    data=await reader.read(min(left,16384));assert data;hasher.update(data);left-=len(data);request_bytes+=len(data)
                                                   ^^^^
AssertionError
Unhandled exception in client_connected_cb
transport: <asyncio.sslproto._SSLProtocolTransport object at 0x1078f9880>
Traceback (most recent call last):
  File "/Users/divyanshgolyan/.codex/worktrees/4511/onepage/research/transport-memory/asymmetric_server.py", line 39, in accept
    data=await reader.read(min(left,16384));assert data;hasher.update(data);left-=len(data);request_bytes+=len(data)
                                                   ^^^^
AssertionError
Unhandled exception in client_connected_cb
transport: <asyncio.sslproto._SSLProtocolTransport object at 0x1078f97f0>
Traceback (most recent call last):
  File "/Users/divyanshgolyan/.codex/worktrees/4511/onepage/research/transport-memory/asymmetric_server.py", line 39, in accept
    data=await reader.read(min(left,16384));assert data;hasher.update(data);left-=len(data);request_bytes+=len(data)
                                                   ^^^^
AssertionError
Unhandled exception in client_connected_cb
transport: <asyncio.sslproto._SSLProtocolTransport object at 0x1078f9760>
Traceback (most recent call last):
  File "/Users/divyanshgolyan/.codex/worktrees/4511/onepage/research/transport-memory/asymmetric_server.py", line 39, in accept
    data=await reader.read(min(left,16384));assert data;hasher.update(data);left-=len(data);request_bytes+=len(data)
                                                   ^^^^
AssertionError
Unhandled exception in client_connected_cb
transport: <asyncio.sslproto._SSLProtocolTransport object at 0x1078f96d0>
Traceback (most recent call last):
  File "/Users/divyanshgolyan/.codex/worktrees/4511/onepage/research/transport-memory/asymmetric_server.py", line 39, in accept
    data=await reader.read(min(left,16384));assert data;hasher.update(data);left-=len(data);request_bytes+=len(data)
                                                   ^^^^
AssertionError
Unhandled exception in client_connected_cb
transport: <asyncio.sslproto._SSLProtocolTransport object at 0x1078f9640>
Traceback (most recent call last):
  File "/Users/divyanshgolyan/.codex/worktrees/4511/onepage/research/transport-memory/asymmetric_server.py", line 39, in accept
    data=await reader.read(min(left,16384));assert data;hasher.update(data);left-=len(data);request_bytes+=len(data)
                                                   ^^^^
AssertionError
Unhandled exception in client_connected_cb
transport: <asyncio.sslproto._SSLProtocolTransport object at 0x1078f95b0>
Traceback (most recent call last):
  File "/Users/divyanshgolyan/.codex/worktrees/4511/onepage/research/transport-memory/asymmetric_server.py", line 39, in accept
    data=await reader.read(min(left,16384));assert data;hasher.update(data);left-=len(data);request_bytes+=len(data)
                                                   ^^^^
AssertionError
Unhandled exception in client_connected_cb
transport: <asyncio.sslproto._SSLProtocolTransport object at 0x1078f9520>
Traceback (most recent call last):
  File "/Users/divyanshgolyan/.codex/worktrees/4511/onepage/research/transport-memory/asymmetric_server.py", line 39, in accept
    data=await reader.read(min(left,16384));assert data;hasher.update(data);left-=len(data);request_bytes+=len(data)
                                                   ^^^^
AssertionError
Unhandled exception in client_connected_cb
transport: <asyncio.sslproto._SSLProtocolTransport object at 0x1078f9490>
Traceback (most recent call last):
  File "/Users/divyanshgolyan/.codex/worktrees/4511/onepage/research/transport-memory/asymmetric_server.py", line 39, in accept
    data=await reader.read(min(left,16384));assert data;hasher.update(data);left-=len(data);request_bytes+=len(data)
                                                   ^^^^
AssertionError
Unhandled exception in client_connected_cb
transport: <asyncio.sslproto._SSLProtocolTransport object at 0x1078f9400>
Traceback (most recent call last):
  File "/Users/divyanshgolyan/.codex/worktrees/4511/onepage/research/transport-memory/asymmetric_server.py", line 39, in accept
    data=await reader.read(min(left,16384));assert data;hasher.update(data);left-=len(data);request_bytes+=len(data)
                                                   ^^^^
AssertionError
Unhandled exception in client_connected_cb
transport: <asyncio.sslproto._SSLProtocolTransport object at 0x1078f9370>
Traceback (most recent call last):
  File "/Users/divyanshgolyan/.codex/worktrees/4511/onepage/research/transport-memory/asymmetric_server.py", line 39, in accept
    data=await reader.read(min(left,16384));assert data;hasher.update(data);left-=len(data);request_bytes+=len(data)
                                                   ^^^^
AssertionError
Unhandled exception in client_connected_cb
transport: <asyncio.sslproto._SSLProtocolTransport object at 0x1078f92e0>
Traceback (most recent call last):
  File "/Users/divyanshgolyan/.codex/worktrees/4511/onepage/research/transport-memory/asymmetric_server.py", line 39, in accept
    data=await reader.read(min(left,16384));assert data;hasher.update(data);left-=len(data);request_bytes+=len(data)
                                                   ^^^^
AssertionError
Unhandled exception in client_connected_cb
transport: <asyncio.sslproto._SSLProtocolTransport object at 0x1078f9250>
Traceback (most recent call last):
  File "/Users/divyanshgolyan/.codex/worktrees/4511/onepage/research/transport-memory/asymmetric_server.py", line 39, in accept
    data=await reader.read(min(left,16384));assert data;hasher.update(data);left-=len(data);request_bytes+=len(data)
                                                   ^^^^
AssertionError
Unhandled exception in client_connected_cb
transport: <asyncio.sslproto._SSLProtocolTransport object at 0x1078f9130>
Traceback (most recent call last):
  File "/Users/divyanshgolyan/.codex/worktrees/4511/onepage/research/transport-memory/asymmetric_server.py", line 39, in accept
    data=await reader.read(min(left,16384));assert data;hasher.update(data);left-=len(data);request_bytes+=len(data)
                                                   ^^^^
AssertionError
Unhandled exception in client_connected_cb
transport: <asyncio.sslproto._SSLProtocolTransport object at 0x1078f90a0>
Traceback (most recent call last):
  File "/Users/divyanshgolyan/.codex/worktrees/4511/onepage/research/transport-memory/asymmetric_server.py", line 39, in accept
    data=await reader.read(min(left,16384));assert data;hasher.update(data);left-=len(data);request_bytes+=len(data)
                                                   ^^^^
AssertionError
Unhandled exception in client_connected_cb
transport: <asyncio.sslproto._SSLProtocolTransport object at 0x1078f9010>
Traceback (most recent call last):
  File "/Users/divyanshgolyan/.codex/worktrees/4511/onepage/research/transport-memory/asymmetric_server.py", line 39, in accept
    data=await reader.read(min(left,16384));assert data;hasher.update(data);left-=len(data);request_bytes+=len(data)
                                                   ^^^^
AssertionError
Unhandled exception in client_connected_cb
transport: <asyncio.sslproto._SSLProtocolTransport object at 0x1078f8f80>
Traceback (most recent call last):
  File "/Users/divyanshgolyan/.codex/worktrees/4511/onepage/research/transport-memory/asymmetric_server.py", line 39, in accept
    data=await reader.read(min(left,16384));assert data;hasher.update(data);left-=len(data);request_bytes+=len(data)
                                                   ^^^^
AssertionError
Unhandled exception in client_connected_cb
transport: <asyncio.sslproto._SSLProtocolTransport object at 0x1078f8ef0>
Traceback (most recent call last):
  File "/Users/divyanshgolyan/.codex/worktrees/4511/onepage/research/transport-memory/asymmetric_server.py", line 39, in accept
    data=await reader.read(min(left,16384));assert data;hasher.update(data);left-=len(data);request_bytes+=len(data)
                                                   ^^^^
AssertionError
Unhandled exception in client_connected_cb
transport: <asyncio.sslproto._SSLProtocolTransport object at 0x1078f8dd0>
Traceback (most recent call last):
  File "/Users/divyanshgolyan/.codex/worktrees/4511/onepage/research/transport-memory/asymmetric_server.py", line 39, in accept
    data=await reader.read(min(left,16384));assert data;hasher.update(data);left-=len(data);request_bytes+=len(data)
                                                   ^^^^
AssertionError
Unhandled exception in client_connected_cb
transport: <asyncio.sslproto._SSLProtocolTransport object at 0x1078f8d40>
Traceback (most recent call last):
  File "/Users/divyanshgolyan/.codex/worktrees/4511/onepage/research/transport-memory/asymmetric_server.py", line 39, in accept
    data=await reader.read(min(left,16384));assert data;hasher.update(data);left-=len(data);request_bytes+=len(data)
                                                   ^^^^
AssertionError
Unhandled exception in client_connected_cb
transport: <asyncio.sslproto._SSLProtocolTransport object at 0x1078f8cb0>
Traceback (most recent call last):
  File "/Users/divyanshgolyan/.codex/worktrees/4511/onepage/research/transport-memory/asymmetric_server.py", line 39, in accept
    data=await reader.read(min(left,16384));assert data;hasher.update(data);left-=len(data);request_bytes+=len(data)
                                                   ^^^^
AssertionError
Unhandled exception in client_connected_cb
transport: <asyncio.sslproto._SSLProtocolTransport object at 0x1078f8c20>
Traceback (most recent call last):
  File "/Users/divyanshgolyan/.codex/worktrees/4511/onepage/research/transport-memory/asymmetric_server.py", line 39, in accept
    data=await reader.read(min(left,16384));assert data;hasher.update(data);left-=len(data);request_bytes+=len(data)
                                                   ^^^^
AssertionError
Unhandled exception in client_connected_cb
transport: <asyncio.sslproto._SSLProtocolTransport object at 0x1078f8b90>
Traceback (most recent call last):
  File "/Users/divyanshgolyan/.codex/worktrees/4511/onepage/research/transport-memory/asymmetric_server.py", line 39, in accept
    data=await reader.read(min(left,16384));assert data;hasher.update(data);left-=len(data);request_bytes+=len(data)
                                                   ^^^^
AssertionError
Unhandled exception in client_connected_cb
transport: <asyncio.sslproto._SSLProtocolTransport object at 0x1078f8b00>
Traceback (most recent call last):
  File "/Users/divyanshgolyan/.codex/worktrees/4511/onepage/research/transport-memory/asymmetric_server.py", line 39, in accept
    data=await reader.read(min(left,16384));assert data;hasher.update(data);left-=len(data);request_bytes+=len(data)
                                                   ^^^^
AssertionError
Unhandled exception in client_connected_cb
transport: <asyncio.sslproto._SSLProtocolTransport object at 0x1078f8a70>
Traceback (most recent call last):
  File "/Users/divyanshgolyan/.codex/worktrees/4511/onepage/research/transport-memory/asymmetric_server.py", line 39, in accept
    data=await reader.read(min(left,16384));assert data;hasher.update(data);left-=len(data);request_bytes+=len(data)
                                                   ^^^^
AssertionError
Unhandled exception in client_connected_cb
transport: <asyncio.sslproto._SSLProtocolTransport object at 0x1078f89e0>
Traceback (most recent call last):
  File "/Users/divyanshgolyan/.codex/worktrees/4511/onepage/research/transport-memory/asymmetric_server.py", line 39, in accept
    data=await reader.read(min(left,16384));assert data;hasher.update(data);left-=len(data);request_bytes+=len(data)
                                                   ^^^^
AssertionError
Unhandled exception in client_connected_cb
transport: <asyncio.sslproto._SSLProtocolTransport object at 0x1078f8950>
Traceback (most recent call last):
  File "/Users/divyanshgolyan/.codex/worktrees/4511/onepage/research/transport-memory/asymmetric_server.py", line 39, in accept
    data=await reader.read(min(left,16384));assert data;hasher.update(data);left-=len(data);request_bytes+=len(data)
                                                   ^^^^
AssertionError
Unhandled exception in client_connected_cb
transport: <asyncio.sslproto._SSLProtocolTransport object at 0x1078f88c0>
Traceback (most recent call last):
  File "/Users/divyanshgolyan/.codex/worktrees/4511/onepage/research/transport-memory/asymmetric_server.py", line 39, in accept
    data=await reader.read(min(left,16384));assert data;hasher.update(data);left-=len(data);request_bytes+=len(data)
                                                   ^^^^
AssertionError
Unhandled exception in client_connected_cb
transport: <asyncio.sslproto._SSLProtocolTransport object at 0x1078f8830>
Traceback (most recent call last):
  File "/Users/divyanshgolyan/.codex/worktrees/4511/onepage/research/transport-memory/asymmetric_server.py", line 39, in accept
    data=await reader.read(min(left,16384));assert data;hasher.update(data);left-=len(data);request_bytes+=len(data)
                                                   ^^^^
AssertionError
Unhandled exception in client_connected_cb
transport: <asyncio.sslproto._SSLProtocolTransport object at 0x1078f87a0>
Traceback (most recent call last):
  File "/Users/divyanshgolyan/.codex/worktrees/4511/onepage/research/transport-memory/asymmetric_server.py", line 39, in accept
    data=await reader.read(min(left,16384));assert data;hasher.update(data);left-=len(data);request_bytes+=len(data)
                                                   ^^^^
AssertionError
Unhandled exception in client_connected_cb
transport: <asyncio.sslproto._SSLProtocolTransport object at 0x1078f8710>
Traceback (most recent call last):
  File "/Users/divyanshgolyan/.codex/worktrees/4511/onepage/research/transport-memory/asymmetric_server.py", line 39, in accept
    data=await reader.read(min(left,16384));assert data;hasher.update(data);left-=len(data);request_bytes+=len(data)
                                                   ^^^^
AssertionError
Unhandled exception in client_connected_cb
transport: <asyncio.sslproto._SSLProtocolTransport object at 0x1078f8680>
Traceback (most recent call last):
  File "/Users/divyanshgolyan/.codex/worktrees/4511/onepage/research/transport-memory/asymmetric_server.py", line 39, in accept
    data=await reader.read(min(left,16384));assert data;hasher.update(data);left-=len(data);request_bytes+=len(data)
                                                   ^^^^
AssertionError
Unhandled exception in client_connected_cb
transport: <asyncio.sslproto._SSLProtocolTransport object at 0x1078f85f0>
Traceback (most recent call last):
  File "/Users/divyanshgolyan/.codex/worktrees/4511/onepage/research/transport-memory/asymmetric_server.py", line 39, in accept
    data=await reader.read(min(left,16384));assert data;hasher.update(data);left-=len(data);request_bytes+=len(data)
                                                   ^^^^
AssertionError
Unhandled exception in client_connected_cb
transport: <asyncio.sslproto._SSLProtocolTransport object at 0x1078f8560>
Traceback (most recent call last):
  File "/Users/divyanshgolyan/.codex/worktrees/4511/onepage/research/transport-memory/asymmetric_server.py", line 39, in accept
    data=await reader.read(min(left,16384));assert data;hasher.update(data);left-=len(data);request_bytes+=len(data)
                                                   ^^^^
AssertionError
Unhandled exception in client_connected_cb
transport: <asyncio.sslproto._SSLProtocolTransport object at 0x1078f84d0>
Traceback (most recent call last):
  File "/Users/divyanshgolyan/.codex/worktrees/4511/onepage/research/transport-memory/asymmetric_server.py", line 39, in accept
    data=await reader.read(min(left,16384));assert data;hasher.update(data);left-=len(data);request_bytes+=len(data)
                                                   ^^^^
AssertionError
Unhandled exception in client_connected_cb
transport: <asyncio.sslproto._SSLProtocolTransport object at 0x1078f8440>
Traceback (most recent call last):
  File "/Users/divyanshgolyan/.codex/worktrees/4511/onepage/research/transport-memory/asymmetric_server.py", line 39, in accept
    data=await reader.read(min(left,16384));assert data;hasher.update(data);left-=len(data);request_bytes+=len(data)
                                                   ^^^^
AssertionError
Unhandled exception in client_connected_cb
transport: <asyncio.sslproto._SSLProtocolTransport object at 0x1078f83b0>
Traceback (most recent call last):
  File "/Users/divyanshgolyan/.codex/worktrees/4511/onepage/research/transport-memory/asymmetric_server.py", line 39, in accept
    data=await reader.read(min(left,16384));assert data;hasher.update(data);left-=len(data);request_bytes+=len(data)
                                                   ^^^^
AssertionError
Unhandled exception in client_connected_cb
transport: <asyncio.sslproto._SSLProtocolTransport object at 0x1078f8320>
Traceback (most recent call last):
  File "/Users/divyanshgolyan/.codex/worktrees/4511/onepage/research/transport-memory/asymmetric_server.py", line 39, in accept
    data=await reader.read(min(left,16384));assert data;hasher.update(data);left-=len(data);request_bytes+=len(data)
                                                   ^^^^
AssertionError
Unhandled exception in client_connected_cb
transport: <asyncio.sslproto._SSLProtocolTransport object at 0x1078f8290>
Traceback (most recent call last):
  File "/Users/divyanshgolyan/.codex/worktrees/4511/onepage/research/transport-memory/asymmetric_server.py", line 39, in accept
    data=await reader.read(min(left,16384));assert data;hasher.update(data);left-=len(data);request_bytes+=len(data)
                                                   ^^^^
AssertionError
Unhandled exception in client_connected_cb
transport: <asyncio.sslproto._SSLProtocolTransport object at 0x1078f8200>
Traceback (most recent call last):
  File "/Users/divyanshgolyan/.codex/worktrees/4511/onepage/research/transport-memory/asymmetric_server.py", line 39, in accept
    data=await reader.read(min(left,16384));assert data;hasher.update(data);left-=len(data);request_bytes+=len(data)
                                                   ^^^^
AssertionError
Unhandled exception in client_connected_cb
transport: <asyncio.sslproto._SSLProtocolTransport object at 0x1078f8170>
Traceback (most recent call last):
  File "/Users/divyanshgolyan/.codex/worktrees/4511/onepage/research/transport-memory/asymmetric_server.py", line 39, in accept
    data=await reader.read(min(left,16384));assert data;hasher.update(data);left-=len(data);request_bytes+=len(data)
                                                   ^^^^
AssertionError
Unhandled exception in client_connected_cb
transport: <asyncio.sslproto._SSLProtocolTransport object at 0x1078f80e0>
Traceback (most recent call last):
  File "/Users/divyanshgolyan/.codex/worktrees/4511/onepage/research/transport-memory/asymmetric_server.py", line 39, in accept
    data=await reader.read(min(left,16384));assert data;hasher.update(data);left-=len(data);request_bytes+=len(data)
                                                   ^^^^
AssertionError
Unhandled exception in client_connected_cb
transport: <asyncio.sslproto._SSLProtocolTransport object at 0x1078f8050>
Traceback (most recent call last):
  File "/Users/divyanshgolyan/.codex/worktrees/4511/onepage/research/transport-memory/asymmetric_server.py", line 39, in accept
    data=await reader.read(min(left,16384));assert data;hasher.update(data);left-=len(data);request_bytes+=len(data)
                                                   ^^^^
AssertionError
Unhandled exception in client_connected_cb
transport: <asyncio.sslproto._SSLProtocolTransport object at 0x10785ff50>
Traceback (most recent call last):
  File "/Users/divyanshgolyan/.codex/worktrees/4511/onepage/research/transport-memory/asymmetric_server.py", line 39, in accept
    data=await reader.read(min(left,16384));assert data;hasher.update(data);left-=len(data);request_bytes+=len(data)
                                                   ^^^^
AssertionError
Unhandled exception in client_connected_cb
transport: <asyncio.sslproto._SSLProtocolTransport object at 0x10785fec0>
Traceback (most recent call last):
  File "/Users/divyanshgolyan/.codex/worktrees/4511/onepage/research/transport-memory/asymmetric_server.py", line 39, in accept
    data=await reader.read(min(left,16384));assert data;hasher.update(data);left-=len(data);request_bytes+=len(data)
                                                   ^^^^
AssertionError
Unhandled exception in client_connected_cb
transport: <asyncio.sslproto._SSLProtocolTransport object at 0x10785fe30>
Traceback (most recent call last):
  File "/Users/divyanshgolyan/.codex/worktrees/4511/onepage/research/transport-memory/asymmetric_server.py", line 39, in accept
    data=await reader.read(min(left,16384));assert data;hasher.update(data);left-=len(data);request_bytes+=len(data)
                                                   ^^^^
AssertionError
Unhandled exception in client_connected_cb
transport: <asyncio.sslproto._SSLProtocolTransport object at 0x10785fda0>
Traceback (most recent call last):
  File "/Users/divyanshgolyan/.codex/worktrees/4511/onepage/research/transport-memory/asymmetric_server.py", line 39, in accept
    data=await reader.read(min(left,16384));assert data;hasher.update(data);left-=len(data);request_bytes+=len(data)
                                                   ^^^^
AssertionError
Unhandled exception in client_connected_cb
transport: <asyncio.sslproto._SSLProtocolTransport object at 0x10785fd10>
Traceback (most recent call last):
  File "/Users/divyanshgolyan/.codex/worktrees/4511/onepage/research/transport-memory/asymmetric_server.py", line 39, in accept
    data=await reader.read(min(left,16384));assert data;hasher.update(data);left-=len(data);request_bytes+=len(data)
                                                   ^^^^
AssertionError
Unhandled exception in client_connected_cb
transport: <asyncio.sslproto._SSLProtocolTransport object at 0x10785fc80>
Traceback (most recent call last):
  File "/Users/divyanshgolyan/.codex/worktrees/4511/onepage/research/transport-memory/asymmetric_server.py", line 39, in accept
    data=await reader.read(min(left,16384));assert data;hasher.update(data);left-=len(data);request_bytes+=len(data)
                                                   ^^^^
AssertionError
Unhandled exception in client_connected_cb
transport: <asyncio.sslproto._SSLProtocolTransport object at 0x10785fbf0>
Traceback (most recent call last):
  File "/Users/divyanshgolyan/.codex/worktrees/4511/onepage/research/transport-memory/asymmetric_server.py", line 39, in accept
    data=await reader.read(min(left,16384));assert data;hasher.update(data);left-=len(data);request_bytes+=len(data)
                                                   ^^^^
AssertionError
Unhandled exception in client_connected_cb
transport: <asyncio.sslproto._SSLProtocolTransport object at 0x10785fb60>
Traceback (most recent call last):
  File "/Users/divyanshgolyan/.codex/worktrees/4511/onepage/research/transport-memory/asymmetric_server.py", line 39, in accept
    data=await reader.read(min(left,16384));assert data;hasher.update(data);left-=len(data);request_bytes+=len(data)
                                                   ^^^^
AssertionError
Unhandled exception in client_connected_cb
transport: <asyncio.sslproto._SSLProtocolTransport object at 0x10785fad0>
Traceback (most recent call last):
  File "/Users/divyanshgolyan/.codex/worktrees/4511/onepage/research/transport-memory/asymmetric_server.py", line 39, in accept
    data=await reader.read(min(left,16384));assert data;hasher.update(data);left-=len(data);request_bytes+=len(data)
                                                   ^^^^
AssertionError
Unhandled exception in client_connected_cb
transport: <asyncio.sslproto._SSLProtocolTransport object at 0x10785fa40>
Traceback (most recent call last):
  File "/Users/divyanshgolyan/.codex/worktrees/4511/onepage/research/transport-memory/asymmetric_server.py", line 39, in accept
    data=await reader.read(min(left,16384));assert data;hasher.update(data);left-=len(data);request_bytes+=len(data)
                                                   ^^^^
AssertionError
Unhandled exception in client_connected_cb
transport: <asyncio.sslproto._SSLProtocolTransport object at 0x10785f9b0>
Traceback (most recent call last):
  File "/Users/divyanshgolyan/.codex/worktrees/4511/onepage/research/transport-memory/asymmetric_server.py", line 39, in accept
    data=await reader.read(min(left,16384));assert data;hasher.update(data);left-=len(data);request_bytes+=len(data)
                                                   ^^^^
AssertionError
Unhandled exception in client_connected_cb
transport: <asyncio.sslproto._SSLProtocolTransport object at 0x10785f920>
Traceback (most recent call last):
  File "/Users/divyanshgolyan/.codex/worktrees/4511/onepage/research/transport-memory/asymmetric_server.py", line 39, in accept
    data=await reader.read(min(left,16384));assert data;hasher.update(data);left-=len(data);request_bytes+=len(data)
                                                   ^^^^
AssertionError
Unhandled exception in client_connected_cb
transport: <asyncio.sslproto._SSLProtocolTransport object at 0x10785f890>
Traceback (most recent call last):
  File "/Users/divyanshgolyan/.codex/worktrees/4511/onepage/research/transport-memory/asymmetric_server.py", line 39, in accept
    data=await reader.read(min(left,16384));assert data;hasher.update(data);left-=len(data);request_bytes+=len(data)
                                                   ^^^^
AssertionError
Unhandled exception in client_connected_cb
transport: <asyncio.sslproto._SSLProtocolTransport object at 0x10785f800>
Traceback (most recent call last):
  File "/Users/divyanshgolyan/.codex/worktrees/4511/onepage/research/transport-memory/asymmetric_server.py", line 39, in accept
    data=await reader.read(min(left,16384));assert data;hasher.update(data);left-=len(data);request_bytes+=len(data)
                                                   ^^^^
AssertionError
Unhandled exception in client_connected_cb
transport: <asyncio.sslproto._SSLProtocolTransport object at 0x10785f770>
Traceback (most recent call last):
  File "/Users/divyanshgolyan/.codex/worktrees/4511/onepage/research/transport-memory/asymmetric_server.py", line 39, in accept
    data=await reader.read(min(left,16384));assert data;hasher.update(data);left-=len(data);request_bytes+=len(data)
                                                   ^^^^
AssertionError
Unhandled exception in client_connected_cb
transport: <asyncio.sslproto._SSLProtocolTransport object at 0x10785f6e0>
Traceback (most recent call last):
  File "/Users/divyanshgolyan/.codex/worktrees/4511/onepage/research/transport-memory/asymmetric_server.py", line 39, in accept
    data=await reader.read(min(left,16384));assert data;hasher.update(data);left-=len(data);request_bytes+=len(data)
                                                   ^^^^
AssertionError
Unhandled exception in client_connected_cb
transport: <asyncio.sslproto._SSLProtocolTransport object at 0x10785f650>
Traceback (most recent call last):
  File "/Users/divyanshgolyan/.codex/worktrees/4511/onepage/research/transport-memory/asymmetric_server.py", line 39, in accept
    data=await reader.read(min(left,16384));assert data;hasher.update(data);left-=len(data);request_bytes+=len(data)
                                                   ^^^^
AssertionError
Unhandled exception in client_connected_cb
transport: <asyncio.sslproto._SSLProtocolTransport object at 0x10785f5c0>
Traceback (most recent call last):
  File "/Users/divyanshgolyan/.codex/worktrees/4511/onepage/research/transport-memory/asymmetric_server.py", line 39, in accept
    data=await reader.read(min(left,16384));assert data;hasher.update(data);left-=len(data);request_bytes+=len(data)
                                                   ^^^^
AssertionError
Unhandled exception in client_connected_cb
transport: <asyncio.sslproto._SSLProtocolTransport object at 0x10785f530>
Traceback (most recent call last):
  File "/Users/divyanshgolyan/.codex/worktrees/4511/onepage/research/transport-memory/asymmetric_server.py", line 39, in accept
    data=await reader.read(min(left,16384));assert data;hasher.update(data);left-=len(data);request_bytes+=len(data)
                                                   ^^^^
AssertionError
Unhandled exception in client_connected_cb
transport: <asyncio.sslproto._SSLProtocolTransport object at 0x10785f4a0>
Traceback (most recent call last):
  File "/Users/divyanshgolyan/.codex/worktrees/4511/onepage/research/transport-memory/asymmetric_server.py", line 39, in accept
    data=await reader.read(min(left,16384));assert data;hasher.update(data);left-=len(data);request_bytes+=len(data)
                                                   ^^^^
AssertionError
Unhandled exception in client_connected_cb
transport: <asyncio.sslproto._SSLProtocolTransport object at 0x10785f410>
Traceback (most recent call last):
  File "/Users/divyanshgolyan/.codex/worktrees/4511/onepage/research/transport-memory/asymmetric_server.py", line 39, in accept
    data=await reader.read(min(left,16384));assert data;hasher.update(data);left-=len(data);request_bytes+=len(data)
                                                   ^^^^
AssertionError
Unhandled exception in client_connected_cb
transport: <asyncio.sslproto._SSLProtocolTransport object at 0x10785f380>
Traceback (most recent call last):
  File "/Users/divyanshgolyan/.codex/worktrees/4511/onepage/research/transport-memory/asymmetric_server.py", line 39, in accept
    data=await reader.read(min(left,16384));assert data;hasher.update(data);left-=len(data);request_bytes+=len(data)
                                                   ^^^^
AssertionError
Unhandled exception in client_connected_cb
transport: <asyncio.sslproto._SSLProtocolTransport object at 0x10785f2f0>
Traceback (most recent call last):
  File "/Users/divyanshgolyan/.codex/worktrees/4511/onepage/research/transport-memory/asymmetric_server.py", line 39, in accept
    data=await reader.read(min(left,16384));assert data;hasher.update(data);left-=len(data);request_bytes+=len(data)
                                                   ^^^^
AssertionError
Unhandled exception in client_connected_cb
transport: <asyncio.sslproto._SSLProtocolTransport object at 0x10785f260>
Traceback (most recent call last):
  File "/Users/divyanshgolyan/.codex/worktrees/4511/onepage/research/transport-memory/asymmetric_server.py", line 39, in accept
    data=await reader.read(min(left,16384));assert data;hasher.update(data);left-=len(data);request_bytes+=len(data)
                                                   ^^^^
AssertionError
Unhandled exception in client_connected_cb
transport: <asyncio.sslproto._SSLProtocolTransport object at 0x10785f1d0>
Traceback (most recent call last):
  File "/Users/divyanshgolyan/.codex/worktrees/4511/onepage/research/transport-memory/asymmetric_server.py", line 39, in accept
    data=await reader.read(min(left,16384));assert data;hasher.update(data);left-=len(data);request_bytes+=len(data)
                                                   ^^^^
AssertionError
Unhandled exception in client_connected_cb
transport: <asyncio.sslproto._SSLProtocolTransport object at 0x10785f140>
Traceback (most recent call last):
  File "/Users/divyanshgolyan/.codex/worktrees/4511/onepage/research/transport-memory/asymmetric_server.py", line 39, in accept
    data=await reader.read(min(left,16384));assert data;hasher.update(data);left-=len(data);request_bytes+=len(data)
                                                   ^^^^
AssertionError
Unhandled exception in client_connected_cb
transport: <asyncio.sslproto._SSLProtocolTransport object at 0x10785f0b0>
Traceback (most recent call last):
  File "/Users/divyanshgolyan/.codex/worktrees/4511/onepage/research/transport-memory/asymmetric_server.py", line 39, in accept
    data=await reader.read(min(left,16384));assert data;hasher.update(data);left-=len(data);request_bytes+=len(data)
                                                   ^^^^
AssertionError
Unhandled exception in client_connected_cb
transport: <asyncio.sslproto._SSLProtocolTransport object at 0x10785f020>
Traceback (most recent call last):
  File "/Users/divyanshgolyan/.codex/worktrees/4511/onepage/research/transport-memory/asymmetric_server.py", line 39, in accept
    data=await reader.read(min(left,16384));assert data;hasher.update(data);left-=len(data);request_bytes+=len(data)
                                                   ^^^^
AssertionError
Unhandled exception in client_connected_cb
transport: <asyncio.sslproto._SSLProtocolTransport object at 0x10785ef90>
Traceback (most recent call last):
  File "/Users/divyanshgolyan/.codex/worktrees/4511/onepage/research/transport-memory/asymmetric_server.py", line 39, in accept
    data=await reader.read(min(left,16384));assert data;hasher.update(data);left-=len(data);request_bytes+=len(data)
                                                   ^^^^
AssertionError
Unhandled exception in client_connected_cb
transport: <asyncio.sslproto._SSLProtocolTransport object at 0x10785ef00>
Traceback (most recent call last):
  File "/Users/divyanshgolyan/.codex/worktrees/4511/onepage/research/transport-memory/asymmetric_server.py", line 39, in accept
    data=await reader.read(min(left,16384));assert data;hasher.update(data);left-=len(data);request_bytes+=len(data)
                                                   ^^^^
AssertionError
Unhandled exception in client_connected_cb
transport: <asyncio.sslproto._SSLProtocolTransport object at 0x10785ee70>
Traceback (most recent call last):
  File "/Users/divyanshgolyan/.codex/worktrees/4511/onepage/research/transport-memory/asymmetric_server.py", line 39, in accept
    data=await reader.read(min(left,16384));assert data;hasher.update(data);left-=len(data);request_bytes+=len(data)
                                                   ^^^^
AssertionError
Unhandled exception in client_connected_cb
transport: <asyncio.sslproto._SSLProtocolTransport object at 0x10785ede0>
Traceback (most recent call last):
  File "/Users/divyanshgolyan/.codex/worktrees/4511/onepage/research/transport-memory/asymmetric_server.py", line 39, in accept
    data=await reader.read(min(left,16384));assert data;hasher.update(data);left-=len(data);request_bytes+=len(data)
                                                   ^^^^
AssertionError
Unhandled exception in client_connected_cb
transport: <asyncio.sslproto._SSLProtocolTransport object at 0x10785ed50>
Traceback (most recent call last):
  File "/Users/divyanshgolyan/.codex/worktrees/4511/onepage/research/transport-memory/asymmetric_server.py", line 39, in accept
    data=await reader.read(min(left,16384));assert data;hasher.update(data);left-=len(data);request_bytes+=len(data)
                                                   ^^^^
AssertionError
Unhandled exception in client_connected_cb
transport: <asyncio.sslproto._SSLProtocolTransport object at 0x10785ecc0>
Traceback (most recent call last):
  File "/Users/divyanshgolyan/.codex/worktrees/4511/onepage/research/transport-memory/asymmetric_server.py", line 39, in accept
    data=await reader.read(min(left,16384));assert data;hasher.update(data);left-=len(data);request_bytes+=len(data)
                                                   ^^^^
AssertionError
Unhandled exception in client_connected_cb
transport: <asyncio.sslproto._SSLProtocolTransport object at 0x10785ec30>
Traceback (most recent call last):
  File "/Users/divyanshgolyan/.codex/worktrees/4511/onepage/research/transport-memory/asymmetric_server.py", line 39, in accept
    data=await reader.read(min(left,16384));assert data;hasher.update(data);left-=len(data);request_bytes+=len(data)
                                                   ^^^^
AssertionError
Unhandled exception in client_connected_cb
transport: <asyncio.sslproto._SSLProtocolTransport object at 0x10785eba0>
Traceback (most recent call last):
  File "/Users/divyanshgolyan/.codex/worktrees/4511/onepage/research/transport-memory/asymmetric_server.py", line 39, in accept
    data=await reader.read(min(left,16384));assert data;hasher.update(data);left-=len(data);request_bytes+=len(data)
                                                   ^^^^
AssertionError
Unhandled exception in client_connected_cb
transport: <asyncio.sslproto._SSLProtocolTransport object at 0x10785eb10>
Traceback (most recent call last):
  File "/Users/divyanshgolyan/.codex/worktrees/4511/onepage/research/transport-memory/asymmetric_server.py", line 39, in accept
    data=await reader.read(min(left,16384));assert data;hasher.update(data);left-=len(data);request_bytes+=len(data)
                                                   ^^^^
AssertionError
Unhandled exception in client_connected_cb
transport: <asyncio.sslproto._SSLProtocolTransport object at 0x10785ea80>
Traceback (most recent call last):
  File "/Users/divyanshgolyan/.codex/worktrees/4511/onepage/research/transport-memory/asymmetric_server.py", line 39, in accept
    data=await reader.read(min(left,16384));assert data;hasher.update(data);left-=len(data);request_bytes+=len(data)
                                                   ^^^^
AssertionError
Unhandled exception in client_connected_cb
transport: <asyncio.sslproto._SSLProtocolTransport object at 0x10785e9f0>
Traceback (most recent call last):
  File "/Users/divyanshgolyan/.codex/worktrees/4511/onepage/research/transport-memory/asymmetric_server.py", line 39, in accept
    data=await reader.read(min(left,16384));assert data;hasher.update(data);left-=len(data);request_bytes+=len(data)
                                                   ^^^^
AssertionError
Unhandled exception in client_connected_cb
transport: <asyncio.sslproto._SSLProtocolTransport object at 0x10785e960>
Traceback (most recent call last):
  File "/Users/divyanshgolyan/.codex/worktrees/4511/onepage/research/transport-memory/asymmetric_server.py", line 39, in accept
    data=await reader.read(min(left,16384));assert data;hasher.update(data);left-=len(data);request_bytes+=len(data)
                                                   ^^^^
AssertionError
Unhandled exception in client_connected_cb
transport: <asyncio.sslproto._SSLProtocolTransport object at 0x10785e8d0>
Traceback (most recent call last):
  File "/Users/divyanshgolyan/.codex/worktrees/4511/onepage/research/transport-memory/asymmetric_server.py", line 39, in accept
    data=await reader.read(min(left,16384));assert data;hasher.update(data);left-=len(data);request_bytes+=len(data)
                                                   ^^^^
AssertionError
Unhandled exception in client_connected_cb
transport: <asyncio.sslproto._SSLProtocolTransport object at 0x10785e840>
Traceback (most recent call last):
  File "/Users/divyanshgolyan/.codex/worktrees/4511/onepage/research/transport-memory/asymmetric_server.py", line 39, in accept
    data=await reader.read(min(left,16384));assert data;hasher.update(data);left-=len(data);request_bytes+=len(data)
                                                   ^^^^
AssertionError
Unhandled exception in client_connected_cb
transport: <asyncio.sslproto._SSLProtocolTransport object at 0x10785e7b0>
Traceback (most recent call last):
  File "/Users/divyanshgolyan/.codex/worktrees/4511/onepage/research/transport-memory/asymmetric_server.py", line 39, in accept
    data=await reader.read(min(left,16384));assert data;hasher.update(data);left-=len(data);request_bytes+=len(data)
                                                   ^^^^
AssertionError
Unhandled exception in client_connected_cb
transport: <asyncio.sslproto._SSLProtocolTransport object at 0x10785e720>
Traceback (most recent call last):
  File "/Users/divyanshgolyan/.codex/worktrees/4511/onepage/research/transport-memory/asymmetric_server.py", line 39, in accept
    data=await reader.read(min(left,16384));assert data;hasher.update(data);left-=len(data);request_bytes+=len(data)
                                                   ^^^^
AssertionError
Unhandled exception in client_connected_cb
transport: <asyncio.sslproto._SSLProtocolTransport object at 0x10785e690>
Traceback (most recent call last):
  File "/Users/divyanshgolyan/.codex/worktrees/4511/onepage/research/transport-memory/asymmetric_server.py", line 39, in accept
    data=await reader.read(min(left,16384));assert data;hasher.update(data);left-=len(data);request_bytes+=len(data)
                                                   ^^^^
AssertionError
Unhandled exception in client_connected_cb
transport: <asyncio.sslproto._SSLProtocolTransport object at 0x10785e600>
Traceback (most recent call last):
  File "/Users/divyanshgolyan/.codex/worktrees/4511/onepage/research/transport-memory/asymmetric_server.py", line 39, in accept
    data=await reader.read(min(left,16384));assert data;hasher.update(data);left-=len(data);request_bytes+=len(data)
                                                   ^^^^
AssertionError
Unhandled exception in client_connected_cb
transport: <asyncio.sslproto._SSLProtocolTransport object at 0x10785e570>
Traceback (most recent call last):
  File "/Users/divyanshgolyan/.codex/worktrees/4511/onepage/research/transport-memory/asymmetric_server.py", line 39, in accept
    data=await reader.read(min(left,16384));assert data;hasher.update(data);left-=len(data);request_bytes+=len(data)
                                                   ^^^^
AssertionError
Unhandled exception in client_connected_cb
transport: <asyncio.sslproto._SSLProtocolTransport object at 0x10785e4e0>
Traceback (most recent call last):
  File "/Users/divyanshgolyan/.codex/worktrees/4511/onepage/research/transport-memory/asymmetric_server.py", line 39, in accept
    data=await reader.read(min(left,16384));assert data;hasher.update(data);left-=len(data);request_bytes+=len(data)
                                                   ^^^^
AssertionError
Unhandled exception in client_connected_cb
transport: <asyncio.sslproto._SSLProtocolTransport object at 0x10785e450>
Traceback (most recent call last):
  File "/Users/divyanshgolyan/.codex/worktrees/4511/onepage/research/transport-memory/asymmetric_server.py", line 39, in accept
    data=await reader.read(min(left,16384));assert data;hasher.update(data);left-=len(data);request_bytes+=len(data)
                                                   ^^^^
AssertionError
Unhandled exception in client_connected_cb
transport: <asyncio.sslproto._SSLProtocolTransport object at 0x10785e3c0>
Traceback (most recent call last):
  File "/Users/divyanshgolyan/.codex/worktrees/4511/onepage/research/transport-memory/asymmetric_server.py", line 39, in accept
    data=await reader.read(min(left,16384));assert data;hasher.update(data);left-=len(data);request_bytes+=len(data)
                                                   ^^^^
AssertionError
Unhandled exception in client_connected_cb
transport: <asyncio.sslproto._SSLProtocolTransport object at 0x10785e330>
Traceback (most recent call last):
  File "/Users/divyanshgolyan/.codex/worktrees/4511/onepage/research/transport-memory/asymmetric_server.py", line 39, in accept
    data=await reader.read(min(left,16384));assert data;hasher.update(data);left-=len(data);request_bytes+=len(data)
                                                   ^^^^
AssertionError
Unhandled exception in client_connected_cb
transport: <asyncio.sslproto._SSLProtocolTransport object at 0x10785e2a0>
Traceback (most recent call last):
  File "/Users/divyanshgolyan/.codex/worktrees/4511/onepage/research/transport-memory/asymmetric_server.py", line 39, in accept
    data=await reader.read(min(left,16384));assert data;hasher.update(data);left-=len(data);request_bytes+=len(data)
                                                   ^^^^
AssertionError
Unhandled exception in client_connected_cb
transport: <asyncio.sslproto._SSLProtocolTransport object at 0x10785e210>
Traceback (most recent call last):
  File "/Users/divyanshgolyan/.codex/worktrees/4511/onepage/research/transport-memory/asymmetric_server.py", line 39, in accept
    data=await reader.read(min(left,16384));assert data;hasher.update(data);left-=len(data);request_bytes+=len(data)
                                                   ^^^^
AssertionError
Unhandled exception in client_connected_cb
transport: <asyncio.sslproto._SSLProtocolTransport object at 0x10785e180>
Traceback (most recent call last):
  File "/Users/divyanshgolyan/.codex/worktrees/4511/onepage/research/transport-memory/asymmetric_server.py", line 39, in accept
    data=await reader.read(min(left,16384));assert data;hasher.update(data);left-=len(data);request_bytes+=len(data)
                                                   ^^^^
AssertionError
Unhandled exception in client_connected_cb
transport: <asyncio.sslproto._SSLProtocolTransport object at 0x10785e0f0>
Traceback (most recent call last):
  File "/Users/divyanshgolyan/.codex/worktrees/4511/onepage/research/transport-memory/asymmetric_server.py", line 39, in accept
    data=await reader.read(min(left,16384));assert data;hasher.update(data);left-=len(data);request_bytes+=len(data)
                                                   ^^^^
AssertionError
Unhandled exception in client_connected_cb
transport: <asyncio.sslproto._SSLProtocolTransport object at 0x10785e060>
Traceback (most recent call last):
  File "/Users/divyanshgolyan/.codex/worktrees/4511/onepage/research/transport-memory/asymmetric_server.py", line 39, in accept
    data=await reader.read(min(left,16384));assert data;hasher.update(data);left-=len(data);request_bytes+=len(data)
                                                   ^^^^
AssertionError
Unhandled exception in client_connected_cb
transport: <asyncio.sslproto._SSLProtocolTransport object at 0x10785dfd0>
Traceback (most recent call last):
  File "/Users/divyanshgolyan/.codex/worktrees/4511/onepage/research/transport-memory/asymmetric_server.py", line 39, in accept
    data=await reader.read(min(left,16384));assert data;hasher.update(data);left-=len(data);request_bytes+=len(data)
                                                   ^^^^
AssertionError
Unhandled exception in client_connected_cb
transport: <asyncio.sslproto._SSLProtocolTransport object at 0x10785df40>
Traceback (most recent call last):
  File "/Users/divyanshgolyan/.codex/worktrees/4511/onepage/research/transport-memory/asymmetric_server.py", line 39, in accept
    data=await reader.read(min(left,16384));assert data;hasher.update(data);left-=len(data);request_bytes+=len(data)
                                                   ^^^^
AssertionError
Unhandled exception in client_connected_cb
transport: <asyncio.sslproto._SSLProtocolTransport object at 0x10785deb0>
Traceback (most recent call last):
  File "/Users/divyanshgolyan/.codex/worktrees/4511/onepage/research/transport-memory/asymmetric_server.py", line 39, in accept
    data=await reader.read(min(left,16384));assert data;hasher.update(data);left-=len(data);request_bytes+=len(data)
                                                   ^^^^
AssertionError
Unhandled exception in client_connected_cb
transport: <asyncio.sslproto._SSLProtocolTransport object at 0x10785de20>
Traceback (most recent call last):
  File "/Users/divyanshgolyan/.codex/worktrees/4511/onepage/research/transport-memory/asymmetric_server.py", line 39, in accept
    data=await reader.read(min(left,16384));assert data;hasher.update(data);left-=len(data);request_bytes+=len(data)
                                                   ^^^^
AssertionError
Unhandled exception in client_connected_cb
transport: <asyncio.sslproto._SSLProtocolTransport object at 0x10785dd90>
Traceback (most recent call last):
  File "/Users/divyanshgolyan/.codex/worktrees/4511/onepage/research/transport-memory/asymmetric_server.py", line 39, in accept
    data=await reader.read(min(left,16384));assert data;hasher.update(data);left-=len(data);request_bytes+=len(data)
                                                   ^^^^
AssertionError
Unhandled exception in client_connected_cb
transport: <asyncio.sslproto._SSLProtocolTransport object at 0x10785dd00>
Traceback (most recent call last):
  File "/Users/divyanshgolyan/.codex/worktrees/4511/onepage/research/transport-memory/asymmetric_server.py", line 39, in accept
    data=await reader.read(min(left,16384));assert data;hasher.update(data);left-=len(data);request_bytes+=len(data)
                                                   ^^^^
AssertionError
Unhandled exception in client_connected_cb
transport: <asyncio.sslproto._SSLProtocolTransport object at 0x10785dc70>
Traceback (most recent call last):
  File "/Users/divyanshgolyan/.codex/worktrees/4511/onepage/research/transport-memory/asymmetric_server.py", line 39, in accept
    data=await reader.read(min(left,16384));assert data;hasher.update(data);left-=len(data);request_bytes+=len(data)
                                                   ^^^^
AssertionError
Unhandled exception in client_connected_cb
transport: <asyncio.sslproto._SSLProtocolTransport object at 0x10785dbe0>
Traceback (most recent call last):
  File "/Users/divyanshgolyan/.codex/worktrees/4511/onepage/research/transport-memory/asymmetric_server.py", line 39, in accept
    data=await reader.read(min(left,16384));assert data;hasher.update(data);left-=len(data);request_bytes+=len(data)
                                                   ^^^^
AssertionError
Unhandled exception in client_connected_cb
transport: <asyncio.sslproto._SSLProtocolTransport object at 0x10785db50>
Traceback (most recent call last):
  File "/Users/divyanshgolyan/.codex/worktrees/4511/onepage/research/transport-memory/asymmetric_server.py", line 39, in accept
    data=await reader.read(min(left,16384));assert data;hasher.update(data);left-=len(data);request_bytes+=len(data)
                                                   ^^^^
AssertionError
Unhandled exception in client_connected_cb
transport: <asyncio.sslproto._SSLProtocolTransport object at 0x10785dac0>
Traceback (most recent call last):
  File "/Users/divyanshgolyan/.codex/worktrees/4511/onepage/research/transport-memory/asymmetric_server.py", line 39, in accept
    data=await reader.read(min(left,16384));assert data;hasher.update(data);left-=len(data);request_bytes+=len(data)
                                                   ^^^^
AssertionError
Unhandled exception in client_connected_cb
transport: <asyncio.sslproto._SSLProtocolTransport object at 0x10785da30>
Traceback (most recent call last):
  File "/Users/divyanshgolyan/.codex/worktrees/4511/onepage/research/transport-memory/asymmetric_server.py", line 39, in accept
    data=await reader.read(min(left,16384));assert data;hasher.update(data);left-=len(data);request_bytes+=len(data)
                                                   ^^^^
AssertionError
Unhandled exception in client_connected_cb
transport: <asyncio.sslproto._SSLProtocolTransport object at 0x10785d9a0>
Traceback (most recent call last):
  File "/Users/divyanshgolyan/.codex/worktrees/4511/onepage/research/transport-memory/asymmetric_server.py", line 39, in accept
    data=await reader.read(min(left,16384));assert data;hasher.update(data);left-=len(data);request_bytes+=len(data)
                                                   ^^^^
AssertionError
Unhandled exception in client_connected_cb
transport: <asyncio.sslproto._SSLProtocolTransport object at 0x10785d910>
Traceback (most recent call last):
  File "/Users/divyanshgolyan/.codex/worktrees/4511/onepage/research/transport-memory/asymmetric_server.py", line 39, in accept
    data=await reader.read(min(left,16384));assert data;hasher.update(data);left-=len(data);request_bytes+=len(data)
                                                   ^^^^
AssertionError
Unhandled exception in client_connected_cb
transport: <asyncio.sslproto._SSLProtocolTransport object at 0x10785d880>
Traceback (most recent call last):
  File "/Users/divyanshgolyan/.codex/worktrees/4511/onepage/research/transport-memory/asymmetric_server.py", line 39, in accept
    data=await reader.read(min(left,16384));assert data;hasher.update(data);left-=len(data);request_bytes+=len(data)
                                                   ^^^^
AssertionError
Unhandled exception in client_connected_cb
transport: <asyncio.sslproto._SSLProtocolTransport object at 0x10785d7f0>
Traceback (most recent call last):
  File "/Users/divyanshgolyan/.codex/worktrees/4511/onepage/research/transport-memory/asymmetric_server.py", line 39, in accept
    data=await reader.read(min(left,16384));assert data;hasher.update(data);left-=len(data);request_bytes+=len(data)
                                                   ^^^^
AssertionError
Unhandled exception in client_connected_cb
transport: <asyncio.sslproto._SSLProtocolTransport object at 0x10785d760>
Traceback (most recent call last):
  File "/Users/divyanshgolyan/.codex/worktrees/4511/onepage/research/transport-memory/asymmetric_server.py", line 39, in accept
    data=await reader.read(min(left,16384));assert data;hasher.update(data);left-=len(data);request_bytes+=len(data)
                                                   ^^^^
AssertionError
Unhandled exception in client_connected_cb
transport: <asyncio.sslproto._SSLProtocolTransport object at 0x10785d6d0>
Traceback (most recent call last):
  File "/Users/divyanshgolyan/.codex/worktrees/4511/onepage/research/transport-memory/asymmetric_server.py", line 39, in accept
    data=await reader.read(min(left,16384));assert data;hasher.update(data);left-=len(data);request_bytes+=len(data)
                                                   ^^^^
AssertionError
Unhandled exception in client_connected_cb
transport: <asyncio.sslproto._SSLProtocolTransport object at 0x10785d640>
Traceback (most recent call last):
  File "/Users/divyanshgolyan/.codex/worktrees/4511/onepage/research/transport-memory/asymmetric_server.py", line 39, in accept
    data=await reader.read(min(left,16384));assert data;hasher.update(data);left-=len(data);request_bytes+=len(data)
                                                   ^^^^
AssertionError
Unhandled exception in client_connected_cb
transport: <asyncio.sslproto._SSLProtocolTransport object at 0x10785d5b0>
Traceback (most recent call last):
  File "/Users/divyanshgolyan/.codex/worktrees/4511/onepage/research/transport-memory/asymmetric_server.py", line 39, in accept
    data=await reader.read(min(left,16384));assert data;hasher.update(data);left-=len(data);request_bytes+=len(data)
                                                   ^^^^
AssertionError
Unhandled exception in client_connected_cb
transport: <asyncio.sslproto._SSLProtocolTransport object at 0x10785d520>
Traceback (most recent call last):
  File "/Users/divyanshgolyan/.codex/worktrees/4511/onepage/research/transport-memory/asymmetric_server.py", line 39, in accept
    data=await reader.read(min(left,16384));assert data;hasher.update(data);left-=len(data);request_bytes+=len(data)
                                                   ^^^^
AssertionError
Unhandled exception in client_connected_cb
transport: <asyncio.sslproto._SSLProtocolTransport object at 0x10785d490>
Traceback (most recent call last):
  File "/Users/divyanshgolyan/.codex/worktrees/4511/onepage/research/transport-memory/asymmetric_server.py", line 39, in accept
    data=await reader.read(min(left,16384));assert data;hasher.update(data);left-=len(data);request_bytes+=len(data)
                                                   ^^^^
AssertionError
Unhandled exception in client_connected_cb
transport: <asyncio.sslproto._SSLProtocolTransport object at 0x10785d400>
Traceback (most recent call last):
  File "/Users/divyanshgolyan/.codex/worktrees/4511/onepage/research/transport-memory/asymmetric_server.py", line 39, in accept
    data=await reader.read(min(left,16384));assert data;hasher.update(data);left-=len(data);request_bytes+=len(data)
                                                   ^^^^
AssertionError
Unhandled exception in client_connected_cb
transport: <asyncio.sslproto._SSLProtocolTransport object at 0x10785d370>
Traceback (most recent call last):
  File "/Users/divyanshgolyan/.codex/worktrees/4511/onepage/research/transport-memory/asymmetric_server.py", line 39, in accept
    data=await reader.read(min(left,16384));assert data;hasher.update(data);left-=len(data);request_bytes+=len(data)
                                                   ^^^^
AssertionError
Unhandled exception in client_connected_cb
transport: <asyncio.sslproto._SSLProtocolTransport object at 0x10785d2e0>
Traceback (most recent call last):
  File "/Users/divyanshgolyan/.codex/worktrees/4511/onepage/research/transport-memory/asymmetric_server.py", line 39, in accept
    data=await reader.read(min(left,16384));assert data;hasher.update(data);left-=len(data);request_bytes+=len(data)
                                                   ^^^^
AssertionError
Unhandled exception in client_connected_cb
transport: <asyncio.sslproto._SSLProtocolTransport object at 0x10785d250>
Traceback (most recent call last):
  File "/Users/divyanshgolyan/.codex/worktrees/4511/onepage/research/transport-memory/asymmetric_server.py", line 39, in accept
    data=await reader.read(min(left,16384));assert data;hasher.update(data);left-=len(data);request_bytes+=len(data)
                                                   ^^^^
AssertionError
Unhandled exception in client_connected_cb
transport: <asyncio.sslproto._SSLProtocolTransport object at 0x10785d1c0>
Traceback (most recent call last):
  File "/Users/divyanshgolyan/.codex/worktrees/4511/onepage/research/transport-memory/asymmetric_server.py", line 39, in accept
    data=await reader.read(min(left,16384));assert data;hasher.update(data);left-=len(data);request_bytes+=len(data)
                                                   ^^^^
AssertionError
Unhandled exception in client_connected_cb
transport: <asyncio.sslproto._SSLProtocolTransport object at 0x10785d130>
Traceback (most recent call last):
  File "/Users/divyanshgolyan/.codex/worktrees/4511/onepage/research/transport-memory/asymmetric_server.py", line 39, in accept
    data=await reader.read(min(left,16384));assert data;hasher.update(data);left-=len(data);request_bytes+=len(data)
                                                   ^^^^
AssertionError
Unhandled exception in client_connected_cb
transport: <asyncio.sslproto._SSLProtocolTransport object at 0x10785d0a0>
Traceback (most recent call last):
  File "/Users/divyanshgolyan/.codex/worktrees/4511/onepage/research/transport-memory/asymmetric_server.py", line 39, in accept
    data=await reader.read(min(left,16384));assert data;hasher.update(data);left-=len(data);request_bytes+=len(data)
                                                   ^^^^
AssertionError
Unhandled exception in client_connected_cb
transport: <asyncio.sslproto._SSLProtocolTransport object at 0x10785d010>
Traceback (most recent call last):
  File "/Users/divyanshgolyan/.codex/worktrees/4511/onepage/research/transport-memory/asymmetric_server.py", line 39, in accept
    data=await reader.read(min(left,16384));assert data;hasher.update(data);left-=len(data);request_bytes+=len(data)
                                                   ^^^^
AssertionError
Unhandled exception in client_connected_cb
transport: <asyncio.sslproto._SSLProtocolTransport object at 0x10785cf80>
Traceback (most recent call last):
  File "/Users/divyanshgolyan/.codex/worktrees/4511/onepage/research/transport-memory/asymmetric_server.py", line 39, in accept
    data=await reader.read(min(left,16384));assert data;hasher.update(data);left-=len(data);request_bytes+=len(data)
                                                   ^^^^
AssertionError
Unhandled exception in client_connected_cb
transport: <asyncio.sslproto._SSLProtocolTransport object at 0x10785cef0>
Traceback (most recent call last):
  File "/Users/divyanshgolyan/.codex/worktrees/4511/onepage/research/transport-memory/asymmetric_server.py", line 39, in accept
    data=await reader.read(min(left,16384));assert data;hasher.update(data);left-=len(data);request_bytes+=len(data)
                                                   ^^^^
AssertionError
Unhandled exception in client_connected_cb
transport: <asyncio.sslproto._SSLProtocolTransport object at 0x10785ce60>
Traceback (most recent call last):
  File "/Users/divyanshgolyan/.codex/worktrees/4511/onepage/research/transport-memory/asymmetric_server.py", line 39, in accept
    data=await reader.read(min(left,16384));assert data;hasher.update(data);left-=len(data);request_bytes+=len(data)
                                                   ^^^^
AssertionError
Unhandled exception in client_connected_cb
transport: <asyncio.sslproto._SSLProtocolTransport object at 0x10785cdd0>
Traceback (most recent call last):
  File "/Users/divyanshgolyan/.codex/worktrees/4511/onepage/research/transport-memory/asymmetric_server.py", line 39, in accept
    data=await reader.read(min(left,16384));assert data;hasher.update(data);left-=len(data);request_bytes+=len(data)
                                                   ^^^^
AssertionError
Unhandled exception in client_connected_cb
transport: <asyncio.sslproto._SSLProtocolTransport object at 0x10785cd40>
Traceback (most recent call last):
  File "/Users/divyanshgolyan/.codex/worktrees/4511/onepage/research/transport-memory/asymmetric_server.py", line 39, in accept
    data=await reader.read(min(left,16384));assert data;hasher.update(data);left-=len(data);request_bytes+=len(data)
                                                   ^^^^
AssertionError
Unhandled exception in client_connected_cb
transport: <asyncio.sslproto._SSLProtocolTransport object at 0x10785ccb0>
Traceback (most recent call last):
  File "/Users/divyanshgolyan/.codex/worktrees/4511/onepage/research/transport-memory/asymmetric_server.py", line 39, in accept
    data=await reader.read(min(left,16384));assert data;hasher.update(data);left-=len(data);request_bytes+=len(data)
                                                   ^^^^
AssertionError
Unhandled exception in client_connected_cb
transport: <asyncio.sslproto._SSLProtocolTransport object at 0x10785cc20>
Traceback (most recent call last):
  File "/Users/divyanshgolyan/.codex/worktrees/4511/onepage/research/transport-memory/asymmetric_server.py", line 39, in accept
    data=await reader.read(min(left,16384));assert data;hasher.update(data);left-=len(data);request_bytes+=len(data)
                                                   ^^^^
AssertionError
Unhandled exception in client_connected_cb
transport: <asyncio.sslproto._SSLProtocolTransport object at 0x10785cb90>
Traceback (most recent call last):
  File "/Users/divyanshgolyan/.codex/worktrees/4511/onepage/research/transport-memory/asymmetric_server.py", line 39, in accept
    data=await reader.read(min(left,16384));assert data;hasher.update(data);left-=len(data);request_bytes+=len(data)
                                                   ^^^^
AssertionError
Unhandled exception in client_connected_cb
transport: <asyncio.sslproto._SSLProtocolTransport object at 0x10785cb00>
Traceback (most recent call last):
  File "/Users/divyanshgolyan/.codex/worktrees/4511/onepage/research/transport-memory/asymmetric_server.py", line 39, in accept
    data=await reader.read(min(left,16384));assert data;hasher.update(data);left-=len(data);request_bytes+=len(data)
                                                   ^^^^
AssertionError
Unhandled exception in client_connected_cb
transport: <asyncio.sslproto._SSLProtocolTransport object at 0x10785ca70>
Traceback (most recent call last):
  File "/Users/divyanshgolyan/.codex/worktrees/4511/onepage/research/transport-memory/asymmetric_server.py", line 39, in accept
    data=await reader.read(min(left,16384));assert data;hasher.update(data);left-=len(data);request_bytes+=len(data)
                                                   ^^^^
AssertionError
Unhandled exception in client_connected_cb
transport: <asyncio.sslproto._SSLProtocolTransport object at 0x10785c9e0>
Traceback (most recent call last):
  File "/Users/divyanshgolyan/.codex/worktrees/4511/onepage/research/transport-memory/asymmetric_server.py", line 39, in accept
    data=await reader.read(min(left,16384));assert data;hasher.update(data);left-=len(data);request_bytes+=len(data)
                                                   ^^^^
AssertionError
Unhandled exception in client_connected_cb
transport: <asyncio.sslproto._SSLProtocolTransport object at 0x10785c950>
Traceback (most recent call last):
  File "/Users/divyanshgolyan/.codex/worktrees/4511/onepage/research/transport-memory/asymmetric_server.py", line 39, in accept
    data=await reader.read(min(left,16384));assert data;hasher.update(data);left-=len(data);request_bytes+=len(data)
                                                   ^^^^
AssertionError
Unhandled exception in client_connected_cb
transport: <asyncio.sslproto._SSLProtocolTransport object at 0x10785c8c0>
Traceback (most recent call last):
  File "/Users/divyanshgolyan/.codex/worktrees/4511/onepage/research/transport-memory/asymmetric_server.py", line 39, in accept
    data=await reader.read(min(left,16384));assert data;hasher.update(data);left-=len(data);request_bytes+=len(data)
                                                   ^^^^
AssertionError
Unhandled exception in client_connected_cb
transport: <asyncio.sslproto._SSLProtocolTransport object at 0x10785c830>
Traceback (most recent call last):
  File "/Users/divyanshgolyan/.codex/worktrees/4511/onepage/research/transport-memory/asymmetric_server.py", line 39, in accept
    data=await reader.read(min(left,16384));assert data;hasher.update(data);left-=len(data);request_bytes+=len(data)
                                                   ^^^^
AssertionError
Unhandled exception in client_connected_cb
transport: <asyncio.sslproto._SSLProtocolTransport object at 0x10785c7a0>
Traceback (most recent call last):
  File "/Users/divyanshgolyan/.codex/worktrees/4511/onepage/research/transport-memory/asymmetric_server.py", line 39, in accept
    data=await reader.read(min(left,16384));assert data;hasher.update(data);left-=len(data);request_bytes+=len(data)
                                                   ^^^^
AssertionError
Unhandled exception in client_connected_cb
transport: <asyncio.sslproto._SSLProtocolTransport object at 0x10785c710>
Traceback (most recent call last):
  File "/Users/divyanshgolyan/.codex/worktrees/4511/onepage/research/transport-memory/asymmetric_server.py", line 39, in accept
    data=await reader.read(min(left,16384));assert data;hasher.update(data);left-=len(data);request_bytes+=len(data)
                                                   ^^^^
AssertionError
Unhandled exception in client_connected_cb
transport: <asyncio.sslproto._SSLProtocolTransport object at 0x10785c680>
Traceback (most recent call last):
  File "/Users/divyanshgolyan/.codex/worktrees/4511/onepage/research/transport-memory/asymmetric_server.py", line 39, in accept
    data=await reader.read(min(left,16384));assert data;hasher.update(data);left-=len(data);request_bytes+=len(data)
                                                   ^^^^
AssertionError
Unhandled exception in client_connected_cb
transport: <asyncio.sslproto._SSLProtocolTransport object at 0x10785c5f0>
Traceback (most recent call last):
  File "/Users/divyanshgolyan/.codex/worktrees/4511/onepage/research/transport-memory/asymmetric_server.py", line 39, in accept
    data=await reader.read(min(left,16384));assert data;hasher.update(data);left-=len(data);request_bytes+=len(data)
                                                   ^^^^
AssertionError
Unhandled exception in client_connected_cb
transport: <asyncio.sslproto._SSLProtocolTransport object at 0x10785c560>
Traceback (most recent call last):
  File "/Users/divyanshgolyan/.codex/worktrees/4511/onepage/research/transport-memory/asymmetric_server.py", line 39, in accept
    data=await reader.read(min(left,16384));assert data;hasher.update(data);left-=len(data);request_bytes+=len(data)
                                                   ^^^^
AssertionError
Unhandled exception in client_connected_cb
transport: <asyncio.sslproto._SSLProtocolTransport object at 0x10785c4d0>
Traceback (most recent call last):
  File "/Users/divyanshgolyan/.codex/worktrees/4511/onepage/research/transport-memory/asymmetric_server.py", line 39, in accept
    data=await reader.read(min(left,16384));assert data;hasher.update(data);left-=len(data);request_bytes+=len(data)
                                                   ^^^^
AssertionError
Unhandled exception in client_connected_cb
transport: <asyncio.sslproto._SSLProtocolTransport object at 0x10785c440>
Traceback (most recent call last):
  File "/Users/divyanshgolyan/.codex/worktrees/4511/onepage/research/transport-memory/asymmetric_server.py", line 39, in accept
    data=await reader.read(min(left,16384));assert data;hasher.update(data);left-=len(data);request_bytes+=len(data)
                                                   ^^^^
AssertionError
Unhandled exception in client_connected_cb
transport: <asyncio.sslproto._SSLProtocolTransport object at 0x10785c3b0>
Traceback (most recent call last):
  File "/Users/divyanshgolyan/.codex/worktrees/4511/onepage/research/transport-memory/asymmetric_server.py", line 39, in accept
    data=await reader.read(min(left,16384));assert data;hasher.update(data);left-=len(data);request_bytes+=len(data)
                                                   ^^^^
AssertionError
Unhandled exception in client_connected_cb
transport: <asyncio.sslproto._SSLProtocolTransport object at 0x10785c320>
Traceback (most recent call last):
  File "/Users/divyanshgolyan/.codex/worktrees/4511/onepage/research/transport-memory/asymmetric_server.py", line 39, in accept
    data=await reader.read(min(left,16384));assert data;hasher.update(data);left-=len(data);request_bytes+=len(data)
                                                   ^^^^
AssertionError
Unhandled exception in client_connected_cb
transport: <asyncio.sslproto._SSLProtocolTransport object at 0x10785c290>
Traceback (most recent call last):
  File "/Users/divyanshgolyan/.codex/worktrees/4511/onepage/research/transport-memory/asymmetric_server.py", line 39, in accept
    data=await reader.read(min(left,16384));assert data;hasher.update(data);left-=len(data);request_bytes+=len(data)
                                                   ^^^^
AssertionError
Unhandled exception in client_connected_cb
transport: <asyncio.sslproto._SSLProtocolTransport object at 0x10785c200>
Traceback (most recent call last):
  File "/Users/divyanshgolyan/.codex/worktrees/4511/onepage/research/transport-memory/asymmetric_server.py", line 39, in accept
    data=await reader.read(min(left,16384));assert data;hasher.update(data);left-=len(data);request_bytes+=len(data)
                                                   ^^^^
AssertionError
Unhandled exception in client_connected_cb
transport: <asyncio.sslproto._SSLProtocolTransport object at 0x10785c170>
Traceback (most recent call last):
  File "/Users/divyanshgolyan/.codex/worktrees/4511/onepage/research/transport-memory/asymmetric_server.py", line 39, in accept
    data=await reader.read(min(left,16384));assert data;hasher.update(data);left-=len(data);request_bytes+=len(data)
                                                   ^^^^
AssertionError
Unhandled exception in client_connected_cb
transport: <asyncio.sslproto._SSLProtocolTransport object at 0x10785c0e0>
Traceback (most recent call last):
  File "/Users/divyanshgolyan/.codex/worktrees/4511/onepage/research/transport-memory/asymmetric_server.py", line 39, in accept
    data=await reader.read(min(left,16384));assert data;hasher.update(data);left-=len(data);request_bytes+=len(data)
                                                   ^^^^
AssertionError
Unhandled exception in client_connected_cb
transport: <asyncio.sslproto._SSLProtocolTransport object at 0x10785c050>
Traceback (most recent call last):
  File "/Users/divyanshgolyan/.codex/worktrees/4511/onepage/research/transport-memory/asymmetric_server.py", line 39, in accept
    data=await reader.read(min(left,16384));assert data;hasher.update(data);left-=len(data);request_bytes+=len(data)
                                                   ^^^^
AssertionError
Unhandled exception in client_connected_cb
transport: <asyncio.sslproto._SSLProtocolTransport object at 0x106657f50>
Traceback (most recent call last):
  File "/Users/divyanshgolyan/.codex/worktrees/4511/onepage/research/transport-memory/asymmetric_server.py", line 39, in accept
    data=await reader.read(min(left,16384));assert data;hasher.update(data);left-=len(data);request_bytes+=len(data)
                                                   ^^^^
AssertionError
Unhandled exception in client_connected_cb
transport: <asyncio.sslproto._SSLProtocolTransport object at 0x106657ec0>
Traceback (most recent call last):
  File "/Users/divyanshgolyan/.codex/worktrees/4511/onepage/research/transport-memory/asymmetric_server.py", line 39, in accept
    data=await reader.read(min(left,16384));assert data;hasher.update(data);left-=len(data);request_bytes+=len(data)
                                                   ^^^^
AssertionError
Unhandled exception in client_connected_cb
transport: <asyncio.sslproto._SSLProtocolTransport object at 0x106657e30>
Traceback (most recent call last):
  File "/Users/divyanshgolyan/.codex/worktrees/4511/onepage/research/transport-memory/asymmetric_server.py", line 39, in accept
    data=await reader.read(min(left,16384));assert data;hasher.update(data);left-=len(data);request_bytes+=len(data)
                                                   ^^^^
AssertionError
Unhandled exception in client_connected_cb
transport: <asyncio.sslproto._SSLProtocolTransport object at 0x106657da0>
Traceback (most recent call last):
  File "/Users/divyanshgolyan/.codex/worktrees/4511/onepage/research/transport-memory/asymmetric_server.py", line 39, in accept
    data=await reader.read(min(left,16384));assert data;hasher.update(data);left-=len(data);request_bytes+=len(data)
                                                   ^^^^
AssertionError
Unhandled exception in client_connected_cb
transport: <asyncio.sslproto._SSLProtocolTransport object at 0x106657d10>
Traceback (most recent call last):
  File "/Users/divyanshgolyan/.codex/worktrees/4511/onepage/research/transport-memory/asymmetric_server.py", line 39, in accept
    data=await reader.read(min(left,16384));assert data;hasher.update(data);left-=len(data);request_bytes+=len(data)
                                                   ^^^^
AssertionError
Unhandled exception in client_connected_cb
transport: <asyncio.sslproto._SSLProtocolTransport object at 0x106657c80>
Traceback (most recent call last):
  File "/Users/divyanshgolyan/.codex/worktrees/4511/onepage/research/transport-memory/asymmetric_server.py", line 39, in accept
    data=await reader.read(min(left,16384));assert data;hasher.update(data);left-=len(data);request_bytes+=len(data)
                                                   ^^^^
AssertionError
Unhandled exception in client_connected_cb
transport: <asyncio.sslproto._SSLProtocolTransport object at 0x106657bf0>
Traceback (most recent call last):
  File "/Users/divyanshgolyan/.codex/worktrees/4511/onepage/research/transport-memory/asymmetric_server.py", line 39, in accept
    data=await reader.read(min(left,16384));assert data;hasher.update(data);left-=len(data);request_bytes+=len(data)
                                                   ^^^^
AssertionError
Unhandled exception in client_connected_cb
transport: <asyncio.sslproto._SSLProtocolTransport object at 0x106657b60>
Traceback (most recent call last):
  File "/Users/divyanshgolyan/.codex/worktrees/4511/onepage/research/transport-memory/asymmetric_server.py", line 39, in accept
    data=await reader.read(min(left,16384));assert data;hasher.update(data);left-=len(data);request_bytes+=len(data)
                                                   ^^^^
AssertionError
Unhandled exception in client_connected_cb
transport: <asyncio.sslproto._SSLProtocolTransport object at 0x106657a40>
Traceback (most recent call last):
  File "/Users/divyanshgolyan/.codex/worktrees/4511/onepage/research/transport-memory/asymmetric_server.py", line 39, in accept
    data=await reader.read(min(left,16384));assert data;hasher.update(data);left-=len(data);request_bytes+=len(data)
                                                   ^^^^
AssertionError
Unhandled exception in client_connected_cb
transport: <asyncio.sslproto._SSLProtocolTransport object at 0x1066579b0>
Traceback (most recent call last):
  File "/Users/divyanshgolyan/.codex/worktrees/4511/onepage/research/transport-memory/asymmetric_server.py", line 39, in accept
    data=await reader.read(min(left,16384));assert data;hasher.update(data);left-=len(data);request_bytes+=len(data)
                                                   ^^^^
AssertionError
Unhandled exception in client_connected_cb
transport: <asyncio.sslproto._SSLProtocolTransport object at 0x106657920>
Traceback (most recent call last):
  File "/Users/divyanshgolyan/.codex/worktrees/4511/onepage/research/transport-memory/asymmetric_server.py", line 39, in accept
    data=await reader.read(min(left,16384));assert data;hasher.update(data);left-=len(data);request_bytes+=len(data)
                                                   ^^^^
AssertionError
Unhandled exception in client_connected_cb
transport: <asyncio.sslproto._SSLProtocolTransport object at 0x106657890>
Traceback (most recent call last):
  File "/Users/divyanshgolyan/.codex/worktrees/4511/onepage/research/transport-memory/asymmetric_server.py", line 39, in accept
    data=await reader.read(min(left,16384));assert data;hasher.update(data);left-=len(data);request_bytes+=len(data)
                                                   ^^^^
AssertionError
Unhandled exception in client_connected_cb
transport: <asyncio.sslproto._SSLProtocolTransport object at 0x106657800>
Traceback (most recent call last):
  File "/Users/divyanshgolyan/.codex/worktrees/4511/onepage/research/transport-memory/asymmetric_server.py", line 39, in accept
    data=await reader.read(min(left,16384));assert data;hasher.update(data);left-=len(data);request_bytes+=len(data)
                                                   ^^^^
AssertionError
Unhandled exception in client_connected_cb
transport: <asyncio.sslproto._SSLProtocolTransport object at 0x106657770>
Traceback (most recent call last):
  File "/Users/divyanshgolyan/.codex/worktrees/4511/onepage/research/transport-memory/asymmetric_server.py", line 39, in accept
    data=await reader.read(min(left,16384));assert data;hasher.update(data);left-=len(data);request_bytes+=len(data)
                                                   ^^^^
AssertionError
Unhandled exception in client_connected_cb
transport: <asyncio.sslproto._SSLProtocolTransport object at 0x1066576e0>
Traceback (most recent call last):
  File "/Users/divyanshgolyan/.codex/worktrees/4511/onepage/research/transport-memory/asymmetric_server.py", line 39, in accept
    data=await reader.read(min(left,16384));assert data;hasher.update(data);left-=len(data);request_bytes+=len(data)
                                                   ^^^^
AssertionError
Unhandled exception in client_connected_cb
transport: <asyncio.sslproto._SSLProtocolTransport object at 0x1066575c0>
Traceback (most recent call last):
  File "/Users/divyanshgolyan/.codex/worktrees/4511/onepage/research/transport-memory/asymmetric_server.py", line 39, in accept
    data=await reader.read(min(left,16384));assert data;hasher.update(data);left-=len(data);request_bytes+=len(data)
                                                   ^^^^
AssertionError
Unhandled exception in client_connected_cb
transport: <asyncio.sslproto._SSLProtocolTransport object at 0x106657530>
Traceback (most recent call last):
  File "/Users/divyanshgolyan/.codex/worktrees/4511/onepage/research/transport-memory/asymmetric_server.py", line 39, in accept
    data=await reader.read(min(left,16384));assert data;hasher.update(data);left-=len(data);request_bytes+=len(data)
                                                   ^^^^
AssertionError
Unhandled exception in client_connected_cb
transport: <asyncio.sslproto._SSLProtocolTransport object at 0x1066574a0>
Traceback (most recent call last):
  File "/Users/divyanshgolyan/.codex/worktrees/4511/onepage/research/transport-memory/asymmetric_server.py", line 39, in accept
    data=await reader.read(min(left,16384));assert data;hasher.update(data);left-=len(data);request_bytes+=len(data)
                                                   ^^^^
AssertionError
Unhandled exception in client_connected_cb
transport: <asyncio.sslproto._SSLProtocolTransport object at 0x106657410>
Traceback (most recent call last):
  File "/Users/divyanshgolyan/.codex/worktrees/4511/onepage/research/transport-memory/asymmetric_server.py", line 39, in accept
    data=await reader.read(min(left,16384));assert data;hasher.update(data);left-=len(data);request_bytes+=len(data)
                                                   ^^^^
AssertionError
Unhandled exception in client_connected_cb
transport: <asyncio.sslproto._SSLProtocolTransport object at 0x106657380>
Traceback (most recent call last):
  File "/Users/divyanshgolyan/.codex/worktrees/4511/onepage/research/transport-memory/asymmetric_server.py", line 39, in accept
    data=await reader.read(min(left,16384));assert data;hasher.update(data);left-=len(data);request_bytes+=len(data)
                                                   ^^^^
AssertionError
Unhandled exception in client_connected_cb
transport: <asyncio.sslproto._SSLProtocolTransport object at 0x1066572f0>
Traceback (most recent call last):
  File "/Users/divyanshgolyan/.codex/worktrees/4511/onepage/research/transport-memory/asymmetric_server.py", line 39, in accept
    data=await reader.read(min(left,16384));assert data;hasher.update(data);left-=len(data);request_bytes+=len(data)
                                                   ^^^^
AssertionError
Unhandled exception in client_connected_cb
transport: <asyncio.sslproto._SSLProtocolTransport object at 0x106657260>
Traceback (most recent call last):
  File "/Users/divyanshgolyan/.codex/worktrees/4511/onepage/research/transport-memory/asymmetric_server.py", line 39, in accept
    data=await reader.read(min(left,16384));assert data;hasher.update(data);left-=len(data);request_bytes+=len(data)
                                                   ^^^^
AssertionError
Unhandled exception in client_connected_cb
transport: <asyncio.sslproto._SSLProtocolTransport object at 0x1066571d0>
Traceback (most recent call last):
  File "/Users/divyanshgolyan/.codex/worktrees/4511/onepage/research/transport-memory/asymmetric_server.py", line 39, in accept
    data=await reader.read(min(left,16384));assert data;hasher.update(data);left-=len(data);request_bytes+=len(data)
                                                   ^^^^
AssertionError
Unhandled exception in client_connected_cb
transport: <asyncio.sslproto._SSLProtocolTransport object at 0x106657140>
Traceback (most recent call last):
  File "/Users/divyanshgolyan/.codex/worktrees/4511/onepage/research/transport-memory/asymmetric_server.py", line 39, in accept
    data=await reader.read(min(left,16384));assert data;hasher.update(data);left-=len(data);request_bytes+=len(data)
                                                   ^^^^
AssertionError
Unhandled exception in client_connected_cb
transport: <asyncio.sslproto._SSLProtocolTransport object at 0x1066570b0>
Traceback (most recent call last):
  File "/Users/divyanshgolyan/.codex/worktrees/4511/onepage/research/transport-memory/asymmetric_server.py", line 39, in accept
    data=await reader.read(min(left,16384));assert data;hasher.update(data);left-=len(data);request_bytes+=len(data)
                                                   ^^^^
AssertionError
Unhandled exception in client_connected_cb
transport: <asyncio.sslproto._SSLProtocolTransport object at 0x106657020>
Traceback (most recent call last):
  File "/Users/divyanshgolyan/.codex/worktrees/4511/onepage/research/transport-memory/asymmetric_server.py", line 39, in accept
    data=await reader.read(min(left,16384));assert data;hasher.update(data);left-=len(data);request_bytes+=len(data)
                                                   ^^^^
AssertionError
Unhandled exception in client_connected_cb
transport: <asyncio.sslproto._SSLProtocolTransport object at 0x106656f90>
Traceback (most recent call last):
  File "/Users/divyanshgolyan/.codex/worktrees/4511/onepage/research/transport-memory/asymmetric_server.py", line 39, in accept
    data=await reader.read(min(left,16384));assert data;hasher.update(data);left-=len(data);request_bytes+=len(data)
                                                   ^^^^
AssertionError
Unhandled exception in client_connected_cb
transport: <asyncio.sslproto._SSLProtocolTransport object at 0x106656f00>
Traceback (most recent call last):
  File "/Users/divyanshgolyan/.codex/worktrees/4511/onepage/research/transport-memory/asymmetric_server.py", line 39, in accept
    data=await reader.read(min(left,16384));assert data;hasher.update(data);left-=len(data);request_bytes+=len(data)
                                                   ^^^^
AssertionError
Unhandled exception in client_connected_cb
transport: <asyncio.sslproto._SSLProtocolTransport object at 0x106656e70>
Traceback (most recent call last):
  File "/Users/divyanshgolyan/.codex/worktrees/4511/onepage/research/transport-memory/asymmetric_server.py", line 39, in accept
    data=await reader.read(min(left,16384));assert data;hasher.update(data);left-=len(data);request_bytes+=len(data)
                                                   ^^^^
AssertionError
Unhandled exception in client_connected_cb
transport: <asyncio.sslproto._SSLProtocolTransport object at 0x106656de0>
Traceback (most recent call last):
  File "/Users/divyanshgolyan/.codex/worktrees/4511/onepage/research/transport-memory/asymmetric_server.py", line 39, in accept
    data=await reader.read(min(left,16384));assert data;hasher.update(data);left-=len(data);request_bytes+=len(data)
                                                   ^^^^
AssertionError
Unhandled exception in client_connected_cb
transport: <asyncio.sslproto._SSLProtocolTransport object at 0x106656d50>
Traceback (most recent call last):
  File "/Users/divyanshgolyan/.codex/worktrees/4511/onepage/research/transport-memory/asymmetric_server.py", line 39, in accept
    data=await reader.read(min(left,16384));assert data;hasher.update(data);left-=len(data);request_bytes+=len(data)
                                                   ^^^^
AssertionError
Unhandled exception in client_connected_cb
transport: <asyncio.sslproto._SSLProtocolTransport object at 0x106656cc0>
Traceback (most recent call last):
  File "/Users/divyanshgolyan/.codex/worktrees/4511/onepage/research/transport-memory/asymmetric_server.py", line 39, in accept
    data=await reader.read(min(left,16384));assert data;hasher.update(data);left-=len(data);request_bytes+=len(data)
                                                   ^^^^
AssertionError
Unhandled exception in client_connected_cb
transport: <asyncio.sslproto._SSLProtocolTransport object at 0x106656c30>
Traceback (most recent call last):
  File "/Users/divyanshgolyan/.codex/worktrees/4511/onepage/research/transport-memory/asymmetric_server.py", line 39, in accept
    data=await reader.read(min(left,16384));assert data;hasher.update(data);left-=len(data);request_bytes+=len(data)
                                                   ^^^^
AssertionError
Unhandled exception in client_connected_cb
transport: <asyncio.sslproto._SSLProtocolTransport object at 0x106656ba0>
Traceback (most recent call last):
  File "/Users/divyanshgolyan/.codex/worktrees/4511/onepage/research/transport-memory/asymmetric_server.py", line 39, in accept
    data=await reader.read(min(left,16384));assert data;hasher.update(data);left-=len(data);request_bytes+=len(data)
                                                   ^^^^
AssertionError
Unhandled exception in client_connected_cb
transport: <asyncio.sslproto._SSLProtocolTransport object at 0x106656b10>
Traceback (most recent call last):
  File "/Users/divyanshgolyan/.codex/worktrees/4511/onepage/research/transport-memory/asymmetric_server.py", line 39, in accept
    data=await reader.read(min(left,16384));assert data;hasher.update(data);left-=len(data);request_bytes+=len(data)
                                                   ^^^^
AssertionError
Unhandled exception in client_connected_cb
transport: <asyncio.sslproto._SSLProtocolTransport object at 0x106656a80>
Traceback (most recent call last):
  File "/Users/divyanshgolyan/.codex/worktrees/4511/onepage/research/transport-memory/asymmetric_server.py", line 39, in accept
    data=await reader.read(min(left,16384));assert data;hasher.update(data);left-=len(data);request_bytes+=len(data)
                                                   ^^^^
AssertionError
Unhandled exception in client_connected_cb
transport: <asyncio.sslproto._SSLProtocolTransport object at 0x1066569f0>
Traceback (most recent call last):
  File "/Users/divyanshgolyan/.codex/worktrees/4511/onepage/research/transport-memory/asymmetric_server.py", line 39, in accept
    data=await reader.read(min(left,16384));assert data;hasher.update(data);left-=len(data);request_bytes+=len(data)
                                                   ^^^^
AssertionError
Unhandled exception in client_connected_cb
transport: <asyncio.sslproto._SSLProtocolTransport object at 0x106656960>
Traceback (most recent call last):
  File "/Users/divyanshgolyan/.codex/worktrees/4511/onepage/research/transport-memory/asymmetric_server.py", line 39, in accept
    data=await reader.read(min(left,16384));assert data;hasher.update(data);left-=len(data);request_bytes+=len(data)
                                                   ^^^^
AssertionError
Unhandled exception in client_connected_cb
transport: <asyncio.sslproto._SSLProtocolTransport object at 0x1066568d0>
Traceback (most recent call last):
  File "/Users/divyanshgolyan/.codex/worktrees/4511/onepage/research/transport-memory/asymmetric_server.py", line 39, in accept
    data=await reader.read(min(left,16384));assert data;hasher.update(data);left-=len(data);request_bytes+=len(data)
                                                   ^^^^
AssertionError
Unhandled exception in client_connected_cb
transport: <asyncio.sslproto._SSLProtocolTransport object at 0x106656840>
Traceback (most recent call last):
  File "/Users/divyanshgolyan/.codex/worktrees/4511/onepage/research/transport-memory/asymmetric_server.py", line 39, in accept
    data=await reader.read(min(left,16384));assert data;hasher.update(data);left-=len(data);request_bytes+=len(data)
                                                   ^^^^
AssertionError
Unhandled exception in client_connected_cb
transport: <asyncio.sslproto._SSLProtocolTransport object at 0x1066567b0>
Traceback (most recent call last):
  File "/Users/divyanshgolyan/.codex/worktrees/4511/onepage/research/transport-memory/asymmetric_server.py", line 39, in accept
    data=await reader.read(min(left,16384));assert data;hasher.update(data);left-=len(data);request_bytes+=len(data)
                                                   ^^^^
AssertionError
Unhandled exception in client_connected_cb
transport: <asyncio.sslproto._SSLProtocolTransport object at 0x106656720>
Traceback (most recent call last):
  File "/Users/divyanshgolyan/.codex/worktrees/4511/onepage/research/transport-memory/asymmetric_server.py", line 39, in accept
    data=await reader.read(min(left,16384));assert data;hasher.update(data);left-=len(data);request_bytes+=len(data)
                                                   ^^^^
AssertionError
Unhandled exception in client_connected_cb
transport: <asyncio.sslproto._SSLProtocolTransport object at 0x106656690>
Traceback (most recent call last):
  File "/Users/divyanshgolyan/.codex/worktrees/4511/onepage/research/transport-memory/asymmetric_server.py", line 39, in accept
    data=await reader.read(min(left,16384));assert data;hasher.update(data);left-=len(data);request_bytes+=len(data)
                                                   ^^^^
AssertionError
Unhandled exception in client_connected_cb
transport: <asyncio.sslproto._SSLProtocolTransport object at 0x106656600>
Traceback (most recent call last):
  File "/Users/divyanshgolyan/.codex/worktrees/4511/onepage/research/transport-memory/asymmetric_server.py", line 39, in accept
    data=await reader.read(min(left,16384));assert data;hasher.update(data);left-=len(data);request_bytes+=len(data)
                                                   ^^^^
AssertionError
Unhandled exception in client_connected_cb
transport: <asyncio.sslproto._SSLProtocolTransport object at 0x106656570>
Traceback (most recent call last):
  File "/Users/divyanshgolyan/.codex/worktrees/4511/onepage/research/transport-memory/asymmetric_server.py", line 39, in accept
    data=await reader.read(min(left,16384));assert data;hasher.update(data);left-=len(data);request_bytes+=len(data)
                                                   ^^^^
AssertionError
Unhandled exception in client_connected_cb
transport: <asyncio.sslproto._SSLProtocolTransport object at 0x1066564e0>
Traceback (most recent call last):
  File "/Users/divyanshgolyan/.codex/worktrees/4511/onepage/research/transport-memory/asymmetric_server.py", line 39, in accept
    data=await reader.read(min(left,16384));assert data;hasher.update(data);left-=len(data);request_bytes+=len(data)
                                                   ^^^^
AssertionError
Unhandled exception in client_connected_cb
transport: <asyncio.sslproto._SSLProtocolTransport object at 0x106656450>
Traceback (most recent call last):
  File "/Users/divyanshgolyan/.codex/worktrees/4511/onepage/research/transport-memory/asymmetric_server.py", line 39, in accept
    data=await reader.read(min(left,16384));assert data;hasher.update(data);left-=len(data);request_bytes+=len(data)
                                                   ^^^^
AssertionError
Unhandled exception in client_connected_cb
transport: <asyncio.sslproto._SSLProtocolTransport object at 0x1066563c0>
Traceback (most recent call last):
  File "/Users/divyanshgolyan/.codex/worktrees/4511/onepage/research/transport-memory/asymmetric_server.py", line 39, in accept
    data=await reader.read(min(left,16384));assert data;hasher.update(data);left-=len(data);request_bytes+=len(data)
                                                   ^^^^
AssertionError
Unhandled exception in client_connected_cb
transport: <asyncio.sslproto._SSLProtocolTransport object at 0x106656330>
Traceback (most recent call last):
  File "/Users/divyanshgolyan/.codex/worktrees/4511/onepage/research/transport-memory/asymmetric_server.py", line 39, in accept
    data=await reader.read(min(left,16384));assert data;hasher.update(data);left-=len(data);request_bytes+=len(data)
                                                   ^^^^
AssertionError
Unhandled exception in client_connected_cb
transport: <asyncio.sslproto._SSLProtocolTransport object at 0x1066562a0>
Traceback (most recent call last):
  File "/Users/divyanshgolyan/.codex/worktrees/4511/onepage/research/transport-memory/asymmetric_server.py", line 39, in accept
    data=await reader.read(min(left,16384));assert data;hasher.update(data);left-=len(data);request_bytes+=len(data)
                                                   ^^^^
AssertionError
Unhandled exception in client_connected_cb
transport: <asyncio.sslproto._SSLProtocolTransport object at 0x106656210>
Traceback (most recent call last):
  File "/Users/divyanshgolyan/.codex/worktrees/4511/onepage/research/transport-memory/asymmetric_server.py", line 39, in accept
    data=await reader.read(min(left,16384));assert data;hasher.update(data);left-=len(data);request_bytes+=len(data)
                                                   ^^^^
AssertionError
Unhandled exception in client_connected_cb
transport: <asyncio.sslproto._SSLProtocolTransport object at 0x106656180>
Traceback (most recent call last):
  File "/Users/divyanshgolyan/.codex/worktrees/4511/onepage/research/transport-memory/asymmetric_server.py", line 39, in accept
    data=await reader.read(min(left,16384));assert data;hasher.update(data);left-=len(data);request_bytes+=len(data)
                                                   ^^^^
AssertionError
Unhandled exception in client_connected_cb
transport: <asyncio.sslproto._SSLProtocolTransport object at 0x1066560f0>
Traceback (most recent call last):
  File "/Users/divyanshgolyan/.codex/worktrees/4511/onepage/research/transport-memory/asymmetric_server.py", line 39, in accept
    data=await reader.read(min(left,16384));assert data;hasher.update(data);left-=len(data);request_bytes+=len(data)
                                                   ^^^^
AssertionError
Unhandled exception in client_connected_cb
transport: <asyncio.sslproto._SSLProtocolTransport object at 0x106656060>
Traceback (most recent call last):
  File "/Users/divyanshgolyan/.codex/worktrees/4511/onepage/research/transport-memory/asymmetric_server.py", line 39, in accept
    data=await reader.read(min(left,16384));assert data;hasher.update(data);left-=len(data);request_bytes+=len(data)
                                                   ^^^^
AssertionError
Unhandled exception in client_connected_cb
transport: <asyncio.sslproto._SSLProtocolTransport object at 0x106655fd0>
Traceback (most recent call last):
  File "/Users/divyanshgolyan/.codex/worktrees/4511/onepage/research/transport-memory/asymmetric_server.py", line 39, in accept
    data=await reader.read(min(left,16384));assert data;hasher.update(data);left-=len(data);request_bytes+=len(data)
                                                   ^^^^
AssertionError
Unhandled exception in client_connected_cb
transport: <asyncio.sslproto._SSLProtocolTransport object at 0x106655f40>
Traceback (most recent call last):
  File "/Users/divyanshgolyan/.codex/worktrees/4511/onepage/research/transport-memory/asymmetric_server.py", line 39, in accept
    data=await reader.read(min(left,16384));assert data;hasher.update(data);left-=len(data);request_bytes+=len(data)
                                                   ^^^^
AssertionError
Unhandled exception in client_connected_cb
transport: <asyncio.sslproto._SSLProtocolTransport object at 0x106655eb0>
Traceback (most recent call last):
  File "/Users/divyanshgolyan/.codex/worktrees/4511/onepage/research/transport-memory/asymmetric_server.py", line 39, in accept
    data=await reader.read(min(left,16384));assert data;hasher.update(data);left-=len(data);request_bytes+=len(data)
                                                   ^^^^
AssertionError
Unhandled exception in client_connected_cb
transport: <asyncio.sslproto._SSLProtocolTransport object at 0x106655e20>
Traceback (most recent call last):
  File "/Users/divyanshgolyan/.codex/worktrees/4511/onepage/research/transport-memory/asymmetric_server.py", line 39, in accept
    data=await reader.read(min(left,16384));assert data;hasher.update(data);left-=len(data);request_bytes+=len(data)
                                                   ^^^^
AssertionError
Unhandled exception in client_connected_cb
transport: <asyncio.sslproto._SSLProtocolTransport object at 0x106655d90>
Traceback (most recent call last):
  File "/Users/divyanshgolyan/.codex/worktrees/4511/onepage/research/transport-memory/asymmetric_server.py", line 39, in accept
    data=await reader.read(min(left,16384));assert data;hasher.update(data);left-=len(data);request_bytes+=len(data)
                                                   ^^^^
AssertionError
Unhandled exception in client_connected_cb
transport: <asyncio.sslproto._SSLProtocolTransport object at 0x106655d00>
Traceback (most recent call last):
  File "/Users/divyanshgolyan/.codex/worktrees/4511/onepage/research/transport-memory/asymmetric_server.py", line 39, in accept
    data=await reader.read(min(left,16384));assert data;hasher.update(data);left-=len(data);request_bytes+=len(data)
                                                   ^^^^
AssertionError
Unhandled exception in client_connected_cb
transport: <asyncio.sslproto._SSLProtocolTransport object at 0x106655c70>
Traceback (most recent call last):
  File "/Users/divyanshgolyan/.codex/worktrees/4511/onepage/research/transport-memory/asymmetric_server.py", line 39, in accept
    data=await reader.read(min(left,16384));assert data;hasher.update(data);left-=len(data);request_bytes+=len(data)
                                                   ^^^^
AssertionError
Unhandled exception in client_connected_cb
transport: <asyncio.sslproto._SSLProtocolTransport object at 0x106655be0>
Traceback (most recent call last):
  File "/Users/divyanshgolyan/.codex/worktrees/4511/onepage/research/transport-memory/asymmetric_server.py", line 39, in accept
    data=await reader.read(min(left,16384));assert data;hasher.update(data);left-=len(data);request_bytes+=len(data)
                                                   ^^^^
AssertionError
Unhandled exception in client_connected_cb
transport: <asyncio.sslproto._SSLProtocolTransport object at 0x106655b50>
Traceback (most recent call last):
  File "/Users/divyanshgolyan/.codex/worktrees/4511/onepage/research/transport-memory/asymmetric_server.py", line 39, in accept
    data=await reader.read(min(left,16384));assert data;hasher.update(data);left-=len(data);request_bytes+=len(data)
                                                   ^^^^
AssertionError
Unhandled exception in client_connected_cb
transport: <asyncio.sslproto._SSLProtocolTransport object at 0x106655ac0>
Traceback (most recent call last):
  File "/Users/divyanshgolyan/.codex/worktrees/4511/onepage/research/transport-memory/asymmetric_server.py", line 39, in accept
    data=await reader.read(min(left,16384));assert data;hasher.update(data);left-=len(data);request_bytes+=len(data)
                                                   ^^^^
AssertionError
Unhandled exception in client_connected_cb
transport: <asyncio.sslproto._SSLProtocolTransport object at 0x106655a30>
Traceback (most recent call last):
  File "/Users/divyanshgolyan/.codex/worktrees/4511/onepage/research/transport-memory/asymmetric_server.py", line 39, in accept
    data=await reader.read(min(left,16384));assert data;hasher.update(data);left-=len(data);request_bytes+=len(data)
                                                   ^^^^
AssertionError
Unhandled exception in client_connected_cb
transport: <asyncio.sslproto._SSLProtocolTransport object at 0x1066559a0>
Traceback (most recent call last):
  File "/Users/divyanshgolyan/.codex/worktrees/4511/onepage/research/transport-memory/asymmetric_server.py", line 39, in accept
    data=await reader.read(min(left,16384));assert data;hasher.update(data);left-=len(data);request_bytes+=len(data)
                                                   ^^^^
AssertionError
Unhandled exception in client_connected_cb
transport: <asyncio.sslproto._SSLProtocolTransport object at 0x106655910>
Traceback (most recent call last):
  File "/Users/divyanshgolyan/.codex/worktrees/4511/onepage/research/transport-memory/asymmetric_server.py", line 39, in accept
    data=await reader.read(min(left,16384));assert data;hasher.update(data);left-=len(data);request_bytes+=len(data)
                                                   ^^^^
AssertionError
Unhandled exception in client_connected_cb
transport: <asyncio.sslproto._SSLProtocolTransport object at 0x106655880>
Traceback (most recent call last):
  File "/Users/divyanshgolyan/.codex/worktrees/4511/onepage/research/transport-memory/asymmetric_server.py", line 39, in accept
    data=await reader.read(min(left,16384));assert data;hasher.update(data);left-=len(data);request_bytes+=len(data)
                                                   ^^^^
AssertionError
Unhandled exception in client_connected_cb
transport: <asyncio.sslproto._SSLProtocolTransport object at 0x1066557f0>
Traceback (most recent call last):
  File "/Users/divyanshgolyan/.codex/worktrees/4511/onepage/research/transport-memory/asymmetric_server.py", line 39, in accept
    data=await reader.read(min(left,16384));assert data;hasher.update(data);left-=len(data);request_bytes+=len(data)
                                                   ^^^^
AssertionError
Unhandled exception in client_connected_cb
transport: <asyncio.sslproto._SSLProtocolTransport object at 0x106655760>
Traceback (most recent call last):
  File "/Users/divyanshgolyan/.codex/worktrees/4511/onepage/research/transport-memory/asymmetric_server.py", line 39, in accept
    data=await reader.read(min(left,16384));assert data;hasher.update(data);left-=len(data);request_bytes+=len(data)
                                                   ^^^^
AssertionError
Unhandled exception in client_connected_cb
transport: <asyncio.sslproto._SSLProtocolTransport object at 0x1066556d0>
Traceback (most recent call last):
  File "/Users/divyanshgolyan/.codex/worktrees/4511/onepage/research/transport-memory/asymmetric_server.py", line 39, in accept
    data=await reader.read(min(left,16384));assert data;hasher.update(data);left-=len(data);request_bytes+=len(data)
                                                   ^^^^
AssertionError
Unhandled exception in client_connected_cb
transport: <asyncio.sslproto._SSLProtocolTransport object at 0x106655640>
Traceback (most recent call last):
  File "/Users/divyanshgolyan/.codex/worktrees/4511/onepage/research/transport-memory/asymmetric_server.py", line 39, in accept
    data=await reader.read(min(left,16384));assert data;hasher.update(data);left-=len(data);request_bytes+=len(data)
                                                   ^^^^
AssertionError
Unhandled exception in client_connected_cb
transport: <asyncio.sslproto._SSLProtocolTransport object at 0x1066555b0>
Traceback (most recent call last):
  File "/Users/divyanshgolyan/.codex/worktrees/4511/onepage/research/transport-memory/asymmetric_server.py", line 39, in accept
    data=await reader.read(min(left,16384));assert data;hasher.update(data);left-=len(data);request_bytes+=len(data)
                                                   ^^^^
AssertionError
Unhandled exception in client_connected_cb
transport: <asyncio.sslproto._SSLProtocolTransport object at 0x106655520>
Traceback (most recent call last):
  File "/Users/divyanshgolyan/.codex/worktrees/4511/onepage/research/transport-memory/asymmetric_server.py", line 39, in accept
    data=await reader.read(min(left,16384));assert data;hasher.update(data);left-=len(data);request_bytes+=len(data)
                                                   ^^^^
AssertionError
Unhandled exception in client_connected_cb
transport: <asyncio.sslproto._SSLProtocolTransport object at 0x106655490>
Traceback (most recent call last):
  File "/Users/divyanshgolyan/.codex/worktrees/4511/onepage/research/transport-memory/asymmetric_server.py", line 39, in accept
    data=await reader.read(min(left,16384));assert data;hasher.update(data);left-=len(data);request_bytes+=len(data)
                                                   ^^^^
AssertionError
Unhandled exception in client_connected_cb
transport: <asyncio.sslproto._SSLProtocolTransport object at 0x106655400>
Traceback (most recent call last):
  File "/Users/divyanshgolyan/.codex/worktrees/4511/onepage/research/transport-memory/asymmetric_server.py", line 39, in accept
    data=await reader.read(min(left,16384));assert data;hasher.update(data);left-=len(data);request_bytes+=len(data)
                                                   ^^^^
AssertionError
Unhandled exception in client_connected_cb
transport: <asyncio.sslproto._SSLProtocolTransport object at 0x106655370>
Traceback (most recent call last):
  File "/Users/divyanshgolyan/.codex/worktrees/4511/onepage/research/transport-memory/asymmetric_server.py", line 39, in accept
    data=await reader.read(min(left,16384));assert data;hasher.update(data);left-=len(data);request_bytes+=len(data)
                                                   ^^^^
AssertionError
Unhandled exception in client_connected_cb
transport: <asyncio.sslproto._SSLProtocolTransport object at 0x1066552e0>
Traceback (most recent call last):
  File "/Users/divyanshgolyan/.codex/worktrees/4511/onepage/research/transport-memory/asymmetric_server.py", line 39, in accept
    data=await reader.read(min(left,16384));assert data;hasher.update(data);left-=len(data);request_bytes+=len(data)
                                                   ^^^^
AssertionError
Unhandled exception in client_connected_cb
transport: <asyncio.sslproto._SSLProtocolTransport object at 0x106655250>
Traceback (most recent call last):
  File "/Users/divyanshgolyan/.codex/worktrees/4511/onepage/research/transport-memory/asymmetric_server.py", line 39, in accept
    data=await reader.read(min(left,16384));assert data;hasher.update(data);left-=len(data);request_bytes+=len(data)
                                                   ^^^^
AssertionError
Unhandled exception in client_connected_cb
transport: <asyncio.sslproto._SSLProtocolTransport object at 0x1066551c0>
Traceback (most recent call last):
  File "/Users/divyanshgolyan/.codex/worktrees/4511/onepage/research/transport-memory/asymmetric_server.py", line 39, in accept
    data=await reader.read(min(left,16384));assert data;hasher.update(data);left-=len(data);request_bytes+=len(data)
                                                   ^^^^
AssertionError
Unhandled exception in client_connected_cb
transport: <asyncio.sslproto._SSLProtocolTransport object at 0x106655130>
Traceback (most recent call last):
  File "/Users/divyanshgolyan/.codex/worktrees/4511/onepage/research/transport-memory/asymmetric_server.py", line 39, in accept
    data=await reader.read(min(left,16384));assert data;hasher.update(data);left-=len(data);request_bytes+=len(data)
                                                   ^^^^
AssertionError
Unhandled exception in client_connected_cb
transport: <asyncio.sslproto._SSLProtocolTransport object at 0x1066550a0>
Traceback (most recent call last):
  File "/Users/divyanshgolyan/.codex/worktrees/4511/onepage/research/transport-memory/asymmetric_server.py", line 39, in accept
    data=await reader.read(min(left,16384));assert data;hasher.update(data);left-=len(data);request_bytes+=len(data)
                                                   ^^^^
AssertionError
Unhandled exception in client_connected_cb
transport: <asyncio.sslproto._SSLProtocolTransport object at 0x106655010>
Traceback (most recent call last):
  File "/Users/divyanshgolyan/.codex/worktrees/4511/onepage/research/transport-memory/asymmetric_server.py", line 39, in accept
    data=await reader.read(min(left,16384));assert data;hasher.update(data);left-=len(data);request_bytes+=len(data)
                                                   ^^^^
AssertionError
Unhandled exception in client_connected_cb
transport: <asyncio.sslproto._SSLProtocolTransport object at 0x106654f80>
Traceback (most recent call last):
  File "/Users/divyanshgolyan/.codex/worktrees/4511/onepage/research/transport-memory/asymmetric_server.py", line 39, in accept
    data=await reader.read(min(left,16384));assert data;hasher.update(data);left-=len(data);request_bytes+=len(data)
                                                   ^^^^
AssertionError
Unhandled exception in client_connected_cb
transport: <asyncio.sslproto._SSLProtocolTransport object at 0x106654ef0>
Traceback (most recent call last):
  File "/Users/divyanshgolyan/.codex/worktrees/4511/onepage/research/transport-memory/asymmetric_server.py", line 39, in accept
    data=await reader.read(min(left,16384));assert data;hasher.update(data);left-=len(data);request_bytes+=len(data)
                                                   ^^^^
AssertionError
Unhandled exception in client_connected_cb
transport: <asyncio.sslproto._SSLProtocolTransport object at 0x106654e60>
Traceback (most recent call last):
  File "/Users/divyanshgolyan/.codex/worktrees/4511/onepage/research/transport-memory/asymmetric_server.py", line 39, in accept
    data=await reader.read(min(left,16384));assert data;hasher.update(data);left-=len(data);request_bytes+=len(data)
                                                   ^^^^
AssertionError
Unhandled exception in client_connected_cb
transport: <asyncio.sslproto._SSLProtocolTransport object at 0x106654dd0>
Traceback (most recent call last):
  File "/Users/divyanshgolyan/.codex/worktrees/4511/onepage/research/transport-memory/asymmetric_server.py", line 39, in accept
    data=await reader.read(min(left,16384));assert data;hasher.update(data);left-=len(data);request_bytes+=len(data)
                                                   ^^^^
AssertionError
Unhandled exception in client_connected_cb
transport: <asyncio.sslproto._SSLProtocolTransport object at 0x106654d40>
Traceback (most recent call last):
  File "/Users/divyanshgolyan/.codex/worktrees/4511/onepage/research/transport-memory/asymmetric_server.py", line 39, in accept
    data=await reader.read(min(left,16384));assert data;hasher.update(data);left-=len(data);request_bytes+=len(data)
                                                   ^^^^
AssertionError
Unhandled exception in client_connected_cb
transport: <asyncio.sslproto._SSLProtocolTransport object at 0x106654cb0>
Traceback (most recent call last):
  File "/Users/divyanshgolyan/.codex/worktrees/4511/onepage/research/transport-memory/asymmetric_server.py", line 39, in accept
    data=await reader.read(min(left,16384));assert data;hasher.update(data);left-=len(data);request_bytes+=len(data)
                                                   ^^^^
AssertionError
Unhandled exception in client_connected_cb
transport: <asyncio.sslproto._SSLProtocolTransport object at 0x106654c20>
Traceback (most recent call last):
  File "/Users/divyanshgolyan/.codex/worktrees/4511/onepage/research/transport-memory/asymmetric_server.py", line 39, in accept
    data=await reader.read(min(left,16384));assert data;hasher.update(data);left-=len(data);request_bytes+=len(data)
                                                   ^^^^
AssertionError
Unhandled exception in client_connected_cb
transport: <asyncio.sslproto._SSLProtocolTransport object at 0x106654b90>
Traceback (most recent call last):
  File "/Users/divyanshgolyan/.codex/worktrees/4511/onepage/research/transport-memory/asymmetric_server.py", line 39, in accept
    data=await reader.read(min(left,16384));assert data;hasher.update(data);left-=len(data);request_bytes+=len(data)
                                                   ^^^^
AssertionError
Unhandled exception in client_connected_cb
transport: <asyncio.sslproto._SSLProtocolTransport object at 0x106654b00>
Traceback (most recent call last):
  File "/Users/divyanshgolyan/.codex/worktrees/4511/onepage/research/transport-memory/asymmetric_server.py", line 39, in accept
    data=await reader.read(min(left,16384));assert data;hasher.update(data);left-=len(data);request_bytes+=len(data)
                                                   ^^^^
AssertionError
Unhandled exception in client_connected_cb
transport: <asyncio.sslproto._SSLProtocolTransport object at 0x106654a70>
Traceback (most recent call last):
  File "/Users/divyanshgolyan/.codex/worktrees/4511/onepage/research/transport-memory/asymmetric_server.py", line 39, in accept
    data=await reader.read(min(left,16384));assert data;hasher.update(data);left-=len(data);request_bytes+=len(data)
                                                   ^^^^
AssertionError
Unhandled exception in client_connected_cb
transport: <asyncio.sslproto._SSLProtocolTransport object at 0x1066549e0>
Traceback (most recent call last):
  File "/Users/divyanshgolyan/.codex/worktrees/4511/onepage/research/transport-memory/asymmetric_server.py", line 39, in accept
    data=await reader.read(min(left,16384));assert data;hasher.update(data);left-=len(data);request_bytes+=len(data)
                                                   ^^^^
AssertionError
Unhandled exception in client_connected_cb
transport: <asyncio.sslproto._SSLProtocolTransport object at 0x106654950>
Traceback (most recent call last):
  File "/Users/divyanshgolyan/.codex/worktrees/4511/onepage/research/transport-memory/asymmetric_server.py", line 39, in accept
    data=await reader.read(min(left,16384));assert data;hasher.update(data);left-=len(data);request_bytes+=len(data)
                                                   ^^^^
AssertionError
Unhandled exception in client_connected_cb
transport: <asyncio.sslproto._SSLProtocolTransport object at 0x1066548c0>
Traceback (most recent call last):
  File "/Users/divyanshgolyan/.codex/worktrees/4511/onepage/research/transport-memory/asymmetric_server.py", line 39, in accept
    data=await reader.read(min(left,16384));assert data;hasher.update(data);left-=len(data);request_bytes+=len(data)
                                                   ^^^^
AssertionError
Unhandled exception in client_connected_cb
transport: <asyncio.sslproto._SSLProtocolTransport object at 0x106654830>
Traceback (most recent call last):
  File "/Users/divyanshgolyan/.codex/worktrees/4511/onepage/research/transport-memory/asymmetric_server.py", line 39, in accept
    data=await reader.read(min(left,16384));assert data;hasher.update(data);left-=len(data);request_bytes+=len(data)
                                                   ^^^^
AssertionError
Unhandled exception in client_connected_cb
transport: <asyncio.sslproto._SSLProtocolTransport object at 0x1066547a0>
Traceback (most recent call last):
  File "/Users/divyanshgolyan/.codex/worktrees/4511/onepage/research/transport-memory/asymmetric_server.py", line 39, in accept
    data=await reader.read(min(left,16384));assert data;hasher.update(data);left-=len(data);request_bytes+=len(data)
                                                   ^^^^
AssertionError
Unhandled exception in client_connected_cb
transport: <asyncio.sslproto._SSLProtocolTransport object at 0x106654710>
Traceback (most recent call last):
  File "/Users/divyanshgolyan/.codex/worktrees/4511/onepage/research/transport-memory/asymmetric_server.py", line 39, in accept
    data=await reader.read(min(left,16384));assert data;hasher.update(data);left-=len(data);request_bytes+=len(data)
                                                   ^^^^
AssertionError
Unhandled exception in client_connected_cb
transport: <asyncio.sslproto._SSLProtocolTransport object at 0x106654680>
Traceback (most recent call last):
  File "/Users/divyanshgolyan/.codex/worktrees/4511/onepage/research/transport-memory/asymmetric_server.py", line 39, in accept
    data=await reader.read(min(left,16384));assert data;hasher.update(data);left-=len(data);request_bytes+=len(data)
                                                   ^^^^
AssertionError
Unhandled exception in client_connected_cb
transport: <asyncio.sslproto._SSLProtocolTransport object at 0x1066545f0>
Traceback (most recent call last):
  File "/Users/divyanshgolyan/.codex/worktrees/4511/onepage/research/transport-memory/asymmetric_server.py", line 39, in accept
    data=await reader.read(min(left,16384));assert data;hasher.update(data);left-=len(data);request_bytes+=len(data)
                                                   ^^^^
AssertionError
Unhandled exception in client_connected_cb
transport: <asyncio.sslproto._SSLProtocolTransport object at 0x106654560>
Traceback (most recent call last):
  File "/Users/divyanshgolyan/.codex/worktrees/4511/onepage/research/transport-memory/asymmetric_server.py", line 39, in accept
    data=await reader.read(min(left,16384));assert data;hasher.update(data);left-=len(data);request_bytes+=len(data)
                                                   ^^^^
AssertionError
Unhandled exception in client_connected_cb
transport: <asyncio.sslproto._SSLProtocolTransport object at 0x1066544d0>
Traceback (most recent call last):
  File "/Users/divyanshgolyan/.codex/worktrees/4511/onepage/research/transport-memory/asymmetric_server.py", line 39, in accept
    data=await reader.read(min(left,16384));assert data;hasher.update(data);left-=len(data);request_bytes+=len(data)
                                                   ^^^^
AssertionError
Unhandled exception in client_connected_cb
transport: <asyncio.sslproto._SSLProtocolTransport object at 0x106654440>
Traceback (most recent call last):
  File "/Users/divyanshgolyan/.codex/worktrees/4511/onepage/research/transport-memory/asymmetric_server.py", line 39, in accept
    data=await reader.read(min(left,16384));assert data;hasher.update(data);left-=len(data);request_bytes+=len(data)
                                                   ^^^^
AssertionError
Unhandled exception in client_connected_cb
transport: <asyncio.sslproto._SSLProtocolTransport object at 0x1066543b0>
Traceback (most recent call last):
  File "/Users/divyanshgolyan/.codex/worktrees/4511/onepage/research/transport-memory/asymmetric_server.py", line 39, in accept
    data=await reader.read(min(left,16384));assert data;hasher.update(data);left-=len(data);request_bytes+=len(data)
                                                   ^^^^
AssertionError
Unhandled exception in client_connected_cb
transport: <asyncio.sslproto._SSLProtocolTransport object at 0x106654320>
Traceback (most recent call last):
  File "/Users/divyanshgolyan/.codex/worktrees/4511/onepage/research/transport-memory/asymmetric_server.py", line 39, in accept
    data=await reader.read(min(left,16384));assert data;hasher.update(data);left-=len(data);request_bytes+=len(data)
                                                   ^^^^
AssertionError
Unhandled exception in client_connected_cb
transport: <asyncio.sslproto._SSLProtocolTransport object at 0x106654290>
Traceback (most recent call last):
  File "/Users/divyanshgolyan/.codex/worktrees/4511/onepage/research/transport-memory/asymmetric_server.py", line 39, in accept
    data=await reader.read(min(left,16384));assert data;hasher.update(data);left-=len(data);request_bytes+=len(data)
                                                   ^^^^
AssertionError
Unhandled exception in client_connected_cb
transport: <asyncio.sslproto._SSLProtocolTransport object at 0x106654200>
Traceback (most recent call last):
  File "/Users/divyanshgolyan/.codex/worktrees/4511/onepage/research/transport-memory/asymmetric_server.py", line 39, in accept
    data=await reader.read(min(left,16384));assert data;hasher.update(data);left-=len(data);request_bytes+=len(data)
                                                   ^^^^
AssertionError
Unhandled exception in client_connected_cb
transport: <asyncio.sslproto._SSLProtocolTransport object at 0x106654170>
Traceback (most recent call last):
  File "/Users/divyanshgolyan/.codex/worktrees/4511/onepage/research/transport-memory/asymmetric_server.py", line 39, in accept
    data=await reader.read(min(left,16384));assert data;hasher.update(data);left-=len(data);request_bytes+=len(data)
                                                   ^^^^
AssertionError
Unhandled exception in client_connected_cb
transport: <asyncio.sslproto._SSLProtocolTransport object at 0x1066540e0>
Traceback (most recent call last):
  File "/Users/divyanshgolyan/.codex/worktrees/4511/onepage/research/transport-memory/asymmetric_server.py", line 39, in accept
    data=await reader.read(min(left,16384));assert data;hasher.update(data);left-=len(data);request_bytes+=len(data)
                                                   ^^^^
AssertionError
Unhandled exception in client_connected_cb
transport: <asyncio.sslproto._SSLProtocolTransport object at 0x106654050>
Traceback (most recent call last):
  File "/Users/divyanshgolyan/.codex/worktrees/4511/onepage/research/transport-memory/asymmetric_server.py", line 39, in accept
    data=await reader.read(min(left,16384));assert data;hasher.update(data);left-=len(data);request_bytes+=len(data)
                                                   ^^^^
AssertionError
Unhandled exception in client_connected_cb
transport: <asyncio.sslproto._SSLProtocolTransport object at 0x1065bbf50>
Traceback (most recent call last):
  File "/Users/divyanshgolyan/.codex/worktrees/4511/onepage/research/transport-memory/asymmetric_server.py", line 39, in accept
    data=await reader.read(min(left,16384));assert data;hasher.update(data);left-=len(data);request_bytes+=len(data)
                                                   ^^^^
AssertionError
Unhandled exception in client_connected_cb
transport: <asyncio.sslproto._SSLProtocolTransport object at 0x1065bbec0>
Traceback (most recent call last):
  File "/Users/divyanshgolyan/.codex/worktrees/4511/onepage/research/transport-memory/asymmetric_server.py", line 39, in accept
    data=await reader.read(min(left,16384));assert data;hasher.update(data);left-=len(data);request_bytes+=len(data)
                                                   ^^^^
AssertionError
Unhandled exception in client_connected_cb
transport: <asyncio.sslproto._SSLProtocolTransport object at 0x1065bbe30>
Traceback (most recent call last):
  File "/Users/divyanshgolyan/.codex/worktrees/4511/onepage/research/transport-memory/asymmetric_server.py", line 39, in accept
    data=await reader.read(min(left,16384));assert data;hasher.update(data);left-=len(data);request_bytes+=len(data)
                                                   ^^^^
AssertionError
Unhandled exception in client_connected_cb
transport: <asyncio.sslproto._SSLProtocolTransport object at 0x1065bbda0>
Traceback (most recent call last):
  File "/Users/divyanshgolyan/.codex/worktrees/4511/onepage/research/transport-memory/asymmetric_server.py", line 39, in accept
    data=await reader.read(min(left,16384));assert data;hasher.update(data);left-=len(data);request_bytes+=len(data)
                                                   ^^^^
AssertionError
Unhandled exception in client_connected_cb
transport: <asyncio.sslproto._SSLProtocolTransport object at 0x1065bbd10>
Traceback (most recent call last):
  File "/Users/divyanshgolyan/.codex/worktrees/4511/onepage/research/transport-memory/asymmetric_server.py", line 39, in accept
    data=await reader.read(min(left,16384));assert data;hasher.update(data);left-=len(data);request_bytes+=len(data)
                                                   ^^^^
AssertionError
Unhandled exception in client_connected_cb
transport: <asyncio.sslproto._SSLProtocolTransport object at 0x1065bbc80>
Traceback (most recent call last):
  File "/Users/divyanshgolyan/.codex/worktrees/4511/onepage/research/transport-memory/asymmetric_server.py", line 39, in accept
    data=await reader.read(min(left,16384));assert data;hasher.update(data);left-=len(data);request_bytes+=len(data)
                                                   ^^^^
AssertionError
Unhandled exception in client_connected_cb
transport: <asyncio.sslproto._SSLProtocolTransport object at 0x1065bbbf0>
Traceback (most recent call last):
  File "/Users/divyanshgolyan/.codex/worktrees/4511/onepage/research/transport-memory/asymmetric_server.py", line 39, in accept
    data=await reader.read(min(left,16384));assert data;hasher.update(data);left-=len(data);request_bytes+=len(data)
                                                   ^^^^
AssertionError
Unhandled exception in client_connected_cb
transport: <asyncio.sslproto._SSLProtocolTransport object at 0x1065bbb60>
Traceback (most recent call last):
  File "/Users/divyanshgolyan/.codex/worktrees/4511/onepage/research/transport-memory/asymmetric_server.py", line 39, in accept
    data=await reader.read(min(left,16384));assert data;hasher.update(data);left-=len(data);request_bytes+=len(data)
                                                   ^^^^
AssertionError
Unhandled exception in client_connected_cb
transport: <asyncio.sslproto._SSLProtocolTransport object at 0x1065bbad0>
Traceback (most recent call last):
  File "/Users/divyanshgolyan/.codex/worktrees/4511/onepage/research/transport-memory/asymmetric_server.py", line 39, in accept
    data=await reader.read(min(left,16384));assert data;hasher.update(data);left-=len(data);request_bytes+=len(data)
                                                   ^^^^
AssertionError
Unhandled exception in client_connected_cb
transport: <asyncio.sslproto._SSLProtocolTransport object at 0x1065bba40>
Traceback (most recent call last):
  File "/Users/divyanshgolyan/.codex/worktrees/4511/onepage/research/transport-memory/asymmetric_server.py", line 39, in accept
    data=await reader.read(min(left,16384));assert data;hasher.update(data);left-=len(data);request_bytes+=len(data)
                                                   ^^^^
AssertionError
Unhandled exception in client_connected_cb
transport: <asyncio.sslproto._SSLProtocolTransport object at 0x1065bb9b0>
Traceback (most recent call last):
  File "/Users/divyanshgolyan/.codex/worktrees/4511/onepage/research/transport-memory/asymmetric_server.py", line 39, in accept
    data=await reader.read(min(left,16384));assert data;hasher.update(data);left-=len(data);request_bytes+=len(data)
                                                   ^^^^
AssertionError
Unhandled exception in client_connected_cb
transport: <asyncio.sslproto._SSLProtocolTransport object at 0x1065bb920>
Traceback (most recent call last):
  File "/Users/divyanshgolyan/.codex/worktrees/4511/onepage/research/transport-memory/asymmetric_server.py", line 39, in accept
    data=await reader.read(min(left,16384));assert data;hasher.update(data);left-=len(data);request_bytes+=len(data)
                                                   ^^^^
AssertionError
Unhandled exception in client_connected_cb
transport: <asyncio.sslproto._SSLProtocolTransport object at 0x1065bb890>
Traceback (most recent call last):
  File "/Users/divyanshgolyan/.codex/worktrees/4511/onepage/research/transport-memory/asymmetric_server.py", line 39, in accept
    data=await reader.read(min(left,16384));assert data;hasher.update(data);left-=len(data);request_bytes+=len(data)
                                                   ^^^^
AssertionError
Unhandled exception in client_connected_cb
transport: <asyncio.sslproto._SSLProtocolTransport object at 0x1065bb800>
Traceback (most recent call last):
  File "/Users/divyanshgolyan/.codex/worktrees/4511/onepage/research/transport-memory/asymmetric_server.py", line 39, in accept
    data=await reader.read(min(left,16384));assert data;hasher.update(data);left-=len(data);request_bytes+=len(data)
                                                   ^^^^
AssertionError
Unhandled exception in client_connected_cb
transport: <asyncio.sslproto._SSLProtocolTransport object at 0x1065bb770>
Traceback (most recent call last):
  File "/Users/divyanshgolyan/.codex/worktrees/4511/onepage/research/transport-memory/asymmetric_server.py", line 39, in accept
    data=await reader.read(min(left,16384));assert data;hasher.update(data);left-=len(data);request_bytes+=len(data)
                                                   ^^^^
AssertionError
Unhandled exception in client_connected_cb
transport: <asyncio.sslproto._SSLProtocolTransport object at 0x1065bb6e0>
Traceback (most recent call last):
  File "/Users/divyanshgolyan/.codex/worktrees/4511/onepage/research/transport-memory/asymmetric_server.py", line 39, in accept
    data=await reader.read(min(left,16384));assert data;hasher.update(data);left-=len(data);request_bytes+=len(data)
                                                   ^^^^
AssertionError
Unhandled exception in client_connected_cb
transport: <asyncio.sslproto._SSLProtocolTransport object at 0x1065bb650>
Traceback (most recent call last):
  File "/Users/divyanshgolyan/.codex/worktrees/4511/onepage/research/transport-memory/asymmetric_server.py", line 39, in accept
    data=await reader.read(min(left,16384));assert data;hasher.update(data);left-=len(data);request_bytes+=len(data)
                                                   ^^^^
AssertionError
Unhandled exception in client_connected_cb
transport: <asyncio.sslproto._SSLProtocolTransport object at 0x1065bb5c0>
Traceback (most recent call last):
  File "/Users/divyanshgolyan/.codex/worktrees/4511/onepage/research/transport-memory/asymmetric_server.py", line 39, in accept
    data=await reader.read(min(left,16384));assert data;hasher.update(data);left-=len(data);request_bytes+=len(data)
                                                   ^^^^
AssertionError
Unhandled exception in client_connected_cb
transport: <asyncio.sslproto._SSLProtocolTransport object at 0x1065bb530>
Traceback (most recent call last):
  File "/Users/divyanshgolyan/.codex/worktrees/4511/onepage/research/transport-memory/asymmetric_server.py", line 39, in accept
    data=await reader.read(min(left,16384));assert data;hasher.update(data);left-=len(data);request_bytes+=len(data)
                                                   ^^^^
AssertionError
Unhandled exception in client_connected_cb
transport: <asyncio.sslproto._SSLProtocolTransport object at 0x1065bb4a0>
Traceback (most recent call last):
  File "/Users/divyanshgolyan/.codex/worktrees/4511/onepage/research/transport-memory/asymmetric_server.py", line 39, in accept
    data=await reader.read(min(left,16384));assert data;hasher.update(data);left-=len(data);request_bytes+=len(data)
                                                   ^^^^
AssertionError
Unhandled exception in client_connected_cb
transport: <asyncio.sslproto._SSLProtocolTransport object at 0x1065bb410>
Traceback (most recent call last):
  File "/Users/divyanshgolyan/.codex/worktrees/4511/onepage/research/transport-memory/asymmetric_server.py", line 39, in accept
    data=await reader.read(min(left,16384));assert data;hasher.update(data);left-=len(data);request_bytes+=len(data)
                                                   ^^^^
AssertionError
Unhandled exception in client_connected_cb
transport: <asyncio.sslproto._SSLProtocolTransport object at 0x1065bb380>
Traceback (most recent call last):
  File "/Users/divyanshgolyan/.codex/worktrees/4511/onepage/research/transport-memory/asymmetric_server.py", line 39, in accept
    data=await reader.read(min(left,16384));assert data;hasher.update(data);left-=len(data);request_bytes+=len(data)
                                                   ^^^^
AssertionError
Unhandled exception in client_connected_cb
transport: <asyncio.sslproto._SSLProtocolTransport object at 0x1065bb2f0>
Traceback (most recent call last):
  File "/Users/divyanshgolyan/.codex/worktrees/4511/onepage/research/transport-memory/asymmetric_server.py", line 39, in accept
    data=await reader.read(min(left,16384));assert data;hasher.update(data);left-=len(data);request_bytes+=len(data)
                                                   ^^^^
AssertionError
Unhandled exception in client_connected_cb
transport: <asyncio.sslproto._SSLProtocolTransport object at 0x1065bb260>
Traceback (most recent call last):
  File "/Users/divyanshgolyan/.codex/worktrees/4511/onepage/research/transport-memory/asymmetric_server.py", line 39, in accept
    data=await reader.read(min(left,16384));assert data;hasher.update(data);left-=len(data);request_bytes+=len(data)
                                                   ^^^^
AssertionError
Unhandled exception in client_connected_cb
transport: <asyncio.sslproto._SSLProtocolTransport object at 0x1065bb1d0>
Traceback (most recent call last):
  File "/Users/divyanshgolyan/.codex/worktrees/4511/onepage/research/transport-memory/asymmetric_server.py", line 39, in accept
    data=await reader.read(min(left,16384));assert data;hasher.update(data);left-=len(data);request_bytes+=len(data)
                                                   ^^^^
AssertionError
Unhandled exception in client_connected_cb
transport: <asyncio.sslproto._SSLProtocolTransport object at 0x1065bb140>
Traceback (most recent call last):
  File "/Users/divyanshgolyan/.codex/worktrees/4511/onepage/research/transport-memory/asymmetric_server.py", line 39, in accept
    data=await reader.read(min(left,16384));assert data;hasher.update(data);left-=len(data);request_bytes+=len(data)
                                                   ^^^^
AssertionError
Unhandled exception in client_connected_cb
transport: <asyncio.sslproto._SSLProtocolTransport object at 0x1065bb0b0>
Traceback (most recent call last):
  File "/Users/divyanshgolyan/.codex/worktrees/4511/onepage/research/transport-memory/asymmetric_server.py", line 39, in accept
    data=await reader.read(min(left,16384));assert data;hasher.update(data);left-=len(data);request_bytes+=len(data)
                                                   ^^^^
AssertionError
Unhandled exception in client_connected_cb
transport: <asyncio.sslproto._SSLProtocolTransport object at 0x1065bb020>
Traceback (most recent call last):
  File "/Users/divyanshgolyan/.codex/worktrees/4511/onepage/research/transport-memory/asymmetric_server.py", line 39, in accept
    data=await reader.read(min(left,16384));assert data;hasher.update(data);left-=len(data);request_bytes+=len(data)
                                                   ^^^^
AssertionError
Unhandled exception in client_connected_cb
transport: <asyncio.sslproto._SSLProtocolTransport object at 0x1065baf90>
Traceback (most recent call last):
  File "/Users/divyanshgolyan/.codex/worktrees/4511/onepage/research/transport-memory/asymmetric_server.py", line 39, in accept
    data=await reader.read(min(left,16384));assert data;hasher.update(data);left-=len(data);request_bytes+=len(data)
                                                   ^^^^
AssertionError
Unhandled exception in client_connected_cb
transport: <asyncio.sslproto._SSLProtocolTransport object at 0x1065baf00>
Traceback (most recent call last):
  File "/Users/divyanshgolyan/.codex/worktrees/4511/onepage/research/transport-memory/asymmetric_server.py", line 39, in accept
    data=await reader.read(min(left,16384));assert data;hasher.update(data);left-=len(data);request_bytes+=len(data)
                                                   ^^^^
AssertionError
Unhandled exception in client_connected_cb
transport: <asyncio.sslproto._SSLProtocolTransport object at 0x1065bae70>
Traceback (most recent call last):
  File "/Users/divyanshgolyan/.codex/worktrees/4511/onepage/research/transport-memory/asymmetric_server.py", line 39, in accept
    data=await reader.read(min(left,16384));assert data;hasher.update(data);left-=len(data);request_bytes+=len(data)
                                                   ^^^^
AssertionError
Unhandled exception in client_connected_cb
transport: <asyncio.sslproto._SSLProtocolTransport object at 0x1065bade0>
Traceback (most recent call last):
  File "/Users/divyanshgolyan/.codex/worktrees/4511/onepage/research/transport-memory/asymmetric_server.py", line 39, in accept
    data=await reader.read(min(left,16384));assert data;hasher.update(data);left-=len(data);request_bytes+=len(data)
                                                   ^^^^
AssertionError
Unhandled exception in client_connected_cb
transport: <asyncio.sslproto._SSLProtocolTransport object at 0x1065bad50>
Traceback (most recent call last):
  File "/Users/divyanshgolyan/.codex/worktrees/4511/onepage/research/transport-memory/asymmetric_server.py", line 39, in accept
    data=await reader.read(min(left,16384));assert data;hasher.update(data);left-=len(data);request_bytes+=len(data)
                                                   ^^^^
AssertionError
Unhandled exception in client_connected_cb
transport: <asyncio.sslproto._SSLProtocolTransport object at 0x1065bacc0>
Traceback (most recent call last):
  File "/Users/divyanshgolyan/.codex/worktrees/4511/onepage/research/transport-memory/asymmetric_server.py", line 39, in accept
    data=await reader.read(min(left,16384));assert data;hasher.update(data);left-=len(data);request_bytes+=len(data)
                                                   ^^^^
AssertionError
Unhandled exception in client_connected_cb
transport: <asyncio.sslproto._SSLProtocolTransport object at 0x1065bac30>
Traceback (most recent call last):
  File "/Users/divyanshgolyan/.codex/worktrees/4511/onepage/research/transport-memory/asymmetric_server.py", line 39, in accept
    data=await reader.read(min(left,16384));assert data;hasher.update(data);left-=len(data);request_bytes+=len(data)
                                                   ^^^^
AssertionError
Unhandled exception in client_connected_cb
transport: <asyncio.sslproto._SSLProtocolTransport object at 0x1065baba0>
Traceback (most recent call last):
  File "/Users/divyanshgolyan/.codex/worktrees/4511/onepage/research/transport-memory/asymmetric_server.py", line 39, in accept
    data=await reader.read(min(left,16384));assert data;hasher.update(data);left-=len(data);request_bytes+=len(data)
                                                   ^^^^
AssertionError
Unhandled exception in client_connected_cb
transport: <asyncio.sslproto._SSLProtocolTransport object at 0x1065bab10>
Traceback (most recent call last):
  File "/Users/divyanshgolyan/.codex/worktrees/4511/onepage/research/transport-memory/asymmetric_server.py", line 39, in accept
    data=await reader.read(min(left,16384));assert data;hasher.update(data);left-=len(data);request_bytes+=len(data)
                                                   ^^^^
AssertionError
Unhandled exception in client_connected_cb
transport: <asyncio.sslproto._SSLProtocolTransport object at 0x1065baa80>
Traceback (most recent call last):
  File "/Users/divyanshgolyan/.codex/worktrees/4511/onepage/research/transport-memory/asymmetric_server.py", line 39, in accept
    data=await reader.read(min(left,16384));assert data;hasher.update(data);left-=len(data);request_bytes+=len(data)
                                                   ^^^^
AssertionError
Unhandled exception in client_connected_cb
transport: <asyncio.sslproto._SSLProtocolTransport object at 0x1065ba9f0>
Traceback (most recent call last):
  File "/Users/divyanshgolyan/.codex/worktrees/4511/onepage/research/transport-memory/asymmetric_server.py", line 39, in accept
    data=await reader.read(min(left,16384));assert data;hasher.update(data);left-=len(data);request_bytes+=len(data)
                                                   ^^^^
AssertionError
Unhandled exception in client_connected_cb
transport: <asyncio.sslproto._SSLProtocolTransport object at 0x1065ba960>
Traceback (most recent call last):
  File "/Users/divyanshgolyan/.codex/worktrees/4511/onepage/research/transport-memory/asymmetric_server.py", line 39, in accept
    data=await reader.read(min(left,16384));assert data;hasher.update(data);left-=len(data);request_bytes+=len(data)
                                                   ^^^^
AssertionError
Unhandled exception in client_connected_cb
transport: <asyncio.sslproto._SSLProtocolTransport object at 0x1065ba8d0>
Traceback (most recent call last):
  File "/Users/divyanshgolyan/.codex/worktrees/4511/onepage/research/transport-memory/asymmetric_server.py", line 39, in accept
    data=await reader.read(min(left,16384));assert data;hasher.update(data);left-=len(data);request_bytes+=len(data)
                                                   ^^^^
AssertionError
Unhandled exception in client_connected_cb
transport: <asyncio.sslproto._SSLProtocolTransport object at 0x1065ba840>
Traceback (most recent call last):
  File "/Users/divyanshgolyan/.codex/worktrees/4511/onepage/research/transport-memory/asymmetric_server.py", line 39, in accept
    data=await reader.read(min(left,16384));assert data;hasher.update(data);left-=len(data);request_bytes+=len(data)
                                                   ^^^^
AssertionError
Unhandled exception in client_connected_cb
transport: <asyncio.sslproto._SSLProtocolTransport object at 0x1065ba7b0>
Traceback (most recent call last):
  File "/Users/divyanshgolyan/.codex/worktrees/4511/onepage/research/transport-memory/asymmetric_server.py", line 39, in accept
    data=await reader.read(min(left,16384));assert data;hasher.update(data);left-=len(data);request_bytes+=len(data)
                                                   ^^^^
AssertionError
Unhandled exception in client_connected_cb
transport: <asyncio.sslproto._SSLProtocolTransport object at 0x1065ba720>
Traceback (most recent call last):
  File "/Users/divyanshgolyan/.codex/worktrees/4511/onepage/research/transport-memory/asymmetric_server.py", line 39, in accept
    data=await reader.read(min(left,16384));assert data;hasher.update(data);left-=len(data);request_bytes+=len(data)
                                                   ^^^^
AssertionError
Unhandled exception in client_connected_cb
transport: <asyncio.sslproto._SSLProtocolTransport object at 0x1065ba690>
Traceback (most recent call last):
  File "/Users/divyanshgolyan/.codex/worktrees/4511/onepage/research/transport-memory/asymmetric_server.py", line 39, in accept
    data=await reader.read(min(left,16384));assert data;hasher.update(data);left-=len(data);request_bytes+=len(data)
                                                   ^^^^
AssertionError
Unhandled exception in client_connected_cb
transport: <asyncio.sslproto._SSLProtocolTransport object at 0x1065ba600>
Traceback (most recent call last):
  File "/Users/divyanshgolyan/.codex/worktrees/4511/onepage/research/transport-memory/asymmetric_server.py", line 39, in accept
    data=await reader.read(min(left,16384));assert data;hasher.update(data);left-=len(data);request_bytes+=len(data)
                                                   ^^^^
AssertionError
Unhandled exception in client_connected_cb
transport: <asyncio.sslproto._SSLProtocolTransport object at 0x1065ba570>
Traceback (most recent call last):
  File "/Users/divyanshgolyan/.codex/worktrees/4511/onepage/research/transport-memory/asymmetric_server.py", line 39, in accept
    data=await reader.read(min(left,16384));assert data;hasher.update(data);left-=len(data);request_bytes+=len(data)
                                                   ^^^^
AssertionError
Unhandled exception in client_connected_cb
transport: <asyncio.sslproto._SSLProtocolTransport object at 0x1065ba4e0>
Traceback (most recent call last):
  File "/Users/divyanshgolyan/.codex/worktrees/4511/onepage/research/transport-memory/asymmetric_server.py", line 39, in accept
    data=await reader.read(min(left,16384));assert data;hasher.update(data);left-=len(data);request_bytes+=len(data)
                                                   ^^^^
AssertionError
Unhandled exception in client_connected_cb
transport: <asyncio.sslproto._SSLProtocolTransport object at 0x1065ba450>
Traceback (most recent call last):
  File "/Users/divyanshgolyan/.codex/worktrees/4511/onepage/research/transport-memory/asymmetric_server.py", line 39, in accept
    data=await reader.read(min(left,16384));assert data;hasher.update(data);left-=len(data);request_bytes+=len(data)
                                                   ^^^^
AssertionError
Unhandled exception in client_connected_cb
transport: <asyncio.sslproto._SSLProtocolTransport object at 0x1065ba3c0>
Traceback (most recent call last):
  File "/Users/divyanshgolyan/.codex/worktrees/4511/onepage/research/transport-memory/asymmetric_server.py", line 39, in accept
    data=await reader.read(min(left,16384));assert data;hasher.update(data);left-=len(data);request_bytes+=len(data)
                                                   ^^^^
AssertionError
Unhandled exception in client_connected_cb
transport: <asyncio.sslproto._SSLProtocolTransport object at 0x1065ba330>
Traceback (most recent call last):
  File "/Users/divyanshgolyan/.codex/worktrees/4511/onepage/research/transport-memory/asymmetric_server.py", line 39, in accept
    data=await reader.read(min(left,16384));assert data;hasher.update(data);left-=len(data);request_bytes+=len(data)
                                                   ^^^^
AssertionError
Unhandled exception in client_connected_cb
transport: <asyncio.sslproto._SSLProtocolTransport object at 0x1065ba2a0>
Traceback (most recent call last):
  File "/Users/divyanshgolyan/.codex/worktrees/4511/onepage/research/transport-memory/asymmetric_server.py", line 39, in accept
    data=await reader.read(min(left,16384));assert data;hasher.update(data);left-=len(data);request_bytes+=len(data)
                                                   ^^^^
AssertionError
Unhandled exception in client_connected_cb
transport: <asyncio.sslproto._SSLProtocolTransport object at 0x1065ba210>
Traceback (most recent call last):
  File "/Users/divyanshgolyan/.codex/worktrees/4511/onepage/research/transport-memory/asymmetric_server.py", line 39, in accept
    data=await reader.read(min(left,16384));assert data;hasher.update(data);left-=len(data);request_bytes+=len(data)
                                                   ^^^^
AssertionError
Unhandled exception in client_connected_cb
transport: <asyncio.sslproto._SSLProtocolTransport object at 0x1065ba180>
Traceback (most recent call last):
  File "/Users/divyanshgolyan/.codex/worktrees/4511/onepage/research/transport-memory/asymmetric_server.py", line 39, in accept
    data=await reader.read(min(left,16384));assert data;hasher.update(data);left-=len(data);request_bytes+=len(data)
                                                   ^^^^
AssertionError
Unhandled exception in client_connected_cb
transport: <asyncio.sslproto._SSLProtocolTransport object at 0x1065ba0f0>
Traceback (most recent call last):
  File "/Users/divyanshgolyan/.codex/worktrees/4511/onepage/research/transport-memory/asymmetric_server.py", line 39, in accept
    data=await reader.read(min(left,16384));assert data;hasher.update(data);left-=len(data);request_bytes+=len(data)
                                                   ^^^^
AssertionError
Unhandled exception in client_connected_cb
transport: <asyncio.sslproto._SSLProtocolTransport object at 0x1065ba060>
Traceback (most recent call last):
  File "/Users/divyanshgolyan/.codex/worktrees/4511/onepage/research/transport-memory/asymmetric_server.py", line 39, in accept
    data=await reader.read(min(left,16384));assert data;hasher.update(data);left-=len(data);request_bytes+=len(data)
                                                   ^^^^
AssertionError
Unhandled exception in client_connected_cb
transport: <asyncio.sslproto._SSLProtocolTransport object at 0x1065b9fd0>
Traceback (most recent call last):
  File "/Users/divyanshgolyan/.codex/worktrees/4511/onepage/research/transport-memory/asymmetric_server.py", line 39, in accept
    data=await reader.read(min(left,16384));assert data;hasher.update(data);left-=len(data);request_bytes+=len(data)
                                                   ^^^^
AssertionError
Unhandled exception in client_connected_cb
transport: <asyncio.sslproto._SSLProtocolTransport object at 0x1065b9f40>
Traceback (most recent call last):
  File "/Users/divyanshgolyan/.codex/worktrees/4511/onepage/research/transport-memory/asymmetric_server.py", line 39, in accept
    data=await reader.read(min(left,16384));assert data;hasher.update(data);left-=len(data);request_bytes+=len(data)
                                                   ^^^^
AssertionError
Unhandled exception in client_connected_cb
transport: <asyncio.sslproto._SSLProtocolTransport object at 0x1065b9eb0>
Traceback (most recent call last):
  File "/Users/divyanshgolyan/.codex/worktrees/4511/onepage/research/transport-memory/asymmetric_server.py", line 39, in accept
    data=await reader.read(min(left,16384));assert data;hasher.update(data);left-=len(data);request_bytes+=len(data)
                                                   ^^^^
AssertionError
Unhandled exception in client_connected_cb
transport: <asyncio.sslproto._SSLProtocolTransport object at 0x1065b9e20>
Traceback (most recent call last):
  File "/Users/divyanshgolyan/.codex/worktrees/4511/onepage/research/transport-memory/asymmetric_server.py", line 39, in accept
    data=await reader.read(min(left,16384));assert data;hasher.update(data);left-=len(data);request_bytes+=len(data)
                                                   ^^^^
AssertionError
Unhandled exception in client_connected_cb
transport: <asyncio.sslproto._SSLProtocolTransport object at 0x1065b9d90>
Traceback (most recent call last):
  File "/Users/divyanshgolyan/.codex/worktrees/4511/onepage/research/transport-memory/asymmetric_server.py", line 39, in accept
    data=await reader.read(min(left,16384));assert data;hasher.update(data);left-=len(data);request_bytes+=len(data)
                                                   ^^^^
AssertionError
Unhandled exception in client_connected_cb
transport: <asyncio.sslproto._SSLProtocolTransport object at 0x1065b9d00>
Traceback (most recent call last):
  File "/Users/divyanshgolyan/.codex/worktrees/4511/onepage/research/transport-memory/asymmetric_server.py", line 39, in accept
    data=await reader.read(min(left,16384));assert data;hasher.update(data);left-=len(data);request_bytes+=len(data)
                                                   ^^^^
AssertionError
Unhandled exception in client_connected_cb
transport: <asyncio.sslproto._SSLProtocolTransport object at 0x1065b9c70>
Traceback (most recent call last):
  File "/Users/divyanshgolyan/.codex/worktrees/4511/onepage/research/transport-memory/asymmetric_server.py", line 39, in accept
    data=await reader.read(min(left,16384));assert data;hasher.update(data);left-=len(data);request_bytes+=len(data)
                                                   ^^^^
AssertionError
Unhandled exception in client_connected_cb
transport: <asyncio.sslproto._SSLProtocolTransport object at 0x1065b9be0>
Traceback (most recent call last):
  File "/Users/divyanshgolyan/.codex/worktrees/4511/onepage/research/transport-memory/asymmetric_server.py", line 39, in accept
    data=await reader.read(min(left,16384));assert data;hasher.update(data);left-=len(data);request_bytes+=len(data)
                                                   ^^^^
AssertionError
Unhandled exception in client_connected_cb
transport: <asyncio.sslproto._SSLProtocolTransport object at 0x1065b9b50>
Traceback (most recent call last):
  File "/Users/divyanshgolyan/.codex/worktrees/4511/onepage/research/transport-memory/asymmetric_server.py", line 39, in accept
    data=await reader.read(min(left,16384));assert data;hasher.update(data);left-=len(data);request_bytes+=len(data)
                                                   ^^^^
AssertionError
Unhandled exception in client_connected_cb
transport: <asyncio.sslproto._SSLProtocolTransport object at 0x1065b9ac0>
Traceback (most recent call last):
  File "/Users/divyanshgolyan/.codex/worktrees/4511/onepage/research/transport-memory/asymmetric_server.py", line 39, in accept
    data=await reader.read(min(left,16384));assert data;hasher.update(data);left-=len(data);request_bytes+=len(data)
                                                   ^^^^
AssertionError
Unhandled exception in client_connected_cb
transport: <asyncio.sslproto._SSLProtocolTransport object at 0x1065b9a30>
Traceback (most recent call last):
  File "/Users/divyanshgolyan/.codex/worktrees/4511/onepage/research/transport-memory/asymmetric_server.py", line 39, in accept
    data=await reader.read(min(left,16384));assert data;hasher.update(data);left-=len(data);request_bytes+=len(data)
                                                   ^^^^
AssertionError
Unhandled exception in client_connected_cb
transport: <asyncio.sslproto._SSLProtocolTransport object at 0x1065b99a0>
Traceback (most recent call last):
  File "/Users/divyanshgolyan/.codex/worktrees/4511/onepage/research/transport-memory/asymmetric_server.py", line 39, in accept
    data=await reader.read(min(left,16384));assert data;hasher.update(data);left-=len(data);request_bytes+=len(data)
                                                   ^^^^
AssertionError
Unhandled exception in client_connected_cb
transport: <asyncio.sslproto._SSLProtocolTransport object at 0x1065b9910>
Traceback (most recent call last):
  File "/Users/divyanshgolyan/.codex/worktrees/4511/onepage/research/transport-memory/asymmetric_server.py", line 39, in accept
    data=await reader.read(min(left,16384));assert data;hasher.update(data);left-=len(data);request_bytes+=len(data)
                                                   ^^^^
AssertionError
Unhandled exception in client_connected_cb
transport: <asyncio.sslproto._SSLProtocolTransport object at 0x1065b9880>
Traceback (most recent call last):
  File "/Users/divyanshgolyan/.codex/worktrees/4511/onepage/research/transport-memory/asymmetric_server.py", line 39, in accept
    data=await reader.read(min(left,16384));assert data;hasher.update(data);left-=len(data);request_bytes+=len(data)
                                                   ^^^^
AssertionError
Unhandled exception in client_connected_cb
transport: <asyncio.sslproto._SSLProtocolTransport object at 0x1065b97f0>
Traceback (most recent call last):
  File "/Users/divyanshgolyan/.codex/worktrees/4511/onepage/research/transport-memory/asymmetric_server.py", line 39, in accept
    data=await reader.read(min(left,16384));assert data;hasher.update(data);left-=len(data);request_bytes+=len(data)
                                                   ^^^^
AssertionError
Unhandled exception in client_connected_cb
transport: <asyncio.sslproto._SSLProtocolTransport object at 0x1065b9760>
Traceback (most recent call last):
  File "/Users/divyanshgolyan/.codex/worktrees/4511/onepage/research/transport-memory/asymmetric_server.py", line 39, in accept
    data=await reader.read(min(left,16384));assert data;hasher.update(data);left-=len(data);request_bytes+=len(data)
                                                   ^^^^
AssertionError
Unhandled exception in client_connected_cb
transport: <asyncio.sslproto._SSLProtocolTransport object at 0x1065b96d0>
Traceback (most recent call last):
  File "/Users/divyanshgolyan/.codex/worktrees/4511/onepage/research/transport-memory/asymmetric_server.py", line 39, in accept
    data=await reader.read(min(left,16384));assert data;hasher.update(data);left-=len(data);request_bytes+=len(data)
                                                   ^^^^
AssertionError
Unhandled exception in client_connected_cb
transport: <asyncio.sslproto._SSLProtocolTransport object at 0x1065b9640>
Traceback (most recent call last):
  File "/Users/divyanshgolyan/.codex/worktrees/4511/onepage/research/transport-memory/asymmetric_server.py", line 39, in accept
    data=await reader.read(min(left,16384));assert data;hasher.update(data);left-=len(data);request_bytes+=len(data)
                                                   ^^^^
AssertionError
Unhandled exception in client_connected_cb
transport: <asyncio.sslproto._SSLProtocolTransport object at 0x1065b95b0>
Traceback (most recent call last):
  File "/Users/divyanshgolyan/.codex/worktrees/4511/onepage/research/transport-memory/asymmetric_server.py", line 39, in accept
    data=await reader.read(min(left,16384));assert data;hasher.update(data);left-=len(data);request_bytes+=len(data)
                                                   ^^^^
AssertionError
Unhandled exception in client_connected_cb
transport: <asyncio.sslproto._SSLProtocolTransport object at 0x1065b9520>
Traceback (most recent call last):
  File "/Users/divyanshgolyan/.codex/worktrees/4511/onepage/research/transport-memory/asymmetric_server.py", line 39, in accept
    data=await reader.read(min(left,16384));assert data;hasher.update(data);left-=len(data);request_bytes+=len(data)
                                                   ^^^^
AssertionError
Unhandled exception in client_connected_cb
transport: <asyncio.sslproto._SSLProtocolTransport object at 0x1065b9490>
Traceback (most recent call last):
  File "/Users/divyanshgolyan/.codex/worktrees/4511/onepage/research/transport-memory/asymmetric_server.py", line 39, in accept
    data=await reader.read(min(left,16384));assert data;hasher.update(data);left-=len(data);request_bytes+=len(data)
                                                   ^^^^
AssertionError
Unhandled exception in client_connected_cb
transport: <asyncio.sslproto._SSLProtocolTransport object at 0x1065b9400>
Traceback (most recent call last):
  File "/Users/divyanshgolyan/.codex/worktrees/4511/onepage/research/transport-memory/asymmetric_server.py", line 39, in accept
    data=await reader.read(min(left,16384));assert data;hasher.update(data);left-=len(data);request_bytes+=len(data)
                                                   ^^^^
AssertionError
Unhandled exception in client_connected_cb
transport: <asyncio.sslproto._SSLProtocolTransport object at 0x1065b9370>
Traceback (most recent call last):
  File "/Users/divyanshgolyan/.codex/worktrees/4511/onepage/research/transport-memory/asymmetric_server.py", line 39, in accept
    data=await reader.read(min(left,16384));assert data;hasher.update(data);left-=len(data);request_bytes+=len(data)
                                                   ^^^^
AssertionError
Unhandled exception in client_connected_cb
transport: <asyncio.sslproto._SSLProtocolTransport object at 0x1065b92e0>
Traceback (most recent call last):
  File "/Users/divyanshgolyan/.codex/worktrees/4511/onepage/research/transport-memory/asymmetric_server.py", line 39, in accept
    data=await reader.read(min(left,16384));assert data;hasher.update(data);left-=len(data);request_bytes+=len(data)
                                                   ^^^^
AssertionError
Unhandled exception in client_connected_cb
transport: <asyncio.sslproto._SSLProtocolTransport object at 0x1065b9250>
Traceback (most recent call last):
  File "/Users/divyanshgolyan/.codex/worktrees/4511/onepage/research/transport-memory/asymmetric_server.py", line 39, in accept
    data=await reader.read(min(left,16384));assert data;hasher.update(data);left-=len(data);request_bytes+=len(data)
                                                   ^^^^
AssertionError
Unhandled exception in client_connected_cb
transport: <asyncio.sslproto._SSLProtocolTransport object at 0x1065b91c0>
Traceback (most recent call last):
  File "/Users/divyanshgolyan/.codex/worktrees/4511/onepage/research/transport-memory/asymmetric_server.py", line 39, in accept
    data=await reader.read(min(left,16384));assert data;hasher.update(data);left-=len(data);request_bytes+=len(data)
                                                   ^^^^
AssertionError
Unhandled exception in client_connected_cb
transport: <asyncio.sslproto._SSLProtocolTransport object at 0x1065b9130>
Traceback (most recent call last):
  File "/Users/divyanshgolyan/.codex/worktrees/4511/onepage/research/transport-memory/asymmetric_server.py", line 39, in accept
    data=await reader.read(min(left,16384));assert data;hasher.update(data);left-=len(data);request_bytes+=len(data)
                                                   ^^^^
AssertionError
Unhandled exception in client_connected_cb
transport: <asyncio.sslproto._SSLProtocolTransport object at 0x1065b90a0>
Traceback (most recent call last):
  File "/Users/divyanshgolyan/.codex/worktrees/4511/onepage/research/transport-memory/asymmetric_server.py", line 39, in accept
    data=await reader.read(min(left,16384));assert data;hasher.update(data);left-=len(data);request_bytes+=len(data)
                                                   ^^^^
AssertionError
Unhandled exception in client_connected_cb
transport: <asyncio.sslproto._SSLProtocolTransport object at 0x1065b9010>
Traceback (most recent call last):
  File "/Users/divyanshgolyan/.codex/worktrees/4511/onepage/research/transport-memory/asymmetric_server.py", line 39, in accept
    data=await reader.read(min(left,16384));assert data;hasher.update(data);left-=len(data);request_bytes+=len(data)
                                                   ^^^^
AssertionError
Unhandled exception in client_connected_cb
transport: <asyncio.sslproto._SSLProtocolTransport object at 0x1065b8f80>
Traceback (most recent call last):
  File "/Users/divyanshgolyan/.codex/worktrees/4511/onepage/research/transport-memory/asymmetric_server.py", line 39, in accept
    data=await reader.read(min(left,16384));assert data;hasher.update(data);left-=len(data);request_bytes+=len(data)
                                                   ^^^^
AssertionError
Unhandled exception in client_connected_cb
transport: <asyncio.sslproto._SSLProtocolTransport object at 0x1065b8ef0>
Traceback (most recent call last):
  File "/Users/divyanshgolyan/.codex/worktrees/4511/onepage/research/transport-memory/asymmetric_server.py", line 39, in accept
    data=await reader.read(min(left,16384));assert data;hasher.update(data);left-=len(data);request_bytes+=len(data)
                                                   ^^^^
AssertionError
Unhandled exception in client_connected_cb
transport: <asyncio.sslproto._SSLProtocolTransport object at 0x1065b8e60>
Traceback (most recent call last):
  File "/Users/divyanshgolyan/.codex/worktrees/4511/onepage/research/transport-memory/asymmetric_server.py", line 39, in accept
    data=await reader.read(min(left,16384));assert data;hasher.update(data);left-=len(data);request_bytes+=len(data)
                                                   ^^^^
AssertionError
Unhandled exception in client_connected_cb
transport: <asyncio.sslproto._SSLProtocolTransport object at 0x1065b8dd0>
Traceback (most recent call last):
  File "/Users/divyanshgolyan/.codex/worktrees/4511/onepage/research/transport-memory/asymmetric_server.py", line 39, in accept
    data=await reader.read(min(left,16384));assert data;hasher.update(data);left-=len(data);request_bytes+=len(data)
                                                   ^^^^
AssertionError
Unhandled exception in client_connected_cb
transport: <asyncio.sslproto._SSLProtocolTransport object at 0x1065b8d40>
Traceback (most recent call last):
  File "/Users/divyanshgolyan/.codex/worktrees/4511/onepage/research/transport-memory/asymmetric_server.py", line 39, in accept
    data=await reader.read(min(left,16384));assert data;hasher.update(data);left-=len(data);request_bytes+=len(data)
                                                   ^^^^
AssertionError
Unhandled exception in client_connected_cb
transport: <asyncio.sslproto._SSLProtocolTransport object at 0x1065b8cb0>
Traceback (most recent call last):
  File "/Users/divyanshgolyan/.codex/worktrees/4511/onepage/research/transport-memory/asymmetric_server.py", line 39, in accept
    data=await reader.read(min(left,16384));assert data;hasher.update(data);left-=len(data);request_bytes+=len(data)
                                                   ^^^^
AssertionError
Unhandled exception in client_connected_cb
transport: <asyncio.sslproto._SSLProtocolTransport object at 0x1065b8c20>
Traceback (most recent call last):
  File "/Users/divyanshgolyan/.codex/worktrees/4511/onepage/research/transport-memory/asymmetric_server.py", line 39, in accept
    data=await reader.read(min(left,16384));assert data;hasher.update(data);left-=len(data);request_bytes+=len(data)
                                                   ^^^^
AssertionError
Unhandled exception in client_connected_cb
transport: <asyncio.sslproto._SSLProtocolTransport object at 0x1065b8b90>
Traceback (most recent call last):
  File "/Users/divyanshgolyan/.codex/worktrees/4511/onepage/research/transport-memory/asymmetric_server.py", line 39, in accept
    data=await reader.read(min(left,16384));assert data;hasher.update(data);left-=len(data);request_bytes+=len(data)
                                                   ^^^^
AssertionError
Unhandled exception in client_connected_cb
transport: <asyncio.sslproto._SSLProtocolTransport object at 0x1065b8b00>
Traceback (most recent call last):
  File "/Users/divyanshgolyan/.codex/worktrees/4511/onepage/research/transport-memory/asymmetric_server.py", line 39, in accept
    data=await reader.read(min(left,16384));assert data;hasher.update(data);left-=len(data);request_bytes+=len(data)
                                                   ^^^^
AssertionError
Unhandled exception in client_connected_cb
transport: <asyncio.sslproto._SSLProtocolTransport object at 0x1065b8a70>
Traceback (most recent call last):
  File "/Users/divyanshgolyan/.codex/worktrees/4511/onepage/research/transport-memory/asymmetric_server.py", line 39, in accept
    data=await reader.read(min(left,16384));assert data;hasher.update(data);left-=len(data);request_bytes+=len(data)
                                                   ^^^^
AssertionError
Unhandled exception in client_connected_cb
transport: <asyncio.sslproto._SSLProtocolTransport object at 0x1065b89e0>
Traceback (most recent call last):
  File "/Users/divyanshgolyan/.codex/worktrees/4511/onepage/research/transport-memory/asymmetric_server.py", line 39, in accept
    data=await reader.read(min(left,16384));assert data;hasher.update(data);left-=len(data);request_bytes+=len(data)
                                                   ^^^^
AssertionError
Unhandled exception in client_connected_cb
transport: <asyncio.sslproto._SSLProtocolTransport object at 0x1065b8950>
Traceback (most recent call last):
  File "/Users/divyanshgolyan/.codex/worktrees/4511/onepage/research/transport-memory/asymmetric_server.py", line 39, in accept
    data=await reader.read(min(left,16384));assert data;hasher.update(data);left-=len(data);request_bytes+=len(data)
                                                   ^^^^
AssertionError
Unhandled exception in client_connected_cb
transport: <asyncio.sslproto._SSLProtocolTransport object at 0x1065b88c0>
Traceback (most recent call last):
  File "/Users/divyanshgolyan/.codex/worktrees/4511/onepage/research/transport-memory/asymmetric_server.py", line 39, in accept
    data=await reader.read(min(left,16384));assert data;hasher.update(data);left-=len(data);request_bytes+=len(data)
                                                   ^^^^
AssertionError
Unhandled exception in client_connected_cb
transport: <asyncio.sslproto._SSLProtocolTransport object at 0x1065b8830>
Traceback (most recent call last):
  File "/Users/divyanshgolyan/.codex/worktrees/4511/onepage/research/transport-memory/asymmetric_server.py", line 39, in accept
    data=await reader.read(min(left,16384));assert data;hasher.update(data);left-=len(data);request_bytes+=len(data)
                                                   ^^^^
AssertionError
Unhandled exception in client_connected_cb
transport: <asyncio.sslproto._SSLProtocolTransport object at 0x1065b87a0>
Traceback (most recent call last):
  File "/Users/divyanshgolyan/.codex/worktrees/4511/onepage/research/transport-memory/asymmetric_server.py", line 39, in accept
    data=await reader.read(min(left,16384));assert data;hasher.update(data);left-=len(data);request_bytes+=len(data)
                                                   ^^^^
AssertionError
Unhandled exception in client_connected_cb
transport: <asyncio.sslproto._SSLProtocolTransport object at 0x1065b8710>
Traceback (most recent call last):
  File "/Users/divyanshgolyan/.codex/worktrees/4511/onepage/research/transport-memory/asymmetric_server.py", line 39, in accept
    data=await reader.read(min(left,16384));assert data;hasher.update(data);left-=len(data);request_bytes+=len(data)
                                                   ^^^^
AssertionError
Unhandled exception in client_connected_cb
transport: <asyncio.sslproto._SSLProtocolTransport object at 0x1065b8680>
Traceback (most recent call last):
  File "/Users/divyanshgolyan/.codex/worktrees/4511/onepage/research/transport-memory/asymmetric_server.py", line 39, in accept
    data=await reader.read(min(left,16384));assert data;hasher.update(data);left-=len(data);request_bytes+=len(data)
                                                   ^^^^
AssertionError
Unhandled exception in client_connected_cb
transport: <asyncio.sslproto._SSLProtocolTransport object at 0x1065b8560>
Traceback (most recent call last):
  File "/Users/divyanshgolyan/.codex/worktrees/4511/onepage/research/transport-memory/asymmetric_server.py", line 39, in accept
    data=await reader.read(min(left,16384));assert data;hasher.update(data);left-=len(data);request_bytes+=len(data)
                                                   ^^^^
AssertionError
Unhandled exception in client_connected_cb
transport: <asyncio.sslproto._SSLProtocolTransport object at 0x1065b84d0>
Traceback (most recent call last):
  File "/Users/divyanshgolyan/.codex/worktrees/4511/onepage/research/transport-memory/asymmetric_server.py", line 39, in accept
    data=await reader.read(min(left,16384));assert data;hasher.update(data);left-=len(data);request_bytes+=len(data)
                                                   ^^^^
AssertionError
Unhandled exception in client_connected_cb
transport: <asyncio.sslproto._SSLProtocolTransport object at 0x1065b8440>
Traceback (most recent call last):
  File "/Users/divyanshgolyan/.codex/worktrees/4511/onepage/research/transport-memory/asymmetric_server.py", line 39, in accept
    data=await reader.read(min(left,16384));assert data;hasher.update(data);left-=len(data);request_bytes+=len(data)
                                                   ^^^^
AssertionError
Unhandled exception in client_connected_cb
transport: <asyncio.sslproto._SSLProtocolTransport object at 0x1065b83b0>
Traceback (most recent call last):
  File "/Users/divyanshgolyan/.codex/worktrees/4511/onepage/research/transport-memory/asymmetric_server.py", line 39, in accept
    data=await reader.read(min(left,16384));assert data;hasher.update(data);left-=len(data);request_bytes+=len(data)
                                                   ^^^^
AssertionError
Unhandled exception in client_connected_cb
transport: <asyncio.sslproto._SSLProtocolTransport object at 0x1065b8320>
Traceback (most recent call last):
  File "/Users/divyanshgolyan/.codex/worktrees/4511/onepage/research/transport-memory/asymmetric_server.py", line 39, in accept
    data=await reader.read(min(left,16384));assert data;hasher.update(data);left-=len(data);request_bytes+=len(data)
                                                   ^^^^
AssertionError
Unhandled exception in client_connected_cb
transport: <asyncio.sslproto._SSLProtocolTransport object at 0x1065b8200>
Traceback (most recent call last):
  File "/Users/divyanshgolyan/.codex/worktrees/4511/onepage/research/transport-memory/asymmetric_server.py", line 39, in accept
    data=await reader.read(min(left,16384));assert data;hasher.update(data);left-=len(data);request_bytes+=len(data)
                                                   ^^^^
AssertionError
Unhandled exception in client_connected_cb
transport: <asyncio.sslproto._SSLProtocolTransport object at 0x1065b8050>
Traceback (most recent call last):
  File "/Users/divyanshgolyan/.codex/worktrees/4511/onepage/research/transport-memory/asymmetric_server.py", line 39, in accept
    data=await reader.read(min(left,16384));assert data;hasher.update(data);left-=len(data);request_bytes+=len(data)
                                                   ^^^^
AssertionError
Unhandled exception in client_connected_cb
transport: <asyncio.sslproto._SSLProtocolTransport object at 0x106513f50>
Traceback (most recent call last):
  File "/Users/divyanshgolyan/.codex/worktrees/4511/onepage/research/transport-memory/asymmetric_server.py", line 39, in accept
    data=await reader.read(min(left,16384));assert data;hasher.update(data);left-=len(data);request_bytes+=len(data)
                                                   ^^^^
AssertionError
Unhandled exception in client_connected_cb
transport: <asyncio.sslproto._SSLProtocolTransport object at 0x106513e30>
Traceback (most recent call last):
  File "/Users/divyanshgolyan/.codex/worktrees/4511/onepage/research/transport-memory/asymmetric_server.py", line 39, in accept
    data=await reader.read(min(left,16384));assert data;hasher.update(data);left-=len(data);request_bytes+=len(data)
                                                   ^^^^
AssertionError
Unhandled exception in client_connected_cb
transport: <asyncio.sslproto._SSLProtocolTransport object at 0x106513da0>
Traceback (most recent call last):
  File "/Users/divyanshgolyan/.codex/worktrees/4511/onepage/research/transport-memory/asymmetric_server.py", line 39, in accept
    data=await reader.read(min(left,16384));assert data;hasher.update(data);left-=len(data);request_bytes+=len(data)
                                                   ^^^^
AssertionError
Unhandled exception in client_connected_cb
transport: <asyncio.sslproto._SSLProtocolTransport object at 0x106513d10>
Traceback (most recent call last):
  File "/Users/divyanshgolyan/.codex/worktrees/4511/onepage/research/transport-memory/asymmetric_server.py", line 39, in accept
    data=await reader.read(min(left,16384));assert data;hasher.update(data);left-=len(data);request_bytes+=len(data)
                                                   ^^^^
AssertionError
Unhandled exception in client_connected_cb
transport: <asyncio.sslproto._SSLProtocolTransport object at 0x106513c80>
Traceback (most recent call last):
  File "/Users/divyanshgolyan/.codex/worktrees/4511/onepage/research/transport-memory/asymmetric_server.py", line 39, in accept
    data=await reader.read(min(left,16384));assert data;hasher.update(data);left-=len(data);request_bytes+=len(data)
                                                   ^^^^
AssertionError
Unhandled exception in client_connected_cb
transport: <asyncio.sslproto._SSLProtocolTransport object at 0x106513bf0>
Traceback (most recent call last):
  File "/Users/divyanshgolyan/.codex/worktrees/4511/onepage/research/transport-memory/asymmetric_server.py", line 39, in accept
    data=await reader.read(min(left,16384));assert data;hasher.update(data);left-=len(data);request_bytes+=len(data)
                                                   ^^^^
AssertionError
Unhandled exception in client_connected_cb
transport: <asyncio.sslproto._SSLProtocolTransport object at 0x106513b60>
Traceback (most recent call last):
  File "/Users/divyanshgolyan/.codex/worktrees/4511/onepage/research/transport-memory/asymmetric_server.py", line 39, in accept
    data=await reader.read(min(left,16384));assert data;hasher.update(data);left-=len(data);request_bytes+=len(data)
                                                   ^^^^
AssertionError
Unhandled exception in client_connected_cb
transport: <asyncio.sslproto._SSLProtocolTransport object at 0x106513ad0>
Traceback (most recent call last):
  File "/Users/divyanshgolyan/.codex/worktrees/4511/onepage/research/transport-memory/asymmetric_server.py", line 39, in accept
    data=await reader.read(min(left,16384));assert data;hasher.update(data);left-=len(data);request_bytes+=len(data)
                                                   ^^^^
AssertionError
Unhandled exception in client_connected_cb
transport: <asyncio.sslproto._SSLProtocolTransport object at 0x106513a40>
Traceback (most recent call last):
  File "/Users/divyanshgolyan/.codex/worktrees/4511/onepage/research/transport-memory/asymmetric_server.py", line 39, in accept
    data=await reader.read(min(left,16384));assert data;hasher.update(data);left-=len(data);request_bytes+=len(data)
                                                   ^^^^
AssertionError
Unhandled exception in client_connected_cb
transport: <asyncio.sslproto._SSLProtocolTransport object at 0x1065139b0>
Traceback (most recent call last):
  File "/Users/divyanshgolyan/.codex/worktrees/4511/onepage/research/transport-memory/asymmetric_server.py", line 39, in accept
    data=await reader.read(min(left,16384));assert data;hasher.update(data);left-=len(data);request_bytes+=len(data)
                                                   ^^^^
AssertionError
Unhandled exception in client_connected_cb
transport: <asyncio.sslproto._SSLProtocolTransport object at 0x106513920>
Traceback (most recent call last):
  File "/Users/divyanshgolyan/.codex/worktrees/4511/onepage/research/transport-memory/asymmetric_server.py", line 39, in accept
    data=await reader.read(min(left,16384));assert data;hasher.update(data);left-=len(data);request_bytes+=len(data)
                                                   ^^^^
AssertionError
Unhandled exception in client_connected_cb
transport: <asyncio.sslproto._SSLProtocolTransport object at 0x106513890>
Traceback (most recent call last):
  File "/Users/divyanshgolyan/.codex/worktrees/4511/onepage/research/transport-memory/asymmetric_server.py", line 39, in accept
    data=await reader.read(min(left,16384));assert data;hasher.update(data);left-=len(data);request_bytes+=len(data)
                                                   ^^^^
AssertionError
Unhandled exception in client_connected_cb
transport: <asyncio.sslproto._SSLProtocolTransport object at 0x106513800>
Traceback (most recent call last):
  File "/Users/divyanshgolyan/.codex/worktrees/4511/onepage/research/transport-memory/asymmetric_server.py", line 39, in accept
    data=await reader.read(min(left,16384));assert data;hasher.update(data);left-=len(data);request_bytes+=len(data)
                                                   ^^^^
AssertionError
Unhandled exception in client_connected_cb
transport: <asyncio.sslproto._SSLProtocolTransport object at 0x106513770>
Traceback (most recent call last):
  File "/Users/divyanshgolyan/.codex/worktrees/4511/onepage/research/transport-memory/asymmetric_server.py", line 39, in accept
    data=await reader.read(min(left,16384));assert data;hasher.update(data);left-=len(data);request_bytes+=len(data)
                                                   ^^^^
AssertionError
Unhandled exception in client_connected_cb
transport: <asyncio.sslproto._SSLProtocolTransport object at 0x1065136e0>
Traceback (most recent call last):
  File "/Users/divyanshgolyan/.codex/worktrees/4511/onepage/research/transport-memory/asymmetric_server.py", line 39, in accept
    data=await reader.read(min(left,16384));assert data;hasher.update(data);left-=len(data);request_bytes+=len(data)
                                                   ^^^^
AssertionError
Unhandled exception in client_connected_cb
transport: <asyncio.sslproto._SSLProtocolTransport object at 0x106513650>
Traceback (most recent call last):
  File "/Users/divyanshgolyan/.codex/worktrees/4511/onepage/research/transport-memory/asymmetric_server.py", line 39, in accept
    data=await reader.read(min(left,16384));assert data;hasher.update(data);left-=len(data);request_bytes+=len(data)
                                                   ^^^^
AssertionError
Unhandled exception in client_connected_cb
transport: <asyncio.sslproto._SSLProtocolTransport object at 0x1065135c0>
Traceback (most recent call last):
  File "/Users/divyanshgolyan/.codex/worktrees/4511/onepage/research/transport-memory/asymmetric_server.py", line 39, in accept
    data=await reader.read(min(left,16384));assert data;hasher.update(data);left-=len(data);request_bytes+=len(data)
                                                   ^^^^
AssertionError
Unhandled exception in client_connected_cb
transport: <asyncio.sslproto._SSLProtocolTransport object at 0x106513530>
Traceback (most recent call last):
  File "/Users/divyanshgolyan/.codex/worktrees/4511/onepage/research/transport-memory/asymmetric_server.py", line 39, in accept
    data=await reader.read(min(left,16384));assert data;hasher.update(data);left-=len(data);request_bytes+=len(data)
                                                   ^^^^
AssertionError
Unhandled exception in client_connected_cb
transport: <asyncio.sslproto._SSLProtocolTransport object at 0x1065134a0>
Traceback (most recent call last):
  File "/Users/divyanshgolyan/.codex/worktrees/4511/onepage/research/transport-memory/asymmetric_server.py", line 39, in accept
    data=await reader.read(min(left,16384));assert data;hasher.update(data);left-=len(data);request_bytes+=len(data)
                                                   ^^^^
AssertionError
Unhandled exception in client_connected_cb
transport: <asyncio.sslproto._SSLProtocolTransport object at 0x106513410>
Traceback (most recent call last):
  File "/Users/divyanshgolyan/.codex/worktrees/4511/onepage/research/transport-memory/asymmetric_server.py", line 39, in accept
    data=await reader.read(min(left,16384));assert data;hasher.update(data);left-=len(data);request_bytes+=len(data)
                                                   ^^^^
AssertionError
Unhandled exception in client_connected_cb
transport: <asyncio.sslproto._SSLProtocolTransport object at 0x106513380>
Traceback (most recent call last):
  File "/Users/divyanshgolyan/.codex/worktrees/4511/onepage/research/transport-memory/asymmetric_server.py", line 39, in accept
    data=await reader.read(min(left,16384));assert data;hasher.update(data);left-=len(data);request_bytes+=len(data)
                                                   ^^^^
AssertionError
Unhandled exception in client_connected_cb
transport: <asyncio.sslproto._SSLProtocolTransport object at 0x1065132f0>
Traceback (most recent call last):
  File "/Users/divyanshgolyan/.codex/worktrees/4511/onepage/research/transport-memory/asymmetric_server.py", line 39, in accept
    data=await reader.read(min(left,16384));assert data;hasher.update(data);left-=len(data);request_bytes+=len(data)
                                                   ^^^^
AssertionError
Unhandled exception in client_connected_cb
transport: <asyncio.sslproto._SSLProtocolTransport object at 0x106513260>
Traceback (most recent call last):
  File "/Users/divyanshgolyan/.codex/worktrees/4511/onepage/research/transport-memory/asymmetric_server.py", line 39, in accept
    data=await reader.read(min(left,16384));assert data;hasher.update(data);left-=len(data);request_bytes+=len(data)
                                                   ^^^^
AssertionError
Unhandled exception in client_connected_cb
transport: <asyncio.sslproto._SSLProtocolTransport object at 0x1065131d0>
Traceback (most recent call last):
  File "/Users/divyanshgolyan/.codex/worktrees/4511/onepage/research/transport-memory/asymmetric_server.py", line 39, in accept
    data=await reader.read(min(left,16384));assert data;hasher.update(data);left-=len(data);request_bytes+=len(data)
                                                   ^^^^
AssertionError
Unhandled exception in client_connected_cb
transport: <asyncio.sslproto._SSLProtocolTransport object at 0x106513140>
Traceback (most recent call last):
  File "/Users/divyanshgolyan/.codex/worktrees/4511/onepage/research/transport-memory/asymmetric_server.py", line 39, in accept
    data=await reader.read(min(left,16384));assert data;hasher.update(data);left-=len(data);request_bytes+=len(data)
                                                   ^^^^
AssertionError
Unhandled exception in client_connected_cb
transport: <asyncio.sslproto._SSLProtocolTransport object at 0x1065130b0>
Traceback (most recent call last):
  File "/Users/divyanshgolyan/.codex/worktrees/4511/onepage/research/transport-memory/asymmetric_server.py", line 39, in accept
    data=await reader.read(min(left,16384));assert data;hasher.update(data);left-=len(data);request_bytes+=len(data)
                                                   ^^^^
AssertionError
Unhandled exception in client_connected_cb
transport: <asyncio.sslproto._SSLProtocolTransport object at 0x106513020>
Traceback (most recent call last):
  File "/Users/divyanshgolyan/.codex/worktrees/4511/onepage/research/transport-memory/asymmetric_server.py", line 39, in accept
    data=await reader.read(min(left,16384));assert data;hasher.update(data);left-=len(data);request_bytes+=len(data)
                                                   ^^^^
AssertionError
Unhandled exception in client_connected_cb
transport: <asyncio.sslproto._SSLProtocolTransport object at 0x106512f90>
Traceback (most recent call last):
  File "/Users/divyanshgolyan/.codex/worktrees/4511/onepage/research/transport-memory/asymmetric_server.py", line 39, in accept
    data=await reader.read(min(left,16384));assert data;hasher.update(data);left-=len(data);request_bytes+=len(data)
                                                   ^^^^
AssertionError
Unhandled exception in client_connected_cb
transport: <asyncio.sslproto._SSLProtocolTransport object at 0x106512f00>
Traceback (most recent call last):
  File "/Users/divyanshgolyan/.codex/worktrees/4511/onepage/research/transport-memory/asymmetric_server.py", line 39, in accept
    data=await reader.read(min(left,16384));assert data;hasher.update(data);left-=len(data);request_bytes+=len(data)
                                                   ^^^^
AssertionError
Unhandled exception in client_connected_cb
transport: <asyncio.sslproto._SSLProtocolTransport object at 0x106512e70>
Traceback (most recent call last):
  File "/Users/divyanshgolyan/.codex/worktrees/4511/onepage/research/transport-memory/asymmetric_server.py", line 39, in accept
    data=await reader.read(min(left,16384));assert data;hasher.update(data);left-=len(data);request_bytes+=len(data)
                                                   ^^^^
AssertionError
Unhandled exception in client_connected_cb
transport: <asyncio.sslproto._SSLProtocolTransport object at 0x106512de0>
Traceback (most recent call last):
  File "/Users/divyanshgolyan/.codex/worktrees/4511/onepage/research/transport-memory/asymmetric_server.py", line 39, in accept
    data=await reader.read(min(left,16384));assert data;hasher.update(data);left-=len(data);request_bytes+=len(data)
                                                   ^^^^
AssertionError
Unhandled exception in client_connected_cb
transport: <asyncio.sslproto._SSLProtocolTransport object at 0x106512d50>
Traceback (most recent call last):
  File "/Users/divyanshgolyan/.codex/worktrees/4511/onepage/research/transport-memory/asymmetric_server.py", line 39, in accept
    data=await reader.read(min(left,16384));assert data;hasher.update(data);left-=len(data);request_bytes+=len(data)
                                                   ^^^^
AssertionError
Unhandled exception in client_connected_cb
transport: <asyncio.sslproto._SSLProtocolTransport object at 0x106512cc0>
Traceback (most recent call last):
  File "/Users/divyanshgolyan/.codex/worktrees/4511/onepage/research/transport-memory/asymmetric_server.py", line 39, in accept
    data=await reader.read(min(left,16384));assert data;hasher.update(data);left-=len(data);request_bytes+=len(data)
                                                   ^^^^
AssertionError
Unhandled exception in client_connected_cb
transport: <asyncio.sslproto._SSLProtocolTransport object at 0x106512c30>
Traceback (most recent call last):
  File "/Users/divyanshgolyan/.codex/worktrees/4511/onepage/research/transport-memory/asymmetric_server.py", line 39, in accept
    data=await reader.read(min(left,16384));assert data;hasher.update(data);left-=len(data);request_bytes+=len(data)
                                                   ^^^^
AssertionError
Unhandled exception in client_connected_cb
transport: <asyncio.sslproto._SSLProtocolTransport object at 0x106512ba0>
Traceback (most recent call last):
  File "/Users/divyanshgolyan/.codex/worktrees/4511/onepage/research/transport-memory/asymmetric_server.py", line 39, in accept
    data=await reader.read(min(left,16384));assert data;hasher.update(data);left-=len(data);request_bytes+=len(data)
                                                   ^^^^
AssertionError
Unhandled exception in client_connected_cb
transport: <asyncio.sslproto._SSLProtocolTransport object at 0x106512b10>
Traceback (most recent call last):
  File "/Users/divyanshgolyan/.codex/worktrees/4511/onepage/research/transport-memory/asymmetric_server.py", line 39, in accept
    data=await reader.read(min(left,16384));assert data;hasher.update(data);left-=len(data);request_bytes+=len(data)
                                                   ^^^^
AssertionError
Unhandled exception in client_connected_cb
transport: <asyncio.sslproto._SSLProtocolTransport object at 0x106512a80>
Traceback (most recent call last):
  File "/Users/divyanshgolyan/.codex/worktrees/4511/onepage/research/transport-memory/asymmetric_server.py", line 39, in accept
    data=await reader.read(min(left,16384));assert data;hasher.update(data);left-=len(data);request_bytes+=len(data)
                                                   ^^^^
AssertionError
Unhandled exception in client_connected_cb
transport: <asyncio.sslproto._SSLProtocolTransport object at 0x1065129f0>
Traceback (most recent call last):
  File "/Users/divyanshgolyan/.codex/worktrees/4511/onepage/research/transport-memory/asymmetric_server.py", line 39, in accept
    data=await reader.read(min(left,16384));assert data;hasher.update(data);left-=len(data);request_bytes+=len(data)
                                                   ^^^^
AssertionError
Unhandled exception in client_connected_cb
transport: <asyncio.sslproto._SSLProtocolTransport object at 0x106512960>
Traceback (most recent call last):
  File "/Users/divyanshgolyan/.codex/worktrees/4511/onepage/research/transport-memory/asymmetric_server.py", line 39, in accept
    data=await reader.read(min(left,16384));assert data;hasher.update(data);left-=len(data);request_bytes+=len(data)
                                                   ^^^^
AssertionError
Unhandled exception in client_connected_cb
transport: <asyncio.sslproto._SSLProtocolTransport object at 0x1065128d0>
Traceback (most recent call last):
  File "/Users/divyanshgolyan/.codex/worktrees/4511/onepage/research/transport-memory/asymmetric_server.py", line 39, in accept
    data=await reader.read(min(left,16384));assert data;hasher.update(data);left-=len(data);request_bytes+=len(data)
                                                   ^^^^
AssertionError
Unhandled exception in client_connected_cb
transport: <asyncio.sslproto._SSLProtocolTransport object at 0x106512840>
Traceback (most recent call last):
  File "/Users/divyanshgolyan/.codex/worktrees/4511/onepage/research/transport-memory/asymmetric_server.py", line 39, in accept
    data=await reader.read(min(left,16384));assert data;hasher.update(data);left-=len(data);request_bytes+=len(data)
                                                   ^^^^
AssertionError
Unhandled exception in client_connected_cb
transport: <asyncio.sslproto._SSLProtocolTransport object at 0x1065127b0>
Traceback (most recent call last):
  File "/Users/divyanshgolyan/.codex/worktrees/4511/onepage/research/transport-memory/asymmetric_server.py", line 39, in accept
    data=await reader.read(min(left,16384));assert data;hasher.update(data);left-=len(data);request_bytes+=len(data)
                                                   ^^^^
AssertionError
Unhandled exception in client_connected_cb
transport: <asyncio.sslproto._SSLProtocolTransport object at 0x106512720>
Traceback (most recent call last):
  File "/Users/divyanshgolyan/.codex/worktrees/4511/onepage/research/transport-memory/asymmetric_server.py", line 39, in accept
    data=await reader.read(min(left,16384));assert data;hasher.update(data);left-=len(data);request_bytes+=len(data)
                                                   ^^^^
AssertionError
Unhandled exception in client_connected_cb
transport: <asyncio.sslproto._SSLProtocolTransport object at 0x106512690>
Traceback (most recent call last):
  File "/Users/divyanshgolyan/.codex/worktrees/4511/onepage/research/transport-memory/asymmetric_server.py", line 39, in accept
    data=await reader.read(min(left,16384));assert data;hasher.update(data);left-=len(data);request_bytes+=len(data)
                                                   ^^^^
AssertionError
Unhandled exception in client_connected_cb
transport: <asyncio.sslproto._SSLProtocolTransport object at 0x106512600>
Traceback (most recent call last):
  File "/Users/divyanshgolyan/.codex/worktrees/4511/onepage/research/transport-memory/asymmetric_server.py", line 39, in accept
    data=await reader.read(min(left,16384));assert data;hasher.update(data);left-=len(data);request_bytes+=len(data)
                                                   ^^^^
AssertionError
Unhandled exception in client_connected_cb
transport: <asyncio.sslproto._SSLProtocolTransport object at 0x106512570>
Traceback (most recent call last):
  File "/Users/divyanshgolyan/.codex/worktrees/4511/onepage/research/transport-memory/asymmetric_server.py", line 39, in accept
    data=await reader.read(min(left,16384));assert data;hasher.update(data);left-=len(data);request_bytes+=len(data)
                                                   ^^^^
AssertionError
Unhandled exception in client_connected_cb
transport: <asyncio.sslproto._SSLProtocolTransport object at 0x1065124e0>
Traceback (most recent call last):
  File "/Users/divyanshgolyan/.codex/worktrees/4511/onepage/research/transport-memory/asymmetric_server.py", line 39, in accept
    data=await reader.read(min(left,16384));assert data;hasher.update(data);left-=len(data);request_bytes+=len(data)
                                                   ^^^^
AssertionError
Unhandled exception in client_connected_cb
transport: <asyncio.sslproto._SSLProtocolTransport object at 0x106512450>
Traceback (most recent call last):
  File "/Users/divyanshgolyan/.codex/worktrees/4511/onepage/research/transport-memory/asymmetric_server.py", line 39, in accept
    data=await reader.read(min(left,16384));assert data;hasher.update(data);left-=len(data);request_bytes+=len(data)
                                                   ^^^^
AssertionError
Unhandled exception in client_connected_cb
transport: <asyncio.sslproto._SSLProtocolTransport object at 0x1065123c0>
Traceback (most recent call last):
  File "/Users/divyanshgolyan/.codex/worktrees/4511/onepage/research/transport-memory/asymmetric_server.py", line 39, in accept
    data=await reader.read(min(left,16384));assert data;hasher.update(data);left-=len(data);request_bytes+=len(data)
                                                   ^^^^
AssertionError
Unhandled exception in client_connected_cb
transport: <asyncio.sslproto._SSLProtocolTransport object at 0x106512330>
Traceback (most recent call last):
  File "/Users/divyanshgolyan/.codex/worktrees/4511/onepage/research/transport-memory/asymmetric_server.py", line 39, in accept
    data=await reader.read(min(left,16384));assert data;hasher.update(data);left-=len(data);request_bytes+=len(data)
                                                   ^^^^
AssertionError
Unhandled exception in client_connected_cb
transport: <asyncio.sslproto._SSLProtocolTransport object at 0x1065122a0>
Traceback (most recent call last):
  File "/Users/divyanshgolyan/.codex/worktrees/4511/onepage/research/transport-memory/asymmetric_server.py", line 39, in accept
    data=await reader.read(min(left,16384));assert data;hasher.update(data);left-=len(data);request_bytes+=len(data)
                                                   ^^^^
AssertionError
Unhandled exception in client_connected_cb
transport: <asyncio.sslproto._SSLProtocolTransport object at 0x106512210>
Traceback (most recent call last):
  File "/Users/divyanshgolyan/.codex/worktrees/4511/onepage/research/transport-memory/asymmetric_server.py", line 39, in accept
    data=await reader.read(min(left,16384));assert data;hasher.update(data);left-=len(data);request_bytes+=len(data)
                                                   ^^^^
AssertionError
Unhandled exception in client_connected_cb
transport: <asyncio.sslproto._SSLProtocolTransport object at 0x106512180>
Traceback (most recent call last):
  File "/Users/divyanshgolyan/.codex/worktrees/4511/onepage/research/transport-memory/asymmetric_server.py", line 39, in accept
    data=await reader.read(min(left,16384));assert data;hasher.update(data);left-=len(data);request_bytes+=len(data)
                                                   ^^^^
AssertionError
Unhandled exception in client_connected_cb
transport: <asyncio.sslproto._SSLProtocolTransport object at 0x1065120f0>
Traceback (most recent call last):
  File "/Users/divyanshgolyan/.codex/worktrees/4511/onepage/research/transport-memory/asymmetric_server.py", line 39, in accept
    data=await reader.read(min(left,16384));assert data;hasher.update(data);left-=len(data);request_bytes+=len(data)
                                                   ^^^^
AssertionError
Unhandled exception in client_connected_cb
transport: <asyncio.sslproto._SSLProtocolTransport object at 0x106511fd0>
Traceback (most recent call last):
  File "/Users/divyanshgolyan/.codex/worktrees/4511/onepage/research/transport-memory/asymmetric_server.py", line 39, in accept
    data=await reader.read(min(left,16384));assert data;hasher.update(data);left-=len(data);request_bytes+=len(data)
                                                   ^^^^
AssertionError
Unhandled exception in client_connected_cb
transport: <asyncio.sslproto._SSLProtocolTransport object at 0x106511f40>
Traceback (most recent call last):
  File "/Users/divyanshgolyan/.codex/worktrees/4511/onepage/research/transport-memory/asymmetric_server.py", line 39, in accept
    data=await reader.read(min(left,16384));assert data;hasher.update(data);left-=len(data);request_bytes+=len(data)
                                                   ^^^^
AssertionError
Unhandled exception in client_connected_cb
transport: <asyncio.sslproto._SSLProtocolTransport object at 0x106511e20>
Traceback (most recent call last):
  File "/Users/divyanshgolyan/.codex/worktrees/4511/onepage/research/transport-memory/asymmetric_server.py", line 39, in accept
    data=await reader.read(min(left,16384));assert data;hasher.update(data);left-=len(data);request_bytes+=len(data)
                                                   ^^^^
AssertionError
Unhandled exception in client_connected_cb
transport: <asyncio.sslproto._SSLProtocolTransport object at 0x106511d90>
Traceback (most recent call last):
  File "/Users/divyanshgolyan/.codex/worktrees/4511/onepage/research/transport-memory/asymmetric_server.py", line 39, in accept
    data=await reader.read(min(left,16384));assert data;hasher.update(data);left-=len(data);request_bytes+=len(data)
                                                   ^^^^
AssertionError
Unhandled exception in client_connected_cb
transport: <asyncio.sslproto._SSLProtocolTransport object at 0x106511d00>
Traceback (most recent call last):
  File "/Users/divyanshgolyan/.codex/worktrees/4511/onepage/research/transport-memory/asymmetric_server.py", line 39, in accept
    data=await reader.read(min(left,16384));assert data;hasher.update(data);left-=len(data);request_bytes+=len(data)
                                                   ^^^^
AssertionError
Unhandled exception in client_connected_cb
transport: <asyncio.sslproto._SSLProtocolTransport object at 0x106511c70>
Traceback (most recent call last):
  File "/Users/divyanshgolyan/.codex/worktrees/4511/onepage/research/transport-memory/asymmetric_server.py", line 39, in accept
    data=await reader.read(min(left,16384));assert data;hasher.update(data);left-=len(data);request_bytes+=len(data)
                                                   ^^^^
AssertionError
Unhandled exception in client_connected_cb
transport: <asyncio.sslproto._SSLProtocolTransport object at 0x106511be0>
Traceback (most recent call last):
  File "/Users/divyanshgolyan/.codex/worktrees/4511/onepage/research/transport-memory/asymmetric_server.py", line 39, in accept
    data=await reader.read(min(left,16384));assert data;hasher.update(data);left-=len(data);request_bytes+=len(data)
                                                   ^^^^
AssertionError
Unhandled exception in client_connected_cb
transport: <asyncio.sslproto._SSLProtocolTransport object at 0x106511b50>
Traceback (most recent call last):
  File "/Users/divyanshgolyan/.codex/worktrees/4511/onepage/research/transport-memory/asymmetric_server.py", line 39, in accept
    data=await reader.read(min(left,16384));assert data;hasher.update(data);left-=len(data);request_bytes+=len(data)
                                                   ^^^^
AssertionError
Unhandled exception in client_connected_cb
transport: <asyncio.sslproto._SSLProtocolTransport object at 0x106511ac0>
Traceback (most recent call last):
  File "/Users/divyanshgolyan/.codex/worktrees/4511/onepage/research/transport-memory/asymmetric_server.py", line 39, in accept
    data=await reader.read(min(left,16384));assert data;hasher.update(data);left-=len(data);request_bytes+=len(data)
                                                   ^^^^
AssertionError
Unhandled exception in client_connected_cb
transport: <asyncio.sslproto._SSLProtocolTransport object at 0x106511a30>
Traceback (most recent call last):
  File "/Users/divyanshgolyan/.codex/worktrees/4511/onepage/research/transport-memory/asymmetric_server.py", line 39, in accept
    data=await reader.read(min(left,16384));assert data;hasher.update(data);left-=len(data);request_bytes+=len(data)
                                                   ^^^^
AssertionError
Unhandled exception in client_connected_cb
transport: <asyncio.sslproto._SSLProtocolTransport object at 0x1065119a0>
Traceback (most recent call last):
  File "/Users/divyanshgolyan/.codex/worktrees/4511/onepage/research/transport-memory/asymmetric_server.py", line 39, in accept
    data=await reader.read(min(left,16384));assert data;hasher.update(data);left-=len(data);request_bytes+=len(data)
                                                   ^^^^
AssertionError
Unhandled exception in client_connected_cb
transport: <asyncio.sslproto._SSLProtocolTransport object at 0x106511910>
Traceback (most recent call last):
  File "/Users/divyanshgolyan/.codex/worktrees/4511/onepage/research/transport-memory/asymmetric_server.py", line 39, in accept
    data=await reader.read(min(left,16384));assert data;hasher.update(data);left-=len(data);request_bytes+=len(data)
                                                   ^^^^
AssertionError
Unhandled exception in client_connected_cb
transport: <asyncio.sslproto._SSLProtocolTransport object at 0x106511880>
Traceback (most recent call last):
  File "/Users/divyanshgolyan/.codex/worktrees/4511/onepage/research/transport-memory/asymmetric_server.py", line 39, in accept
    data=await reader.read(min(left,16384));assert data;hasher.update(data);left-=len(data);request_bytes+=len(data)
                                                   ^^^^
AssertionError
Unhandled exception in client_connected_cb
transport: <asyncio.sslproto._SSLProtocolTransport object at 0x1065117f0>
Traceback (most recent call last):
  File "/Users/divyanshgolyan/.codex/worktrees/4511/onepage/research/transport-memory/asymmetric_server.py", line 39, in accept
    data=await reader.read(min(left,16384));assert data;hasher.update(data);left-=len(data);request_bytes+=len(data)
                                                   ^^^^
AssertionError
Unhandled exception in client_connected_cb
transport: <asyncio.sslproto._SSLProtocolTransport object at 0x106511760>
Traceback (most recent call last):
  File "/Users/divyanshgolyan/.codex/worktrees/4511/onepage/research/transport-memory/asymmetric_server.py", line 39, in accept
    data=await reader.read(min(left,16384));assert data;hasher.update(data);left-=len(data);request_bytes+=len(data)
                                                   ^^^^
AssertionError
Unhandled exception in client_connected_cb
transport: <asyncio.sslproto._SSLProtocolTransport object at 0x1065116d0>
Traceback (most recent call last):
  File "/Users/divyanshgolyan/.codex/worktrees/4511/onepage/research/transport-memory/asymmetric_server.py", line 39, in accept
    data=await reader.read(min(left,16384));assert data;hasher.update(data);left-=len(data);request_bytes+=len(data)
                                                   ^^^^
AssertionError
Unhandled exception in client_connected_cb
transport: <asyncio.sslproto._SSLProtocolTransport object at 0x106511640>
Traceback (most recent call last):
  File "/Users/divyanshgolyan/.codex/worktrees/4511/onepage/research/transport-memory/asymmetric_server.py", line 39, in accept
    data=await reader.read(min(left,16384));assert data;hasher.update(data);left-=len(data);request_bytes+=len(data)
                                                   ^^^^
AssertionError
Unhandled exception in client_connected_cb
transport: <asyncio.sslproto._SSLProtocolTransport object at 0x1065115b0>
Traceback (most recent call last):
  File "/Users/divyanshgolyan/.codex/worktrees/4511/onepage/research/transport-memory/asymmetric_server.py", line 39, in accept
    data=await reader.read(min(left,16384));assert data;hasher.update(data);left-=len(data);request_bytes+=len(data)
                                                   ^^^^
AssertionError
Unhandled exception in client_connected_cb
transport: <asyncio.sslproto._SSLProtocolTransport object at 0x106511520>
Traceback (most recent call last):
  File "/Users/divyanshgolyan/.codex/worktrees/4511/onepage/research/transport-memory/asymmetric_server.py", line 39, in accept
    data=await reader.read(min(left,16384));assert data;hasher.update(data);left-=len(data);request_bytes+=len(data)
                                                   ^^^^
AssertionError
Unhandled exception in client_connected_cb
transport: <asyncio.sslproto._SSLProtocolTransport object at 0x106511490>
Traceback (most recent call last):
  File "/Users/divyanshgolyan/.codex/worktrees/4511/onepage/research/transport-memory/asymmetric_server.py", line 39, in accept
    data=await reader.read(min(left,16384));assert data;hasher.update(data);left-=len(data);request_bytes+=len(data)
                                                   ^^^^
AssertionError
Unhandled exception in client_connected_cb
transport: <asyncio.sslproto._SSLProtocolTransport object at 0x106511400>
Traceback (most recent call last):
  File "/Users/divyanshgolyan/.codex/worktrees/4511/onepage/research/transport-memory/asymmetric_server.py", line 39, in accept
    data=await reader.read(min(left,16384));assert data;hasher.update(data);left-=len(data);request_bytes+=len(data)
                                                   ^^^^
AssertionError
Unhandled exception in client_connected_cb
transport: <asyncio.sslproto._SSLProtocolTransport object at 0x106511370>
Traceback (most recent call last):
  File "/Users/divyanshgolyan/.codex/worktrees/4511/onepage/research/transport-memory/asymmetric_server.py", line 39, in accept
    data=await reader.read(min(left,16384));assert data;hasher.update(data);left-=len(data);request_bytes+=len(data)
                                                   ^^^^
AssertionError
Unhandled exception in client_connected_cb
transport: <asyncio.sslproto._SSLProtocolTransport object at 0x1065112e0>
Traceback (most recent call last):
  File "/Users/divyanshgolyan/.codex/worktrees/4511/onepage/research/transport-memory/asymmetric_server.py", line 39, in accept
    data=await reader.read(min(left,16384));assert data;hasher.update(data);left-=len(data);request_bytes+=len(data)
                                                   ^^^^
AssertionError
Unhandled exception in client_connected_cb
transport: <asyncio.sslproto._SSLProtocolTransport object at 0x106511250>
Traceback (most recent call last):
  File "/Users/divyanshgolyan/.codex/worktrees/4511/onepage/research/transport-memory/asymmetric_server.py", line 39, in accept
    data=await reader.read(min(left,16384));assert data;hasher.update(data);left-=len(data);request_bytes+=len(data)
                                                   ^^^^
AssertionError
Unhandled exception in client_connected_cb
transport: <asyncio.sslproto._SSLProtocolTransport object at 0x1065111c0>
Traceback (most recent call last):
  File "/Users/divyanshgolyan/.codex/worktrees/4511/onepage/research/transport-memory/asymmetric_server.py", line 39, in accept
    data=await reader.read(min(left,16384));assert data;hasher.update(data);left-=len(data);request_bytes+=len(data)
                                                   ^^^^
AssertionError
Unhandled exception in client_connected_cb
transport: <asyncio.sslproto._SSLProtocolTransport object at 0x106511130>
Traceback (most recent call last):
  File "/Users/divyanshgolyan/.codex/worktrees/4511/onepage/research/transport-memory/asymmetric_server.py", line 39, in accept
    data=await reader.read(min(left,16384));assert data;hasher.update(data);left-=len(data);request_bytes+=len(data)
                                                   ^^^^
AssertionError
Unhandled exception in client_connected_cb
transport: <asyncio.sslproto._SSLProtocolTransport object at 0x1065110a0>
Traceback (most recent call last):
  File "/Users/divyanshgolyan/.codex/worktrees/4511/onepage/research/transport-memory/asymmetric_server.py", line 39, in accept
    data=await reader.read(min(left,16384));assert data;hasher.update(data);left-=len(data);request_bytes+=len(data)
                                                   ^^^^
AssertionError
Unhandled exception in client_connected_cb
transport: <asyncio.sslproto._SSLProtocolTransport object at 0x106511010>
Traceback (most recent call last):
  File "/Users/divyanshgolyan/.codex/worktrees/4511/onepage/research/transport-memory/asymmetric_server.py", line 39, in accept
    data=await reader.read(min(left,16384));assert data;hasher.update(data);left-=len(data);request_bytes+=len(data)
                                                   ^^^^
AssertionError
Unhandled exception in client_connected_cb
transport: <asyncio.sslproto._SSLProtocolTransport object at 0x106510f80>
Traceback (most recent call last):
  File "/Users/divyanshgolyan/.codex/worktrees/4511/onepage/research/transport-memory/asymmetric_server.py", line 39, in accept
    data=await reader.read(min(left,16384));assert data;hasher.update(data);left-=len(data);request_bytes+=len(data)
                                                   ^^^^
AssertionError
Unhandled exception in client_connected_cb
transport: <asyncio.sslproto._SSLProtocolTransport object at 0x106510ef0>
Traceback (most recent call last):
  File "/Users/divyanshgolyan/.codex/worktrees/4511/onepage/research/transport-memory/asymmetric_server.py", line 39, in accept
    data=await reader.read(min(left,16384));assert data;hasher.update(data);left-=len(data);request_bytes+=len(data)
                                                   ^^^^
AssertionError
Unhandled exception in client_connected_cb
transport: <asyncio.sslproto._SSLProtocolTransport object at 0x106510e60>
Traceback (most recent call last):
  File "/Users/divyanshgolyan/.codex/worktrees/4511/onepage/research/transport-memory/asymmetric_server.py", line 39, in accept
    data=await reader.read(min(left,16384));assert data;hasher.update(data);left-=len(data);request_bytes+=len(data)
                                                   ^^^^
AssertionError
Unhandled exception in client_connected_cb
transport: <asyncio.sslproto._SSLProtocolTransport object at 0x106510dd0>
Traceback (most recent call last):
  File "/Users/divyanshgolyan/.codex/worktrees/4511/onepage/research/transport-memory/asymmetric_server.py", line 39, in accept
    data=await reader.read(min(left,16384));assert data;hasher.update(data);left-=len(data);request_bytes+=len(data)
                                                   ^^^^
AssertionError
Unhandled exception in client_connected_cb
transport: <asyncio.sslproto._SSLProtocolTransport object at 0x106510d40>
Traceback (most recent call last):
  File "/Users/divyanshgolyan/.codex/worktrees/4511/onepage/research/transport-memory/asymmetric_server.py", line 39, in accept
    data=await reader.read(min(left,16384));assert data;hasher.update(data);left-=len(data);request_bytes+=len(data)
                                                   ^^^^
AssertionError
Unhandled exception in client_connected_cb
transport: <asyncio.sslproto._SSLProtocolTransport object at 0x106510cb0>
Traceback (most recent call last):
  File "/Users/divyanshgolyan/.codex/worktrees/4511/onepage/research/transport-memory/asymmetric_server.py", line 39, in accept
    data=await reader.read(min(left,16384));assert data;hasher.update(data);left-=len(data);request_bytes+=len(data)
                                                   ^^^^
AssertionError
Unhandled exception in client_connected_cb
transport: <asyncio.sslproto._SSLProtocolTransport object at 0x106510c20>
Traceback (most recent call last):
  File "/Users/divyanshgolyan/.codex/worktrees/4511/onepage/research/transport-memory/asymmetric_server.py", line 39, in accept
    data=await reader.read(min(left,16384));assert data;hasher.update(data);left-=len(data);request_bytes+=len(data)
                                                   ^^^^
AssertionError
Unhandled exception in client_connected_cb
transport: <asyncio.sslproto._SSLProtocolTransport object at 0x106510b90>
Traceback (most recent call last):
  File "/Users/divyanshgolyan/.codex/worktrees/4511/onepage/research/transport-memory/asymmetric_server.py", line 39, in accept
    data=await reader.read(min(left,16384));assert data;hasher.update(data);left-=len(data);request_bytes+=len(data)
                                                   ^^^^
AssertionError
Unhandled exception in client_connected_cb
transport: <asyncio.sslproto._SSLProtocolTransport object at 0x106510b00>
Traceback (most recent call last):
  File "/Users/divyanshgolyan/.codex/worktrees/4511/onepage/research/transport-memory/asymmetric_server.py", line 39, in accept
    data=await reader.read(min(left,16384));assert data;hasher.update(data);left-=len(data);request_bytes+=len(data)
                                                   ^^^^
AssertionError
Unhandled exception in client_connected_cb
transport: <asyncio.sslproto._SSLProtocolTransport object at 0x106510a70>
Traceback (most recent call last):
  File "/Users/divyanshgolyan/.codex/worktrees/4511/onepage/research/transport-memory/asymmetric_server.py", line 39, in accept
    data=await reader.read(min(left,16384));assert data;hasher.update(data);left-=len(data);request_bytes+=len(data)
                                                   ^^^^
AssertionError
Unhandled exception in client_connected_cb
transport: <asyncio.sslproto._SSLProtocolTransport object at 0x1065109e0>
Traceback (most recent call last):
  File "/Users/divyanshgolyan/.codex/worktrees/4511/onepage/research/transport-memory/asymmetric_server.py", line 39, in accept
    data=await reader.read(min(left,16384));assert data;hasher.update(data);left-=len(data);request_bytes+=len(data)
                                                   ^^^^
AssertionError
Unhandled exception in client_connected_cb
transport: <asyncio.sslproto._SSLProtocolTransport object at 0x106510950>
Traceback (most recent call last):
  File "/Users/divyanshgolyan/.codex/worktrees/4511/onepage/research/transport-memory/asymmetric_server.py", line 39, in accept
    data=await reader.read(min(left,16384));assert data;hasher.update(data);left-=len(data);request_bytes+=len(data)
                                                   ^^^^
AssertionError
Unhandled exception in client_connected_cb
transport: <asyncio.sslproto._SSLProtocolTransport object at 0x1065108c0>
Traceback (most recent call last):
  File "/Users/divyanshgolyan/.codex/worktrees/4511/onepage/research/transport-memory/asymmetric_server.py", line 39, in accept
    data=await reader.read(min(left,16384));assert data;hasher.update(data);left-=len(data);request_bytes+=len(data)
                                                   ^^^^
AssertionError
Unhandled exception in client_connected_cb
transport: <asyncio.sslproto._SSLProtocolTransport object at 0x106510830>
Traceback (most recent call last):
  File "/Users/divyanshgolyan/.codex/worktrees/4511/onepage/research/transport-memory/asymmetric_server.py", line 39, in accept
    data=await reader.read(min(left,16384));assert data;hasher.update(data);left-=len(data);request_bytes+=len(data)
                                                   ^^^^
AssertionError
Unhandled exception in client_connected_cb
transport: <asyncio.sslproto._SSLProtocolTransport object at 0x1065107a0>
Traceback (most recent call last):
  File "/Users/divyanshgolyan/.codex/worktrees/4511/onepage/research/transport-memory/asymmetric_server.py", line 39, in accept
    data=await reader.read(min(left,16384));assert data;hasher.update(data);left-=len(data);request_bytes+=len(data)
                                                   ^^^^
AssertionError
Unhandled exception in client_connected_cb
transport: <asyncio.sslproto._SSLProtocolTransport object at 0x106510710>
Traceback (most recent call last):
  File "/Users/divyanshgolyan/.codex/worktrees/4511/onepage/research/transport-memory/asymmetric_server.py", line 39, in accept
    data=await reader.read(min(left,16384));assert data;hasher.update(data);left-=len(data);request_bytes+=len(data)
                                                   ^^^^
AssertionError
Unhandled exception in client_connected_cb
transport: <asyncio.sslproto._SSLProtocolTransport object at 0x106510680>
Traceback (most recent call last):
  File "/Users/divyanshgolyan/.codex/worktrees/4511/onepage/research/transport-memory/asymmetric_server.py", line 39, in accept
    data=await reader.read(min(left,16384));assert data;hasher.update(data);left-=len(data);request_bytes+=len(data)
                                                   ^^^^
AssertionError
Unhandled exception in client_connected_cb
transport: <asyncio.sslproto._SSLProtocolTransport object at 0x1065105f0>
Traceback (most recent call last):
  File "/Users/divyanshgolyan/.codex/worktrees/4511/onepage/research/transport-memory/asymmetric_server.py", line 39, in accept
    data=await reader.read(min(left,16384));assert data;hasher.update(data);left-=len(data);request_bytes+=len(data)
                                                   ^^^^
AssertionError
Unhandled exception in client_connected_cb
transport: <asyncio.sslproto._SSLProtocolTransport object at 0x106510560>
Traceback (most recent call last):
  File "/Users/divyanshgolyan/.codex/worktrees/4511/onepage/research/transport-memory/asymmetric_server.py", line 39, in accept
    data=await reader.read(min(left,16384));assert data;hasher.update(data);left-=len(data);request_bytes+=len(data)
                                                   ^^^^
AssertionError
Unhandled exception in client_connected_cb
transport: <asyncio.sslproto._SSLProtocolTransport object at 0x1065104d0>
Traceback (most recent call last):
  File "/Users/divyanshgolyan/.codex/worktrees/4511/onepage/research/transport-memory/asymmetric_server.py", line 39, in accept
    data=await reader.read(min(left,16384));assert data;hasher.update(data);left-=len(data);request_bytes+=len(data)
                                                   ^^^^
AssertionError
Unhandled exception in client_connected_cb
transport: <asyncio.sslproto._SSLProtocolTransport object at 0x106510440>
Traceback (most recent call last):
  File "/Users/divyanshgolyan/.codex/worktrees/4511/onepage/research/transport-memory/asymmetric_server.py", line 39, in accept
    data=await reader.read(min(left,16384));assert data;hasher.update(data);left-=len(data);request_bytes+=len(data)
                                                   ^^^^
AssertionError
Unhandled exception in client_connected_cb
transport: <asyncio.sslproto._SSLProtocolTransport object at 0x1065103b0>
Traceback (most recent call last):
  File "/Users/divyanshgolyan/.codex/worktrees/4511/onepage/research/transport-memory/asymmetric_server.py", line 39, in accept
    data=await reader.read(min(left,16384));assert data;hasher.update(data);left-=len(data);request_bytes+=len(data)
                                                   ^^^^
AssertionError
Unhandled exception in client_connected_cb
transport: <asyncio.sslproto._SSLProtocolTransport object at 0x106510320>
Traceback (most recent call last):
  File "/Users/divyanshgolyan/.codex/worktrees/4511/onepage/research/transport-memory/asymmetric_server.py", line 39, in accept
    data=await reader.read(min(left,16384));assert data;hasher.update(data);left-=len(data);request_bytes+=len(data)
                                                   ^^^^
AssertionError
Unhandled exception in client_connected_cb
transport: <asyncio.sslproto._SSLProtocolTransport object at 0x106510290>
Traceback (most recent call last):
  File "/Users/divyanshgolyan/.codex/worktrees/4511/onepage/research/transport-memory/asymmetric_server.py", line 39, in accept
    data=await reader.read(min(left,16384));assert data;hasher.update(data);left-=len(data);request_bytes+=len(data)
                                                   ^^^^
AssertionError
Unhandled exception in client_connected_cb
transport: <asyncio.sslproto._SSLProtocolTransport object at 0x106510200>
Traceback (most recent call last):
  File "/Users/divyanshgolyan/.codex/worktrees/4511/onepage/research/transport-memory/asymmetric_server.py", line 39, in accept
    data=await reader.read(min(left,16384));assert data;hasher.update(data);left-=len(data);request_bytes+=len(data)
                                                   ^^^^
AssertionError
Unhandled exception in client_connected_cb
transport: <asyncio.sslproto._SSLProtocolTransport object at 0x106510170>
Traceback (most recent call last):
  File "/Users/divyanshgolyan/.codex/worktrees/4511/onepage/research/transport-memory/asymmetric_server.py", line 39, in accept
    data=await reader.read(min(left,16384));assert data;hasher.update(data);left-=len(data);request_bytes+=len(data)
                                                   ^^^^
AssertionError
Unhandled exception in client_connected_cb
transport: <asyncio.sslproto._SSLProtocolTransport object at 0x1065100e0>
Traceback (most recent call last):
  File "/Users/divyanshgolyan/.codex/worktrees/4511/onepage/research/transport-memory/asymmetric_server.py", line 39, in accept
    data=await reader.read(min(left,16384));assert data;hasher.update(data);left-=len(data);request_bytes+=len(data)
                                                   ^^^^
AssertionError
Unhandled exception in client_connected_cb
transport: <asyncio.sslproto._SSLProtocolTransport object at 0x106510050>
Traceback (most recent call last):
  File "/Users/divyanshgolyan/.codex/worktrees/4511/onepage/research/transport-memory/asymmetric_server.py", line 39, in accept
    data=await reader.read(min(left,16384));assert data;hasher.update(data);left-=len(data);request_bytes+=len(data)
                                                   ^^^^
AssertionError
Unhandled exception in client_connected_cb
transport: <asyncio.sslproto._SSLProtocolTransport object at 0x105673f50>
Traceback (most recent call last):
  File "/Users/divyanshgolyan/.codex/worktrees/4511/onepage/research/transport-memory/asymmetric_server.py", line 39, in accept
    data=await reader.read(min(left,16384));assert data;hasher.update(data);left-=len(data);request_bytes+=len(data)
                                                   ^^^^
AssertionError
Unhandled exception in client_connected_cb
transport: <asyncio.sslproto._SSLProtocolTransport object at 0x105673ec0>
Traceback (most recent call last):
  File "/Users/divyanshgolyan/.codex/worktrees/4511/onepage/research/transport-memory/asymmetric_server.py", line 39, in accept
    data=await reader.read(min(left,16384));assert data;hasher.update(data);left-=len(data);request_bytes+=len(data)
                                                   ^^^^
AssertionError
Unhandled exception in client_connected_cb
transport: <asyncio.sslproto._SSLProtocolTransport object at 0x105673e30>
Traceback (most recent call last):
  File "/Users/divyanshgolyan/.codex/worktrees/4511/onepage/research/transport-memory/asymmetric_server.py", line 39, in accept
    data=await reader.read(min(left,16384));assert data;hasher.update(data);left-=len(data);request_bytes+=len(data)
                                                   ^^^^
AssertionError
Unhandled exception in client_connected_cb
transport: <asyncio.sslproto._SSLProtocolTransport object at 0x105673da0>
Traceback (most recent call last):
  File "/Users/divyanshgolyan/.codex/worktrees/4511/onepage/research/transport-memory/asymmetric_server.py", line 39, in accept
    data=await reader.read(min(left,16384));assert data;hasher.update(data);left-=len(data);request_bytes+=len(data)
                                                   ^^^^
AssertionError
Unhandled exception in client_connected_cb
transport: <asyncio.sslproto._SSLProtocolTransport object at 0x105673d10>
Traceback (most recent call last):
  File "/Users/divyanshgolyan/.codex/worktrees/4511/onepage/research/transport-memory/asymmetric_server.py", line 39, in accept
    data=await reader.read(min(left,16384));assert data;hasher.update(data);left-=len(data);request_bytes+=len(data)
                                                   ^^^^
AssertionError
Unhandled exception in client_connected_cb
transport: <asyncio.sslproto._SSLProtocolTransport object at 0x105673c80>
Traceback (most recent call last):
  File "/Users/divyanshgolyan/.codex/worktrees/4511/onepage/research/transport-memory/asymmetric_server.py", line 39, in accept
    data=await reader.read(min(left,16384));assert data;hasher.update(data);left-=len(data);request_bytes+=len(data)
                                                   ^^^^
AssertionError
Unhandled exception in client_connected_cb
transport: <asyncio.sslproto._SSLProtocolTransport object at 0x105673bf0>
Traceback (most recent call last):
  File "/Users/divyanshgolyan/.codex/worktrees/4511/onepage/research/transport-memory/asymmetric_server.py", line 39, in accept
    data=await reader.read(min(left,16384));assert data;hasher.update(data);left-=len(data);request_bytes+=len(data)
                                                   ^^^^
AssertionError
Unhandled exception in client_connected_cb
transport: <asyncio.sslproto._SSLProtocolTransport object at 0x105673b60>
Traceback (most recent call last):
  File "/Users/divyanshgolyan/.codex/worktrees/4511/onepage/research/transport-memory/asymmetric_server.py", line 39, in accept
    data=await reader.read(min(left,16384));assert data;hasher.update(data);left-=len(data);request_bytes+=len(data)
                                                   ^^^^
AssertionError
Unhandled exception in client_connected_cb
transport: <asyncio.sslproto._SSLProtocolTransport object at 0x105673ad0>
Traceback (most recent call last):
  File "/Users/divyanshgolyan/.codex/worktrees/4511/onepage/research/transport-memory/asymmetric_server.py", line 39, in accept
    data=await reader.read(min(left,16384));assert data;hasher.update(data);left-=len(data);request_bytes+=len(data)
                                                   ^^^^
AssertionError
Unhandled exception in client_connected_cb
transport: <asyncio.sslproto._SSLProtocolTransport object at 0x105673a40>
Traceback (most recent call last):
  File "/Users/divyanshgolyan/.codex/worktrees/4511/onepage/research/transport-memory/asymmetric_server.py", line 39, in accept
    data=await reader.read(min(left,16384));assert data;hasher.update(data);left-=len(data);request_bytes+=len(data)
                                                   ^^^^
AssertionError
Unhandled exception in client_connected_cb
transport: <asyncio.sslproto._SSLProtocolTransport object at 0x1056739b0>
Traceback (most recent call last):
  File "/Users/divyanshgolyan/.codex/worktrees/4511/onepage/research/transport-memory/asymmetric_server.py", line 39, in accept
    data=await reader.read(min(left,16384));assert data;hasher.update(data);left-=len(data);request_bytes+=len(data)
                                                   ^^^^
AssertionError
Unhandled exception in client_connected_cb
transport: <asyncio.sslproto._SSLProtocolTransport object at 0x105673920>
Traceback (most recent call last):
  File "/Users/divyanshgolyan/.codex/worktrees/4511/onepage/research/transport-memory/asymmetric_server.py", line 39, in accept
    data=await reader.read(min(left,16384));assert data;hasher.update(data);left-=len(data);request_bytes+=len(data)
                                                   ^^^^
AssertionError
Unhandled exception in client_connected_cb
transport: <asyncio.sslproto._SSLProtocolTransport object at 0x105673890>
Traceback (most recent call last):
  File "/Users/divyanshgolyan/.codex/worktrees/4511/onepage/research/transport-memory/asymmetric_server.py", line 39, in accept
    data=await reader.read(min(left,16384));assert data;hasher.update(data);left-=len(data);request_bytes+=len(data)
                                                   ^^^^
AssertionError
Unhandled exception in client_connected_cb
transport: <asyncio.sslproto._SSLProtocolTransport object at 0x105673800>
Traceback (most recent call last):
  File "/Users/divyanshgolyan/.codex/worktrees/4511/onepage/research/transport-memory/asymmetric_server.py", line 39, in accept
    data=await reader.read(min(left,16384));assert data;hasher.update(data);left-=len(data);request_bytes+=len(data)
                                                   ^^^^
AssertionError
Unhandled exception in client_connected_cb
transport: <asyncio.sslproto._SSLProtocolTransport object at 0x105673770>
Traceback (most recent call last):
  File "/Users/divyanshgolyan/.codex/worktrees/4511/onepage/research/transport-memory/asymmetric_server.py", line 39, in accept
    data=await reader.read(min(left,16384));assert data;hasher.update(data);left-=len(data);request_bytes+=len(data)
                                                   ^^^^
AssertionError
Unhandled exception in client_connected_cb
transport: <asyncio.sslproto._SSLProtocolTransport object at 0x1056736e0>
Traceback (most recent call last):
  File "/Users/divyanshgolyan/.codex/worktrees/4511/onepage/research/transport-memory/asymmetric_server.py", line 39, in accept
    data=await reader.read(min(left,16384));assert data;hasher.update(data);left-=len(data);request_bytes+=len(data)
                                                   ^^^^
AssertionError
Unhandled exception in client_connected_cb
transport: <asyncio.sslproto._SSLProtocolTransport object at 0x105673650>
Traceback (most recent call last):
  File "/Users/divyanshgolyan/.codex/worktrees/4511/onepage/research/transport-memory/asymmetric_server.py", line 39, in accept
    data=await reader.read(min(left,16384));assert data;hasher.update(data);left-=len(data);request_bytes+=len(data)
                                                   ^^^^
AssertionError
Unhandled exception in client_connected_cb
transport: <asyncio.sslproto._SSLProtocolTransport object at 0x1056735c0>
Traceback (most recent call last):
  File "/Users/divyanshgolyan/.codex/worktrees/4511/onepage/research/transport-memory/asymmetric_server.py", line 39, in accept
    data=await reader.read(min(left,16384));assert data;hasher.update(data);left-=len(data);request_bytes+=len(data)
                                                   ^^^^
AssertionError
Unhandled exception in client_connected_cb
transport: <asyncio.sslproto._SSLProtocolTransport object at 0x105673530>
Traceback (most recent call last):
  File "/Users/divyanshgolyan/.codex/worktrees/4511/onepage/research/transport-memory/asymmetric_server.py", line 39, in accept
    data=await reader.read(min(left,16384));assert data;hasher.update(data);left-=len(data);request_bytes+=len(data)
                                                   ^^^^
AssertionError
Unhandled exception in client_connected_cb
transport: <asyncio.sslproto._SSLProtocolTransport object at 0x1056734a0>
Traceback (most recent call last):
  File "/Users/divyanshgolyan/.codex/worktrees/4511/onepage/research/transport-memory/asymmetric_server.py", line 39, in accept
    data=await reader.read(min(left,16384));assert data;hasher.update(data);left-=len(data);request_bytes+=len(data)
                                                   ^^^^
AssertionError
Unhandled exception in client_connected_cb
transport: <asyncio.sslproto._SSLProtocolTransport object at 0x105673410>
Traceback (most recent call last):
  File "/Users/divyanshgolyan/.codex/worktrees/4511/onepage/research/transport-memory/asymmetric_server.py", line 39, in accept
    data=await reader.read(min(left,16384));assert data;hasher.update(data);left-=len(data);request_bytes+=len(data)
                                                   ^^^^
AssertionError
Unhandled exception in client_connected_cb
transport: <asyncio.sslproto._SSLProtocolTransport object at 0x105673380>
Traceback (most recent call last):
  File "/Users/divyanshgolyan/.codex/worktrees/4511/onepage/research/transport-memory/asymmetric_server.py", line 39, in accept
    data=await reader.read(min(left,16384));assert data;hasher.update(data);left-=len(data);request_bytes+=len(data)
                                                   ^^^^
AssertionError
Unhandled exception in client_connected_cb
transport: <asyncio.sslproto._SSLProtocolTransport object at 0x1056732f0>
Traceback (most recent call last):
  File "/Users/divyanshgolyan/.codex/worktrees/4511/onepage/research/transport-memory/asymmetric_server.py", line 39, in accept
    data=await reader.read(min(left,16384));assert data;hasher.update(data);left-=len(data);request_bytes+=len(data)
                                                   ^^^^
AssertionError
Unhandled exception in client_connected_cb
transport: <asyncio.sslproto._SSLProtocolTransport object at 0x105673260>
Traceback (most recent call last):
  File "/Users/divyanshgolyan/.codex/worktrees/4511/onepage/research/transport-memory/asymmetric_server.py", line 39, in accept
    data=await reader.read(min(left,16384));assert data;hasher.update(data);left-=len(data);request_bytes+=len(data)
                                                   ^^^^
AssertionError
Unhandled exception in client_connected_cb
transport: <asyncio.sslproto._SSLProtocolTransport object at 0x1056731d0>
Traceback (most recent call last):
  File "/Users/divyanshgolyan/.codex/worktrees/4511/onepage/research/transport-memory/asymmetric_server.py", line 39, in accept
    data=await reader.read(min(left,16384));assert data;hasher.update(data);left-=len(data);request_bytes+=len(data)
                                                   ^^^^
AssertionError
Unhandled exception in client_connected_cb
transport: <asyncio.sslproto._SSLProtocolTransport object at 0x105673140>
Traceback (most recent call last):
  File "/Users/divyanshgolyan/.codex/worktrees/4511/onepage/research/transport-memory/asymmetric_server.py", line 39, in accept
    data=await reader.read(min(left,16384));assert data;hasher.update(data);left-=len(data);request_bytes+=len(data)
                                                   ^^^^
AssertionError
Unhandled exception in client_connected_cb
transport: <asyncio.sslproto._SSLProtocolTransport object at 0x1056730b0>
Traceback (most recent call last):
  File "/Users/divyanshgolyan/.codex/worktrees/4511/onepage/research/transport-memory/asymmetric_server.py", line 39, in accept
    data=await reader.read(min(left,16384));assert data;hasher.update(data);left-=len(data);request_bytes+=len(data)
                                                   ^^^^
AssertionError
Unhandled exception in client_connected_cb
transport: <asyncio.sslproto._SSLProtocolTransport object at 0x105673020>
Traceback (most recent call last):
  File "/Users/divyanshgolyan/.codex/worktrees/4511/onepage/research/transport-memory/asymmetric_server.py", line 39, in accept
    data=await reader.read(min(left,16384));assert data;hasher.update(data);left-=len(data);request_bytes+=len(data)
                                                   ^^^^
AssertionError
Unhandled exception in client_connected_cb
transport: <asyncio.sslproto._SSLProtocolTransport object at 0x105672f90>
Traceback (most recent call last):
  File "/Users/divyanshgolyan/.codex/worktrees/4511/onepage/research/transport-memory/asymmetric_server.py", line 39, in accept
    data=await reader.read(min(left,16384));assert data;hasher.update(data);left-=len(data);request_bytes+=len(data)
                                                   ^^^^
AssertionError
Unhandled exception in client_connected_cb
transport: <asyncio.sslproto._SSLProtocolTransport object at 0x105672f00>
Traceback (most recent call last):
  File "/Users/divyanshgolyan/.codex/worktrees/4511/onepage/research/transport-memory/asymmetric_server.py", line 39, in accept
    data=await reader.read(min(left,16384));assert data;hasher.update(data);left-=len(data);request_bytes+=len(data)
                                                   ^^^^
AssertionError
Unhandled exception in client_connected_cb
transport: <asyncio.sslproto._SSLProtocolTransport object at 0x105672e70>
Traceback (most recent call last):
  File "/Users/divyanshgolyan/.codex/worktrees/4511/onepage/research/transport-memory/asymmetric_server.py", line 39, in accept
    data=await reader.read(min(left,16384));assert data;hasher.update(data);left-=len(data);request_bytes+=len(data)
                                                   ^^^^
AssertionError
Unhandled exception in client_connected_cb
transport: <asyncio.sslproto._SSLProtocolTransport object at 0x105672de0>
Traceback (most recent call last):
  File "/Users/divyanshgolyan/.codex/worktrees/4511/onepage/research/transport-memory/asymmetric_server.py", line 39, in accept
    data=await reader.read(min(left,16384));assert data;hasher.update(data);left-=len(data);request_bytes+=len(data)
                                                   ^^^^
AssertionError
Unhandled exception in client_connected_cb
transport: <asyncio.sslproto._SSLProtocolTransport object at 0x105672d50>
Traceback (most recent call last):
  File "/Users/divyanshgolyan/.codex/worktrees/4511/onepage/research/transport-memory/asymmetric_server.py", line 39, in accept
    data=await reader.read(min(left,16384));assert data;hasher.update(data);left-=len(data);request_bytes+=len(data)
                                                   ^^^^
AssertionError
Unhandled exception in client_connected_cb
transport: <asyncio.sslproto._SSLProtocolTransport object at 0x105672cc0>
Traceback (most recent call last):
  File "/Users/divyanshgolyan/.codex/worktrees/4511/onepage/research/transport-memory/asymmetric_server.py", line 39, in accept
    data=await reader.read(min(left,16384));assert data;hasher.update(data);left-=len(data);request_bytes+=len(data)
                                                   ^^^^
AssertionError
Unhandled exception in client_connected_cb
transport: <asyncio.sslproto._SSLProtocolTransport object at 0x105672c30>
Traceback (most recent call last):
  File "/Users/divyanshgolyan/.codex/worktrees/4511/onepage/research/transport-memory/asymmetric_server.py", line 39, in accept
    data=await reader.read(min(left,16384));assert data;hasher.update(data);left-=len(data);request_bytes+=len(data)
                                                   ^^^^
AssertionError
Unhandled exception in client_connected_cb
transport: <asyncio.sslproto._SSLProtocolTransport object at 0x105672ba0>
Traceback (most recent call last):
  File "/Users/divyanshgolyan/.codex/worktrees/4511/onepage/research/transport-memory/asymmetric_server.py", line 39, in accept
    data=await reader.read(min(left,16384));assert data;hasher.update(data);left-=len(data);request_bytes+=len(data)
                                                   ^^^^
AssertionError
Unhandled exception in client_connected_cb
transport: <asyncio.sslproto._SSLProtocolTransport object at 0x105672b10>
Traceback (most recent call last):
  File "/Users/divyanshgolyan/.codex/worktrees/4511/onepage/research/transport-memory/asymmetric_server.py", line 39, in accept
    data=await reader.read(min(left,16384));assert data;hasher.update(data);left-=len(data);request_bytes+=len(data)
                                                   ^^^^
AssertionError
Unhandled exception in client_connected_cb
transport: <asyncio.sslproto._SSLProtocolTransport object at 0x105672a80>
Traceback (most recent call last):
  File "/Users/divyanshgolyan/.codex/worktrees/4511/onepage/research/transport-memory/asymmetric_server.py", line 39, in accept
    data=await reader.read(min(left,16384));assert data;hasher.update(data);left-=len(data);request_bytes+=len(data)
                                                   ^^^^
AssertionError
Unhandled exception in client_connected_cb
transport: <asyncio.sslproto._SSLProtocolTransport object at 0x1056729f0>
Traceback (most recent call last):
  File "/Users/divyanshgolyan/.codex/worktrees/4511/onepage/research/transport-memory/asymmetric_server.py", line 39, in accept
    data=await reader.read(min(left,16384));assert data;hasher.update(data);left-=len(data);request_bytes+=len(data)
                                                   ^^^^
AssertionError
Unhandled exception in client_connected_cb
transport: <asyncio.sslproto._SSLProtocolTransport object at 0x105672960>
Traceback (most recent call last):
  File "/Users/divyanshgolyan/.codex/worktrees/4511/onepage/research/transport-memory/asymmetric_server.py", line 39, in accept
    data=await reader.read(min(left,16384));assert data;hasher.update(data);left-=len(data);request_bytes+=len(data)
                                                   ^^^^
AssertionError
Unhandled exception in client_connected_cb
transport: <asyncio.sslproto._SSLProtocolTransport object at 0x1056728d0>
Traceback (most recent call last):
  File "/Users/divyanshgolyan/.codex/worktrees/4511/onepage/research/transport-memory/asymmetric_server.py", line 39, in accept
    data=await reader.read(min(left,16384));assert data;hasher.update(data);left-=len(data);request_bytes+=len(data)
                                                   ^^^^
AssertionError
Unhandled exception in client_connected_cb
transport: <asyncio.sslproto._SSLProtocolTransport object at 0x105672840>
Traceback (most recent call last):
  File "/Users/divyanshgolyan/.codex/worktrees/4511/onepage/research/transport-memory/asymmetric_server.py", line 39, in accept
    data=await reader.read(min(left,16384));assert data;hasher.update(data);left-=len(data);request_bytes+=len(data)
                                                   ^^^^
AssertionError
Unhandled exception in client_connected_cb
transport: <asyncio.sslproto._SSLProtocolTransport object at 0x1056727b0>
Traceback (most recent call last):
  File "/Users/divyanshgolyan/.codex/worktrees/4511/onepage/research/transport-memory/asymmetric_server.py", line 39, in accept
    data=await reader.read(min(left,16384));assert data;hasher.update(data);left-=len(data);request_bytes+=len(data)
                                                   ^^^^
AssertionError
Unhandled exception in client_connected_cb
transport: <asyncio.sslproto._SSLProtocolTransport object at 0x105672720>
Traceback (most recent call last):
  File "/Users/divyanshgolyan/.codex/worktrees/4511/onepage/research/transport-memory/asymmetric_server.py", line 39, in accept
    data=await reader.read(min(left,16384));assert data;hasher.update(data);left-=len(data);request_bytes+=len(data)
                                                   ^^^^
AssertionError
Unhandled exception in client_connected_cb
transport: <asyncio.sslproto._SSLProtocolTransport object at 0x105672690>
Traceback (most recent call last):
  File "/Users/divyanshgolyan/.codex/worktrees/4511/onepage/research/transport-memory/asymmetric_server.py", line 39, in accept
    data=await reader.read(min(left,16384));assert data;hasher.update(data);left-=len(data);request_bytes+=len(data)
                                                   ^^^^
AssertionError
Unhandled exception in client_connected_cb
transport: <asyncio.sslproto._SSLProtocolTransport object at 0x105672600>
Traceback (most recent call last):
  File "/Users/divyanshgolyan/.codex/worktrees/4511/onepage/research/transport-memory/asymmetric_server.py", line 39, in accept
    data=await reader.read(min(left,16384));assert data;hasher.update(data);left-=len(data);request_bytes+=len(data)
                                                   ^^^^
AssertionError
Unhandled exception in client_connected_cb
transport: <asyncio.sslproto._SSLProtocolTransport object at 0x105672570>
Traceback (most recent call last):
  File "/Users/divyanshgolyan/.codex/worktrees/4511/onepage/research/transport-memory/asymmetric_server.py", line 39, in accept
    data=await reader.read(min(left,16384));assert data;hasher.update(data);left-=len(data);request_bytes+=len(data)
                                                   ^^^^
AssertionError
Unhandled exception in client_connected_cb
transport: <asyncio.sslproto._SSLProtocolTransport object at 0x1056724e0>
Traceback (most recent call last):
  File "/Users/divyanshgolyan/.codex/worktrees/4511/onepage/research/transport-memory/asymmetric_server.py", line 39, in accept
    data=await reader.read(min(left,16384));assert data;hasher.update(data);left-=len(data);request_bytes+=len(data)
                                                   ^^^^
AssertionError
Unhandled exception in client_connected_cb
transport: <asyncio.sslproto._SSLProtocolTransport object at 0x105672450>
Traceback (most recent call last):
  File "/Users/divyanshgolyan/.codex/worktrees/4511/onepage/research/transport-memory/asymmetric_server.py", line 39, in accept
    data=await reader.read(min(left,16384));assert data;hasher.update(data);left-=len(data);request_bytes+=len(data)
                                                   ^^^^
AssertionError
Unhandled exception in client_connected_cb
transport: <asyncio.sslproto._SSLProtocolTransport object at 0x1056723c0>
Traceback (most recent call last):
  File "/Users/divyanshgolyan/.codex/worktrees/4511/onepage/research/transport-memory/asymmetric_server.py", line 39, in accept
    data=await reader.read(min(left,16384));assert data;hasher.update(data);left-=len(data);request_bytes+=len(data)
                                                   ^^^^
AssertionError
Unhandled exception in client_connected_cb
transport: <asyncio.sslproto._SSLProtocolTransport object at 0x105672330>
Traceback (most recent call last):
  File "/Users/divyanshgolyan/.codex/worktrees/4511/onepage/research/transport-memory/asymmetric_server.py", line 39, in accept
    data=await reader.read(min(left,16384));assert data;hasher.update(data);left-=len(data);request_bytes+=len(data)
                                                   ^^^^
AssertionError
Unhandled exception in client_connected_cb
transport: <asyncio.sslproto._SSLProtocolTransport object at 0x1056722a0>
Traceback (most recent call last):
  File "/Users/divyanshgolyan/.codex/worktrees/4511/onepage/research/transport-memory/asymmetric_server.py", line 39, in accept
    data=await reader.read(min(left,16384));assert data;hasher.update(data);left-=len(data);request_bytes+=len(data)
                                                   ^^^^
AssertionError
Unhandled exception in client_connected_cb
transport: <asyncio.sslproto._SSLProtocolTransport object at 0x105672210>
Traceback (most recent call last):
  File "/Users/divyanshgolyan/.codex/worktrees/4511/onepage/research/transport-memory/asymmetric_server.py", line 39, in accept
    data=await reader.read(min(left,16384));assert data;hasher.update(data);left-=len(data);request_bytes+=len(data)
                                                   ^^^^
AssertionError
Unhandled exception in client_connected_cb
transport: <asyncio.sslproto._SSLProtocolTransport object at 0x105672180>
Traceback (most recent call last):
  File "/Users/divyanshgolyan/.codex/worktrees/4511/onepage/research/transport-memory/asymmetric_server.py", line 39, in accept
    data=await reader.read(min(left,16384));assert data;hasher.update(data);left-=len(data);request_bytes+=len(data)
                                                   ^^^^
AssertionError
Unhandled exception in client_connected_cb
transport: <asyncio.sslproto._SSLProtocolTransport object at 0x1056720f0>
Traceback (most recent call last):
  File "/Users/divyanshgolyan/.codex/worktrees/4511/onepage/research/transport-memory/asymmetric_server.py", line 39, in accept
    data=await reader.read(min(left,16384));assert data;hasher.update(data);left-=len(data);request_bytes+=len(data)
                                                   ^^^^
AssertionError
Unhandled exception in client_connected_cb
transport: <asyncio.sslproto._SSLProtocolTransport object at 0x105672060>
Traceback (most recent call last):
  File "/Users/divyanshgolyan/.codex/worktrees/4511/onepage/research/transport-memory/asymmetric_server.py", line 39, in accept
    data=await reader.read(min(left,16384));assert data;hasher.update(data);left-=len(data);request_bytes+=len(data)
                                                   ^^^^
AssertionError
Unhandled exception in client_connected_cb
transport: <asyncio.sslproto._SSLProtocolTransport object at 0x105671fd0>
Traceback (most recent call last):
  File "/Users/divyanshgolyan/.codex/worktrees/4511/onepage/research/transport-memory/asymmetric_server.py", line 39, in accept
    data=await reader.read(min(left,16384));assert data;hasher.update(data);left-=len(data);request_bytes+=len(data)
                                                   ^^^^
AssertionError
Unhandled exception in client_connected_cb
transport: <asyncio.sslproto._SSLProtocolTransport object at 0x105671f40>
Traceback (most recent call last):
  File "/Users/divyanshgolyan/.codex/worktrees/4511/onepage/research/transport-memory/asymmetric_server.py", line 39, in accept
    data=await reader.read(min(left,16384));assert data;hasher.update(data);left-=len(data);request_bytes+=len(data)
                                                   ^^^^
AssertionError
Unhandled exception in client_connected_cb
transport: <asyncio.sslproto._SSLProtocolTransport object at 0x105671eb0>
Traceback (most recent call last):
  File "/Users/divyanshgolyan/.codex/worktrees/4511/onepage/research/transport-memory/asymmetric_server.py", line 39, in accept
    data=await reader.read(min(left,16384));assert data;hasher.update(data);left-=len(data);request_bytes+=len(data)
                                                   ^^^^
AssertionError
Unhandled exception in client_connected_cb
transport: <asyncio.sslproto._SSLProtocolTransport object at 0x105671e20>
Traceback (most recent call last):
  File "/Users/divyanshgolyan/.codex/worktrees/4511/onepage/research/transport-memory/asymmetric_server.py", line 39, in accept
    data=await reader.read(min(left,16384));assert data;hasher.update(data);left-=len(data);request_bytes+=len(data)
                                                   ^^^^
AssertionError
Unhandled exception in client_connected_cb
transport: <asyncio.sslproto._SSLProtocolTransport object at 0x105671d90>
Traceback (most recent call last):
  File "/Users/divyanshgolyan/.codex/worktrees/4511/onepage/research/transport-memory/asymmetric_server.py", line 39, in accept
    data=await reader.read(min(left,16384));assert data;hasher.update(data);left-=len(data);request_bytes+=len(data)
                                                   ^^^^
AssertionError
Unhandled exception in client_connected_cb
transport: <asyncio.sslproto._SSLProtocolTransport object at 0x105671d00>
Traceback (most recent call last):
  File "/Users/divyanshgolyan/.codex/worktrees/4511/onepage/research/transport-memory/asymmetric_server.py", line 39, in accept
    data=await reader.read(min(left,16384));assert data;hasher.update(data);left-=len(data);request_bytes+=len(data)
                                                   ^^^^
AssertionError
Unhandled exception in client_connected_cb
transport: <asyncio.sslproto._SSLProtocolTransport object at 0x105671c70>
Traceback (most recent call last):
  File "/Users/divyanshgolyan/.codex/worktrees/4511/onepage/research/transport-memory/asymmetric_server.py", line 39, in accept
    data=await reader.read(min(left,16384));assert data;hasher.update(data);left-=len(data);request_bytes+=len(data)
                                                   ^^^^
AssertionError
Unhandled exception in client_connected_cb
transport: <asyncio.sslproto._SSLProtocolTransport object at 0x105671be0>
Traceback (most recent call last):
  File "/Users/divyanshgolyan/.codex/worktrees/4511/onepage/research/transport-memory/asymmetric_server.py", line 39, in accept
    data=await reader.read(min(left,16384));assert data;hasher.update(data);left-=len(data);request_bytes+=len(data)
                                                   ^^^^
AssertionError
Unhandled exception in client_connected_cb
transport: <asyncio.sslproto._SSLProtocolTransport object at 0x105671b50>
Traceback (most recent call last):
  File "/Users/divyanshgolyan/.codex/worktrees/4511/onepage/research/transport-memory/asymmetric_server.py", line 39, in accept
    data=await reader.read(min(left,16384));assert data;hasher.update(data);left-=len(data);request_bytes+=len(data)
                                                   ^^^^
AssertionError
Unhandled exception in client_connected_cb
transport: <asyncio.sslproto._SSLProtocolTransport object at 0x105671ac0>
Traceback (most recent call last):
  File "/Users/divyanshgolyan/.codex/worktrees/4511/onepage/research/transport-memory/asymmetric_server.py", line 39, in accept
    data=await reader.read(min(left,16384));assert data;hasher.update(data);left-=len(data);request_bytes+=len(data)
                                                   ^^^^
AssertionError
Unhandled exception in client_connected_cb
transport: <asyncio.sslproto._SSLProtocolTransport object at 0x105671a30>
Traceback (most recent call last):
  File "/Users/divyanshgolyan/.codex/worktrees/4511/onepage/research/transport-memory/asymmetric_server.py", line 39, in accept
    data=await reader.read(min(left,16384));assert data;hasher.update(data);left-=len(data);request_bytes+=len(data)
                                                   ^^^^
AssertionError
Unhandled exception in client_connected_cb
transport: <asyncio.sslproto._SSLProtocolTransport object at 0x1056719a0>
Traceback (most recent call last):
  File "/Users/divyanshgolyan/.codex/worktrees/4511/onepage/research/transport-memory/asymmetric_server.py", line 39, in accept
    data=await reader.read(min(left,16384));assert data;hasher.update(data);left-=len(data);request_bytes+=len(data)
                                                   ^^^^
AssertionError
Unhandled exception in client_connected_cb
transport: <asyncio.sslproto._SSLProtocolTransport object at 0x105671910>
Traceback (most recent call last):
  File "/Users/divyanshgolyan/.codex/worktrees/4511/onepage/research/transport-memory/asymmetric_server.py", line 39, in accept
    data=await reader.read(min(left,16384));assert data;hasher.update(data);left-=len(data);request_bytes+=len(data)
                                                   ^^^^
AssertionError
Unhandled exception in client_connected_cb
transport: <asyncio.sslproto._SSLProtocolTransport object at 0x105671880>
Traceback (most recent call last):
  File "/Users/divyanshgolyan/.codex/worktrees/4511/onepage/research/transport-memory/asymmetric_server.py", line 39, in accept
    data=await reader.read(min(left,16384));assert data;hasher.update(data);left-=len(data);request_bytes+=len(data)
                                                   ^^^^
AssertionError
Unhandled exception in client_connected_cb
transport: <asyncio.sslproto._SSLProtocolTransport object at 0x1056717f0>
Traceback (most recent call last):
  File "/Users/divyanshgolyan/.codex/worktrees/4511/onepage/research/transport-memory/asymmetric_server.py", line 39, in accept
    data=await reader.read(min(left,16384));assert data;hasher.update(data);left-=len(data);request_bytes+=len(data)
                                                   ^^^^
AssertionError
Unhandled exception in client_connected_cb
transport: <asyncio.sslproto._SSLProtocolTransport object at 0x105671760>
Traceback (most recent call last):
  File "/Users/divyanshgolyan/.codex/worktrees/4511/onepage/research/transport-memory/asymmetric_server.py", line 39, in accept
    data=await reader.read(min(left,16384));assert data;hasher.update(data);left-=len(data);request_bytes+=len(data)
                                                   ^^^^
AssertionError
Unhandled exception in client_connected_cb
transport: <asyncio.sslproto._SSLProtocolTransport object at 0x1056716d0>
Traceback (most recent call last):
  File "/Users/divyanshgolyan/.codex/worktrees/4511/onepage/research/transport-memory/asymmetric_server.py", line 39, in accept
    data=await reader.read(min(left,16384));assert data;hasher.update(data);left-=len(data);request_bytes+=len(data)
                                                   ^^^^
AssertionError
Unhandled exception in client_connected_cb
transport: <asyncio.sslproto._SSLProtocolTransport object at 0x105671640>
Traceback (most recent call last):
  File "/Users/divyanshgolyan/.codex/worktrees/4511/onepage/research/transport-memory/asymmetric_server.py", line 39, in accept
    data=await reader.read(min(left,16384));assert data;hasher.update(data);left-=len(data);request_bytes+=len(data)
                                                   ^^^^
AssertionError
Unhandled exception in client_connected_cb
transport: <asyncio.sslproto._SSLProtocolTransport object at 0x1056715b0>
Traceback (most recent call last):
  File "/Users/divyanshgolyan/.codex/worktrees/4511/onepage/research/transport-memory/asymmetric_server.py", line 39, in accept
    data=await reader.read(min(left,16384));assert data;hasher.update(data);left-=len(data);request_bytes+=len(data)
                                                   ^^^^
AssertionError
Unhandled exception in client_connected_cb
transport: <asyncio.sslproto._SSLProtocolTransport object at 0x105671520>
Traceback (most recent call last):
  File "/Users/divyanshgolyan/.codex/worktrees/4511/onepage/research/transport-memory/asymmetric_server.py", line 39, in accept
    data=await reader.read(min(left,16384));assert data;hasher.update(data);left-=len(data);request_bytes+=len(data)
                                                   ^^^^
AssertionError
Unhandled exception in client_connected_cb
transport: <asyncio.sslproto._SSLProtocolTransport object at 0x105671490>
Traceback (most recent call last):
  File "/Users/divyanshgolyan/.codex/worktrees/4511/onepage/research/transport-memory/asymmetric_server.py", line 39, in accept
    data=await reader.read(min(left,16384));assert data;hasher.update(data);left-=len(data);request_bytes+=len(data)
                                                   ^^^^
AssertionError
Unhandled exception in client_connected_cb
transport: <asyncio.sslproto._SSLProtocolTransport object at 0x105671400>
Traceback (most recent call last):
  File "/Users/divyanshgolyan/.codex/worktrees/4511/onepage/research/transport-memory/asymmetric_server.py", line 39, in accept
    data=await reader.read(min(left,16384));assert data;hasher.update(data);left-=len(data);request_bytes+=len(data)
                                                   ^^^^
AssertionError
Unhandled exception in client_connected_cb
transport: <asyncio.sslproto._SSLProtocolTransport object at 0x105671370>
Traceback (most recent call last):
  File "/Users/divyanshgolyan/.codex/worktrees/4511/onepage/research/transport-memory/asymmetric_server.py", line 39, in accept
    data=await reader.read(min(left,16384));assert data;hasher.update(data);left-=len(data);request_bytes+=len(data)
                                                   ^^^^
AssertionError
Unhandled exception in client_connected_cb
transport: <asyncio.sslproto._SSLProtocolTransport object at 0x1056712e0>
Traceback (most recent call last):
  File "/Users/divyanshgolyan/.codex/worktrees/4511/onepage/research/transport-memory/asymmetric_server.py", line 39, in accept
    data=await reader.read(min(left,16384));assert data;hasher.update(data);left-=len(data);request_bytes+=len(data)
                                                   ^^^^
AssertionError
Unhandled exception in client_connected_cb
transport: <asyncio.sslproto._SSLProtocolTransport object at 0x105671250>
Traceback (most recent call last):
  File "/Users/divyanshgolyan/.codex/worktrees/4511/onepage/research/transport-memory/asymmetric_server.py", line 39, in accept
    data=await reader.read(min(left,16384));assert data;hasher.update(data);left-=len(data);request_bytes+=len(data)
                                                   ^^^^
AssertionError
Unhandled exception in client_connected_cb
transport: <asyncio.sslproto._SSLProtocolTransport object at 0x1056711c0>
Traceback (most recent call last):
  File "/Users/divyanshgolyan/.codex/worktrees/4511/onepage/research/transport-memory/asymmetric_server.py", line 39, in accept
    data=await reader.read(min(left,16384));assert data;hasher.update(data);left-=len(data);request_bytes+=len(data)
                                                   ^^^^
AssertionError
Unhandled exception in client_connected_cb
transport: <asyncio.sslproto._SSLProtocolTransport object at 0x105671130>
Traceback (most recent call last):
  File "/Users/divyanshgolyan/.codex/worktrees/4511/onepage/research/transport-memory/asymmetric_server.py", line 39, in accept
    data=await reader.read(min(left,16384));assert data;hasher.update(data);left-=len(data);request_bytes+=len(data)
                                                   ^^^^
AssertionError
Unhandled exception in client_connected_cb
transport: <asyncio.sslproto._SSLProtocolTransport object at 0x1056710a0>
Traceback (most recent call last):
  File "/Users/divyanshgolyan/.codex/worktrees/4511/onepage/research/transport-memory/asymmetric_server.py", line 39, in accept
    data=await reader.read(min(left,16384));assert data;hasher.update(data);left-=len(data);request_bytes+=len(data)
                                                   ^^^^
AssertionError
Unhandled exception in client_connected_cb
transport: <asyncio.sslproto._SSLProtocolTransport object at 0x105671010>
Traceback (most recent call last):
  File "/Users/divyanshgolyan/.codex/worktrees/4511/onepage/research/transport-memory/asymmetric_server.py", line 39, in accept
    data=await reader.read(min(left,16384));assert data;hasher.update(data);left-=len(data);request_bytes+=len(data)
                                                   ^^^^
AssertionError
Unhandled exception in client_connected_cb
transport: <asyncio.sslproto._SSLProtocolTransport object at 0x105670f80>
Traceback (most recent call last):
  File "/Users/divyanshgolyan/.codex/worktrees/4511/onepage/research/transport-memory/asymmetric_server.py", line 39, in accept
    data=await reader.read(min(left,16384));assert data;hasher.update(data);left-=len(data);request_bytes+=len(data)
                                                   ^^^^
AssertionError
Unhandled exception in client_connected_cb
transport: <asyncio.sslproto._SSLProtocolTransport object at 0x105670ef0>
Traceback (most recent call last):
  File "/Users/divyanshgolyan/.codex/worktrees/4511/onepage/research/transport-memory/asymmetric_server.py", line 39, in accept
    data=await reader.read(min(left,16384));assert data;hasher.update(data);left-=len(data);request_bytes+=len(data)
                                                   ^^^^
AssertionError
Unhandled exception in client_connected_cb
transport: <asyncio.sslproto._SSLProtocolTransport object at 0x105670e60>
Traceback (most recent call last):
  File "/Users/divyanshgolyan/.codex/worktrees/4511/onepage/research/transport-memory/asymmetric_server.py", line 39, in accept
    data=await reader.read(min(left,16384));assert data;hasher.update(data);left-=len(data);request_bytes+=len(data)
                                                   ^^^^
AssertionError
Unhandled exception in client_connected_cb
transport: <asyncio.sslproto._SSLProtocolTransport object at 0x105670dd0>
Traceback (most recent call last):
  File "/Users/divyanshgolyan/.codex/worktrees/4511/onepage/research/transport-memory/asymmetric_server.py", line 39, in accept
    data=await reader.read(min(left,16384));assert data;hasher.update(data);left-=len(data);request_bytes+=len(data)
                                                   ^^^^
AssertionError
Unhandled exception in client_connected_cb
transport: <asyncio.sslproto._SSLProtocolTransport object at 0x105670d40>
Traceback (most recent call last):
  File "/Users/divyanshgolyan/.codex/worktrees/4511/onepage/research/transport-memory/asymmetric_server.py", line 39, in accept
    data=await reader.read(min(left,16384));assert data;hasher.update(data);left-=len(data);request_bytes+=len(data)
                                                   ^^^^
AssertionError
Unhandled exception in client_connected_cb
transport: <asyncio.sslproto._SSLProtocolTransport object at 0x105670cb0>
Traceback (most recent call last):
  File "/Users/divyanshgolyan/.codex/worktrees/4511/onepage/research/transport-memory/asymmetric_server.py", line 39, in accept
    data=await reader.read(min(left,16384));assert data;hasher.update(data);left-=len(data);request_bytes+=len(data)
                                                   ^^^^
AssertionError
Unhandled exception in client_connected_cb
transport: <asyncio.sslproto._SSLProtocolTransport object at 0x105670c20>
Traceback (most recent call last):
  File "/Users/divyanshgolyan/.codex/worktrees/4511/onepage/research/transport-memory/asymmetric_server.py", line 39, in accept
    data=await reader.read(min(left,16384));assert data;hasher.update(data);left-=len(data);request_bytes+=len(data)
                                                   ^^^^
AssertionError
Unhandled exception in client_connected_cb
transport: <asyncio.sslproto._SSLProtocolTransport object at 0x105670b90>
Traceback (most recent call last):
  File "/Users/divyanshgolyan/.codex/worktrees/4511/onepage/research/transport-memory/asymmetric_server.py", line 39, in accept
    data=await reader.read(min(left,16384));assert data;hasher.update(data);left-=len(data);request_bytes+=len(data)
                                                   ^^^^
AssertionError
Unhandled exception in client_connected_cb
transport: <asyncio.sslproto._SSLProtocolTransport object at 0x105670b00>
Traceback (most recent call last):
  File "/Users/divyanshgolyan/.codex/worktrees/4511/onepage/research/transport-memory/asymmetric_server.py", line 39, in accept
    data=await reader.read(min(left,16384));assert data;hasher.update(data);left-=len(data);request_bytes+=len(data)
                                                   ^^^^
AssertionError
Unhandled exception in client_connected_cb
transport: <asyncio.sslproto._SSLProtocolTransport object at 0x105670a70>
Traceback (most recent call last):
  File "/Users/divyanshgolyan/.codex/worktrees/4511/onepage/research/transport-memory/asymmetric_server.py", line 39, in accept
    data=await reader.read(min(left,16384));assert data;hasher.update(data);left-=len(data);request_bytes+=len(data)
                                                   ^^^^
AssertionError
Unhandled exception in client_connected_cb
transport: <asyncio.sslproto._SSLProtocolTransport object at 0x1056709e0>
Traceback (most recent call last):
  File "/Users/divyanshgolyan/.codex/worktrees/4511/onepage/research/transport-memory/asymmetric_server.py", line 39, in accept
    data=await reader.read(min(left,16384));assert data;hasher.update(data);left-=len(data);request_bytes+=len(data)
                                                   ^^^^
AssertionError
Unhandled exception in client_connected_cb
transport: <asyncio.sslproto._SSLProtocolTransport object at 0x105670950>
Traceback (most recent call last):
  File "/Users/divyanshgolyan/.codex/worktrees/4511/onepage/research/transport-memory/asymmetric_server.py", line 39, in accept
    data=await reader.read(min(left,16384));assert data;hasher.update(data);left-=len(data);request_bytes+=len(data)
                                                   ^^^^
AssertionError
Unhandled exception in client_connected_cb
transport: <asyncio.sslproto._SSLProtocolTransport object at 0x1056708c0>
Traceback (most recent call last):
  File "/Users/divyanshgolyan/.codex/worktrees/4511/onepage/research/transport-memory/asymmetric_server.py", line 39, in accept
    data=await reader.read(min(left,16384));assert data;hasher.update(data);left-=len(data);request_bytes+=len(data)
                                                   ^^^^
AssertionError
Unhandled exception in client_connected_cb
transport: <asyncio.sslproto._SSLProtocolTransport object at 0x105670830>
Traceback (most recent call last):
  File "/Users/divyanshgolyan/.codex/worktrees/4511/onepage/research/transport-memory/asymmetric_server.py", line 39, in accept
    data=await reader.read(min(left,16384));assert data;hasher.update(data);left-=len(data);request_bytes+=len(data)
                                                   ^^^^
AssertionError
Unhandled exception in client_connected_cb
transport: <asyncio.sslproto._SSLProtocolTransport object at 0x1056707a0>
Traceback (most recent call last):
  File "/Users/divyanshgolyan/.codex/worktrees/4511/onepage/research/transport-memory/asymmetric_server.py", line 39, in accept
    data=await reader.read(min(left,16384));assert data;hasher.update(data);left-=len(data);request_bytes+=len(data)
                                                   ^^^^
AssertionError
Unhandled exception in client_connected_cb
transport: <asyncio.sslproto._SSLProtocolTransport object at 0x105670710>
Traceback (most recent call last):
  File "/Users/divyanshgolyan/.codex/worktrees/4511/onepage/research/transport-memory/asymmetric_server.py", line 39, in accept
    data=await reader.read(min(left,16384));assert data;hasher.update(data);left-=len(data);request_bytes+=len(data)
                                                   ^^^^
AssertionError
Unhandled exception in client_connected_cb
transport: <asyncio.sslproto._SSLProtocolTransport object at 0x105670680>
Traceback (most recent call last):
  File "/Users/divyanshgolyan/.codex/worktrees/4511/onepage/research/transport-memory/asymmetric_server.py", line 39, in accept
    data=await reader.read(min(left,16384));assert data;hasher.update(data);left-=len(data);request_bytes+=len(data)
                                                   ^^^^
AssertionError
Unhandled exception in client_connected_cb
transport: <asyncio.sslproto._SSLProtocolTransport object at 0x1056705f0>
Traceback (most recent call last):
  File "/Users/divyanshgolyan/.codex/worktrees/4511/onepage/research/transport-memory/asymmetric_server.py", line 39, in accept
    data=await reader.read(min(left,16384));assert data;hasher.update(data);left-=len(data);request_bytes+=len(data)
                                                   ^^^^
AssertionError
Unhandled exception in client_connected_cb
transport: <asyncio.sslproto._SSLProtocolTransport object at 0x105670560>
Traceback (most recent call last):
  File "/Users/divyanshgolyan/.codex/worktrees/4511/onepage/research/transport-memory/asymmetric_server.py", line 39, in accept
    data=await reader.read(min(left,16384));assert data;hasher.update(data);left-=len(data);request_bytes+=len(data)
                                                   ^^^^
AssertionError
Unhandled exception in client_connected_cb
transport: <asyncio.sslproto._SSLProtocolTransport object at 0x105670440>
Traceback (most recent call last):
  File "/Users/divyanshgolyan/.codex/worktrees/4511/onepage/research/transport-memory/asymmetric_server.py", line 39, in accept
    data=await reader.read(min(left,16384));assert data;hasher.update(data);left-=len(data);request_bytes+=len(data)
                                                   ^^^^
AssertionError
Unhandled exception in client_connected_cb
transport: <asyncio.sslproto._SSLProtocolTransport object at 0x1056703b0>
Traceback (most recent call last):
  File "/Users/divyanshgolyan/.codex/worktrees/4511/onepage/research/transport-memory/asymmetric_server.py", line 39, in accept
    data=await reader.read(min(left,16384));assert data;hasher.update(data);left-=len(data);request_bytes+=len(data)
                                                   ^^^^
AssertionError
Unhandled exception in client_connected_cb
transport: <asyncio.sslproto._SSLProtocolTransport object at 0x105670320>
Traceback (most recent call last):
  File "/Users/divyanshgolyan/.codex/worktrees/4511/onepage/research/transport-memory/asymmetric_server.py", line 39, in accept
    data=await reader.read(min(left,16384));assert data;hasher.update(data);left-=len(data);request_bytes+=len(data)
                                                   ^^^^
AssertionError
Unhandled exception in client_connected_cb
transport: <asyncio.sslproto._SSLProtocolTransport object at 0x105670290>
Traceback (most recent call last):
  File "/Users/divyanshgolyan/.codex/worktrees/4511/onepage/research/transport-memory/asymmetric_server.py", line 39, in accept
    data=await reader.read(min(left,16384));assert data;hasher.update(data);left-=len(data);request_bytes+=len(data)
                                                   ^^^^
AssertionError
Unhandled exception in client_connected_cb
transport: <asyncio.sslproto._SSLProtocolTransport object at 0x105670200>
Traceback (most recent call last):
  File "/Users/divyanshgolyan/.codex/worktrees/4511/onepage/research/transport-memory/asymmetric_server.py", line 39, in accept
    data=await reader.read(min(left,16384));assert data;hasher.update(data);left-=len(data);request_bytes+=len(data)
                                                   ^^^^
AssertionError
Unhandled exception in client_connected_cb
transport: <asyncio.sslproto._SSLProtocolTransport object at 0x105670170>
Traceback (most recent call last):
  File "/Users/divyanshgolyan/.codex/worktrees/4511/onepage/research/transport-memory/asymmetric_server.py", line 39, in accept
    data=await reader.read(min(left,16384));assert data;hasher.update(data);left-=len(data);request_bytes+=len(data)
                                                   ^^^^
AssertionError
Unhandled exception in client_connected_cb
transport: <asyncio.sslproto._SSLProtocolTransport object at 0x1056700e0>
Traceback (most recent call last):
  File "/Users/divyanshgolyan/.codex/worktrees/4511/onepage/research/transport-memory/asymmetric_server.py", line 39, in accept
    data=await reader.read(min(left,16384));assert data;hasher.update(data);left-=len(data);request_bytes+=len(data)
                                                   ^^^^
AssertionError
Unhandled exception in client_connected_cb
transport: <asyncio.sslproto._SSLProtocolTransport object at 0x105670050>
Traceback (most recent call last):
  File "/Users/divyanshgolyan/.codex/worktrees/4511/onepage/research/transport-memory/asymmetric_server.py", line 39, in accept
    data=await reader.read(min(left,16384));assert data;hasher.update(data);left-=len(data);request_bytes+=len(data)
                                                   ^^^^
AssertionError
Unhandled exception in client_connected_cb
transport: <asyncio.sslproto._SSLProtocolTransport object at 0x1055d7f50>
Traceback (most recent call last):
  File "/Users/divyanshgolyan/.codex/worktrees/4511/onepage/research/transport-memory/asymmetric_server.py", line 39, in accept
    data=await reader.read(min(left,16384));assert data;hasher.update(data);left-=len(data);request_bytes+=len(data)
                                                   ^^^^
AssertionError
Unhandled exception in client_connected_cb
transport: <asyncio.sslproto._SSLProtocolTransport object at 0x1055d7ec0>
Traceback (most recent call last):
  File "/Users/divyanshgolyan/.codex/worktrees/4511/onepage/research/transport-memory/asymmetric_server.py", line 39, in accept
    data=await reader.read(min(left,16384));assert data;hasher.update(data);left-=len(data);request_bytes+=len(data)
                                                   ^^^^
AssertionError
Unhandled exception in client_connected_cb
transport: <asyncio.sslproto._SSLProtocolTransport object at 0x1055d7e30>
Traceback (most recent call last):
  File "/Users/divyanshgolyan/.codex/worktrees/4511/onepage/research/transport-memory/asymmetric_server.py", line 39, in accept
    data=await reader.read(min(left,16384));assert data;hasher.update(data);left-=len(data);request_bytes+=len(data)
                                                   ^^^^
AssertionError
Unhandled exception in client_connected_cb
transport: <asyncio.sslproto._SSLProtocolTransport object at 0x1055d7da0>
Traceback (most recent call last):
  File "/Users/divyanshgolyan/.codex/worktrees/4511/onepage/research/transport-memory/asymmetric_server.py", line 39, in accept
    data=await reader.read(min(left,16384));assert data;hasher.update(data);left-=len(data);request_bytes+=len(data)
                                                   ^^^^
AssertionError
Unhandled exception in client_connected_cb
transport: <asyncio.sslproto._SSLProtocolTransport object at 0x1055d7d10>
Traceback (most recent call last):
  File "/Users/divyanshgolyan/.codex/worktrees/4511/onepage/research/transport-memory/asymmetric_server.py", line 39, in accept
    data=await reader.read(min(left,16384));assert data;hasher.update(data);left-=len(data);request_bytes+=len(data)
                                                   ^^^^
AssertionError
Unhandled exception in client_connected_cb
transport: <asyncio.sslproto._SSLProtocolTransport object at 0x1055d7c80>
Traceback (most recent call last):
  File "/Users/divyanshgolyan/.codex/worktrees/4511/onepage/research/transport-memory/asymmetric_server.py", line 39, in accept
    data=await reader.read(min(left,16384));assert data;hasher.update(data);left-=len(data);request_bytes+=len(data)
                                                   ^^^^
AssertionError
Unhandled exception in client_connected_cb
transport: <asyncio.sslproto._SSLProtocolTransport object at 0x1055d7bf0>
Traceback (most recent call last):
  File "/Users/divyanshgolyan/.codex/worktrees/4511/onepage/research/transport-memory/asymmetric_server.py", line 39, in accept
    data=await reader.read(min(left,16384));assert data;hasher.update(data);left-=len(data);request_bytes+=len(data)
                                                   ^^^^
AssertionError
Unhandled exception in client_connected_cb
transport: <asyncio.sslproto._SSLProtocolTransport object at 0x1055d7b60>
Traceback (most recent call last):
  File "/Users/divyanshgolyan/.codex/worktrees/4511/onepage/research/transport-memory/asymmetric_server.py", line 39, in accept
    data=await reader.read(min(left,16384));assert data;hasher.update(data);left-=len(data);request_bytes+=len(data)
                                                   ^^^^
AssertionError
Unhandled exception in client_connected_cb
transport: <asyncio.sslproto._SSLProtocolTransport object at 0x1055d7ad0>
Traceback (most recent call last):
  File "/Users/divyanshgolyan/.codex/worktrees/4511/onepage/research/transport-memory/asymmetric_server.py", line 39, in accept
    data=await reader.read(min(left,16384));assert data;hasher.update(data);left-=len(data);request_bytes+=len(data)
                                                   ^^^^
AssertionError
Unhandled exception in client_connected_cb
transport: <asyncio.sslproto._SSLProtocolTransport object at 0x1055d7a40>
Traceback (most recent call last):
  File "/Users/divyanshgolyan/.codex/worktrees/4511/onepage/research/transport-memory/asymmetric_server.py", line 39, in accept
    data=await reader.read(min(left,16384));assert data;hasher.update(data);left-=len(data);request_bytes+=len(data)
                                                   ^^^^
AssertionError
Unhandled exception in client_connected_cb
transport: <asyncio.sslproto._SSLProtocolTransport object at 0x1055d79b0>
Traceback (most recent call last):
  File "/Users/divyanshgolyan/.codex/worktrees/4511/onepage/research/transport-memory/asymmetric_server.py", line 39, in accept
    data=await reader.read(min(left,16384));assert data;hasher.update(data);left-=len(data);request_bytes+=len(data)
                                                   ^^^^
AssertionError
Unhandled exception in client_connected_cb
transport: <asyncio.sslproto._SSLProtocolTransport object at 0x1055d7920>
Traceback (most recent call last):
  File "/Users/divyanshgolyan/.codex/worktrees/4511/onepage/research/transport-memory/asymmetric_server.py", line 39, in accept
    data=await reader.read(min(left,16384));assert data;hasher.update(data);left-=len(data);request_bytes+=len(data)
                                                   ^^^^
AssertionError
Unhandled exception in client_connected_cb
transport: <asyncio.sslproto._SSLProtocolTransport object at 0x1055d7890>
Traceback (most recent call last):
  File "/Users/divyanshgolyan/.codex/worktrees/4511/onepage/research/transport-memory/asymmetric_server.py", line 39, in accept
    data=await reader.read(min(left,16384));assert data;hasher.update(data);left-=len(data);request_bytes+=len(data)
                                                   ^^^^
AssertionError
Unhandled exception in client_connected_cb
transport: <asyncio.sslproto._SSLProtocolTransport object at 0x1055d7800>
Traceback (most recent call last):
  File "/Users/divyanshgolyan/.codex/worktrees/4511/onepage/research/transport-memory/asymmetric_server.py", line 39, in accept
    data=await reader.read(min(left,16384));assert data;hasher.update(data);left-=len(data);request_bytes+=len(data)
                                                   ^^^^
AssertionError
Unhandled exception in client_connected_cb
transport: <asyncio.sslproto._SSLProtocolTransport object at 0x1055d7770>
Traceback (most recent call last):
  File "/Users/divyanshgolyan/.codex/worktrees/4511/onepage/research/transport-memory/asymmetric_server.py", line 39, in accept
    data=await reader.read(min(left,16384));assert data;hasher.update(data);left-=len(data);request_bytes+=len(data)
                                                   ^^^^
AssertionError
Unhandled exception in client_connected_cb
transport: <asyncio.sslproto._SSLProtocolTransport object at 0x1055d76e0>
Traceback (most recent call last):
  File "/Users/divyanshgolyan/.codex/worktrees/4511/onepage/research/transport-memory/asymmetric_server.py", line 39, in accept
    data=await reader.read(min(left,16384));assert data;hasher.update(data);left-=len(data);request_bytes+=len(data)
                                                   ^^^^
AssertionError
Unhandled exception in client_connected_cb
transport: <asyncio.sslproto._SSLProtocolTransport object at 0x1055d7650>
Traceback (most recent call last):
  File "/Users/divyanshgolyan/.codex/worktrees/4511/onepage/research/transport-memory/asymmetric_server.py", line 39, in accept
    data=await reader.read(min(left,16384));assert data;hasher.update(data);left-=len(data);request_bytes+=len(data)
                                                   ^^^^
AssertionError
Unhandled exception in client_connected_cb
transport: <asyncio.sslproto._SSLProtocolTransport object at 0x1055d75c0>
Traceback (most recent call last):
  File "/Users/divyanshgolyan/.codex/worktrees/4511/onepage/research/transport-memory/asymmetric_server.py", line 39, in accept
    data=await reader.read(min(left,16384));assert data;hasher.update(data);left-=len(data);request_bytes+=len(data)
                                                   ^^^^
AssertionError
Unhandled exception in client_connected_cb
transport: <asyncio.sslproto._SSLProtocolTransport object at 0x1055d7530>
Traceback (most recent call last):
  File "/Users/divyanshgolyan/.codex/worktrees/4511/onepage/research/transport-memory/asymmetric_server.py", line 39, in accept
    data=await reader.read(min(left,16384));assert data;hasher.update(data);left-=len(data);request_bytes+=len(data)
                                                   ^^^^
AssertionError
Unhandled exception in client_connected_cb
transport: <asyncio.sslproto._SSLProtocolTransport object at 0x1055d74a0>
Traceback (most recent call last):
  File "/Users/divyanshgolyan/.codex/worktrees/4511/onepage/research/transport-memory/asymmetric_server.py", line 39, in accept
    data=await reader.read(min(left,16384));assert data;hasher.update(data);left-=len(data);request_bytes+=len(data)
                                                   ^^^^
AssertionError
Unhandled exception in client_connected_cb
transport: <asyncio.sslproto._SSLProtocolTransport object at 0x1055d7410>
Traceback (most recent call last):
  File "/Users/divyanshgolyan/.codex/worktrees/4511/onepage/research/transport-memory/asymmetric_server.py", line 39, in accept
    data=await reader.read(min(left,16384));assert data;hasher.update(data);left-=len(data);request_bytes+=len(data)
                                                   ^^^^
AssertionError
Unhandled exception in client_connected_cb
transport: <asyncio.sslproto._SSLProtocolTransport object at 0x1055d7380>
Traceback (most recent call last):
  File "/Users/divyanshgolyan/.codex/worktrees/4511/onepage/research/transport-memory/asymmetric_server.py", line 39, in accept
    data=await reader.read(min(left,16384));assert data;hasher.update(data);left-=len(data);request_bytes+=len(data)
                                                   ^^^^
AssertionError
Unhandled exception in client_connected_cb
transport: <asyncio.sslproto._SSLProtocolTransport object at 0x1055d72f0>
Traceback (most recent call last):
  File "/Users/divyanshgolyan/.codex/worktrees/4511/onepage/research/transport-memory/asymmetric_server.py", line 39, in accept
    data=await reader.read(min(left,16384));assert data;hasher.update(data);left-=len(data);request_bytes+=len(data)
                                                   ^^^^
AssertionError
Unhandled exception in client_connected_cb
transport: <asyncio.sslproto._SSLProtocolTransport object at 0x1055d7260>
Traceback (most recent call last):
  File "/Users/divyanshgolyan/.codex/worktrees/4511/onepage/research/transport-memory/asymmetric_server.py", line 39, in accept
    data=await reader.read(min(left,16384));assert data;hasher.update(data);left-=len(data);request_bytes+=len(data)
                                                   ^^^^
AssertionError
Unhandled exception in client_connected_cb
transport: <asyncio.sslproto._SSLProtocolTransport object at 0x1055d71d0>
Traceback (most recent call last):
  File "/Users/divyanshgolyan/.codex/worktrees/4511/onepage/research/transport-memory/asymmetric_server.py", line 39, in accept
    data=await reader.read(min(left,16384));assert data;hasher.update(data);left-=len(data);request_bytes+=len(data)
                                                   ^^^^
AssertionError
Unhandled exception in client_connected_cb
transport: <asyncio.sslproto._SSLProtocolTransport object at 0x1055d7140>
Traceback (most recent call last):
  File "/Users/divyanshgolyan/.codex/worktrees/4511/onepage/research/transport-memory/asymmetric_server.py", line 39, in accept
    data=await reader.read(min(left,16384));assert data;hasher.update(data);left-=len(data);request_bytes+=len(data)
                                                   ^^^^
AssertionError
Unhandled exception in client_connected_cb
transport: <asyncio.sslproto._SSLProtocolTransport object at 0x1055d70b0>
Traceback (most recent call last):
  File "/Users/divyanshgolyan/.codex/worktrees/4511/onepage/research/transport-memory/asymmetric_server.py", line 39, in accept
    data=await reader.read(min(left,16384));assert data;hasher.update(data);left-=len(data);request_bytes+=len(data)
                                                   ^^^^
AssertionError
Unhandled exception in client_connected_cb
transport: <asyncio.sslproto._SSLProtocolTransport object at 0x1055d7020>
Traceback (most recent call last):
  File "/Users/divyanshgolyan/.codex/worktrees/4511/onepage/research/transport-memory/asymmetric_server.py", line 39, in accept
    data=await reader.read(min(left,16384));assert data;hasher.update(data);left-=len(data);request_bytes+=len(data)
                                                   ^^^^
AssertionError
Unhandled exception in client_connected_cb
transport: <asyncio.sslproto._SSLProtocolTransport object at 0x1055d6f90>
Traceback (most recent call last):
  File "/Users/divyanshgolyan/.codex/worktrees/4511/onepage/research/transport-memory/asymmetric_server.py", line 39, in accept
    data=await reader.read(min(left,16384));assert data;hasher.update(data);left-=len(data);request_bytes+=len(data)
                                                   ^^^^
AssertionError
Unhandled exception in client_connected_cb
transport: <asyncio.sslproto._SSLProtocolTransport object at 0x1055d6f00>
Traceback (most recent call last):
  File "/Users/divyanshgolyan/.codex/worktrees/4511/onepage/research/transport-memory/asymmetric_server.py", line 39, in accept
    data=await reader.read(min(left,16384));assert data;hasher.update(data);left-=len(data);request_bytes+=len(data)
                                                   ^^^^
AssertionError
Unhandled exception in client_connected_cb
transport: <asyncio.sslproto._SSLProtocolTransport object at 0x1055d6e70>
Traceback (most recent call last):
  File "/Users/divyanshgolyan/.codex/worktrees/4511/onepage/research/transport-memory/asymmetric_server.py", line 39, in accept
    data=await reader.read(min(left,16384));assert data;hasher.update(data);left-=len(data);request_bytes+=len(data)
                                                   ^^^^
AssertionError
Unhandled exception in client_connected_cb
transport: <asyncio.sslproto._SSLProtocolTransport object at 0x1055d6de0>
Traceback (most recent call last):
  File "/Users/divyanshgolyan/.codex/worktrees/4511/onepage/research/transport-memory/asymmetric_server.py", line 39, in accept
    data=await reader.read(min(left,16384));assert data;hasher.update(data);left-=len(data);request_bytes+=len(data)
                                                   ^^^^
AssertionError
Unhandled exception in client_connected_cb
transport: <asyncio.sslproto._SSLProtocolTransport object at 0x1055d6d50>
Traceback (most recent call last):
  File "/Users/divyanshgolyan/.codex/worktrees/4511/onepage/research/transport-memory/asymmetric_server.py", line 39, in accept
    data=await reader.read(min(left,16384));assert data;hasher.update(data);left-=len(data);request_bytes+=len(data)
                                                   ^^^^
AssertionError
Unhandled exception in client_connected_cb
transport: <asyncio.sslproto._SSLProtocolTransport object at 0x1055d6cc0>
Traceback (most recent call last):
  File "/Users/divyanshgolyan/.codex/worktrees/4511/onepage/research/transport-memory/asymmetric_server.py", line 39, in accept
    data=await reader.read(min(left,16384));assert data;hasher.update(data);left-=len(data);request_bytes+=len(data)
                                                   ^^^^
AssertionError
Unhandled exception in client_connected_cb
transport: <asyncio.sslproto._SSLProtocolTransport object at 0x1055d6c30>
Traceback (most recent call last):
  File "/Users/divyanshgolyan/.codex/worktrees/4511/onepage/research/transport-memory/asymmetric_server.py", line 39, in accept
    data=await reader.read(min(left,16384));assert data;hasher.update(data);left-=len(data);request_bytes+=len(data)
                                                   ^^^^
AssertionError
Unhandled exception in client_connected_cb
transport: <asyncio.sslproto._SSLProtocolTransport object at 0x1055d6ba0>
Traceback (most recent call last):
  File "/Users/divyanshgolyan/.codex/worktrees/4511/onepage/research/transport-memory/asymmetric_server.py", line 39, in accept
    data=await reader.read(min(left,16384));assert data;hasher.update(data);left-=len(data);request_bytes+=len(data)
                                                   ^^^^
AssertionError
Unhandled exception in client_connected_cb
transport: <asyncio.sslproto._SSLProtocolTransport object at 0x1055d6b10>
Traceback (most recent call last):
  File "/Users/divyanshgolyan/.codex/worktrees/4511/onepage/research/transport-memory/asymmetric_server.py", line 39, in accept
    data=await reader.read(min(left,16384));assert data;hasher.update(data);left-=len(data);request_bytes+=len(data)
                                                   ^^^^
AssertionError
Unhandled exception in client_connected_cb
transport: <asyncio.sslproto._SSLProtocolTransport object at 0x1055d6a80>
Traceback (most recent call last):
  File "/Users/divyanshgolyan/.codex/worktrees/4511/onepage/research/transport-memory/asymmetric_server.py", line 39, in accept
    data=await reader.read(min(left,16384));assert data;hasher.update(data);left-=len(data);request_bytes+=len(data)
                                                   ^^^^
AssertionError
Unhandled exception in client_connected_cb
transport: <asyncio.sslproto._SSLProtocolTransport object at 0x1055d69f0>
Traceback (most recent call last):
  File "/Users/divyanshgolyan/.codex/worktrees/4511/onepage/research/transport-memory/asymmetric_server.py", line 39, in accept
    data=await reader.read(min(left,16384));assert data;hasher.update(data);left-=len(data);request_bytes+=len(data)
                                                   ^^^^
AssertionError
Unhandled exception in client_connected_cb
transport: <asyncio.sslproto._SSLProtocolTransport object at 0x1055d6960>
Traceback (most recent call last):
  File "/Users/divyanshgolyan/.codex/worktrees/4511/onepage/research/transport-memory/asymmetric_server.py", line 39, in accept
    data=await reader.read(min(left,16384));assert data;hasher.update(data);left-=len(data);request_bytes+=len(data)
                                                   ^^^^
AssertionError
Unhandled exception in client_connected_cb
transport: <asyncio.sslproto._SSLProtocolTransport object at 0x1055d68d0>
Traceback (most recent call last):
  File "/Users/divyanshgolyan/.codex/worktrees/4511/onepage/research/transport-memory/asymmetric_server.py", line 39, in accept
    data=await reader.read(min(left,16384));assert data;hasher.update(data);left-=len(data);request_bytes+=len(data)
                                                   ^^^^
AssertionError
Unhandled exception in client_connected_cb
transport: <asyncio.sslproto._SSLProtocolTransport object at 0x1055d6840>
Traceback (most recent call last):
  File "/Users/divyanshgolyan/.codex/worktrees/4511/onepage/research/transport-memory/asymmetric_server.py", line 39, in accept
    data=await reader.read(min(left,16384));assert data;hasher.update(data);left-=len(data);request_bytes+=len(data)
                                                   ^^^^
AssertionError
Unhandled exception in client_connected_cb
transport: <asyncio.sslproto._SSLProtocolTransport object at 0x1055d67b0>
Traceback (most recent call last):
  File "/Users/divyanshgolyan/.codex/worktrees/4511/onepage/research/transport-memory/asymmetric_server.py", line 39, in accept
    data=await reader.read(min(left,16384));assert data;hasher.update(data);left-=len(data);request_bytes+=len(data)
                                                   ^^^^
AssertionError
Unhandled exception in client_connected_cb
transport: <asyncio.sslproto._SSLProtocolTransport object at 0x1055d6720>
Traceback (most recent call last):
  File "/Users/divyanshgolyan/.codex/worktrees/4511/onepage/research/transport-memory/asymmetric_server.py", line 39, in accept
    data=await reader.read(min(left,16384));assert data;hasher.update(data);left-=len(data);request_bytes+=len(data)
                                                   ^^^^
AssertionError
Unhandled exception in client_connected_cb
transport: <asyncio.sslproto._SSLProtocolTransport object at 0x1055d6690>
Traceback (most recent call last):
  File "/Users/divyanshgolyan/.codex/worktrees/4511/onepage/research/transport-memory/asymmetric_server.py", line 39, in accept
    data=await reader.read(min(left,16384));assert data;hasher.update(data);left-=len(data);request_bytes+=len(data)
                                                   ^^^^
AssertionError
Unhandled exception in client_connected_cb
transport: <asyncio.sslproto._SSLProtocolTransport object at 0x1055d6600>
Traceback (most recent call last):
  File "/Users/divyanshgolyan/.codex/worktrees/4511/onepage/research/transport-memory/asymmetric_server.py", line 39, in accept
    data=await reader.read(min(left,16384));assert data;hasher.update(data);left-=len(data);request_bytes+=len(data)
                                                   ^^^^
AssertionError
Unhandled exception in client_connected_cb
transport: <asyncio.sslproto._SSLProtocolTransport object at 0x1055d6570>
Traceback (most recent call last):
  File "/Users/divyanshgolyan/.codex/worktrees/4511/onepage/research/transport-memory/asymmetric_server.py", line 39, in accept
    data=await reader.read(min(left,16384));assert data;hasher.update(data);left-=len(data);request_bytes+=len(data)
                                                   ^^^^
AssertionError
Unhandled exception in client_connected_cb
transport: <asyncio.sslproto._SSLProtocolTransport object at 0x1055d64e0>
Traceback (most recent call last):
  File "/Users/divyanshgolyan/.codex/worktrees/4511/onepage/research/transport-memory/asymmetric_server.py", line 39, in accept
    data=await reader.read(min(left,16384));assert data;hasher.update(data);left-=len(data);request_bytes+=len(data)
                                                   ^^^^
AssertionError
Unhandled exception in client_connected_cb
transport: <asyncio.sslproto._SSLProtocolTransport object at 0x1055d6450>
Traceback (most recent call last):
  File "/Users/divyanshgolyan/.codex/worktrees/4511/onepage/research/transport-memory/asymmetric_server.py", line 39, in accept
    data=await reader.read(min(left,16384));assert data;hasher.update(data);left-=len(data);request_bytes+=len(data)
                                                   ^^^^
AssertionError
Unhandled exception in client_connected_cb
transport: <asyncio.sslproto._SSLProtocolTransport object at 0x1055d63c0>
Traceback (most recent call last):
  File "/Users/divyanshgolyan/.codex/worktrees/4511/onepage/research/transport-memory/asymmetric_server.py", line 39, in accept
    data=await reader.read(min(left,16384));assert data;hasher.update(data);left-=len(data);request_bytes+=len(data)
                                                   ^^^^
AssertionError
Unhandled exception in client_connected_cb
transport: <asyncio.sslproto._SSLProtocolTransport object at 0x1055d6330>
Traceback (most recent call last):
  File "/Users/divyanshgolyan/.codex/worktrees/4511/onepage/research/transport-memory/asymmetric_server.py", line 39, in accept
    data=await reader.read(min(left,16384));assert data;hasher.update(data);left-=len(data);request_bytes+=len(data)
                                                   ^^^^
AssertionError
Unhandled exception in client_connected_cb
transport: <asyncio.sslproto._SSLProtocolTransport object at 0x1055d62a0>
Traceback (most recent call last):
  File "/Users/divyanshgolyan/.codex/worktrees/4511/onepage/research/transport-memory/asymmetric_server.py", line 39, in accept
    data=await reader.read(min(left,16384));assert data;hasher.update(data);left-=len(data);request_bytes+=len(data)
                                                   ^^^^
AssertionError
Unhandled exception in client_connected_cb
transport: <asyncio.sslproto._SSLProtocolTransport object at 0x1055d6210>
Traceback (most recent call last):
  File "/Users/divyanshgolyan/.codex/worktrees/4511/onepage/research/transport-memory/asymmetric_server.py", line 39, in accept
    data=await reader.read(min(left,16384));assert data;hasher.update(data);left-=len(data);request_bytes+=len(data)
                                                   ^^^^
AssertionError
Unhandled exception in client_connected_cb
transport: <asyncio.sslproto._SSLProtocolTransport object at 0x1055d6180>
Traceback (most recent call last):
  File "/Users/divyanshgolyan/.codex/worktrees/4511/onepage/research/transport-memory/asymmetric_server.py", line 39, in accept
    data=await reader.read(min(left,16384));assert data;hasher.update(data);left-=len(data);request_bytes+=len(data)
                                                   ^^^^
AssertionError
Unhandled exception in client_connected_cb
transport: <asyncio.sslproto._SSLProtocolTransport object at 0x1055d60f0>
Traceback (most recent call last):
  File "/Users/divyanshgolyan/.codex/worktrees/4511/onepage/research/transport-memory/asymmetric_server.py", line 39, in accept
    data=await reader.read(min(left,16384));assert data;hasher.update(data);left-=len(data);request_bytes+=len(data)
                                                   ^^^^
AssertionError
Unhandled exception in client_connected_cb
transport: <asyncio.sslproto._SSLProtocolTransport object at 0x1055d6060>
Traceback (most recent call last):
  File "/Users/divyanshgolyan/.codex/worktrees/4511/onepage/research/transport-memory/asymmetric_server.py", line 39, in accept
    data=await reader.read(min(left,16384));assert data;hasher.update(data);left-=len(data);request_bytes+=len(data)
                                                   ^^^^
AssertionError
Unhandled exception in client_connected_cb
transport: <asyncio.sslproto._SSLProtocolTransport object at 0x1055d5fd0>
Traceback (most recent call last):
  File "/Users/divyanshgolyan/.codex/worktrees/4511/onepage/research/transport-memory/asymmetric_server.py", line 39, in accept
    data=await reader.read(min(left,16384));assert data;hasher.update(data);left-=len(data);request_bytes+=len(data)
                                                   ^^^^
AssertionError
Unhandled exception in client_connected_cb
transport: <asyncio.sslproto._SSLProtocolTransport object at 0x1055d5f40>
Traceback (most recent call last):
  File "/Users/divyanshgolyan/.codex/worktrees/4511/onepage/research/transport-memory/asymmetric_server.py", line 39, in accept
    data=await reader.read(min(left,16384));assert data;hasher.update(data);left-=len(data);request_bytes+=len(data)
                                                   ^^^^
AssertionError
Unhandled exception in client_connected_cb
transport: <asyncio.sslproto._SSLProtocolTransport object at 0x1055d5eb0>
Traceback (most recent call last):
  File "/Users/divyanshgolyan/.codex/worktrees/4511/onepage/research/transport-memory/asymmetric_server.py", line 39, in accept
    data=await reader.read(min(left,16384));assert data;hasher.update(data);left-=len(data);request_bytes+=len(data)
                                                   ^^^^
AssertionError
Unhandled exception in client_connected_cb
transport: <asyncio.sslproto._SSLProtocolTransport object at 0x1055d5e20>
Traceback (most recent call last):
  File "/Users/divyanshgolyan/.codex/worktrees/4511/onepage/research/transport-memory/asymmetric_server.py", line 39, in accept
    data=await reader.read(min(left,16384));assert data;hasher.update(data);left-=len(data);request_bytes+=len(data)
                                                   ^^^^
AssertionError
Unhandled exception in client_connected_cb
transport: <asyncio.sslproto._SSLProtocolTransport object at 0x1055d5d90>
Traceback (most recent call last):
  File "/Users/divyanshgolyan/.codex/worktrees/4511/onepage/research/transport-memory/asymmetric_server.py", line 39, in accept
    data=await reader.read(min(left,16384));assert data;hasher.update(data);left-=len(data);request_bytes+=len(data)
                                                   ^^^^
AssertionError
Unhandled exception in client_connected_cb
transport: <asyncio.sslproto._SSLProtocolTransport object at 0x1055d5d00>
Traceback (most recent call last):
  File "/Users/divyanshgolyan/.codex/worktrees/4511/onepage/research/transport-memory/asymmetric_server.py", line 39, in accept
    data=await reader.read(min(left,16384));assert data;hasher.update(data);left-=len(data);request_bytes+=len(data)
                                                   ^^^^
AssertionError
Unhandled exception in client_connected_cb
transport: <asyncio.sslproto._SSLProtocolTransport object at 0x1055d5c70>
Traceback (most recent call last):
  File "/Users/divyanshgolyan/.codex/worktrees/4511/onepage/research/transport-memory/asymmetric_server.py", line 39, in accept
    data=await reader.read(min(left,16384));assert data;hasher.update(data);left-=len(data);request_bytes+=len(data)
                                                   ^^^^
AssertionError
Unhandled exception in client_connected_cb
transport: <asyncio.sslproto._SSLProtocolTransport object at 0x1055d5be0>
Traceback (most recent call last):
  File "/Users/divyanshgolyan/.codex/worktrees/4511/onepage/research/transport-memory/asymmetric_server.py", line 39, in accept
    data=await reader.read(min(left,16384));assert data;hasher.update(data);left-=len(data);request_bytes+=len(data)
                                                   ^^^^
AssertionError
Unhandled exception in client_connected_cb
transport: <asyncio.sslproto._SSLProtocolTransport object at 0x1055d5b50>
Traceback (most recent call last):
  File "/Users/divyanshgolyan/.codex/worktrees/4511/onepage/research/transport-memory/asymmetric_server.py", line 39, in accept
    data=await reader.read(min(left,16384));assert data;hasher.update(data);left-=len(data);request_bytes+=len(data)
                                                   ^^^^
AssertionError
Unhandled exception in client_connected_cb
transport: <asyncio.sslproto._SSLProtocolTransport object at 0x1055d5ac0>
Traceback (most recent call last):
  File "/Users/divyanshgolyan/.codex/worktrees/4511/onepage/research/transport-memory/asymmetric_server.py", line 39, in accept
    data=await reader.read(min(left,16384));assert data;hasher.update(data);left-=len(data);request_bytes+=len(data)
                                                   ^^^^
AssertionError
Unhandled exception in client_connected_cb
transport: <asyncio.sslproto._SSLProtocolTransport object at 0x1055d5a30>
Traceback (most recent call last):
  File "/Users/divyanshgolyan/.codex/worktrees/4511/onepage/research/transport-memory/asymmetric_server.py", line 39, in accept
    data=await reader.read(min(left,16384));assert data;hasher.update(data);left-=len(data);request_bytes+=len(data)
                                                   ^^^^
AssertionError
Unhandled exception in client_connected_cb
transport: <asyncio.sslproto._SSLProtocolTransport object at 0x1055d59a0>
Traceback (most recent call last):
  File "/Users/divyanshgolyan/.codex/worktrees/4511/onepage/research/transport-memory/asymmetric_server.py", line 39, in accept
    data=await reader.read(min(left,16384));assert data;hasher.update(data);left-=len(data);request_bytes+=len(data)
                                                   ^^^^
AssertionError
Unhandled exception in client_connected_cb
transport: <asyncio.sslproto._SSLProtocolTransport object at 0x1055d5910>
Traceback (most recent call last):
  File "/Users/divyanshgolyan/.codex/worktrees/4511/onepage/research/transport-memory/asymmetric_server.py", line 39, in accept
    data=await reader.read(min(left,16384));assert data;hasher.update(data);left-=len(data);request_bytes+=len(data)
                                                   ^^^^
AssertionError
Unhandled exception in client_connected_cb
transport: <asyncio.sslproto._SSLProtocolTransport object at 0x1055d5880>
Traceback (most recent call last):
  File "/Users/divyanshgolyan/.codex/worktrees/4511/onepage/research/transport-memory/asymmetric_server.py", line 39, in accept
    data=await reader.read(min(left,16384));assert data;hasher.update(data);left-=len(data);request_bytes+=len(data)
                                                   ^^^^
AssertionError
Unhandled exception in client_connected_cb
transport: <asyncio.sslproto._SSLProtocolTransport object at 0x1055d57f0>
Traceback (most recent call last):
  File "/Users/divyanshgolyan/.codex/worktrees/4511/onepage/research/transport-memory/asymmetric_server.py", line 39, in accept
    data=await reader.read(min(left,16384));assert data;hasher.update(data);left-=len(data);request_bytes+=len(data)
                                                   ^^^^
AssertionError
Unhandled exception in client_connected_cb
transport: <asyncio.sslproto._SSLProtocolTransport object at 0x1055d5760>
Traceback (most recent call last):
  File "/Users/divyanshgolyan/.codex/worktrees/4511/onepage/research/transport-memory/asymmetric_server.py", line 39, in accept
    data=await reader.read(min(left,16384));assert data;hasher.update(data);left-=len(data);request_bytes+=len(data)
                                                   ^^^^
AssertionError
Unhandled exception in client_connected_cb
transport: <asyncio.sslproto._SSLProtocolTransport object at 0x1055d56d0>
Traceback (most recent call last):
  File "/Users/divyanshgolyan/.codex/worktrees/4511/onepage/research/transport-memory/asymmetric_server.py", line 39, in accept
    data=await reader.read(min(left,16384));assert data;hasher.update(data);left-=len(data);request_bytes+=len(data)
                                                   ^^^^
AssertionError
Unhandled exception in client_connected_cb
transport: <asyncio.sslproto._SSLProtocolTransport object at 0x1055d5640>
Traceback (most recent call last):
  File "/Users/divyanshgolyan/.codex/worktrees/4511/onepage/research/transport-memory/asymmetric_server.py", line 39, in accept
    data=await reader.read(min(left,16384));assert data;hasher.update(data);left-=len(data);request_bytes+=len(data)
                                                   ^^^^
AssertionError
Unhandled exception in client_connected_cb
transport: <asyncio.sslproto._SSLProtocolTransport object at 0x1055d55b0>
Traceback (most recent call last):
  File "/Users/divyanshgolyan/.codex/worktrees/4511/onepage/research/transport-memory/asymmetric_server.py", line 39, in accept
    data=await reader.read(min(left,16384));assert data;hasher.update(data);left-=len(data);request_bytes+=len(data)
                                                   ^^^^
AssertionError
Unhandled exception in client_connected_cb
transport: <asyncio.sslproto._SSLProtocolTransport object at 0x1055d5520>
Traceback (most recent call last):
  File "/Users/divyanshgolyan/.codex/worktrees/4511/onepage/research/transport-memory/asymmetric_server.py", line 39, in accept
    data=await reader.read(min(left,16384));assert data;hasher.update(data);left-=len(data);request_bytes+=len(data)
                                                   ^^^^
AssertionError
Unhandled exception in client_connected_cb
transport: <asyncio.sslproto._SSLProtocolTransport object at 0x1055d5490>
Traceback (most recent call last):
  File "/Users/divyanshgolyan/.codex/worktrees/4511/onepage/research/transport-memory/asymmetric_server.py", line 39, in accept
    data=await reader.read(min(left,16384));assert data;hasher.update(data);left-=len(data);request_bytes+=len(data)
                                                   ^^^^
AssertionError
Unhandled exception in client_connected_cb
transport: <asyncio.sslproto._SSLProtocolTransport object at 0x1055d5400>
Traceback (most recent call last):
  File "/Users/divyanshgolyan/.codex/worktrees/4511/onepage/research/transport-memory/asymmetric_server.py", line 39, in accept
    data=await reader.read(min(left,16384));assert data;hasher.update(data);left-=len(data);request_bytes+=len(data)
                                                   ^^^^
AssertionError
Unhandled exception in client_connected_cb
transport: <asyncio.sslproto._SSLProtocolTransport object at 0x1055d5370>
Traceback (most recent call last):
  File "/Users/divyanshgolyan/.codex/worktrees/4511/onepage/research/transport-memory/asymmetric_server.py", line 39, in accept
    data=await reader.read(min(left,16384));assert data;hasher.update(data);left-=len(data);request_bytes+=len(data)
                                                   ^^^^
AssertionError
Unhandled exception in client_connected_cb
transport: <asyncio.sslproto._SSLProtocolTransport object at 0x1055d52e0>
Traceback (most recent call last):
  File "/Users/divyanshgolyan/.codex/worktrees/4511/onepage/research/transport-memory/asymmetric_server.py", line 39, in accept
    data=await reader.read(min(left,16384));assert data;hasher.update(data);left-=len(data);request_bytes+=len(data)
                                                   ^^^^
AssertionError
Unhandled exception in client_connected_cb
transport: <asyncio.sslproto._SSLProtocolTransport object at 0x1055d5250>
Traceback (most recent call last):
  File "/Users/divyanshgolyan/.codex/worktrees/4511/onepage/research/transport-memory/asymmetric_server.py", line 39, in accept
    data=await reader.read(min(left,16384));assert data;hasher.update(data);left-=len(data);request_bytes+=len(data)
                                                   ^^^^
AssertionError
Unhandled exception in client_connected_cb
transport: <asyncio.sslproto._SSLProtocolTransport object at 0x1055d51c0>
Traceback (most recent call last):
  File "/Users/divyanshgolyan/.codex/worktrees/4511/onepage/research/transport-memory/asymmetric_server.py", line 39, in accept
    data=await reader.read(min(left,16384));assert data;hasher.update(data);left-=len(data);request_bytes+=len(data)
                                                   ^^^^
AssertionError
Unhandled exception in client_connected_cb
transport: <asyncio.sslproto._SSLProtocolTransport object at 0x1055d5130>
Traceback (most recent call last):
  File "/Users/divyanshgolyan/.codex/worktrees/4511/onepage/research/transport-memory/asymmetric_server.py", line 39, in accept
    data=await reader.read(min(left,16384));assert data;hasher.update(data);left-=len(data);request_bytes+=len(data)
                                                   ^^^^
AssertionError
Unhandled exception in client_connected_cb
transport: <asyncio.sslproto._SSLProtocolTransport object at 0x1055d50a0>
Traceback (most recent call last):
  File "/Users/divyanshgolyan/.codex/worktrees/4511/onepage/research/transport-memory/asymmetric_server.py", line 39, in accept
    data=await reader.read(min(left,16384));assert data;hasher.update(data);left-=len(data);request_bytes+=len(data)
                                                   ^^^^
AssertionError
Unhandled exception in client_connected_cb
transport: <asyncio.sslproto._SSLProtocolTransport object at 0x1055d5010>
Traceback (most recent call last):
  File "/Users/divyanshgolyan/.codex/worktrees/4511/onepage/research/transport-memory/asymmetric_server.py", line 39, in accept
    data=await reader.read(min(left,16384));assert data;hasher.update(data);left-=len(data);request_bytes+=len(data)
                                                   ^^^^
AssertionError
Unhandled exception in client_connected_cb
transport: <asyncio.sslproto._SSLProtocolTransport object at 0x1055d4f80>
Traceback (most recent call last):
  File "/Users/divyanshgolyan/.codex/worktrees/4511/onepage/research/transport-memory/asymmetric_server.py", line 39, in accept
    data=await reader.read(min(left,16384));assert data;hasher.update(data);left-=len(data);request_bytes+=len(data)
                                                   ^^^^
AssertionError
Unhandled exception in client_connected_cb
transport: <asyncio.sslproto._SSLProtocolTransport object at 0x1055d4ef0>
Traceback (most recent call last):
  File "/Users/divyanshgolyan/.codex/worktrees/4511/onepage/research/transport-memory/asymmetric_server.py", line 39, in accept
    data=await reader.read(min(left,16384));assert data;hasher.update(data);left-=len(data);request_bytes+=len(data)
                                                   ^^^^
AssertionError
Unhandled exception in client_connected_cb
transport: <asyncio.sslproto._SSLProtocolTransport object at 0x1055d4e60>
Traceback (most recent call last):
  File "/Users/divyanshgolyan/.codex/worktrees/4511/onepage/research/transport-memory/asymmetric_server.py", line 39, in accept
    data=await reader.read(min(left,16384));assert data;hasher.update(data);left-=len(data);request_bytes+=len(data)
                                                   ^^^^
AssertionError
Unhandled exception in client_connected_cb
transport: <asyncio.sslproto._SSLProtocolTransport object at 0x1055d4dd0>
Traceback (most recent call last):
  File "/Users/divyanshgolyan/.codex/worktrees/4511/onepage/research/transport-memory/asymmetric_server.py", line 39, in accept
    data=await reader.read(min(left,16384));assert data;hasher.update(data);left-=len(data);request_bytes+=len(data)
                                                   ^^^^
AssertionError
Unhandled exception in client_connected_cb
transport: <asyncio.sslproto._SSLProtocolTransport object at 0x1055d4d40>
Traceback (most recent call last):
  File "/Users/divyanshgolyan/.codex/worktrees/4511/onepage/research/transport-memory/asymmetric_server.py", line 39, in accept
    data=await reader.read(min(left,16384));assert data;hasher.update(data);left-=len(data);request_bytes+=len(data)
                                                   ^^^^
AssertionError
Unhandled exception in client_connected_cb
transport: <asyncio.sslproto._SSLProtocolTransport object at 0x1055d4cb0>
Traceback (most recent call last):
  File "/Users/divyanshgolyan/.codex/worktrees/4511/onepage/research/transport-memory/asymmetric_server.py", line 39, in accept
    data=await reader.read(min(left,16384));assert data;hasher.update(data);left-=len(data);request_bytes+=len(data)
                                                   ^^^^
AssertionError
Unhandled exception in client_connected_cb
transport: <asyncio.sslproto._SSLProtocolTransport object at 0x1055d4c20>
Traceback (most recent call last):
  File "/Users/divyanshgolyan/.codex/worktrees/4511/onepage/research/transport-memory/asymmetric_server.py", line 39, in accept
    data=await reader.read(min(left,16384));assert data;hasher.update(data);left-=len(data);request_bytes+=len(data)
                                                   ^^^^
AssertionError
Unhandled exception in client_connected_cb
transport: <asyncio.sslproto._SSLProtocolTransport object at 0x1055d4b90>
Traceback (most recent call last):
  File "/Users/divyanshgolyan/.codex/worktrees/4511/onepage/research/transport-memory/asymmetric_server.py", line 39, in accept
    data=await reader.read(min(left,16384));assert data;hasher.update(data);left-=len(data);request_bytes+=len(data)
                                                   ^^^^
AssertionError
Unhandled exception in client_connected_cb
transport: <asyncio.sslproto._SSLProtocolTransport object at 0x1055d4b00>
Traceback (most recent call last):
  File "/Users/divyanshgolyan/.codex/worktrees/4511/onepage/research/transport-memory/asymmetric_server.py", line 39, in accept
    data=await reader.read(min(left,16384));assert data;hasher.update(data);left-=len(data);request_bytes+=len(data)
                                                   ^^^^
AssertionError
Unhandled exception in client_connected_cb
transport: <asyncio.sslproto._SSLProtocolTransport object at 0x1055d4a70>
Traceback (most recent call last):
  File "/Users/divyanshgolyan/.codex/worktrees/4511/onepage/research/transport-memory/asymmetric_server.py", line 39, in accept
    data=await reader.read(min(left,16384));assert data;hasher.update(data);left-=len(data);request_bytes+=len(data)
                                                   ^^^^
AssertionError
Unhandled exception in client_connected_cb
transport: <asyncio.sslproto._SSLProtocolTransport object at 0x1055d49e0>
Traceback (most recent call last):
  File "/Users/divyanshgolyan/.codex/worktrees/4511/onepage/research/transport-memory/asymmetric_server.py", line 39, in accept
    data=await reader.read(min(left,16384));assert data;hasher.update(data);left-=len(data);request_bytes+=len(data)
                                                   ^^^^
AssertionError
Unhandled exception in client_connected_cb
transport: <asyncio.sslproto._SSLProtocolTransport object at 0x1055d4950>
Traceback (most recent call last):
  File "/Users/divyanshgolyan/.codex/worktrees/4511/onepage/research/transport-memory/asymmetric_server.py", line 39, in accept
    data=await reader.read(min(left,16384));assert data;hasher.update(data);left-=len(data);request_bytes+=len(data)
                                                   ^^^^
AssertionError
Unhandled exception in client_connected_cb
transport: <asyncio.sslproto._SSLProtocolTransport object at 0x1055d48c0>
Traceback (most recent call last):
  File "/Users/divyanshgolyan/.codex/worktrees/4511/onepage/research/transport-memory/asymmetric_server.py", line 39, in accept
    data=await reader.read(min(left,16384));assert data;hasher.update(data);left-=len(data);request_bytes+=len(data)
                                                   ^^^^
AssertionError
Unhandled exception in client_connected_cb
transport: <asyncio.sslproto._SSLProtocolTransport object at 0x1055d4830>
Traceback (most recent call last):
  File "/Users/divyanshgolyan/.codex/worktrees/4511/onepage/research/transport-memory/asymmetric_server.py", line 39, in accept
    data=await reader.read(min(left,16384));assert data;hasher.update(data);left-=len(data);request_bytes+=len(data)
                                                   ^^^^
AssertionError
Unhandled exception in client_connected_cb
transport: <asyncio.sslproto._SSLProtocolTransport object at 0x1055d47a0>
Traceback (most recent call last):
  File "/Users/divyanshgolyan/.codex/worktrees/4511/onepage/research/transport-memory/asymmetric_server.py", line 39, in accept
    data=await reader.read(min(left,16384));assert data;hasher.update(data);left-=len(data);request_bytes+=len(data)
                                                   ^^^^
AssertionError
Unhandled exception in client_connected_cb
transport: <asyncio.sslproto._SSLProtocolTransport object at 0x1055d4710>
Traceback (most recent call last):
  File "/Users/divyanshgolyan/.codex/worktrees/4511/onepage/research/transport-memory/asymmetric_server.py", line 39, in accept
    data=await reader.read(min(left,16384));assert data;hasher.update(data);left-=len(data);request_bytes+=len(data)
                                                   ^^^^
AssertionError
Unhandled exception in client_connected_cb
transport: <asyncio.sslproto._SSLProtocolTransport object at 0x1055d4680>
Traceback (most recent call last):
  File "/Users/divyanshgolyan/.codex/worktrees/4511/onepage/research/transport-memory/asymmetric_server.py", line 39, in accept
    data=await reader.read(min(left,16384));assert data;hasher.update(data);left-=len(data);request_bytes+=len(data)
                                                   ^^^^
AssertionError
Unhandled exception in client_connected_cb
transport: <asyncio.sslproto._SSLProtocolTransport object at 0x1055d45f0>
Traceback (most recent call last):
  File "/Users/divyanshgolyan/.codex/worktrees/4511/onepage/research/transport-memory/asymmetric_server.py", line 39, in accept
    data=await reader.read(min(left,16384));assert data;hasher.update(data);left-=len(data);request_bytes+=len(data)
                                                   ^^^^
AssertionError
Unhandled exception in client_connected_cb
transport: <asyncio.sslproto._SSLProtocolTransport object at 0x1055d4560>
Traceback (most recent call last):
  File "/Users/divyanshgolyan/.codex/worktrees/4511/onepage/research/transport-memory/asymmetric_server.py", line 39, in accept
    data=await reader.read(min(left,16384));assert data;hasher.update(data);left-=len(data);request_bytes+=len(data)
                                                   ^^^^
AssertionError
Unhandled exception in client_connected_cb
transport: <asyncio.sslproto._SSLProtocolTransport object at 0x1055d44d0>
Traceback (most recent call last):
  File "/Users/divyanshgolyan/.codex/worktrees/4511/onepage/research/transport-memory/asymmetric_server.py", line 39, in accept
    data=await reader.read(min(left,16384));assert data;hasher.update(data);left-=len(data);request_bytes+=len(data)
                                                   ^^^^
AssertionError
Unhandled exception in client_connected_cb
transport: <asyncio.sslproto._SSLProtocolTransport object at 0x1055d4440>
Traceback (most recent call last):
  File "/Users/divyanshgolyan/.codex/worktrees/4511/onepage/research/transport-memory/asymmetric_server.py", line 39, in accept
    data=await reader.read(min(left,16384));assert data;hasher.update(data);left-=len(data);request_bytes+=len(data)
                                                   ^^^^
AssertionError
Unhandled exception in client_connected_cb
transport: <asyncio.sslproto._SSLProtocolTransport object at 0x1055d43b0>
Traceback (most recent call last):
  File "/Users/divyanshgolyan/.codex/worktrees/4511/onepage/research/transport-memory/asymmetric_server.py", line 39, in accept
    data=await reader.read(min(left,16384));assert data;hasher.update(data);left-=len(data);request_bytes+=len(data)
                                                   ^^^^
AssertionError
Unhandled exception in client_connected_cb
transport: <asyncio.sslproto._SSLProtocolTransport object at 0x1055d4320>
Traceback (most recent call last):
  File "/Users/divyanshgolyan/.codex/worktrees/4511/onepage/research/transport-memory/asymmetric_server.py", line 39, in accept
    data=await reader.read(min(left,16384));assert data;hasher.update(data);left-=len(data);request_bytes+=len(data)
                                                   ^^^^
AssertionError
Unhandled exception in client_connected_cb
transport: <asyncio.sslproto._SSLProtocolTransport object at 0x1055d4290>
Traceback (most recent call last):
  File "/Users/divyanshgolyan/.codex/worktrees/4511/onepage/research/transport-memory/asymmetric_server.py", line 39, in accept
    data=await reader.read(min(left,16384));assert data;hasher.update(data);left-=len(data);request_bytes+=len(data)
                                                   ^^^^
AssertionError
Unhandled exception in client_connected_cb
transport: <asyncio.sslproto._SSLProtocolTransport object at 0x1055d4200>
Traceback (most recent call last):
  File "/Users/divyanshgolyan/.codex/worktrees/4511/onepage/research/transport-memory/asymmetric_server.py", line 39, in accept
    data=await reader.read(min(left,16384));assert data;hasher.update(data);left-=len(data);request_bytes+=len(data)
                                                   ^^^^
AssertionError
Unhandled exception in client_connected_cb
transport: <asyncio.sslproto._SSLProtocolTransport object at 0x1055d4170>
Traceback (most recent call last):
  File "/Users/divyanshgolyan/.codex/worktrees/4511/onepage/research/transport-memory/asymmetric_server.py", line 39, in accept
    data=await reader.read(min(left,16384));assert data;hasher.update(data);left-=len(data);request_bytes+=len(data)
                                                   ^^^^
AssertionError
Unhandled exception in client_connected_cb
transport: <asyncio.sslproto._SSLProtocolTransport object at 0x1055d40e0>
Traceback (most recent call last):
  File "/Users/divyanshgolyan/.codex/worktrees/4511/onepage/research/transport-memory/asymmetric_server.py", line 39, in accept
    data=await reader.read(min(left,16384));assert data;hasher.update(data);left-=len(data);request_bytes+=len(data)
                                                   ^^^^
AssertionError
Unhandled exception in client_connected_cb
transport: <asyncio.sslproto._SSLProtocolTransport object at 0x1055d4050>
Traceback (most recent call last):
  File "/Users/divyanshgolyan/.codex/worktrees/4511/onepage/research/transport-memory/asymmetric_server.py", line 39, in accept
    data=await reader.read(min(left,16384));assert data;hasher.update(data);left-=len(data);request_bytes+=len(data)
                                                   ^^^^
AssertionError
Unhandled exception in client_connected_cb
transport: <asyncio.sslproto._SSLProtocolTransport object at 0x10544bf50>
Traceback (most recent call last):
  File "/Users/divyanshgolyan/.codex/worktrees/4511/onepage/research/transport-memory/asymmetric_server.py", line 39, in accept
    data=await reader.read(min(left,16384));assert data;hasher.update(data);left-=len(data);request_bytes+=len(data)
                                                   ^^^^
AssertionError
Unhandled exception in client_connected_cb
transport: <asyncio.sslproto._SSLProtocolTransport object at 0x10544bec0>
Traceback (most recent call last):
  File "/Users/divyanshgolyan/.codex/worktrees/4511/onepage/research/transport-memory/asymmetric_server.py", line 39, in accept
    data=await reader.read(min(left,16384));assert data;hasher.update(data);left-=len(data);request_bytes+=len(data)
                                                   ^^^^
AssertionError
Unhandled exception in client_connected_cb
transport: <asyncio.sslproto._SSLProtocolTransport object at 0x10544be30>
Traceback (most recent call last):
  File "/Users/divyanshgolyan/.codex/worktrees/4511/onepage/research/transport-memory/asymmetric_server.py", line 39, in accept
    data=await reader.read(min(left,16384));assert data;hasher.update(data);left-=len(data);request_bytes+=len(data)
                                                   ^^^^
AssertionError
Unhandled exception in client_connected_cb
transport: <asyncio.sslproto._SSLProtocolTransport object at 0x10544bda0>
Traceback (most recent call last):
  File "/Users/divyanshgolyan/.codex/worktrees/4511/onepage/research/transport-memory/asymmetric_server.py", line 39, in accept
    data=await reader.read(min(left,16384));assert data;hasher.update(data);left-=len(data);request_bytes+=len(data)
                                                   ^^^^
AssertionError
Unhandled exception in client_connected_cb
transport: <asyncio.sslproto._SSLProtocolTransport object at 0x10544bd10>
Traceback (most recent call last):
  File "/Users/divyanshgolyan/.codex/worktrees/4511/onepage/research/transport-memory/asymmetric_server.py", line 39, in accept
    data=await reader.read(min(left,16384));assert data;hasher.update(data);left-=len(data);request_bytes+=len(data)
                                                   ^^^^
AssertionError
Unhandled exception in client_connected_cb
transport: <asyncio.sslproto._SSLProtocolTransport object at 0x10544bc80>
Traceback (most recent call last):
  File "/Users/divyanshgolyan/.codex/worktrees/4511/onepage/research/transport-memory/asymmetric_server.py", line 39, in accept
    data=await reader.read(min(left,16384));assert data;hasher.update(data);left-=len(data);request_bytes+=len(data)
                                                   ^^^^
AssertionError
Unhandled exception in client_connected_cb
transport: <asyncio.sslproto._SSLProtocolTransport object at 0x10544bbf0>
Traceback (most recent call last):
  File "/Users/divyanshgolyan/.codex/worktrees/4511/onepage/research/transport-memory/asymmetric_server.py", line 39, in accept
    data=await reader.read(min(left,16384));assert data;hasher.update(data);left-=len(data);request_bytes+=len(data)
                                                   ^^^^
AssertionError
Unhandled exception in client_connected_cb
transport: <asyncio.sslproto._SSLProtocolTransport object at 0x10544bb60>
Traceback (most recent call last):
  File "/Users/divyanshgolyan/.codex/worktrees/4511/onepage/research/transport-memory/asymmetric_server.py", line 39, in accept
    data=await reader.read(min(left,16384));assert data;hasher.update(data);left-=len(data);request_bytes+=len(data)
                                                   ^^^^
AssertionError
Unhandled exception in client_connected_cb
transport: <asyncio.sslproto._SSLProtocolTransport object at 0x10544bad0>
Traceback (most recent call last):
  File "/Users/divyanshgolyan/.codex/worktrees/4511/onepage/research/transport-memory/asymmetric_server.py", line 39, in accept
    data=await reader.read(min(left,16384));assert data;hasher.update(data);left-=len(data);request_bytes+=len(data)
                                                   ^^^^
AssertionError
Unhandled exception in client_connected_cb
transport: <asyncio.sslproto._SSLProtocolTransport object at 0x10544ba40>
Traceback (most recent call last):
  File "/Users/divyanshgolyan/.codex/worktrees/4511/onepage/research/transport-memory/asymmetric_server.py", line 39, in accept
    data=await reader.read(min(left,16384));assert data;hasher.update(data);left-=len(data);request_bytes+=len(data)
                                                   ^^^^
AssertionError
Unhandled exception in client_connected_cb
transport: <asyncio.sslproto._SSLProtocolTransport object at 0x10544b9b0>
Traceback (most recent call last):
  File "/Users/divyanshgolyan/.codex/worktrees/4511/onepage/research/transport-memory/asymmetric_server.py", line 39, in accept
    data=await reader.read(min(left,16384));assert data;hasher.update(data);left-=len(data);request_bytes+=len(data)
                                                   ^^^^
AssertionError
Unhandled exception in client_connected_cb
transport: <asyncio.sslproto._SSLProtocolTransport object at 0x10550a710>
Traceback (most recent call last):
  File "/Users/divyanshgolyan/.codex/worktrees/4511/onepage/research/transport-memory/asymmetric_server.py", line 39, in accept
    data=await reader.read(min(left,16384));assert data;hasher.update(data);left-=len(data);request_bytes+=len(data)
                                                   ^^^^
AssertionError
Unhandled exception in client_connected_cb
transport: <asyncio.sslproto._SSLProtocolTransport object at 0x10550a5d0>
Traceback (most recent call last):
  File "/Users/divyanshgolyan/.codex/worktrees/4511/onepage/research/transport-memory/asymmetric_server.py", line 39, in accept
    data=await reader.read(min(left,16384));assert data;hasher.update(data);left-=len(data);request_bytes+=len(data)
                                                   ^^^^
AssertionError
Unhandled exception in client_connected_cb
transport: <asyncio.sslproto._SSLProtocolTransport object at 0x105593d80>
Traceback (most recent call last):
  File "/Users/divyanshgolyan/.codex/worktrees/4511/onepage/research/transport-memory/asymmetric_server.py", line 39, in accept
    data=await reader.read(min(left,16384));assert data;hasher.update(data);left-=len(data);request_bytes+=len(data)
                                                   ^^^^
AssertionError
Unhandled exception in client_connected_cb
transport: <asyncio.sslproto._SSLProtocolTransport object at 0x10558dc10>
Traceback (most recent call last):
  File "/Users/divyanshgolyan/.codex/worktrees/4511/onepage/research/transport-memory/asymmetric_server.py", line 39, in accept
    data=await reader.read(min(left,16384));assert data;hasher.update(data);left-=len(data);request_bytes+=len(data)
                                                   ^^^^
AssertionError
Unhandled exception in client_connected_cb
transport: <asyncio.sslproto._SSLProtocolTransport object at 0x10558d9d0>
Traceback (most recent call last):
  File "/Users/divyanshgolyan/.codex/worktrees/4511/onepage/research/transport-memory/asymmetric_server.py", line 39, in accept
    data=await reader.read(min(left,16384));assert data;hasher.update(data);left-=len(data);request_bytes+=len(data)
                                                   ^^^^
AssertionError
Unhandled exception in client_connected_cb
transport: <asyncio.sslproto._SSLProtocolTransport object at 0x10546b5f0>
Traceback (most recent call last):
  File "/Users/divyanshgolyan/.codex/worktrees/4511/onepage/research/transport-memory/asymmetric_server.py", line 39, in accept
    data=await reader.read(min(left,16384));assert data;hasher.update(data);left-=len(data);request_bytes+=len(data)
                                                   ^^^^
AssertionError
Unhandled exception in client_connected_cb
transport: <asyncio.sslproto._SSLProtocolTransport object at 0x10546b520>
Traceback (most recent call last):
  File "/Users/divyanshgolyan/.codex/worktrees/4511/onepage/research/transport-memory/asymmetric_server.py", line 39, in accept
    data=await reader.read(min(left,16384));assert data;hasher.update(data);left-=len(data);request_bytes+=len(data)
                                                   ^^^^
AssertionError
Unhandled exception in client_connected_cb
transport: <asyncio.sslproto._SSLProtocolTransport object at 0x105579710>
Traceback (most recent call last):
  File "/Users/divyanshgolyan/.codex/worktrees/4511/onepage/research/transport-memory/asymmetric_server.py", line 39, in accept
    data=await reader.read(min(left,16384));assert data;hasher.update(data);left-=len(data);request_bytes+=len(data)
                                                   ^^^^
AssertionError
Unhandled exception in client_connected_cb
transport: <asyncio.sslproto._SSLProtocolTransport object at 0x1055791d0>
Traceback (most recent call last):
  File "/Users/divyanshgolyan/.codex/worktrees/4511/onepage/research/transport-memory/asymmetric_server.py", line 39, in accept
    data=await reader.read(min(left,16384));assert data;hasher.update(data);left-=len(data);request_bytes+=len(data)
                                                   ^^^^
AssertionError
Unhandled exception in client_connected_cb
transport: <asyncio.sslproto._SSLProtocolTransport object at 0x10559df40>
Traceback (most recent call last):
  File "/Users/divyanshgolyan/.codex/worktrees/4511/onepage/research/transport-memory/asymmetric_server.py", line 39, in accept
    data=await reader.read(min(left,16384));assert data;hasher.update(data);left-=len(data);request_bytes+=len(data)
                                                   ^^^^
AssertionError
Unhandled exception in client_connected_cb
transport: <asyncio.sslproto._SSLProtocolTransport object at 0x10559da90>
Traceback (most recent call last):
  File "/Users/divyanshgolyan/.codex/worktrees/4511/onepage/research/transport-memory/asymmetric_server.py", line 39, in accept
    data=await reader.read(min(left,16384));assert data;hasher.update(data);left-=len(data);request_bytes+=len(data)
                                                   ^^^^
AssertionError
Unhandled exception in client_connected_cb
transport: <asyncio.sslproto._SSLProtocolTransport object at 0x1055a0750>
Traceback (most recent call last):
  File "/Users/divyanshgolyan/.codex/worktrees/4511/onepage/research/transport-memory/asymmetric_server.py", line 39, in accept
    data=await reader.read(min(left,16384));assert data;hasher.update(data);left-=len(data);request_bytes+=len(data)
                                                   ^^^^
AssertionError
Unhandled exception in client_connected_cb
transport: <asyncio.sslproto._SSLProtocolTransport object at 0x105536ad0>
Traceback (most recent call last):
  File "/Users/divyanshgolyan/.codex/worktrees/4511/onepage/research/transport-memory/asymmetric_server.py", line 39, in accept
    data=await reader.read(min(left,16384));assert data;hasher.update(data);left-=len(data);request_bytes+=len(data)
                                                   ^^^^
AssertionError
Unhandled exception in client_connected_cb
transport: <asyncio.sslproto._SSLProtocolTransport object at 0x1055368b0>
Traceback (most recent call last):
  File "/Users/divyanshgolyan/.codex/worktrees/4511/onepage/research/transport-memory/asymmetric_server.py", line 39, in accept
    data=await reader.read(min(left,16384));assert data;hasher.update(data);left-=len(data);request_bytes+=len(data)
                                                   ^^^^
AssertionError
Unhandled exception in client_connected_cb
transport: <asyncio.sslproto._SSLProtocolTransport object at 0x105533e30>
Traceback (most recent call last):
  File "/Users/divyanshgolyan/.codex/worktrees/4511/onepage/research/transport-memory/asymmetric_server.py", line 39, in accept
    data=await reader.read(min(left,16384));assert data;hasher.update(data);left-=len(data);request_bytes+=len(data)
                                                   ^^^^
AssertionError
Unhandled exception in client_connected_cb
transport: <asyncio.sslproto._SSLProtocolTransport object at 0x105533410>
Traceback (most recent call last):
  File "/Users/divyanshgolyan/.codex/worktrees/4511/onepage/research/transport-memory/asymmetric_server.py", line 39, in accept
    data=await reader.read(min(left,16384));assert data;hasher.update(data);left-=len(data);request_bytes+=len(data)
                                                   ^^^^
AssertionError
Unhandled exception in client_connected_cb
transport: <asyncio.sslproto._SSLProtocolTransport object at 0x105477950>
Traceback (most recent call last):
  File "/Users/divyanshgolyan/.codex/worktrees/4511/onepage/research/transport-memory/asymmetric_server.py", line 39, in accept
    data=await reader.read(min(left,16384));assert data;hasher.update(data);left-=len(data);request_bytes+=len(data)
                                                   ^^^^
AssertionError
Unhandled exception in client_connected_cb
transport: <asyncio.sslproto._SSLProtocolTransport object at 0x1054776f0>
Traceback (most recent call last):
  File "/Users/divyanshgolyan/.codex/worktrees/4511/onepage/research/transport-memory/asymmetric_server.py", line 39, in accept
    data=await reader.read(min(left,16384));assert data;hasher.update(data);left-=len(data);request_bytes+=len(data)
                                                   ^^^^
AssertionError
Unhandled exception in client_connected_cb
transport: <asyncio.sslproto._SSLProtocolTransport object at 0x10547f9d0>
Traceback (most recent call last):
  File "/Users/divyanshgolyan/.codex/worktrees/4511/onepage/research/transport-memory/asymmetric_server.py", line 39, in accept
    data=await reader.read(min(left,16384));assert data;hasher.update(data);left-=len(data);request_bytes+=len(data)
                                                   ^^^^
AssertionError
Unhandled exception in client_connected_cb
transport: <asyncio.sslproto._SSLProtocolTransport object at 0x105512a50>
Traceback (most recent call last):
  File "/Users/divyanshgolyan/.codex/worktrees/4511/onepage/research/transport-memory/asymmetric_server.py", line 39, in accept
    data=await reader.read(min(left,16384));assert data;hasher.update(data);left-=len(data);request_bytes+=len(data)
                                                   ^^^^
AssertionError
Unhandled exception in client_connected_cb
transport: <asyncio.sslproto._SSLProtocolTransport object at 0x105512510>
Traceback (most recent call last):
  File "/Users/divyanshgolyan/.codex/worktrees/4511/onepage/research/transport-memory/asymmetric_server.py", line 39, in accept
    data=await reader.read(min(left,16384));assert data;hasher.update(data);left-=len(data);request_bytes+=len(data)
                                                   ^^^^
AssertionError
Unhandled exception in client_connected_cb
transport: <asyncio.sslproto._SSLProtocolTransport object at 0x1054f26d0>
Traceback (most recent call last):
  File "/Users/divyanshgolyan/.codex/worktrees/4511/onepage/research/transport-memory/asymmetric_server.py", line 39, in accept
    data=await reader.read(min(left,16384));assert data;hasher.update(data);left-=len(data);request_bytes+=len(data)
                                                   ^^^^
AssertionError
Unhandled exception in client_connected_cb
transport: <asyncio.sslproto._SSLProtocolTransport object at 0x1054f1ff0>
Traceback (most recent call last):
  File "/Users/divyanshgolyan/.codex/worktrees/4511/onepage/research/transport-memory/asymmetric_server.py", line 39, in accept
    data=await reader.read(min(left,16384));assert data;hasher.update(data);left-=len(data);request_bytes+=len(data)
                                                   ^^^^
AssertionError
Unhandled exception in client_connected_cb
transport: <asyncio.sslproto._SSLProtocolTransport object at 0x105492160>
Traceback (most recent call last):
  File "/Users/divyanshgolyan/.codex/worktrees/4511/onepage/research/transport-memory/asymmetric_server.py", line 39, in accept
    data=await reader.read(min(left,16384));assert data;hasher.update(data);left-=len(data);request_bytes+=len(data)
                                                   ^^^^
AssertionError
Unhandled exception in client_connected_cb
transport: <asyncio.sslproto._SSLProtocolTransport object at 0x105491e80>
Traceback (most recent call last):
  File "/Users/divyanshgolyan/.codex/worktrees/4511/onepage/research/transport-memory/asymmetric_server.py", line 39, in accept
    data=await reader.read(min(left,16384));assert data;hasher.update(data);left-=len(data);request_bytes+=len(data)
                                                   ^^^^
AssertionError
