Unhandled exception in client_connected_cb
transport: <asyncio.sslproto._SSLProtocolTransport object at 0x104b0a9f0>
Traceback (most recent call last):
  File "/Users/divyanshgolyan/.codex/worktrees/4511/onepage/research/transport-memory/asymmetric_server.py", line 39, in accept
    data=await reader.read(min(left,16384));assert data;hasher.update(data);left-=len(data);request_bytes+=len(data)
                                                   ^^^^
AssertionError
Unhandled exception in client_connected_cb
transport: <asyncio.sslproto._SSLProtocolTransport object at 0x104df2720>
Traceback (most recent call last):
  File "/Users/divyanshgolyan/.codex/worktrees/4511/onepage/research/transport-memory/asymmetric_server.py", line 39, in accept
    data=await reader.read(min(left,16384));assert data;hasher.update(data);left-=len(data);request_bytes+=len(data)
                                                   ^^^^
AssertionError
Unhandled exception in client_connected_cb
transport: <asyncio.sslproto._SSLProtocolTransport object at 0x107a52180>
Traceback (most recent call last):
  File "/Users/divyanshgolyan/.codex/worktrees/4511/onepage/research/transport-memory/asymmetric_server.py", line 39, in accept
    data=await reader.read(min(left,16384));assert data;hasher.update(data);left-=len(data);request_bytes+=len(data)
                                                   ^^^^
AssertionError
Unhandled exception in client_connected_cb
transport: <asyncio.sslproto._SSLProtocolTransport object at 0x107a520f0>
Traceback (most recent call last):
  File "/Users/divyanshgolyan/.codex/worktrees/4511/onepage/research/transport-memory/asymmetric_server.py", line 39, in accept
    data=await reader.read(min(left,16384));assert data;hasher.update(data);left-=len(data);request_bytes+=len(data)
                                                   ^^^^
AssertionError
Unhandled exception in client_connected_cb
transport: <asyncio.sslproto._SSLProtocolTransport object at 0x107a52060>
Traceback (most recent call last):
  File "/Users/divyanshgolyan/.codex/worktrees/4511/onepage/research/transport-memory/asymmetric_server.py", line 39, in accept
    data=await reader.read(min(left,16384));assert data;hasher.update(data);left-=len(data);request_bytes+=len(data)
                                                   ^^^^
AssertionError
Unhandled exception in client_connected_cb
transport: <asyncio.sslproto._SSLProtocolTransport object at 0x107a51fd0>
Traceback (most recent call last):
  File "/Users/divyanshgolyan/.codex/worktrees/4511/onepage/research/transport-memory/asymmetric_server.py", line 39, in accept
    data=await reader.read(min(left,16384));assert data;hasher.update(data);left-=len(data);request_bytes+=len(data)
                                                   ^^^^
AssertionError
Unhandled exception in client_connected_cb
transport: <asyncio.sslproto._SSLProtocolTransport object at 0x107a51f40>
Traceback (most recent call last):
  File "/Users/divyanshgolyan/.codex/worktrees/4511/onepage/research/transport-memory/asymmetric_server.py", line 39, in accept
    data=await reader.read(min(left,16384));assert data;hasher.update(data);left-=len(data);request_bytes+=len(data)
                                                   ^^^^
AssertionError
Unhandled exception in client_connected_cb
transport: <asyncio.sslproto._SSLProtocolTransport object at 0x107a51eb0>
Traceback (most recent call last):
  File "/Users/divyanshgolyan/.codex/worktrees/4511/onepage/research/transport-memory/asymmetric_server.py", line 39, in accept
    data=await reader.read(min(left,16384));assert data;hasher.update(data);left-=len(data);request_bytes+=len(data)
                                                   ^^^^
AssertionError
Unhandled exception in client_connected_cb
transport: <asyncio.sslproto._SSLProtocolTransport object at 0x107a51e20>
Traceback (most recent call last):
  File "/Users/divyanshgolyan/.codex/worktrees/4511/onepage/research/transport-memory/asymmetric_server.py", line 39, in accept
    data=await reader.read(min(left,16384));assert data;hasher.update(data);left-=len(data);request_bytes+=len(data)
                                                   ^^^^
AssertionError
Unhandled exception in client_connected_cb
transport: <asyncio.sslproto._SSLProtocolTransport object at 0x107a51d90>
Traceback (most recent call last):
  File "/Users/divyanshgolyan/.codex/worktrees/4511/onepage/research/transport-memory/asymmetric_server.py", line 39, in accept
    data=await reader.read(min(left,16384));assert data;hasher.update(data);left-=len(data);request_bytes+=len(data)
                                                   ^^^^
AssertionError
Unhandled exception in client_connected_cb
transport: <asyncio.sslproto._SSLProtocolTransport object at 0x107a51d00>
Traceback (most recent call last):
  File "/Users/divyanshgolyan/.codex/worktrees/4511/onepage/research/transport-memory/asymmetric_server.py", line 39, in accept
    data=await reader.read(min(left,16384));assert data;hasher.update(data);left-=len(data);request_bytes+=len(data)
                                                   ^^^^
AssertionError
Unhandled exception in client_connected_cb
transport: <asyncio.sslproto._SSLProtocolTransport object at 0x107a51c70>
Traceback (most recent call last):
  File "/Users/divyanshgolyan/.codex/worktrees/4511/onepage/research/transport-memory/asymmetric_server.py", line 39, in accept
    data=await reader.read(min(left,16384));assert data;hasher.update(data);left-=len(data);request_bytes+=len(data)
                                                   ^^^^
AssertionError
Unhandled exception in client_connected_cb
transport: <asyncio.sslproto._SSLProtocolTransport object at 0x107a51be0>
Traceback (most recent call last):
  File "/Users/divyanshgolyan/.codex/worktrees/4511/onepage/research/transport-memory/asymmetric_server.py", line 39, in accept
    data=await reader.read(min(left,16384));assert data;hasher.update(data);left-=len(data);request_bytes+=len(data)
                                                   ^^^^
AssertionError
Unhandled exception in client_connected_cb
transport: <asyncio.sslproto._SSLProtocolTransport object at 0x107a51b50>
Traceback (most recent call last):
  File "/Users/divyanshgolyan/.codex/worktrees/4511/onepage/research/transport-memory/asymmetric_server.py", line 39, in accept
    data=await reader.read(min(left,16384));assert data;hasher.update(data);left-=len(data);request_bytes+=len(data)
                                                   ^^^^
AssertionError
Unhandled exception in client_connected_cb
transport: <asyncio.sslproto._SSLProtocolTransport object at 0x107a51ac0>
Traceback (most recent call last):
  File "/Users/divyanshgolyan/.codex/worktrees/4511/onepage/research/transport-memory/asymmetric_server.py", line 39, in accept
    data=await reader.read(min(left,16384));assert data;hasher.update(data);left-=len(data);request_bytes+=len(data)
                                                   ^^^^
AssertionError
Unhandled exception in client_connected_cb
transport: <asyncio.sslproto._SSLProtocolTransport object at 0x107a51a30>
Traceback (most recent call last):
  File "/Users/divyanshgolyan/.codex/worktrees/4511/onepage/research/transport-memory/asymmetric_server.py", line 39, in accept
    data=await reader.read(min(left,16384));assert data;hasher.update(data);left-=len(data);request_bytes+=len(data)
                                                   ^^^^
AssertionError
Unhandled exception in client_connected_cb
transport: <asyncio.sslproto._SSLProtocolTransport object at 0x107a519a0>
Traceback (most recent call last):
  File "/Users/divyanshgolyan/.codex/worktrees/4511/onepage/research/transport-memory/asymmetric_server.py", line 39, in accept
    data=await reader.read(min(left,16384));assert data;hasher.update(data);left-=len(data);request_bytes+=len(data)
                                                   ^^^^
AssertionError
Unhandled exception in client_connected_cb
transport: <asyncio.sslproto._SSLProtocolTransport object at 0x107a51910>
Traceback (most recent call last):
  File "/Users/divyanshgolyan/.codex/worktrees/4511/onepage/research/transport-memory/asymmetric_server.py", line 39, in accept
    data=await reader.read(min(left,16384));assert data;hasher.update(data);left-=len(data);request_bytes+=len(data)
                                                   ^^^^
AssertionError
Unhandled exception in client_connected_cb
transport: <asyncio.sslproto._SSLProtocolTransport object at 0x107a51880>
Traceback (most recent call last):
  File "/Users/divyanshgolyan/.codex/worktrees/4511/onepage/research/transport-memory/asymmetric_server.py", line 39, in accept
    data=await reader.read(min(left,16384));assert data;hasher.update(data);left-=len(data);request_bytes+=len(data)
                                                   ^^^^
AssertionError
Unhandled exception in client_connected_cb
transport: <asyncio.sslproto._SSLProtocolTransport object at 0x107a517f0>
Traceback (most recent call last):
  File "/Users/divyanshgolyan/.codex/worktrees/4511/onepage/research/transport-memory/asymmetric_server.py", line 39, in accept
    data=await reader.read(min(left,16384));assert data;hasher.update(data);left-=len(data);request_bytes+=len(data)
                                                   ^^^^
AssertionError
Unhandled exception in client_connected_cb
transport: <asyncio.sslproto._SSLProtocolTransport object at 0x107a51760>
Traceback (most recent call last):
  File "/Users/divyanshgolyan/.codex/worktrees/4511/onepage/research/transport-memory/asymmetric_server.py", line 39, in accept
    data=await reader.read(min(left,16384));assert data;hasher.update(data);left-=len(data);request_bytes+=len(data)
                                                   ^^^^
AssertionError
Unhandled exception in client_connected_cb
transport: <asyncio.sslproto._SSLProtocolTransport object at 0x107a516d0>
Traceback (most recent call last):
  File "/Users/divyanshgolyan/.codex/worktrees/4511/onepage/research/transport-memory/asymmetric_server.py", line 39, in accept
    data=await reader.read(min(left,16384));assert data;hasher.update(data);left-=len(data);request_bytes+=len(data)
                                                   ^^^^
AssertionError
Unhandled exception in client_connected_cb
transport: <asyncio.sslproto._SSLProtocolTransport object at 0x107a51640>
Traceback (most recent call last):
  File "/Users/divyanshgolyan/.codex/worktrees/4511/onepage/research/transport-memory/asymmetric_server.py", line 39, in accept
    data=await reader.read(min(left,16384));assert data;hasher.update(data);left-=len(data);request_bytes+=len(data)
                                                   ^^^^
AssertionError
Unhandled exception in client_connected_cb
transport: <asyncio.sslproto._SSLProtocolTransport object at 0x107a515b0>
Traceback (most recent call last):
  File "/Users/divyanshgolyan/.codex/worktrees/4511/onepage/research/transport-memory/asymmetric_server.py", line 39, in accept
    data=await reader.read(min(left,16384));assert data;hasher.update(data);left-=len(data);request_bytes+=len(data)
                                                   ^^^^
AssertionError
Unhandled exception in client_connected_cb
transport: <asyncio.sslproto._SSLProtocolTransport object at 0x107a51520>
Traceback (most recent call last):
  File "/Users/divyanshgolyan/.codex/worktrees/4511/onepage/research/transport-memory/asymmetric_server.py", line 39, in accept
    data=await reader.read(min(left,16384));assert data;hasher.update(data);left-=len(data);request_bytes+=len(data)
                                                   ^^^^
AssertionError
Unhandled exception in client_connected_cb
transport: <asyncio.sslproto._SSLProtocolTransport object at 0x107a51490>
Traceback (most recent call last):
  File "/Users/divyanshgolyan/.codex/worktrees/4511/onepage/research/transport-memory/asymmetric_server.py", line 39, in accept
    data=await reader.read(min(left,16384));assert data;hasher.update(data);left-=len(data);request_bytes+=len(data)
                                                   ^^^^
AssertionError
Unhandled exception in client_connected_cb
transport: <asyncio.sslproto._SSLProtocolTransport object at 0x107a51400>
Traceback (most recent call last):
  File "/Users/divyanshgolyan/.codex/worktrees/4511/onepage/research/transport-memory/asymmetric_server.py", line 39, in accept
    data=await reader.read(min(left,16384));assert data;hasher.update(data);left-=len(data);request_bytes+=len(data)
                                                   ^^^^
AssertionError
Unhandled exception in client_connected_cb
transport: <asyncio.sslproto._SSLProtocolTransport object at 0x107a51370>
Traceback (most recent call last):
  File "/Users/divyanshgolyan/.codex/worktrees/4511/onepage/research/transport-memory/asymmetric_server.py", line 39, in accept
    data=await reader.read(min(left,16384));assert data;hasher.update(data);left-=len(data);request_bytes+=len(data)
                                                   ^^^^
AssertionError
Unhandled exception in client_connected_cb
transport: <asyncio.sslproto._SSLProtocolTransport object at 0x107a512e0>
Traceback (most recent call last):
  File "/Users/divyanshgolyan/.codex/worktrees/4511/onepage/research/transport-memory/asymmetric_server.py", line 39, in accept
    data=await reader.read(min(left,16384));assert data;hasher.update(data);left-=len(data);request_bytes+=len(data)
                                                   ^^^^
AssertionError
Unhandled exception in client_connected_cb
transport: <asyncio.sslproto._SSLProtocolTransport object at 0x107a51250>
Traceback (most recent call last):
  File "/Users/divyanshgolyan/.codex/worktrees/4511/onepage/research/transport-memory/asymmetric_server.py", line 39, in accept
    data=await reader.read(min(left,16384));assert data;hasher.update(data);left-=len(data);request_bytes+=len(data)
                                                   ^^^^
AssertionError
Unhandled exception in client_connected_cb
transport: <asyncio.sslproto._SSLProtocolTransport object at 0x107a511c0>
Traceback (most recent call last):
  File "/Users/divyanshgolyan/.codex/worktrees/4511/onepage/research/transport-memory/asymmetric_server.py", line 39, in accept
    data=await reader.read(min(left,16384));assert data;hasher.update(data);left-=len(data);request_bytes+=len(data)
                                                   ^^^^
AssertionError
Unhandled exception in client_connected_cb
transport: <asyncio.sslproto._SSLProtocolTransport object at 0x107a51130>
Traceback (most recent call last):
  File "/Users/divyanshgolyan/.codex/worktrees/4511/onepage/research/transport-memory/asymmetric_server.py", line 39, in accept
    data=await reader.read(min(left,16384));assert data;hasher.update(data);left-=len(data);request_bytes+=len(data)
                                                   ^^^^
AssertionError
Unhandled exception in client_connected_cb
transport: <asyncio.sslproto._SSLProtocolTransport object at 0x107a510a0>
Traceback (most recent call last):
  File "/Users/divyanshgolyan/.codex/worktrees/4511/onepage/research/transport-memory/asymmetric_server.py", line 39, in accept
    data=await reader.read(min(left,16384));assert data;hasher.update(data);left-=len(data);request_bytes+=len(data)
                                                   ^^^^
AssertionError
Unhandled exception in client_connected_cb
transport: <asyncio.sslproto._SSLProtocolTransport object at 0x107a51010>
Traceback (most recent call last):
  File "/Users/divyanshgolyan/.codex/worktrees/4511/onepage/research/transport-memory/asymmetric_server.py", line 39, in accept
    data=await reader.read(min(left,16384));assert data;hasher.update(data);left-=len(data);request_bytes+=len(data)
                                                   ^^^^
AssertionError
Unhandled exception in client_connected_cb
transport: <asyncio.sslproto._SSLProtocolTransport object at 0x107a50f80>
Traceback (most recent call last):
  File "/Users/divyanshgolyan/.codex/worktrees/4511/onepage/research/transport-memory/asymmetric_server.py", line 39, in accept
    data=await reader.read(min(left,16384));assert data;hasher.update(data);left-=len(data);request_bytes+=len(data)
                                                   ^^^^
AssertionError
Unhandled exception in client_connected_cb
transport: <asyncio.sslproto._SSLProtocolTransport object at 0x107a50ef0>
Traceback (most recent call last):
  File "/Users/divyanshgolyan/.codex/worktrees/4511/onepage/research/transport-memory/asymmetric_server.py", line 39, in accept
    data=await reader.read(min(left,16384));assert data;hasher.update(data);left-=len(data);request_bytes+=len(data)
                                                   ^^^^
AssertionError
Unhandled exception in client_connected_cb
transport: <asyncio.sslproto._SSLProtocolTransport object at 0x107a50e60>
Traceback (most recent call last):
  File "/Users/divyanshgolyan/.codex/worktrees/4511/onepage/research/transport-memory/asymmetric_server.py", line 39, in accept
    data=await reader.read(min(left,16384));assert data;hasher.update(data);left-=len(data);request_bytes+=len(data)
                                                   ^^^^
AssertionError
Unhandled exception in client_connected_cb
transport: <asyncio.sslproto._SSLProtocolTransport object at 0x107a50dd0>
Traceback (most recent call last):
  File "/Users/divyanshgolyan/.codex/worktrees/4511/onepage/research/transport-memory/asymmetric_server.py", line 39, in accept
    data=await reader.read(min(left,16384));assert data;hasher.update(data);left-=len(data);request_bytes+=len(data)
                                                   ^^^^
AssertionError
Unhandled exception in client_connected_cb
transport: <asyncio.sslproto._SSLProtocolTransport object at 0x107a50d40>
Traceback (most recent call last):
  File "/Users/divyanshgolyan/.codex/worktrees/4511/onepage/research/transport-memory/asymmetric_server.py", line 39, in accept
    data=await reader.read(min(left,16384));assert data;hasher.update(data);left-=len(data);request_bytes+=len(data)
                                                   ^^^^
AssertionError
Unhandled exception in client_connected_cb
transport: <asyncio.sslproto._SSLProtocolTransport object at 0x107a50cb0>
Traceback (most recent call last):
  File "/Users/divyanshgolyan/.codex/worktrees/4511/onepage/research/transport-memory/asymmetric_server.py", line 39, in accept
    data=await reader.read(min(left,16384));assert data;hasher.update(data);left-=len(data);request_bytes+=len(data)
                                                   ^^^^
AssertionError
Unhandled exception in client_connected_cb
transport: <asyncio.sslproto._SSLProtocolTransport object at 0x107a50c20>
Traceback (most recent call last):
  File "/Users/divyanshgolyan/.codex/worktrees/4511/onepage/research/transport-memory/asymmetric_server.py", line 39, in accept
    data=await reader.read(min(left,16384));assert data;hasher.update(data);left-=len(data);request_bytes+=len(data)
                                                   ^^^^
AssertionError
Unhandled exception in client_connected_cb
transport: <asyncio.sslproto._SSLProtocolTransport object at 0x107a50b90>
Traceback (most recent call last):
  File "/Users/divyanshgolyan/.codex/worktrees/4511/onepage/research/transport-memory/asymmetric_server.py", line 39, in accept
    data=await reader.read(min(left,16384));assert data;hasher.update(data);left-=len(data);request_bytes+=len(data)
                                                   ^^^^
AssertionError
Unhandled exception in client_connected_cb
transport: <asyncio.sslproto._SSLProtocolTransport object at 0x107a50b00>
Traceback (most recent call last):
  File "/Users/divyanshgolyan/.codex/worktrees/4511/onepage/research/transport-memory/asymmetric_server.py", line 39, in accept
    data=await reader.read(min(left,16384));assert data;hasher.update(data);left-=len(data);request_bytes+=len(data)
                                                   ^^^^
AssertionError
Unhandled exception in client_connected_cb
transport: <asyncio.sslproto._SSLProtocolTransport object at 0x107a50a70>
Traceback (most recent call last):
  File "/Users/divyanshgolyan/.codex/worktrees/4511/onepage/research/transport-memory/asymmetric_server.py", line 39, in accept
    data=await reader.read(min(left,16384));assert data;hasher.update(data);left-=len(data);request_bytes+=len(data)
                                                   ^^^^
AssertionError
Unhandled exception in client_connected_cb
transport: <asyncio.sslproto._SSLProtocolTransport object at 0x107a509e0>
Traceback (most recent call last):
  File "/Users/divyanshgolyan/.codex/worktrees/4511/onepage/research/transport-memory/asymmetric_server.py", line 39, in accept
    data=await reader.read(min(left,16384));assert data;hasher.update(data);left-=len(data);request_bytes+=len(data)
                                                   ^^^^
AssertionError
Unhandled exception in client_connected_cb
transport: <asyncio.sslproto._SSLProtocolTransport object at 0x107a50950>
Traceback (most recent call last):
  File "/Users/divyanshgolyan/.codex/worktrees/4511/onepage/research/transport-memory/asymmetric_server.py", line 39, in accept
    data=await reader.read(min(left,16384));assert data;hasher.update(data);left-=len(data);request_bytes+=len(data)
                                                   ^^^^
AssertionError
Unhandled exception in client_connected_cb
transport: <asyncio.sslproto._SSLProtocolTransport object at 0x107a508c0>
Traceback (most recent call last):
  File "/Users/divyanshgolyan/.codex/worktrees/4511/onepage/research/transport-memory/asymmetric_server.py", line 39, in accept
    data=await reader.read(min(left,16384));assert data;hasher.update(data);left-=len(data);request_bytes+=len(data)
                                                   ^^^^
AssertionError
Unhandled exception in client_connected_cb
transport: <asyncio.sslproto._SSLProtocolTransport object at 0x107a50830>
Traceback (most recent call last):
  File "/Users/divyanshgolyan/.codex/worktrees/4511/onepage/research/transport-memory/asymmetric_server.py", line 39, in accept
    data=await reader.read(min(left,16384));assert data;hasher.update(data);left-=len(data);request_bytes+=len(data)
                                                   ^^^^
AssertionError
Unhandled exception in client_connected_cb
transport: <asyncio.sslproto._SSLProtocolTransport object at 0x107a507a0>
Traceback (most recent call last):
  File "/Users/divyanshgolyan/.codex/worktrees/4511/onepage/research/transport-memory/asymmetric_server.py", line 39, in accept
    data=await reader.read(min(left,16384));assert data;hasher.update(data);left-=len(data);request_bytes+=len(data)
                                                   ^^^^
AssertionError
Unhandled exception in client_connected_cb
transport: <asyncio.sslproto._SSLProtocolTransport object at 0x107a50710>
Traceback (most recent call last):
  File "/Users/divyanshgolyan/.codex/worktrees/4511/onepage/research/transport-memory/asymmetric_server.py", line 39, in accept
    data=await reader.read(min(left,16384));assert data;hasher.update(data);left-=len(data);request_bytes+=len(data)
                                                   ^^^^
AssertionError
Unhandled exception in client_connected_cb
transport: <asyncio.sslproto._SSLProtocolTransport object at 0x107a50680>
Traceback (most recent call last):
  File "/Users/divyanshgolyan/.codex/worktrees/4511/onepage/research/transport-memory/asymmetric_server.py", line 39, in accept
    data=await reader.read(min(left,16384));assert data;hasher.update(data);left-=len(data);request_bytes+=len(data)
                                                   ^^^^
AssertionError
Unhandled exception in client_connected_cb
transport: <asyncio.sslproto._SSLProtocolTransport object at 0x107a505f0>
Traceback (most recent call last):
  File "/Users/divyanshgolyan/.codex/worktrees/4511/onepage/research/transport-memory/asymmetric_server.py", line 39, in accept
    data=await reader.read(min(left,16384));assert data;hasher.update(data);left-=len(data);request_bytes+=len(data)
                                                   ^^^^
AssertionError
Unhandled exception in client_connected_cb
transport: <asyncio.sslproto._SSLProtocolTransport object at 0x107a50560>
Traceback (most recent call last):
  File "/Users/divyanshgolyan/.codex/worktrees/4511/onepage/research/transport-memory/asymmetric_server.py", line 39, in accept
    data=await reader.read(min(left,16384));assert data;hasher.update(data);left-=len(data);request_bytes+=len(data)
                                                   ^^^^
AssertionError
Unhandled exception in client_connected_cb
transport: <asyncio.sslproto._SSLProtocolTransport object at 0x107a504d0>
Traceback (most recent call last):
  File "/Users/divyanshgolyan/.codex/worktrees/4511/onepage/research/transport-memory/asymmetric_server.py", line 39, in accept
    data=await reader.read(min(left,16384));assert data;hasher.update(data);left-=len(data);request_bytes+=len(data)
                                                   ^^^^
AssertionError
Unhandled exception in client_connected_cb
transport: <asyncio.sslproto._SSLProtocolTransport object at 0x107a50440>
Traceback (most recent call last):
  File "/Users/divyanshgolyan/.codex/worktrees/4511/onepage/research/transport-memory/asymmetric_server.py", line 39, in accept
    data=await reader.read(min(left,16384));assert data;hasher.update(data);left-=len(data);request_bytes+=len(data)
                                                   ^^^^
AssertionError
Unhandled exception in client_connected_cb
transport: <asyncio.sslproto._SSLProtocolTransport object at 0x107a503b0>
Traceback (most recent call last):
  File "/Users/divyanshgolyan/.codex/worktrees/4511/onepage/research/transport-memory/asymmetric_server.py", line 39, in accept
    data=await reader.read(min(left,16384));assert data;hasher.update(data);left-=len(data);request_bytes+=len(data)
                                                   ^^^^
AssertionError
Unhandled exception in client_connected_cb
transport: <asyncio.sslproto._SSLProtocolTransport object at 0x107a50320>
Traceback (most recent call last):
  File "/Users/divyanshgolyan/.codex/worktrees/4511/onepage/research/transport-memory/asymmetric_server.py", line 39, in accept
    data=await reader.read(min(left,16384));assert data;hasher.update(data);left-=len(data);request_bytes+=len(data)
                                                   ^^^^
AssertionError
Unhandled exception in client_connected_cb
transport: <asyncio.sslproto._SSLProtocolTransport object at 0x107a50290>
Traceback (most recent call last):
  File "/Users/divyanshgolyan/.codex/worktrees/4511/onepage/research/transport-memory/asymmetric_server.py", line 39, in accept
    data=await reader.read(min(left,16384));assert data;hasher.update(data);left-=len(data);request_bytes+=len(data)
                                                   ^^^^
AssertionError
Unhandled exception in client_connected_cb
transport: <asyncio.sslproto._SSLProtocolTransport object at 0x107a50200>
Traceback (most recent call last):
  File "/Users/divyanshgolyan/.codex/worktrees/4511/onepage/research/transport-memory/asymmetric_server.py", line 39, in accept
    data=await reader.read(min(left,16384));assert data;hasher.update(data);left-=len(data);request_bytes+=len(data)
                                                   ^^^^
AssertionError
Unhandled exception in client_connected_cb
transport: <asyncio.sslproto._SSLProtocolTransport object at 0x107a50170>
Traceback (most recent call last):
  File "/Users/divyanshgolyan/.codex/worktrees/4511/onepage/research/transport-memory/asymmetric_server.py", line 39, in accept
    data=await reader.read(min(left,16384));assert data;hasher.update(data);left-=len(data);request_bytes+=len(data)
                                                   ^^^^
AssertionError
Unhandled exception in client_connected_cb
transport: <asyncio.sslproto._SSLProtocolTransport object at 0x107a500e0>
Traceback (most recent call last):
  File "/Users/divyanshgolyan/.codex/worktrees/4511/onepage/research/transport-memory/asymmetric_server.py", line 39, in accept
    data=await reader.read(min(left,16384));assert data;hasher.update(data);left-=len(data);request_bytes+=len(data)
                                                   ^^^^
AssertionError
Unhandled exception in client_connected_cb
transport: <asyncio.sslproto._SSLProtocolTransport object at 0x107a50050>
Traceback (most recent call last):
  File "/Users/divyanshgolyan/.codex/worktrees/4511/onepage/research/transport-memory/asymmetric_server.py", line 39, in accept
    data=await reader.read(min(left,16384));assert data;hasher.update(data);left-=len(data);request_bytes+=len(data)
                                                   ^^^^
AssertionError
Unhandled exception in client_connected_cb
transport: <asyncio.sslproto._SSLProtocolTransport object at 0x104f9bf50>
Traceback (most recent call last):
  File "/Users/divyanshgolyan/.codex/worktrees/4511/onepage/research/transport-memory/asymmetric_server.py", line 39, in accept
    data=await reader.read(min(left,16384));assert data;hasher.update(data);left-=len(data);request_bytes+=len(data)
                                                   ^^^^
AssertionError
Unhandled exception in client_connected_cb
transport: <asyncio.sslproto._SSLProtocolTransport object at 0x104f9bec0>
Traceback (most recent call last):
  File "/Users/divyanshgolyan/.codex/worktrees/4511/onepage/research/transport-memory/asymmetric_server.py", line 39, in accept
    data=await reader.read(min(left,16384));assert data;hasher.update(data);left-=len(data);request_bytes+=len(data)
                                                   ^^^^
AssertionError
Unhandled exception in client_connected_cb
transport: <asyncio.sslproto._SSLProtocolTransport object at 0x104f9be30>
Traceback (most recent call last):
  File "/Users/divyanshgolyan/.codex/worktrees/4511/onepage/research/transport-memory/asymmetric_server.py", line 39, in accept
    data=await reader.read(min(left,16384));assert data;hasher.update(data);left-=len(data);request_bytes+=len(data)
                                                   ^^^^
AssertionError
Unhandled exception in client_connected_cb
transport: <asyncio.sslproto._SSLProtocolTransport object at 0x104f9bda0>
Traceback (most recent call last):
  File "/Users/divyanshgolyan/.codex/worktrees/4511/onepage/research/transport-memory/asymmetric_server.py", line 39, in accept
    data=await reader.read(min(left,16384));assert data;hasher.update(data);left-=len(data);request_bytes+=len(data)
                                                   ^^^^
AssertionError
Unhandled exception in client_connected_cb
transport: <asyncio.sslproto._SSLProtocolTransport object at 0x104f9bd10>
Traceback (most recent call last):
  File "/Users/divyanshgolyan/.codex/worktrees/4511/onepage/research/transport-memory/asymmetric_server.py", line 39, in accept
    data=await reader.read(min(left,16384));assert data;hasher.update(data);left-=len(data);request_bytes+=len(data)
                                                   ^^^^
AssertionError
Unhandled exception in client_connected_cb
transport: <asyncio.sslproto._SSLProtocolTransport object at 0x104f9bc80>
Traceback (most recent call last):
  File "/Users/divyanshgolyan/.codex/worktrees/4511/onepage/research/transport-memory/asymmetric_server.py", line 39, in accept
    data=await reader.read(min(left,16384));assert data;hasher.update(data);left-=len(data);request_bytes+=len(data)
                                                   ^^^^
AssertionError
Unhandled exception in client_connected_cb
transport: <asyncio.sslproto._SSLProtocolTransport object at 0x104f9bbf0>
Traceback (most recent call last):
  File "/Users/divyanshgolyan/.codex/worktrees/4511/onepage/research/transport-memory/asymmetric_server.py", line 39, in accept
    data=await reader.read(min(left,16384));assert data;hasher.update(data);left-=len(data);request_bytes+=len(data)
                                                   ^^^^
AssertionError
Unhandled exception in client_connected_cb
transport: <asyncio.sslproto._SSLProtocolTransport object at 0x104f9bb60>
Traceback (most recent call last):
  File "/Users/divyanshgolyan/.codex/worktrees/4511/onepage/research/transport-memory/asymmetric_server.py", line 39, in accept
    data=await reader.read(min(left,16384));assert data;hasher.update(data);left-=len(data);request_bytes+=len(data)
                                                   ^^^^
AssertionError
Unhandled exception in client_connected_cb
transport: <asyncio.sslproto._SSLProtocolTransport object at 0x104f9bad0>
Traceback (most recent call last):
  File "/Users/divyanshgolyan/.codex/worktrees/4511/onepage/research/transport-memory/asymmetric_server.py", line 39, in accept
    data=await reader.read(min(left,16384));assert data;hasher.update(data);left-=len(data);request_bytes+=len(data)
                                                   ^^^^
AssertionError
Unhandled exception in client_connected_cb
transport: <asyncio.sslproto._SSLProtocolTransport object at 0x104f9ba40>
Traceback (most recent call last):
  File "/Users/divyanshgolyan/.codex/worktrees/4511/onepage/research/transport-memory/asymmetric_server.py", line 39, in accept
    data=await reader.read(min(left,16384));assert data;hasher.update(data);left-=len(data);request_bytes+=len(data)
                                                   ^^^^
AssertionError
Unhandled exception in client_connected_cb
transport: <asyncio.sslproto._SSLProtocolTransport object at 0x104f9b9b0>
Traceback (most recent call last):
  File "/Users/divyanshgolyan/.codex/worktrees/4511/onepage/research/transport-memory/asymmetric_server.py", line 39, in accept
    data=await reader.read(min(left,16384));assert data;hasher.update(data);left-=len(data);request_bytes+=len(data)
                                                   ^^^^
AssertionError
Unhandled exception in client_connected_cb
transport: <asyncio.sslproto._SSLProtocolTransport object at 0x104f9b920>
Traceback (most recent call last):
  File "/Users/divyanshgolyan/.codex/worktrees/4511/onepage/research/transport-memory/asymmetric_server.py", line 39, in accept
    data=await reader.read(min(left,16384));assert data;hasher.update(data);left-=len(data);request_bytes+=len(data)
                                                   ^^^^
AssertionError
Unhandled exception in client_connected_cb
transport: <asyncio.sslproto._SSLProtocolTransport object at 0x104f9b890>
Traceback (most recent call last):
  File "/Users/divyanshgolyan/.codex/worktrees/4511/onepage/research/transport-memory/asymmetric_server.py", line 39, in accept
    data=await reader.read(min(left,16384));assert data;hasher.update(data);left-=len(data);request_bytes+=len(data)
                                                   ^^^^
AssertionError
Unhandled exception in client_connected_cb
transport: <asyncio.sslproto._SSLProtocolTransport object at 0x104f9b800>
Traceback (most recent call last):
  File "/Users/divyanshgolyan/.codex/worktrees/4511/onepage/research/transport-memory/asymmetric_server.py", line 39, in accept
    data=await reader.read(min(left,16384));assert data;hasher.update(data);left-=len(data);request_bytes+=len(data)
                                                   ^^^^
AssertionError
Unhandled exception in client_connected_cb
transport: <asyncio.sslproto._SSLProtocolTransport object at 0x104f9b770>
Traceback (most recent call last):
  File "/Users/divyanshgolyan/.codex/worktrees/4511/onepage/research/transport-memory/asymmetric_server.py", line 39, in accept
    data=await reader.read(min(left,16384));assert data;hasher.update(data);left-=len(data);request_bytes+=len(data)
                                                   ^^^^
AssertionError
Unhandled exception in client_connected_cb
transport: <asyncio.sslproto._SSLProtocolTransport object at 0x104f9b6e0>
Traceback (most recent call last):
  File "/Users/divyanshgolyan/.codex/worktrees/4511/onepage/research/transport-memory/asymmetric_server.py", line 39, in accept
    data=await reader.read(min(left,16384));assert data;hasher.update(data);left-=len(data);request_bytes+=len(data)
                                                   ^^^^
AssertionError
Unhandled exception in client_connected_cb
transport: <asyncio.sslproto._SSLProtocolTransport object at 0x104f9b650>
Traceback (most recent call last):
  File "/Users/divyanshgolyan/.codex/worktrees/4511/onepage/research/transport-memory/asymmetric_server.py", line 39, in accept
    data=await reader.read(min(left,16384));assert data;hasher.update(data);left-=len(data);request_bytes+=len(data)
                                                   ^^^^
AssertionError
Unhandled exception in client_connected_cb
transport: <asyncio.sslproto._SSLProtocolTransport object at 0x104f9b5c0>
Traceback (most recent call last):
  File "/Users/divyanshgolyan/.codex/worktrees/4511/onepage/research/transport-memory/asymmetric_server.py", line 39, in accept
    data=await reader.read(min(left,16384));assert data;hasher.update(data);left-=len(data);request_bytes+=len(data)
                                                   ^^^^
AssertionError
Unhandled exception in client_connected_cb
transport: <asyncio.sslproto._SSLProtocolTransport object at 0x104f9b530>
Traceback (most recent call last):
  File "/Users/divyanshgolyan/.codex/worktrees/4511/onepage/research/transport-memory/asymmetric_server.py", line 39, in accept
    data=await reader.read(min(left,16384));assert data;hasher.update(data);left-=len(data);request_bytes+=len(data)
                                                   ^^^^
AssertionError
Unhandled exception in client_connected_cb
transport: <asyncio.sslproto._SSLProtocolTransport object at 0x104f9b4a0>
Traceback (most recent call last):
  File "/Users/divyanshgolyan/.codex/worktrees/4511/onepage/research/transport-memory/asymmetric_server.py", line 39, in accept
    data=await reader.read(min(left,16384));assert data;hasher.update(data);left-=len(data);request_bytes+=len(data)
                                                   ^^^^
AssertionError
Unhandled exception in client_connected_cb
transport: <asyncio.sslproto._SSLProtocolTransport object at 0x104f9b410>
Traceback (most recent call last):
  File "/Users/divyanshgolyan/.codex/worktrees/4511/onepage/research/transport-memory/asymmetric_server.py", line 39, in accept
    data=await reader.read(min(left,16384));assert data;hasher.update(data);left-=len(data);request_bytes+=len(data)
                                                   ^^^^
AssertionError
Unhandled exception in client_connected_cb
transport: <asyncio.sslproto._SSLProtocolTransport object at 0x104f9b380>
Traceback (most recent call last):
  File "/Users/divyanshgolyan/.codex/worktrees/4511/onepage/research/transport-memory/asymmetric_server.py", line 39, in accept
    data=await reader.read(min(left,16384));assert data;hasher.update(data);left-=len(data);request_bytes+=len(data)
                                                   ^^^^
AssertionError
Unhandled exception in client_connected_cb
transport: <asyncio.sslproto._SSLProtocolTransport object at 0x104f9b2f0>
Traceback (most recent call last):
  File "/Users/divyanshgolyan/.codex/worktrees/4511/onepage/research/transport-memory/asymmetric_server.py", line 39, in accept
    data=await reader.read(min(left,16384));assert data;hasher.update(data);left-=len(data);request_bytes+=len(data)
                                                   ^^^^
AssertionError
Unhandled exception in client_connected_cb
transport: <asyncio.sslproto._SSLProtocolTransport object at 0x104f9b260>
Traceback (most recent call last):
  File "/Users/divyanshgolyan/.codex/worktrees/4511/onepage/research/transport-memory/asymmetric_server.py", line 39, in accept
    data=await reader.read(min(left,16384));assert data;hasher.update(data);left-=len(data);request_bytes+=len(data)
                                                   ^^^^
AssertionError
Unhandled exception in client_connected_cb
transport: <asyncio.sslproto._SSLProtocolTransport object at 0x104f9b1d0>
Traceback (most recent call last):
  File "/Users/divyanshgolyan/.codex/worktrees/4511/onepage/research/transport-memory/asymmetric_server.py", line 39, in accept
    data=await reader.read(min(left,16384));assert data;hasher.update(data);left-=len(data);request_bytes+=len(data)
                                                   ^^^^
AssertionError
Unhandled exception in client_connected_cb
transport: <asyncio.sslproto._SSLProtocolTransport object at 0x104f9b140>
Traceback (most recent call last):
  File "/Users/divyanshgolyan/.codex/worktrees/4511/onepage/research/transport-memory/asymmetric_server.py", line 39, in accept
    data=await reader.read(min(left,16384));assert data;hasher.update(data);left-=len(data);request_bytes+=len(data)
                                                   ^^^^
AssertionError
Unhandled exception in client_connected_cb
transport: <asyncio.sslproto._SSLProtocolTransport object at 0x104f9b0b0>
Traceback (most recent call last):
  File "/Users/divyanshgolyan/.codex/worktrees/4511/onepage/research/transport-memory/asymmetric_server.py", line 39, in accept
    data=await reader.read(min(left,16384));assert data;hasher.update(data);left-=len(data);request_bytes+=len(data)
                                                   ^^^^
AssertionError
Unhandled exception in client_connected_cb
transport: <asyncio.sslproto._SSLProtocolTransport object at 0x104f9b020>
Traceback (most recent call last):
  File "/Users/divyanshgolyan/.codex/worktrees/4511/onepage/research/transport-memory/asymmetric_server.py", line 39, in accept
    data=await reader.read(min(left,16384));assert data;hasher.update(data);left-=len(data);request_bytes+=len(data)
                                                   ^^^^
AssertionError
Unhandled exception in client_connected_cb
transport: <asyncio.sslproto._SSLProtocolTransport object at 0x104f9af90>
Traceback (most recent call last):
  File "/Users/divyanshgolyan/.codex/worktrees/4511/onepage/research/transport-memory/asymmetric_server.py", line 39, in accept
    data=await reader.read(min(left,16384));assert data;hasher.update(data);left-=len(data);request_bytes+=len(data)
                                                   ^^^^
AssertionError
Unhandled exception in client_connected_cb
transport: <asyncio.sslproto._SSLProtocolTransport object at 0x104f9af00>
Traceback (most recent call last):
  File "/Users/divyanshgolyan/.codex/worktrees/4511/onepage/research/transport-memory/asymmetric_server.py", line 39, in accept
    data=await reader.read(min(left,16384));assert data;hasher.update(data);left-=len(data);request_bytes+=len(data)
                                                   ^^^^
AssertionError
Unhandled exception in client_connected_cb
transport: <asyncio.sslproto._SSLProtocolTransport object at 0x104f9ae70>
Traceback (most recent call last):
  File "/Users/divyanshgolyan/.codex/worktrees/4511/onepage/research/transport-memory/asymmetric_server.py", line 39, in accept
    data=await reader.read(min(left,16384));assert data;hasher.update(data);left-=len(data);request_bytes+=len(data)
                                                   ^^^^
AssertionError
Unhandled exception in client_connected_cb
transport: <asyncio.sslproto._SSLProtocolTransport object at 0x104f9ade0>
Traceback (most recent call last):
  File "/Users/divyanshgolyan/.codex/worktrees/4511/onepage/research/transport-memory/asymmetric_server.py", line 39, in accept
    data=await reader.read(min(left,16384));assert data;hasher.update(data);left-=len(data);request_bytes+=len(data)
                                                   ^^^^
AssertionError
Unhandled exception in client_connected_cb
transport: <asyncio.sslproto._SSLProtocolTransport object at 0x104f9ad50>
Traceback (most recent call last):
  File "/Users/divyanshgolyan/.codex/worktrees/4511/onepage/research/transport-memory/asymmetric_server.py", line 39, in accept
    data=await reader.read(min(left,16384));assert data;hasher.update(data);left-=len(data);request_bytes+=len(data)
                                                   ^^^^
AssertionError
Unhandled exception in client_connected_cb
transport: <asyncio.sslproto._SSLProtocolTransport object at 0x104f9acc0>
Traceback (most recent call last):
  File "/Users/divyanshgolyan/.codex/worktrees/4511/onepage/research/transport-memory/asymmetric_server.py", line 39, in accept
    data=await reader.read(min(left,16384));assert data;hasher.update(data);left-=len(data);request_bytes+=len(data)
                                                   ^^^^
AssertionError
Unhandled exception in client_connected_cb
transport: <asyncio.sslproto._SSLProtocolTransport object at 0x104f9ac30>
Traceback (most recent call last):
  File "/Users/divyanshgolyan/.codex/worktrees/4511/onepage/research/transport-memory/asymmetric_server.py", line 39, in accept
    data=await reader.read(min(left,16384));assert data;hasher.update(data);left-=len(data);request_bytes+=len(data)
                                                   ^^^^
AssertionError
Unhandled exception in client_connected_cb
transport: <asyncio.sslproto._SSLProtocolTransport object at 0x104f9aba0>
Traceback (most recent call last):
  File "/Users/divyanshgolyan/.codex/worktrees/4511/onepage/research/transport-memory/asymmetric_server.py", line 39, in accept
    data=await reader.read(min(left,16384));assert data;hasher.update(data);left-=len(data);request_bytes+=len(data)
                                                   ^^^^
AssertionError
Unhandled exception in client_connected_cb
transport: <asyncio.sslproto._SSLProtocolTransport object at 0x104f9ab10>
Traceback (most recent call last):
  File "/Users/divyanshgolyan/.codex/worktrees/4511/onepage/research/transport-memory/asymmetric_server.py", line 39, in accept
    data=await reader.read(min(left,16384));assert data;hasher.update(data);left-=len(data);request_bytes+=len(data)
                                                   ^^^^
AssertionError
Unhandled exception in client_connected_cb
transport: <asyncio.sslproto._SSLProtocolTransport object at 0x104f9aa80>
Traceback (most recent call last):
  File "/Users/divyanshgolyan/.codex/worktrees/4511/onepage/research/transport-memory/asymmetric_server.py", line 39, in accept
    data=await reader.read(min(left,16384));assert data;hasher.update(data);left-=len(data);request_bytes+=len(data)
                                                   ^^^^
AssertionError
Unhandled exception in client_connected_cb
transport: <asyncio.sslproto._SSLProtocolTransport object at 0x104f9a9f0>
Traceback (most recent call last):
  File "/Users/divyanshgolyan/.codex/worktrees/4511/onepage/research/transport-memory/asymmetric_server.py", line 39, in accept
    data=await reader.read(min(left,16384));assert data;hasher.update(data);left-=len(data);request_bytes+=len(data)
                                                   ^^^^
AssertionError
Unhandled exception in client_connected_cb
transport: <asyncio.sslproto._SSLProtocolTransport object at 0x104f9a960>
Traceback (most recent call last):
  File "/Users/divyanshgolyan/.codex/worktrees/4511/onepage/research/transport-memory/asymmetric_server.py", line 39, in accept
    data=await reader.read(min(left,16384));assert data;hasher.update(data);left-=len(data);request_bytes+=len(data)
                                                   ^^^^
AssertionError
Unhandled exception in client_connected_cb
transport: <asyncio.sslproto._SSLProtocolTransport object at 0x104f9a8d0>
Traceback (most recent call last):
  File "/Users/divyanshgolyan/.codex/worktrees/4511/onepage/research/transport-memory/asymmetric_server.py", line 39, in accept
    data=await reader.read(min(left,16384));assert data;hasher.update(data);left-=len(data);request_bytes+=len(data)
                                                   ^^^^
AssertionError
Unhandled exception in client_connected_cb
transport: <asyncio.sslproto._SSLProtocolTransport object at 0x104f9a840>
Traceback (most recent call last):
  File "/Users/divyanshgolyan/.codex/worktrees/4511/onepage/research/transport-memory/asymmetric_server.py", line 39, in accept
    data=await reader.read(min(left,16384));assert data;hasher.update(data);left-=len(data);request_bytes+=len(data)
                                                   ^^^^
AssertionError
Unhandled exception in client_connected_cb
transport: <asyncio.sslproto._SSLProtocolTransport object at 0x104f9a7b0>
Traceback (most recent call last):
  File "/Users/divyanshgolyan/.codex/worktrees/4511/onepage/research/transport-memory/asymmetric_server.py", line 39, in accept
    data=await reader.read(min(left,16384));assert data;hasher.update(data);left-=len(data);request_bytes+=len(data)
                                                   ^^^^
AssertionError
Unhandled exception in client_connected_cb
transport: <asyncio.sslproto._SSLProtocolTransport object at 0x104f9a720>
Traceback (most recent call last):
  File "/Users/divyanshgolyan/.codex/worktrees/4511/onepage/research/transport-memory/asymmetric_server.py", line 39, in accept
    data=await reader.read(min(left,16384));assert data;hasher.update(data);left-=len(data);request_bytes+=len(data)
                                                   ^^^^
AssertionError
Unhandled exception in client_connected_cb
transport: <asyncio.sslproto._SSLProtocolTransport object at 0x104f9a690>
Traceback (most recent call last):
  File "/Users/divyanshgolyan/.codex/worktrees/4511/onepage/research/transport-memory/asymmetric_server.py", line 39, in accept
    data=await reader.read(min(left,16384));assert data;hasher.update(data);left-=len(data);request_bytes+=len(data)
                                                   ^^^^
AssertionError
Unhandled exception in client_connected_cb
transport: <asyncio.sslproto._SSLProtocolTransport object at 0x104f9a600>
Traceback (most recent call last):
  File "/Users/divyanshgolyan/.codex/worktrees/4511/onepage/research/transport-memory/asymmetric_server.py", line 39, in accept
    data=await reader.read(min(left,16384));assert data;hasher.update(data);left-=len(data);request_bytes+=len(data)
                                                   ^^^^
AssertionError
Unhandled exception in client_connected_cb
transport: <asyncio.sslproto._SSLProtocolTransport object at 0x104f9a570>
Traceback (most recent call last):
  File "/Users/divyanshgolyan/.codex/worktrees/4511/onepage/research/transport-memory/asymmetric_server.py", line 39, in accept
    data=await reader.read(min(left,16384));assert data;hasher.update(data);left-=len(data);request_bytes+=len(data)
                                                   ^^^^
AssertionError
Unhandled exception in client_connected_cb
transport: <asyncio.sslproto._SSLProtocolTransport object at 0x104f9a4e0>
Traceback (most recent call last):
  File "/Users/divyanshgolyan/.codex/worktrees/4511/onepage/research/transport-memory/asymmetric_server.py", line 39, in accept
    data=await reader.read(min(left,16384));assert data;hasher.update(data);left-=len(data);request_bytes+=len(data)
                                                   ^^^^
AssertionError
Unhandled exception in client_connected_cb
transport: <asyncio.sslproto._SSLProtocolTransport object at 0x104f9a450>
Traceback (most recent call last):
  File "/Users/divyanshgolyan/.codex/worktrees/4511/onepage/research/transport-memory/asymmetric_server.py", line 39, in accept
    data=await reader.read(min(left,16384));assert data;hasher.update(data);left-=len(data);request_bytes+=len(data)
                                                   ^^^^
AssertionError
Unhandled exception in client_connected_cb
transport: <asyncio.sslproto._SSLProtocolTransport object at 0x104f9a3c0>
Traceback (most recent call last):
  File "/Users/divyanshgolyan/.codex/worktrees/4511/onepage/research/transport-memory/asymmetric_server.py", line 39, in accept
    data=await reader.read(min(left,16384));assert data;hasher.update(data);left-=len(data);request_bytes+=len(data)
                                                   ^^^^
AssertionError
Unhandled exception in client_connected_cb
transport: <asyncio.sslproto._SSLProtocolTransport object at 0x104f9a330>
Traceback (most recent call last):
  File "/Users/divyanshgolyan/.codex/worktrees/4511/onepage/research/transport-memory/asymmetric_server.py", line 39, in accept
    data=await reader.read(min(left,16384));assert data;hasher.update(data);left-=len(data);request_bytes+=len(data)
                                                   ^^^^
AssertionError
Unhandled exception in client_connected_cb
transport: <asyncio.sslproto._SSLProtocolTransport object at 0x104f9a2a0>
Traceback (most recent call last):
  File "/Users/divyanshgolyan/.codex/worktrees/4511/onepage/research/transport-memory/asymmetric_server.py", line 39, in accept
    data=await reader.read(min(left,16384));assert data;hasher.update(data);left-=len(data);request_bytes+=len(data)
                                                   ^^^^
AssertionError
Unhandled exception in client_connected_cb
transport: <asyncio.sslproto._SSLProtocolTransport object at 0x104f9a210>
Traceback (most recent call last):
  File "/Users/divyanshgolyan/.codex/worktrees/4511/onepage/research/transport-memory/asymmetric_server.py", line 39, in accept
    data=await reader.read(min(left,16384));assert data;hasher.update(data);left-=len(data);request_bytes+=len(data)
                                                   ^^^^
AssertionError
Unhandled exception in client_connected_cb
transport: <asyncio.sslproto._SSLProtocolTransport object at 0x104f9a180>
Traceback (most recent call last):
  File "/Users/divyanshgolyan/.codex/worktrees/4511/onepage/research/transport-memory/asymmetric_server.py", line 39, in accept
    data=await reader.read(min(left,16384));assert data;hasher.update(data);left-=len(data);request_bytes+=len(data)
                                                   ^^^^
AssertionError
Unhandled exception in client_connected_cb
transport: <asyncio.sslproto._SSLProtocolTransport object at 0x104f9a0f0>
Traceback (most recent call last):
  File "/Users/divyanshgolyan/.codex/worktrees/4511/onepage/research/transport-memory/asymmetric_server.py", line 39, in accept
    data=await reader.read(min(left,16384));assert data;hasher.update(data);left-=len(data);request_bytes+=len(data)
                                                   ^^^^
AssertionError
Unhandled exception in client_connected_cb
transport: <asyncio.sslproto._SSLProtocolTransport object at 0x104f9a060>
Traceback (most recent call last):
  File "/Users/divyanshgolyan/.codex/worktrees/4511/onepage/research/transport-memory/asymmetric_server.py", line 39, in accept
    data=await reader.read(min(left,16384));assert data;hasher.update(data);left-=len(data);request_bytes+=len(data)
                                                   ^^^^
AssertionError
Unhandled exception in client_connected_cb
transport: <asyncio.sslproto._SSLProtocolTransport object at 0x104f99fd0>
Traceback (most recent call last):
  File "/Users/divyanshgolyan/.codex/worktrees/4511/onepage/research/transport-memory/asymmetric_server.py", line 39, in accept
    data=await reader.read(min(left,16384));assert data;hasher.update(data);left-=len(data);request_bytes+=len(data)
                                                   ^^^^
AssertionError
Unhandled exception in client_connected_cb
transport: <asyncio.sslproto._SSLProtocolTransport object at 0x104f99f40>
Traceback (most recent call last):
  File "/Users/divyanshgolyan/.codex/worktrees/4511/onepage/research/transport-memory/asymmetric_server.py", line 39, in accept
    data=await reader.read(min(left,16384));assert data;hasher.update(data);left-=len(data);request_bytes+=len(data)
                                                   ^^^^
AssertionError
Unhandled exception in client_connected_cb
transport: <asyncio.sslproto._SSLProtocolTransport object at 0x104f99eb0>
Traceback (most recent call last):
  File "/Users/divyanshgolyan/.codex/worktrees/4511/onepage/research/transport-memory/asymmetric_server.py", line 39, in accept
    data=await reader.read(min(left,16384));assert data;hasher.update(data);left-=len(data);request_bytes+=len(data)
                                                   ^^^^
AssertionError
Unhandled exception in client_connected_cb
transport: <asyncio.sslproto._SSLProtocolTransport object at 0x104f99e20>
Traceback (most recent call last):
  File "/Users/divyanshgolyan/.codex/worktrees/4511/onepage/research/transport-memory/asymmetric_server.py", line 39, in accept
    data=await reader.read(min(left,16384));assert data;hasher.update(data);left-=len(data);request_bytes+=len(data)
                                                   ^^^^
AssertionError
Unhandled exception in client_connected_cb
transport: <asyncio.sslproto._SSLProtocolTransport object at 0x104f99d90>
Traceback (most recent call last):
  File "/Users/divyanshgolyan/.codex/worktrees/4511/onepage/research/transport-memory/asymmetric_server.py", line 39, in accept
    data=await reader.read(min(left,16384));assert data;hasher.update(data);left-=len(data);request_bytes+=len(data)
                                                   ^^^^
AssertionError
Unhandled exception in client_connected_cb
transport: <asyncio.sslproto._SSLProtocolTransport object at 0x104f99d00>
Traceback (most recent call last):
  File "/Users/divyanshgolyan/.codex/worktrees/4511/onepage/research/transport-memory/asymmetric_server.py", line 39, in accept
    data=await reader.read(min(left,16384));assert data;hasher.update(data);left-=len(data);request_bytes+=len(data)
                                                   ^^^^
AssertionError
Unhandled exception in client_connected_cb
transport: <asyncio.sslproto._SSLProtocolTransport object at 0x104f99c70>
Traceback (most recent call last):
  File "/Users/divyanshgolyan/.codex/worktrees/4511/onepage/research/transport-memory/asymmetric_server.py", line 39, in accept
    data=await reader.read(min(left,16384));assert data;hasher.update(data);left-=len(data);request_bytes+=len(data)
                                                   ^^^^
AssertionError
Unhandled exception in client_connected_cb
transport: <asyncio.sslproto._SSLProtocolTransport object at 0x104f99be0>
Traceback (most recent call last):
  File "/Users/divyanshgolyan/.codex/worktrees/4511/onepage/research/transport-memory/asymmetric_server.py", line 39, in accept
    data=await reader.read(min(left,16384));assert data;hasher.update(data);left-=len(data);request_bytes+=len(data)
                                                   ^^^^
AssertionError
Unhandled exception in client_connected_cb
transport: <asyncio.sslproto._SSLProtocolTransport object at 0x104f99b50>
Traceback (most recent call last):
  File "/Users/divyanshgolyan/.codex/worktrees/4511/onepage/research/transport-memory/asymmetric_server.py", line 39, in accept
    data=await reader.read(min(left,16384));assert data;hasher.update(data);left-=len(data);request_bytes+=len(data)
                                                   ^^^^
AssertionError
Unhandled exception in client_connected_cb
transport: <asyncio.sslproto._SSLProtocolTransport object at 0x104f99ac0>
Traceback (most recent call last):
  File "/Users/divyanshgolyan/.codex/worktrees/4511/onepage/research/transport-memory/asymmetric_server.py", line 39, in accept
    data=await reader.read(min(left,16384));assert data;hasher.update(data);left-=len(data);request_bytes+=len(data)
                                                   ^^^^
AssertionError
Unhandled exception in client_connected_cb
transport: <asyncio.sslproto._SSLProtocolTransport object at 0x104f99a30>
Traceback (most recent call last):
  File "/Users/divyanshgolyan/.codex/worktrees/4511/onepage/research/transport-memory/asymmetric_server.py", line 39, in accept
    data=await reader.read(min(left,16384));assert data;hasher.update(data);left-=len(data);request_bytes+=len(data)
                                                   ^^^^
AssertionError
Unhandled exception in client_connected_cb
transport: <asyncio.sslproto._SSLProtocolTransport object at 0x104f999a0>
Traceback (most recent call last):
  File "/Users/divyanshgolyan/.codex/worktrees/4511/onepage/research/transport-memory/asymmetric_server.py", line 39, in accept
    data=await reader.read(min(left,16384));assert data;hasher.update(data);left-=len(data);request_bytes+=len(data)
                                                   ^^^^
AssertionError
Unhandled exception in client_connected_cb
transport: <asyncio.sslproto._SSLProtocolTransport object at 0x104f99910>
Traceback (most recent call last):
  File "/Users/divyanshgolyan/.codex/worktrees/4511/onepage/research/transport-memory/asymmetric_server.py", line 39, in accept
    data=await reader.read(min(left,16384));assert data;hasher.update(data);left-=len(data);request_bytes+=len(data)
                                                   ^^^^
AssertionError
Unhandled exception in client_connected_cb
transport: <asyncio.sslproto._SSLProtocolTransport object at 0x104f99880>
Traceback (most recent call last):
  File "/Users/divyanshgolyan/.codex/worktrees/4511/onepage/research/transport-memory/asymmetric_server.py", line 39, in accept
    data=await reader.read(min(left,16384));assert data;hasher.update(data);left-=len(data);request_bytes+=len(data)
                                                   ^^^^
AssertionError
Unhandled exception in client_connected_cb
transport: <asyncio.sslproto._SSLProtocolTransport object at 0x104f997f0>
Traceback (most recent call last):
  File "/Users/divyanshgolyan/.codex/worktrees/4511/onepage/research/transport-memory/asymmetric_server.py", line 39, in accept
    data=await reader.read(min(left,16384));assert data;hasher.update(data);left-=len(data);request_bytes+=len(data)
                                                   ^^^^
AssertionError
Unhandled exception in client_connected_cb
transport: <asyncio.sslproto._SSLProtocolTransport object at 0x104f99760>
Traceback (most recent call last):
  File "/Users/divyanshgolyan/.codex/worktrees/4511/onepage/research/transport-memory/asymmetric_server.py", line 39, in accept
    data=await reader.read(min(left,16384));assert data;hasher.update(data);left-=len(data);request_bytes+=len(data)
                                                   ^^^^
AssertionError
Unhandled exception in client_connected_cb
transport: <asyncio.sslproto._SSLProtocolTransport object at 0x104f996d0>
Traceback (most recent call last):
  File "/Users/divyanshgolyan/.codex/worktrees/4511/onepage/research/transport-memory/asymmetric_server.py", line 39, in accept
    data=await reader.read(min(left,16384));assert data;hasher.update(data);left-=len(data);request_bytes+=len(data)
                                                   ^^^^
AssertionError
Unhandled exception in client_connected_cb
transport: <asyncio.sslproto._SSLProtocolTransport object at 0x104f99640>
Traceback (most recent call last):
  File "/Users/divyanshgolyan/.codex/worktrees/4511/onepage/research/transport-memory/asymmetric_server.py", line 39, in accept
    data=await reader.read(min(left,16384));assert data;hasher.update(data);left-=len(data);request_bytes+=len(data)
                                                   ^^^^
AssertionError
Unhandled exception in client_connected_cb
transport: <asyncio.sslproto._SSLProtocolTransport object at 0x104f995b0>
Traceback (most recent call last):
  File "/Users/divyanshgolyan/.codex/worktrees/4511/onepage/research/transport-memory/asymmetric_server.py", line 39, in accept
    data=await reader.read(min(left,16384));assert data;hasher.update(data);left-=len(data);request_bytes+=len(data)
                                                   ^^^^
AssertionError
Unhandled exception in client_connected_cb
transport: <asyncio.sslproto._SSLProtocolTransport object at 0x104f99520>
Traceback (most recent call last):
  File "/Users/divyanshgolyan/.codex/worktrees/4511/onepage/research/transport-memory/asymmetric_server.py", line 39, in accept
    data=await reader.read(min(left,16384));assert data;hasher.update(data);left-=len(data);request_bytes+=len(data)
                                                   ^^^^
AssertionError
Unhandled exception in client_connected_cb
transport: <asyncio.sslproto._SSLProtocolTransport object at 0x104f99490>
Traceback (most recent call last):
  File "/Users/divyanshgolyan/.codex/worktrees/4511/onepage/research/transport-memory/asymmetric_server.py", line 39, in accept
    data=await reader.read(min(left,16384));assert data;hasher.update(data);left-=len(data);request_bytes+=len(data)
                                                   ^^^^
AssertionError
Unhandled exception in client_connected_cb
transport: <asyncio.sslproto._SSLProtocolTransport object at 0x104f99400>
Traceback (most recent call last):
  File "/Users/divyanshgolyan/.codex/worktrees/4511/onepage/research/transport-memory/asymmetric_server.py", line 39, in accept
    data=await reader.read(min(left,16384));assert data;hasher.update(data);left-=len(data);request_bytes+=len(data)
                                                   ^^^^
AssertionError
Unhandled exception in client_connected_cb
transport: <asyncio.sslproto._SSLProtocolTransport object at 0x104f99370>
Traceback (most recent call last):
  File "/Users/divyanshgolyan/.codex/worktrees/4511/onepage/research/transport-memory/asymmetric_server.py", line 39, in accept
    data=await reader.read(min(left,16384));assert data;hasher.update(data);left-=len(data);request_bytes+=len(data)
                                                   ^^^^
AssertionError
Unhandled exception in client_connected_cb
transport: <asyncio.sslproto._SSLProtocolTransport object at 0x104f992e0>
Traceback (most recent call last):
  File "/Users/divyanshgolyan/.codex/worktrees/4511/onepage/research/transport-memory/asymmetric_server.py", line 39, in accept
    data=await reader.read(min(left,16384));assert data;hasher.update(data);left-=len(data);request_bytes+=len(data)
                                                   ^^^^
AssertionError
Unhandled exception in client_connected_cb
transport: <asyncio.sslproto._SSLProtocolTransport object at 0x104f99250>
Traceback (most recent call last):
  File "/Users/divyanshgolyan/.codex/worktrees/4511/onepage/research/transport-memory/asymmetric_server.py", line 39, in accept
    data=await reader.read(min(left,16384));assert data;hasher.update(data);left-=len(data);request_bytes+=len(data)
                                                   ^^^^
AssertionError
Unhandled exception in client_connected_cb
transport: <asyncio.sslproto._SSLProtocolTransport object at 0x104f991c0>
Traceback (most recent call last):
  File "/Users/divyanshgolyan/.codex/worktrees/4511/onepage/research/transport-memory/asymmetric_server.py", line 39, in accept
    data=await reader.read(min(left,16384));assert data;hasher.update(data);left-=len(data);request_bytes+=len(data)
                                                   ^^^^
AssertionError
Unhandled exception in client_connected_cb
transport: <asyncio.sslproto._SSLProtocolTransport object at 0x104f99130>
Traceback (most recent call last):
  File "/Users/divyanshgolyan/.codex/worktrees/4511/onepage/research/transport-memory/asymmetric_server.py", line 39, in accept
    data=await reader.read(min(left,16384));assert data;hasher.update(data);left-=len(data);request_bytes+=len(data)
                                                   ^^^^
AssertionError
Unhandled exception in client_connected_cb
transport: <asyncio.sslproto._SSLProtocolTransport object at 0x104f990a0>
Traceback (most recent call last):
  File "/Users/divyanshgolyan/.codex/worktrees/4511/onepage/research/transport-memory/asymmetric_server.py", line 39, in accept
    data=await reader.read(min(left,16384));assert data;hasher.update(data);left-=len(data);request_bytes+=len(data)
                                                   ^^^^
AssertionError
Unhandled exception in client_connected_cb
transport: <asyncio.sslproto._SSLProtocolTransport object at 0x104f99010>
Traceback (most recent call last):
  File "/Users/divyanshgolyan/.codex/worktrees/4511/onepage/research/transport-memory/asymmetric_server.py", line 39, in accept
    data=await reader.read(min(left,16384));assert data;hasher.update(data);left-=len(data);request_bytes+=len(data)
                                                   ^^^^
AssertionError
Unhandled exception in client_connected_cb
transport: <asyncio.sslproto._SSLProtocolTransport object at 0x104f98f80>
Traceback (most recent call last):
  File "/Users/divyanshgolyan/.codex/worktrees/4511/onepage/research/transport-memory/asymmetric_server.py", line 39, in accept
    data=await reader.read(min(left,16384));assert data;hasher.update(data);left-=len(data);request_bytes+=len(data)
                                                   ^^^^
AssertionError
Unhandled exception in client_connected_cb
transport: <asyncio.sslproto._SSLProtocolTransport object at 0x104f98ef0>
Traceback (most recent call last):
  File "/Users/divyanshgolyan/.codex/worktrees/4511/onepage/research/transport-memory/asymmetric_server.py", line 39, in accept
    data=await reader.read(min(left,16384));assert data;hasher.update(data);left-=len(data);request_bytes+=len(data)
                                                   ^^^^
AssertionError
Unhandled exception in client_connected_cb
transport: <asyncio.sslproto._SSLProtocolTransport object at 0x104f98e60>
Traceback (most recent call last):
  File "/Users/divyanshgolyan/.codex/worktrees/4511/onepage/research/transport-memory/asymmetric_server.py", line 39, in accept
    data=await reader.read(min(left,16384));assert data;hasher.update(data);left-=len(data);request_bytes+=len(data)
                                                   ^^^^
AssertionError
Unhandled exception in client_connected_cb
transport: <asyncio.sslproto._SSLProtocolTransport object at 0x104f98dd0>
Traceback (most recent call last):
  File "/Users/divyanshgolyan/.codex/worktrees/4511/onepage/research/transport-memory/asymmetric_server.py", line 39, in accept
    data=await reader.read(min(left,16384));assert data;hasher.update(data);left-=len(data);request_bytes+=len(data)
                                                   ^^^^
AssertionError
Unhandled exception in client_connected_cb
transport: <asyncio.sslproto._SSLProtocolTransport object at 0x104f98d40>
Traceback (most recent call last):
  File "/Users/divyanshgolyan/.codex/worktrees/4511/onepage/research/transport-memory/asymmetric_server.py", line 39, in accept
    data=await reader.read(min(left,16384));assert data;hasher.update(data);left-=len(data);request_bytes+=len(data)
                                                   ^^^^
AssertionError
Unhandled exception in client_connected_cb
transport: <asyncio.sslproto._SSLProtocolTransport object at 0x104f98cb0>
Traceback (most recent call last):
  File "/Users/divyanshgolyan/.codex/worktrees/4511/onepage/research/transport-memory/asymmetric_server.py", line 39, in accept
    data=await reader.read(min(left,16384));assert data;hasher.update(data);left-=len(data);request_bytes+=len(data)
                                                   ^^^^
AssertionError
Unhandled exception in client_connected_cb
transport: <asyncio.sslproto._SSLProtocolTransport object at 0x104f98c20>
Traceback (most recent call last):
  File "/Users/divyanshgolyan/.codex/worktrees/4511/onepage/research/transport-memory/asymmetric_server.py", line 39, in accept
    data=await reader.read(min(left,16384));assert data;hasher.update(data);left-=len(data);request_bytes+=len(data)
                                                   ^^^^
AssertionError
Unhandled exception in client_connected_cb
transport: <asyncio.sslproto._SSLProtocolTransport object at 0x104f98b90>
Traceback (most recent call last):
  File "/Users/divyanshgolyan/.codex/worktrees/4511/onepage/research/transport-memory/asymmetric_server.py", line 39, in accept
    data=await reader.read(min(left,16384));assert data;hasher.update(data);left-=len(data);request_bytes+=len(data)
                                                   ^^^^
AssertionError
Unhandled exception in client_connected_cb
transport: <asyncio.sslproto._SSLProtocolTransport object at 0x104f98b00>
Traceback (most recent call last):
  File "/Users/divyanshgolyan/.codex/worktrees/4511/onepage/research/transport-memory/asymmetric_server.py", line 39, in accept
    data=await reader.read(min(left,16384));assert data;hasher.update(data);left-=len(data);request_bytes+=len(data)
                                                   ^^^^
AssertionError
Unhandled exception in client_connected_cb
transport: <asyncio.sslproto._SSLProtocolTransport object at 0x104f98a70>
Traceback (most recent call last):
  File "/Users/divyanshgolyan/.codex/worktrees/4511/onepage/research/transport-memory/asymmetric_server.py", line 39, in accept
    data=await reader.read(min(left,16384));assert data;hasher.update(data);left-=len(data);request_bytes+=len(data)
                                                   ^^^^
AssertionError
Unhandled exception in client_connected_cb
transport: <asyncio.sslproto._SSLProtocolTransport object at 0x104f989e0>
Traceback (most recent call last):
  File "/Users/divyanshgolyan/.codex/worktrees/4511/onepage/research/transport-memory/asymmetric_server.py", line 39, in accept
    data=await reader.read(min(left,16384));assert data;hasher.update(data);left-=len(data);request_bytes+=len(data)
                                                   ^^^^
AssertionError
Unhandled exception in client_connected_cb
transport: <asyncio.sslproto._SSLProtocolTransport object at 0x104f98950>
Traceback (most recent call last):
  File "/Users/divyanshgolyan/.codex/worktrees/4511/onepage/research/transport-memory/asymmetric_server.py", line 39, in accept
    data=await reader.read(min(left,16384));assert data;hasher.update(data);left-=len(data);request_bytes+=len(data)
                                                   ^^^^
AssertionError
Unhandled exception in client_connected_cb
transport: <asyncio.sslproto._SSLProtocolTransport object at 0x104f988c0>
Traceback (most recent call last):
  File "/Users/divyanshgolyan/.codex/worktrees/4511/onepage/research/transport-memory/asymmetric_server.py", line 39, in accept
    data=await reader.read(min(left,16384));assert data;hasher.update(data);left-=len(data);request_bytes+=len(data)
                                                   ^^^^
AssertionError
Unhandled exception in client_connected_cb
transport: <asyncio.sslproto._SSLProtocolTransport object at 0x104f98830>
Traceback (most recent call last):
  File "/Users/divyanshgolyan/.codex/worktrees/4511/onepage/research/transport-memory/asymmetric_server.py", line 39, in accept
    data=await reader.read(min(left,16384));assert data;hasher.update(data);left-=len(data);request_bytes+=len(data)
                                                   ^^^^
AssertionError
Unhandled exception in client_connected_cb
transport: <asyncio.sslproto._SSLProtocolTransport object at 0x104f987a0>
Traceback (most recent call last):
  File "/Users/divyanshgolyan/.codex/worktrees/4511/onepage/research/transport-memory/asymmetric_server.py", line 39, in accept
    data=await reader.read(min(left,16384));assert data;hasher.update(data);left-=len(data);request_bytes+=len(data)
                                                   ^^^^
AssertionError
Unhandled exception in client_connected_cb
transport: <asyncio.sslproto._SSLProtocolTransport object at 0x104f98710>
Traceback (most recent call last):
  File "/Users/divyanshgolyan/.codex/worktrees/4511/onepage/research/transport-memory/asymmetric_server.py", line 39, in accept
    data=await reader.read(min(left,16384));assert data;hasher.update(data);left-=len(data);request_bytes+=len(data)
                                                   ^^^^
AssertionError
Unhandled exception in client_connected_cb
transport: <asyncio.sslproto._SSLProtocolTransport object at 0x104f98680>
Traceback (most recent call last):
  File "/Users/divyanshgolyan/.codex/worktrees/4511/onepage/research/transport-memory/asymmetric_server.py", line 39, in accept
    data=await reader.read(min(left,16384));assert data;hasher.update(data);left-=len(data);request_bytes+=len(data)
                                                   ^^^^
AssertionError
Unhandled exception in client_connected_cb
transport: <asyncio.sslproto._SSLProtocolTransport object at 0x104f985f0>
Traceback (most recent call last):
  File "/Users/divyanshgolyan/.codex/worktrees/4511/onepage/research/transport-memory/asymmetric_server.py", line 39, in accept
    data=await reader.read(min(left,16384));assert data;hasher.update(data);left-=len(data);request_bytes+=len(data)
                                                   ^^^^
AssertionError
Unhandled exception in client_connected_cb
transport: <asyncio.sslproto._SSLProtocolTransport object at 0x104f98560>
Traceback (most recent call last):
  File "/Users/divyanshgolyan/.codex/worktrees/4511/onepage/research/transport-memory/asymmetric_server.py", line 39, in accept
    data=await reader.read(min(left,16384));assert data;hasher.update(data);left-=len(data);request_bytes+=len(data)
                                                   ^^^^
AssertionError
Unhandled exception in client_connected_cb
transport: <asyncio.sslproto._SSLProtocolTransport object at 0x104f984d0>
Traceback (most recent call last):
  File "/Users/divyanshgolyan/.codex/worktrees/4511/onepage/research/transport-memory/asymmetric_server.py", line 39, in accept
    data=await reader.read(min(left,16384));assert data;hasher.update(data);left-=len(data);request_bytes+=len(data)
                                                   ^^^^
AssertionError
Unhandled exception in client_connected_cb
transport: <asyncio.sslproto._SSLProtocolTransport object at 0x104f98440>
Traceback (most recent call last):
  File "/Users/divyanshgolyan/.codex/worktrees/4511/onepage/research/transport-memory/asymmetric_server.py", line 39, in accept
    data=await reader.read(min(left,16384));assert data;hasher.update(data);left-=len(data);request_bytes+=len(data)
                                                   ^^^^
AssertionError
Unhandled exception in client_connected_cb
transport: <asyncio.sslproto._SSLProtocolTransport object at 0x104f983b0>
Traceback (most recent call last):
  File "/Users/divyanshgolyan/.codex/worktrees/4511/onepage/research/transport-memory/asymmetric_server.py", line 39, in accept
    data=await reader.read(min(left,16384));assert data;hasher.update(data);left-=len(data);request_bytes+=len(data)
                                                   ^^^^
AssertionError
Unhandled exception in client_connected_cb
transport: <asyncio.sslproto._SSLProtocolTransport object at 0x104f98320>
Traceback (most recent call last):
  File "/Users/divyanshgolyan/.codex/worktrees/4511/onepage/research/transport-memory/asymmetric_server.py", line 39, in accept
    data=await reader.read(min(left,16384));assert data;hasher.update(data);left-=len(data);request_bytes+=len(data)
                                                   ^^^^
AssertionError
Unhandled exception in client_connected_cb
transport: <asyncio.sslproto._SSLProtocolTransport object at 0x104f98290>
Traceback (most recent call last):
  File "/Users/divyanshgolyan/.codex/worktrees/4511/onepage/research/transport-memory/asymmetric_server.py", line 39, in accept
    data=await reader.read(min(left,16384));assert data;hasher.update(data);left-=len(data);request_bytes+=len(data)
                                                   ^^^^
AssertionError
Unhandled exception in client_connected_cb
transport: <asyncio.sslproto._SSLProtocolTransport object at 0x104f98200>
Traceback (most recent call last):
  File "/Users/divyanshgolyan/.codex/worktrees/4511/onepage/research/transport-memory/asymmetric_server.py", line 39, in accept
    data=await reader.read(min(left,16384));assert data;hasher.update(data);left-=len(data);request_bytes+=len(data)
                                                   ^^^^
AssertionError
Unhandled exception in client_connected_cb
transport: <asyncio.sslproto._SSLProtocolTransport object at 0x104f98170>
Traceback (most recent call last):
  File "/Users/divyanshgolyan/.codex/worktrees/4511/onepage/research/transport-memory/asymmetric_server.py", line 39, in accept
    data=await reader.read(min(left,16384));assert data;hasher.update(data);left-=len(data);request_bytes+=len(data)
                                                   ^^^^
AssertionError
Unhandled exception in client_connected_cb
transport: <asyncio.sslproto._SSLProtocolTransport object at 0x104f980e0>
Traceback (most recent call last):
  File "/Users/divyanshgolyan/.codex/worktrees/4511/onepage/research/transport-memory/asymmetric_server.py", line 39, in accept
    data=await reader.read(min(left,16384));assert data;hasher.update(data);left-=len(data);request_bytes+=len(data)
                                                   ^^^^
AssertionError
Unhandled exception in client_connected_cb
transport: <asyncio.sslproto._SSLProtocolTransport object at 0x104f98050>
Traceback (most recent call last):
  File "/Users/divyanshgolyan/.codex/worktrees/4511/onepage/research/transport-memory/asymmetric_server.py", line 39, in accept
    data=await reader.read(min(left,16384));assert data;hasher.update(data);left-=len(data);request_bytes+=len(data)
                                                   ^^^^
AssertionError
Unhandled exception in client_connected_cb
transport: <asyncio.sslproto._SSLProtocolTransport object at 0x104df3f50>
Traceback (most recent call last):
  File "/Users/divyanshgolyan/.codex/worktrees/4511/onepage/research/transport-memory/asymmetric_server.py", line 39, in accept
    data=await reader.read(min(left,16384));assert data;hasher.update(data);left-=len(data);request_bytes+=len(data)
                                                   ^^^^
AssertionError
Unhandled exception in client_connected_cb
transport: <asyncio.sslproto._SSLProtocolTransport object at 0x104df3ec0>
Traceback (most recent call last):
  File "/Users/divyanshgolyan/.codex/worktrees/4511/onepage/research/transport-memory/asymmetric_server.py", line 39, in accept
    data=await reader.read(min(left,16384));assert data;hasher.update(data);left-=len(data);request_bytes+=len(data)
                                                   ^^^^
AssertionError
Unhandled exception in client_connected_cb
transport: <asyncio.sslproto._SSLProtocolTransport object at 0x104df3e30>
Traceback (most recent call last):
  File "/Users/divyanshgolyan/.codex/worktrees/4511/onepage/research/transport-memory/asymmetric_server.py", line 39, in accept
    data=await reader.read(min(left,16384));assert data;hasher.update(data);left-=len(data);request_bytes+=len(data)
                                                   ^^^^
AssertionError
Unhandled exception in client_connected_cb
transport: <asyncio.sslproto._SSLProtocolTransport object at 0x104df3da0>
Traceback (most recent call last):
  File "/Users/divyanshgolyan/.codex/worktrees/4511/onepage/research/transport-memory/asymmetric_server.py", line 39, in accept
    data=await reader.read(min(left,16384));assert data;hasher.update(data);left-=len(data);request_bytes+=len(data)
                                                   ^^^^
AssertionError
Unhandled exception in client_connected_cb
transport: <asyncio.sslproto._SSLProtocolTransport object at 0x104df3d10>
Traceback (most recent call last):
  File "/Users/divyanshgolyan/.codex/worktrees/4511/onepage/research/transport-memory/asymmetric_server.py", line 39, in accept
    data=await reader.read(min(left,16384));assert data;hasher.update(data);left-=len(data);request_bytes+=len(data)
                                                   ^^^^
AssertionError
Unhandled exception in client_connected_cb
transport: <asyncio.sslproto._SSLProtocolTransport object at 0x104df3c80>
Traceback (most recent call last):
  File "/Users/divyanshgolyan/.codex/worktrees/4511/onepage/research/transport-memory/asymmetric_server.py", line 39, in accept
    data=await reader.read(min(left,16384));assert data;hasher.update(data);left-=len(data);request_bytes+=len(data)
                                                   ^^^^
AssertionError
Unhandled exception in client_connected_cb
transport: <asyncio.sslproto._SSLProtocolTransport object at 0x104df3bf0>
Traceback (most recent call last):
  File "/Users/divyanshgolyan/.codex/worktrees/4511/onepage/research/transport-memory/asymmetric_server.py", line 39, in accept
    data=await reader.read(min(left,16384));assert data;hasher.update(data);left-=len(data);request_bytes+=len(data)
                                                   ^^^^
AssertionError
Unhandled exception in client_connected_cb
transport: <asyncio.sslproto._SSLProtocolTransport object at 0x104df3b60>
Traceback (most recent call last):
  File "/Users/divyanshgolyan/.codex/worktrees/4511/onepage/research/transport-memory/asymmetric_server.py", line 39, in accept
    data=await reader.read(min(left,16384));assert data;hasher.update(data);left-=len(data);request_bytes+=len(data)
                                                   ^^^^
AssertionError
Unhandled exception in client_connected_cb
transport: <asyncio.sslproto._SSLProtocolTransport object at 0x104df3ad0>
Traceback (most recent call last):
  File "/Users/divyanshgolyan/.codex/worktrees/4511/onepage/research/transport-memory/asymmetric_server.py", line 39, in accept
    data=await reader.read(min(left,16384));assert data;hasher.update(data);left-=len(data);request_bytes+=len(data)
                                                   ^^^^
AssertionError
Unhandled exception in client_connected_cb
transport: <asyncio.sslproto._SSLProtocolTransport object at 0x104df3a40>
Traceback (most recent call last):
  File "/Users/divyanshgolyan/.codex/worktrees/4511/onepage/research/transport-memory/asymmetric_server.py", line 39, in accept
    data=await reader.read(min(left,16384));assert data;hasher.update(data);left-=len(data);request_bytes+=len(data)
                                                   ^^^^
AssertionError
Unhandled exception in client_connected_cb
transport: <asyncio.sslproto._SSLProtocolTransport object at 0x104df39b0>
Traceback (most recent call last):
  File "/Users/divyanshgolyan/.codex/worktrees/4511/onepage/research/transport-memory/asymmetric_server.py", line 39, in accept
    data=await reader.read(min(left,16384));assert data;hasher.update(data);left-=len(data);request_bytes+=len(data)
                                                   ^^^^
AssertionError
Unhandled exception in client_connected_cb
transport: <asyncio.sslproto._SSLProtocolTransport object at 0x104df3920>
Traceback (most recent call last):
  File "/Users/divyanshgolyan/.codex/worktrees/4511/onepage/research/transport-memory/asymmetric_server.py", line 39, in accept
    data=await reader.read(min(left,16384));assert data;hasher.update(data);left-=len(data);request_bytes+=len(data)
                                                   ^^^^
AssertionError
Unhandled exception in client_connected_cb
transport: <asyncio.sslproto._SSLProtocolTransport object at 0x104df3890>
Traceback (most recent call last):
  File "/Users/divyanshgolyan/.codex/worktrees/4511/onepage/research/transport-memory/asymmetric_server.py", line 39, in accept
    data=await reader.read(min(left,16384));assert data;hasher.update(data);left-=len(data);request_bytes+=len(data)
                                                   ^^^^
AssertionError
Unhandled exception in client_connected_cb
transport: <asyncio.sslproto._SSLProtocolTransport object at 0x104df3800>
Traceback (most recent call last):
  File "/Users/divyanshgolyan/.codex/worktrees/4511/onepage/research/transport-memory/asymmetric_server.py", line 39, in accept
    data=await reader.read(min(left,16384));assert data;hasher.update(data);left-=len(data);request_bytes+=len(data)
                                                   ^^^^
AssertionError
Unhandled exception in client_connected_cb
transport: <asyncio.sslproto._SSLProtocolTransport object at 0x104df3770>
Traceback (most recent call last):
  File "/Users/divyanshgolyan/.codex/worktrees/4511/onepage/research/transport-memory/asymmetric_server.py", line 39, in accept
    data=await reader.read(min(left,16384));assert data;hasher.update(data);left-=len(data);request_bytes+=len(data)
                                                   ^^^^
AssertionError
Unhandled exception in client_connected_cb
transport: <asyncio.sslproto._SSLProtocolTransport object at 0x104df36e0>
Traceback (most recent call last):
  File "/Users/divyanshgolyan/.codex/worktrees/4511/onepage/research/transport-memory/asymmetric_server.py", line 39, in accept
    data=await reader.read(min(left,16384));assert data;hasher.update(data);left-=len(data);request_bytes+=len(data)
                                                   ^^^^
AssertionError
Unhandled exception in client_connected_cb
transport: <asyncio.sslproto._SSLProtocolTransport object at 0x104df3650>
Traceback (most recent call last):
  File "/Users/divyanshgolyan/.codex/worktrees/4511/onepage/research/transport-memory/asymmetric_server.py", line 39, in accept
    data=await reader.read(min(left,16384));assert data;hasher.update(data);left-=len(data);request_bytes+=len(data)
                                                   ^^^^
AssertionError
Unhandled exception in client_connected_cb
transport: <asyncio.sslproto._SSLProtocolTransport object at 0x104df35c0>
Traceback (most recent call last):
  File "/Users/divyanshgolyan/.codex/worktrees/4511/onepage/research/transport-memory/asymmetric_server.py", line 39, in accept
    data=await reader.read(min(left,16384));assert data;hasher.update(data);left-=len(data);request_bytes+=len(data)
                                                   ^^^^
AssertionError
Unhandled exception in client_connected_cb
transport: <asyncio.sslproto._SSLProtocolTransport object at 0x104df3530>
Traceback (most recent call last):
  File "/Users/divyanshgolyan/.codex/worktrees/4511/onepage/research/transport-memory/asymmetric_server.py", line 39, in accept
    data=await reader.read(min(left,16384));assert data;hasher.update(data);left-=len(data);request_bytes+=len(data)
                                                   ^^^^
AssertionError
Unhandled exception in client_connected_cb
transport: <asyncio.sslproto._SSLProtocolTransport object at 0x104df34a0>
Traceback (most recent call last):
  File "/Users/divyanshgolyan/.codex/worktrees/4511/onepage/research/transport-memory/asymmetric_server.py", line 39, in accept
    data=await reader.read(min(left,16384));assert data;hasher.update(data);left-=len(data);request_bytes+=len(data)
                                                   ^^^^
AssertionError
Unhandled exception in client_connected_cb
transport: <asyncio.sslproto._SSLProtocolTransport object at 0x104df3410>
Traceback (most recent call last):
  File "/Users/divyanshgolyan/.codex/worktrees/4511/onepage/research/transport-memory/asymmetric_server.py", line 39, in accept
    data=await reader.read(min(left,16384));assert data;hasher.update(data);left-=len(data);request_bytes+=len(data)
                                                   ^^^^
AssertionError
Unhandled exception in client_connected_cb
transport: <asyncio.sslproto._SSLProtocolTransport object at 0x104df3380>
Traceback (most recent call last):
  File "/Users/divyanshgolyan/.codex/worktrees/4511/onepage/research/transport-memory/asymmetric_server.py", line 39, in accept
    data=await reader.read(min(left,16384));assert data;hasher.update(data);left-=len(data);request_bytes+=len(data)
                                                   ^^^^
AssertionError
Unhandled exception in client_connected_cb
transport: <asyncio.sslproto._SSLProtocolTransport object at 0x104df32f0>
Traceback (most recent call last):
  File "/Users/divyanshgolyan/.codex/worktrees/4511/onepage/research/transport-memory/asymmetric_server.py", line 39, in accept
    data=await reader.read(min(left,16384));assert data;hasher.update(data);left-=len(data);request_bytes+=len(data)
                                                   ^^^^
AssertionError
Unhandled exception in client_connected_cb
transport: <asyncio.sslproto._SSLProtocolTransport object at 0x104df3260>
Traceback (most recent call last):
  File "/Users/divyanshgolyan/.codex/worktrees/4511/onepage/research/transport-memory/asymmetric_server.py", line 39, in accept
    data=await reader.read(min(left,16384));assert data;hasher.update(data);left-=len(data);request_bytes+=len(data)
                                                   ^^^^
AssertionError
Unhandled exception in client_connected_cb
transport: <asyncio.sslproto._SSLProtocolTransport object at 0x104df3140>
Traceback (most recent call last):
  File "/Users/divyanshgolyan/.codex/worktrees/4511/onepage/research/transport-memory/asymmetric_server.py", line 39, in accept
    data=await reader.read(min(left,16384));assert data;hasher.update(data);left-=len(data);request_bytes+=len(data)
                                                   ^^^^
AssertionError
Unhandled exception in client_connected_cb
transport: <asyncio.sslproto._SSLProtocolTransport object at 0x104df30b0>
Traceback (most recent call last):
  File "/Users/divyanshgolyan/.codex/worktrees/4511/onepage/research/transport-memory/asymmetric_server.py", line 39, in accept
    data=await reader.read(min(left,16384));assert data;hasher.update(data);left-=len(data);request_bytes+=len(data)
                                                   ^^^^
AssertionError
Unhandled exception in client_connected_cb
transport: <asyncio.sslproto._SSLProtocolTransport object at 0x104df3020>
Traceback (most recent call last):
  File "/Users/divyanshgolyan/.codex/worktrees/4511/onepage/research/transport-memory/asymmetric_server.py", line 39, in accept
    data=await reader.read(min(left,16384));assert data;hasher.update(data);left-=len(data);request_bytes+=len(data)
                                                   ^^^^
AssertionError
Unhandled exception in client_connected_cb
transport: <asyncio.sslproto._SSLProtocolTransport object at 0x104df2f90>
Traceback (most recent call last):
  File "/Users/divyanshgolyan/.codex/worktrees/4511/onepage/research/transport-memory/asymmetric_server.py", line 39, in accept
    data=await reader.read(min(left,16384));assert data;hasher.update(data);left-=len(data);request_bytes+=len(data)
                                                   ^^^^
AssertionError
Unhandled exception in client_connected_cb
transport: <asyncio.sslproto._SSLProtocolTransport object at 0x104df2f00>
Traceback (most recent call last):
  File "/Users/divyanshgolyan/.codex/worktrees/4511/onepage/research/transport-memory/asymmetric_server.py", line 39, in accept
    data=await reader.read(min(left,16384));assert data;hasher.update(data);left-=len(data);request_bytes+=len(data)
                                                   ^^^^
AssertionError
Unhandled exception in client_connected_cb
transport: <asyncio.sslproto._SSLProtocolTransport object at 0x104df2de0>
Traceback (most recent call last):
  File "/Users/divyanshgolyan/.codex/worktrees/4511/onepage/research/transport-memory/asymmetric_server.py", line 39, in accept
    data=await reader.read(min(left,16384));assert data;hasher.update(data);left-=len(data);request_bytes+=len(data)
                                                   ^^^^
AssertionError
Unhandled exception in client_connected_cb
transport: <asyncio.sslproto._SSLProtocolTransport object at 0x104df2d50>
Traceback (most recent call last):
  File "/Users/divyanshgolyan/.codex/worktrees/4511/onepage/research/transport-memory/asymmetric_server.py", line 39, in accept
    data=await reader.read(min(left,16384));assert data;hasher.update(data);left-=len(data);request_bytes+=len(data)
                                                   ^^^^
AssertionError
Unhandled exception in client_connected_cb
transport: <asyncio.sslproto._SSLProtocolTransport object at 0x104df2cc0>
Traceback (most recent call last):
  File "/Users/divyanshgolyan/.codex/worktrees/4511/onepage/research/transport-memory/asymmetric_server.py", line 39, in accept
    data=await reader.read(min(left,16384));assert data;hasher.update(data);left-=len(data);request_bytes+=len(data)
                                                   ^^^^
AssertionError
Unhandled exception in client_connected_cb
transport: <asyncio.sslproto._SSLProtocolTransport object at 0x104df2c30>
Traceback (most recent call last):
  File "/Users/divyanshgolyan/.codex/worktrees/4511/onepage/research/transport-memory/asymmetric_server.py", line 39, in accept
    data=await reader.read(min(left,16384));assert data;hasher.update(data);left-=len(data);request_bytes+=len(data)
                                                   ^^^^
AssertionError
Unhandled exception in client_connected_cb
transport: <asyncio.sslproto._SSLProtocolTransport object at 0x104df2ba0>
Traceback (most recent call last):
  File "/Users/divyanshgolyan/.codex/worktrees/4511/onepage/research/transport-memory/asymmetric_server.py", line 39, in accept
    data=await reader.read(min(left,16384));assert data;hasher.update(data);left-=len(data);request_bytes+=len(data)
                                                   ^^^^
AssertionError
Unhandled exception in client_connected_cb
transport: <asyncio.sslproto._SSLProtocolTransport object at 0x104df2b10>
Traceback (most recent call last):
  File "/Users/divyanshgolyan/.codex/worktrees/4511/onepage/research/transport-memory/asymmetric_server.py", line 39, in accept
    data=await reader.read(min(left,16384));assert data;hasher.update(data);left-=len(data);request_bytes+=len(data)
                                                   ^^^^
AssertionError
Unhandled exception in client_connected_cb
transport: <asyncio.sslproto._SSLProtocolTransport object at 0x104df2a80>
Traceback (most recent call last):
  File "/Users/divyanshgolyan/.codex/worktrees/4511/onepage/research/transport-memory/asymmetric_server.py", line 39, in accept
    data=await reader.read(min(left,16384));assert data;hasher.update(data);left-=len(data);request_bytes+=len(data)
                                                   ^^^^
AssertionError
Unhandled exception in client_connected_cb
transport: <asyncio.sslproto._SSLProtocolTransport object at 0x104df29f0>
Traceback (most recent call last):
  File "/Users/divyanshgolyan/.codex/worktrees/4511/onepage/research/transport-memory/asymmetric_server.py", line 39, in accept
    data=await reader.read(min(left,16384));assert data;hasher.update(data);left-=len(data);request_bytes+=len(data)
                                                   ^^^^
AssertionError
Unhandled exception in client_connected_cb
transport: <asyncio.sslproto._SSLProtocolTransport object at 0x104df2960>
Traceback (most recent call last):
  File "/Users/divyanshgolyan/.codex/worktrees/4511/onepage/research/transport-memory/asymmetric_server.py", line 39, in accept
    data=await reader.read(min(left,16384));assert data;hasher.update(data);left-=len(data);request_bytes+=len(data)
                                                   ^^^^
AssertionError
Unhandled exception in client_connected_cb
transport: <asyncio.sslproto._SSLProtocolTransport object at 0x104df28d0>
Traceback (most recent call last):
  File "/Users/divyanshgolyan/.codex/worktrees/4511/onepage/research/transport-memory/asymmetric_server.py", line 39, in accept
    data=await reader.read(min(left,16384));assert data;hasher.update(data);left-=len(data);request_bytes+=len(data)
                                                   ^^^^
AssertionError
Unhandled exception in client_connected_cb
transport: <asyncio.sslproto._SSLProtocolTransport object at 0x104df2840>
Traceback (most recent call last):
  File "/Users/divyanshgolyan/.codex/worktrees/4511/onepage/research/transport-memory/asymmetric_server.py", line 39, in accept
    data=await reader.read(min(left,16384));assert data;hasher.update(data);left-=len(data);request_bytes+=len(data)
                                                   ^^^^
AssertionError
Unhandled exception in client_connected_cb
transport: <asyncio.sslproto._SSLProtocolTransport object at 0x104df27b0>
Traceback (most recent call last):
  File "/Users/divyanshgolyan/.codex/worktrees/4511/onepage/research/transport-memory/asymmetric_server.py", line 39, in accept
    data=await reader.read(min(left,16384));assert data;hasher.update(data);left-=len(data);request_bytes+=len(data)
                                                   ^^^^
AssertionError
Unhandled exception in client_connected_cb
transport: <asyncio.sslproto._SSLProtocolTransport object at 0x104df2690>
Traceback (most recent call last):
  File "/Users/divyanshgolyan/.codex/worktrees/4511/onepage/research/transport-memory/asymmetric_server.py", line 39, in accept
    data=await reader.read(min(left,16384));assert data;hasher.update(data);left-=len(data);request_bytes+=len(data)
                                                   ^^^^
AssertionError
Unhandled exception in client_connected_cb
transport: <asyncio.sslproto._SSLProtocolTransport object at 0x104df2600>
Traceback (most recent call last):
  File "/Users/divyanshgolyan/.codex/worktrees/4511/onepage/research/transport-memory/asymmetric_server.py", line 39, in accept
    data=await reader.read(min(left,16384));assert data;hasher.update(data);left-=len(data);request_bytes+=len(data)
                                                   ^^^^
AssertionError
Unhandled exception in client_connected_cb
transport: <asyncio.sslproto._SSLProtocolTransport object at 0x104df2570>
Traceback (most recent call last):
  File "/Users/divyanshgolyan/.codex/worktrees/4511/onepage/research/transport-memory/asymmetric_server.py", line 39, in accept
    data=await reader.read(min(left,16384));assert data;hasher.update(data);left-=len(data);request_bytes+=len(data)
                                                   ^^^^
AssertionError
Unhandled exception in client_connected_cb
transport: <asyncio.sslproto._SSLProtocolTransport object at 0x104df24e0>
Traceback (most recent call last):
  File "/Users/divyanshgolyan/.codex/worktrees/4511/onepage/research/transport-memory/asymmetric_server.py", line 39, in accept
    data=await reader.read(min(left,16384));assert data;hasher.update(data);left-=len(data);request_bytes+=len(data)
                                                   ^^^^
AssertionError
Unhandled exception in client_connected_cb
transport: <asyncio.sslproto._SSLProtocolTransport object at 0x104df2450>
Traceback (most recent call last):
  File "/Users/divyanshgolyan/.codex/worktrees/4511/onepage/research/transport-memory/asymmetric_server.py", line 39, in accept
    data=await reader.read(min(left,16384));assert data;hasher.update(data);left-=len(data);request_bytes+=len(data)
                                                   ^^^^
AssertionError
Unhandled exception in client_connected_cb
transport: <asyncio.sslproto._SSLProtocolTransport object at 0x104df23c0>
Traceback (most recent call last):
  File "/Users/divyanshgolyan/.codex/worktrees/4511/onepage/research/transport-memory/asymmetric_server.py", line 39, in accept
    data=await reader.read(min(left,16384));assert data;hasher.update(data);left-=len(data);request_bytes+=len(data)
                                                   ^^^^
AssertionError
Unhandled exception in client_connected_cb
transport: <asyncio.sslproto._SSLProtocolTransport object at 0x104df2330>
Traceback (most recent call last):
  File "/Users/divyanshgolyan/.codex/worktrees/4511/onepage/research/transport-memory/asymmetric_server.py", line 39, in accept
    data=await reader.read(min(left,16384));assert data;hasher.update(data);left-=len(data);request_bytes+=len(data)
                                                   ^^^^
AssertionError
Unhandled exception in client_connected_cb
transport: <asyncio.sslproto._SSLProtocolTransport object at 0x104df22a0>
Traceback (most recent call last):
  File "/Users/divyanshgolyan/.codex/worktrees/4511/onepage/research/transport-memory/asymmetric_server.py", line 39, in accept
    data=await reader.read(min(left,16384));assert data;hasher.update(data);left-=len(data);request_bytes+=len(data)
                                                   ^^^^
AssertionError
Unhandled exception in client_connected_cb
transport: <asyncio.sslproto._SSLProtocolTransport object at 0x104df2210>
Traceback (most recent call last):
  File "/Users/divyanshgolyan/.codex/worktrees/4511/onepage/research/transport-memory/asymmetric_server.py", line 39, in accept
    data=await reader.read(min(left,16384));assert data;hasher.update(data);left-=len(data);request_bytes+=len(data)
                                                   ^^^^
AssertionError
Unhandled exception in client_connected_cb
transport: <asyncio.sslproto._SSLProtocolTransport object at 0x104df2180>
Traceback (most recent call last):
  File "/Users/divyanshgolyan/.codex/worktrees/4511/onepage/research/transport-memory/asymmetric_server.py", line 39, in accept
    data=await reader.read(min(left,16384));assert data;hasher.update(data);left-=len(data);request_bytes+=len(data)
                                                   ^^^^
AssertionError
Unhandled exception in client_connected_cb
transport: <asyncio.sslproto._SSLProtocolTransport object at 0x104df20f0>
Traceback (most recent call last):
  File "/Users/divyanshgolyan/.codex/worktrees/4511/onepage/research/transport-memory/asymmetric_server.py", line 39, in accept
    data=await reader.read(min(left,16384));assert data;hasher.update(data);left-=len(data);request_bytes+=len(data)
                                                   ^^^^
AssertionError
Unhandled exception in client_connected_cb
transport: <asyncio.sslproto._SSLProtocolTransport object at 0x104df2060>
Traceback (most recent call last):
  File "/Users/divyanshgolyan/.codex/worktrees/4511/onepage/research/transport-memory/asymmetric_server.py", line 39, in accept
    data=await reader.read(min(left,16384));assert data;hasher.update(data);left-=len(data);request_bytes+=len(data)
                                                   ^^^^
AssertionError
Unhandled exception in client_connected_cb
transport: <asyncio.sslproto._SSLProtocolTransport object at 0x104df1fd0>
Traceback (most recent call last):
  File "/Users/divyanshgolyan/.codex/worktrees/4511/onepage/research/transport-memory/asymmetric_server.py", line 39, in accept
    data=await reader.read(min(left,16384));assert data;hasher.update(data);left-=len(data);request_bytes+=len(data)
                                                   ^^^^
AssertionError
Unhandled exception in client_connected_cb
transport: <asyncio.sslproto._SSLProtocolTransport object at 0x104df1f40>
Traceback (most recent call last):
  File "/Users/divyanshgolyan/.codex/worktrees/4511/onepage/research/transport-memory/asymmetric_server.py", line 39, in accept
    data=await reader.read(min(left,16384));assert data;hasher.update(data);left-=len(data);request_bytes+=len(data)
                                                   ^^^^
AssertionError
Unhandled exception in client_connected_cb
transport: <asyncio.sslproto._SSLProtocolTransport object at 0x104df1eb0>
Traceback (most recent call last):
  File "/Users/divyanshgolyan/.codex/worktrees/4511/onepage/research/transport-memory/asymmetric_server.py", line 39, in accept
    data=await reader.read(min(left,16384));assert data;hasher.update(data);left-=len(data);request_bytes+=len(data)
                                                   ^^^^
AssertionError
Unhandled exception in client_connected_cb
transport: <asyncio.sslproto._SSLProtocolTransport object at 0x104df1e20>
Traceback (most recent call last):
  File "/Users/divyanshgolyan/.codex/worktrees/4511/onepage/research/transport-memory/asymmetric_server.py", line 39, in accept
    data=await reader.read(min(left,16384));assert data;hasher.update(data);left-=len(data);request_bytes+=len(data)
                                                   ^^^^
AssertionError
Unhandled exception in client_connected_cb
transport: <asyncio.sslproto._SSLProtocolTransport object at 0x104df1d90>
Traceback (most recent call last):
  File "/Users/divyanshgolyan/.codex/worktrees/4511/onepage/research/transport-memory/asymmetric_server.py", line 39, in accept
    data=await reader.read(min(left,16384));assert data;hasher.update(data);left-=len(data);request_bytes+=len(data)
                                                   ^^^^
AssertionError
Unhandled exception in client_connected_cb
transport: <asyncio.sslproto._SSLProtocolTransport object at 0x104df1d00>
Traceback (most recent call last):
  File "/Users/divyanshgolyan/.codex/worktrees/4511/onepage/research/transport-memory/asymmetric_server.py", line 39, in accept
    data=await reader.read(min(left,16384));assert data;hasher.update(data);left-=len(data);request_bytes+=len(data)
                                                   ^^^^
AssertionError
Unhandled exception in client_connected_cb
transport: <asyncio.sslproto._SSLProtocolTransport object at 0x104df1c70>
Traceback (most recent call last):
  File "/Users/divyanshgolyan/.codex/worktrees/4511/onepage/research/transport-memory/asymmetric_server.py", line 39, in accept
    data=await reader.read(min(left,16384));assert data;hasher.update(data);left-=len(data);request_bytes+=len(data)
                                                   ^^^^
AssertionError
Unhandled exception in client_connected_cb
transport: <asyncio.sslproto._SSLProtocolTransport object at 0x104df1be0>
Traceback (most recent call last):
  File "/Users/divyanshgolyan/.codex/worktrees/4511/onepage/research/transport-memory/asymmetric_server.py", line 39, in accept
    data=await reader.read(min(left,16384));assert data;hasher.update(data);left-=len(data);request_bytes+=len(data)
                                                   ^^^^
AssertionError
Unhandled exception in client_connected_cb
transport: <asyncio.sslproto._SSLProtocolTransport object at 0x104df1b50>
Traceback (most recent call last):
  File "/Users/divyanshgolyan/.codex/worktrees/4511/onepage/research/transport-memory/asymmetric_server.py", line 39, in accept
    data=await reader.read(min(left,16384));assert data;hasher.update(data);left-=len(data);request_bytes+=len(data)
                                                   ^^^^
AssertionError
Unhandled exception in client_connected_cb
transport: <asyncio.sslproto._SSLProtocolTransport object at 0x104df1ac0>
Traceback (most recent call last):
  File "/Users/divyanshgolyan/.codex/worktrees/4511/onepage/research/transport-memory/asymmetric_server.py", line 39, in accept
    data=await reader.read(min(left,16384));assert data;hasher.update(data);left-=len(data);request_bytes+=len(data)
                                                   ^^^^
AssertionError
Unhandled exception in client_connected_cb
transport: <asyncio.sslproto._SSLProtocolTransport object at 0x104df1a30>
Traceback (most recent call last):
  File "/Users/divyanshgolyan/.codex/worktrees/4511/onepage/research/transport-memory/asymmetric_server.py", line 39, in accept
    data=await reader.read(min(left,16384));assert data;hasher.update(data);left-=len(data);request_bytes+=len(data)
                                                   ^^^^
AssertionError
Unhandled exception in client_connected_cb
transport: <asyncio.sslproto._SSLProtocolTransport object at 0x104df19a0>
Traceback (most recent call last):
  File "/Users/divyanshgolyan/.codex/worktrees/4511/onepage/research/transport-memory/asymmetric_server.py", line 39, in accept
    data=await reader.read(min(left,16384));assert data;hasher.update(data);left-=len(data);request_bytes+=len(data)
                                                   ^^^^
AssertionError
Unhandled exception in client_connected_cb
transport: <asyncio.sslproto._SSLProtocolTransport object at 0x104df1910>
Traceback (most recent call last):
  File "/Users/divyanshgolyan/.codex/worktrees/4511/onepage/research/transport-memory/asymmetric_server.py", line 39, in accept
    data=await reader.read(min(left,16384));assert data;hasher.update(data);left-=len(data);request_bytes+=len(data)
                                                   ^^^^
AssertionError
Unhandled exception in client_connected_cb
transport: <asyncio.sslproto._SSLProtocolTransport object at 0x104df1880>
Traceback (most recent call last):
  File "/Users/divyanshgolyan/.codex/worktrees/4511/onepage/research/transport-memory/asymmetric_server.py", line 39, in accept
    data=await reader.read(min(left,16384));assert data;hasher.update(data);left-=len(data);request_bytes+=len(data)
                                                   ^^^^
AssertionError
Unhandled exception in client_connected_cb
transport: <asyncio.sslproto._SSLProtocolTransport object at 0x104df17f0>
Traceback (most recent call last):
  File "/Users/divyanshgolyan/.codex/worktrees/4511/onepage/research/transport-memory/asymmetric_server.py", line 39, in accept
    data=await reader.read(min(left,16384));assert data;hasher.update(data);left-=len(data);request_bytes+=len(data)
                                                   ^^^^
AssertionError
Unhandled exception in client_connected_cb
transport: <asyncio.sslproto._SSLProtocolTransport object at 0x104df1760>
Traceback (most recent call last):
  File "/Users/divyanshgolyan/.codex/worktrees/4511/onepage/research/transport-memory/asymmetric_server.py", line 39, in accept
    data=await reader.read(min(left,16384));assert data;hasher.update(data);left-=len(data);request_bytes+=len(data)
                                                   ^^^^
AssertionError
Unhandled exception in client_connected_cb
transport: <asyncio.sslproto._SSLProtocolTransport object at 0x104df16d0>
Traceback (most recent call last):
  File "/Users/divyanshgolyan/.codex/worktrees/4511/onepage/research/transport-memory/asymmetric_server.py", line 39, in accept
    data=await reader.read(min(left,16384));assert data;hasher.update(data);left-=len(data);request_bytes+=len(data)
                                                   ^^^^
AssertionError
Unhandled exception in client_connected_cb
transport: <asyncio.sslproto._SSLProtocolTransport object at 0x104df1640>
Traceback (most recent call last):
  File "/Users/divyanshgolyan/.codex/worktrees/4511/onepage/research/transport-memory/asymmetric_server.py", line 39, in accept
    data=await reader.read(min(left,16384));assert data;hasher.update(data);left-=len(data);request_bytes+=len(data)
                                                   ^^^^
AssertionError
Unhandled exception in client_connected_cb
transport: <asyncio.sslproto._SSLProtocolTransport object at 0x104df15b0>
Traceback (most recent call last):
  File "/Users/divyanshgolyan/.codex/worktrees/4511/onepage/research/transport-memory/asymmetric_server.py", line 39, in accept
    data=await reader.read(min(left,16384));assert data;hasher.update(data);left-=len(data);request_bytes+=len(data)
                                                   ^^^^
AssertionError
Unhandled exception in client_connected_cb
transport: <asyncio.sslproto._SSLProtocolTransport object at 0x104df1520>
Traceback (most recent call last):
  File "/Users/divyanshgolyan/.codex/worktrees/4511/onepage/research/transport-memory/asymmetric_server.py", line 39, in accept
    data=await reader.read(min(left,16384));assert data;hasher.update(data);left-=len(data);request_bytes+=len(data)
                                                   ^^^^
AssertionError
Unhandled exception in client_connected_cb
transport: <asyncio.sslproto._SSLProtocolTransport object at 0x104df1490>
Traceback (most recent call last):
  File "/Users/divyanshgolyan/.codex/worktrees/4511/onepage/research/transport-memory/asymmetric_server.py", line 39, in accept
    data=await reader.read(min(left,16384));assert data;hasher.update(data);left-=len(data);request_bytes+=len(data)
                                                   ^^^^
AssertionError
Unhandled exception in client_connected_cb
transport: <asyncio.sslproto._SSLProtocolTransport object at 0x104df1400>
Traceback (most recent call last):
  File "/Users/divyanshgolyan/.codex/worktrees/4511/onepage/research/transport-memory/asymmetric_server.py", line 39, in accept
    data=await reader.read(min(left,16384));assert data;hasher.update(data);left-=len(data);request_bytes+=len(data)
                                                   ^^^^
AssertionError
Unhandled exception in client_connected_cb
transport: <asyncio.sslproto._SSLProtocolTransport object at 0x104df1370>
Traceback (most recent call last):
  File "/Users/divyanshgolyan/.codex/worktrees/4511/onepage/research/transport-memory/asymmetric_server.py", line 39, in accept
    data=await reader.read(min(left,16384));assert data;hasher.update(data);left-=len(data);request_bytes+=len(data)
                                                   ^^^^
AssertionError
Unhandled exception in client_connected_cb
transport: <asyncio.sslproto._SSLProtocolTransport object at 0x104df12e0>
Traceback (most recent call last):
  File "/Users/divyanshgolyan/.codex/worktrees/4511/onepage/research/transport-memory/asymmetric_server.py", line 39, in accept
    data=await reader.read(min(left,16384));assert data;hasher.update(data);left-=len(data);request_bytes+=len(data)
                                                   ^^^^
AssertionError
Unhandled exception in client_connected_cb
transport: <asyncio.sslproto._SSLProtocolTransport object at 0x104df1250>
Traceback (most recent call last):
  File "/Users/divyanshgolyan/.codex/worktrees/4511/onepage/research/transport-memory/asymmetric_server.py", line 39, in accept
    data=await reader.read(min(left,16384));assert data;hasher.update(data);left-=len(data);request_bytes+=len(data)
                                                   ^^^^
AssertionError
Unhandled exception in client_connected_cb
transport: <asyncio.sslproto._SSLProtocolTransport object at 0x104df11c0>
Traceback (most recent call last):
  File "/Users/divyanshgolyan/.codex/worktrees/4511/onepage/research/transport-memory/asymmetric_server.py", line 39, in accept
    data=await reader.read(min(left,16384));assert data;hasher.update(data);left-=len(data);request_bytes+=len(data)
                                                   ^^^^
AssertionError
Unhandled exception in client_connected_cb
transport: <asyncio.sslproto._SSLProtocolTransport object at 0x104df1130>
Traceback (most recent call last):
  File "/Users/divyanshgolyan/.codex/worktrees/4511/onepage/research/transport-memory/asymmetric_server.py", line 39, in accept
    data=await reader.read(min(left,16384));assert data;hasher.update(data);left-=len(data);request_bytes+=len(data)
                                                   ^^^^
AssertionError
Unhandled exception in client_connected_cb
transport: <asyncio.sslproto._SSLProtocolTransport object at 0x104df10a0>
Traceback (most recent call last):
  File "/Users/divyanshgolyan/.codex/worktrees/4511/onepage/research/transport-memory/asymmetric_server.py", line 39, in accept
    data=await reader.read(min(left,16384));assert data;hasher.update(data);left-=len(data);request_bytes+=len(data)
                                                   ^^^^
AssertionError
Unhandled exception in client_connected_cb
transport: <asyncio.sslproto._SSLProtocolTransport object at 0x104df1010>
Traceback (most recent call last):
  File "/Users/divyanshgolyan/.codex/worktrees/4511/onepage/research/transport-memory/asymmetric_server.py", line 39, in accept
    data=await reader.read(min(left,16384));assert data;hasher.update(data);left-=len(data);request_bytes+=len(data)
                                                   ^^^^
AssertionError
Unhandled exception in client_connected_cb
transport: <asyncio.sslproto._SSLProtocolTransport object at 0x104df0f80>
Traceback (most recent call last):
  File "/Users/divyanshgolyan/.codex/worktrees/4511/onepage/research/transport-memory/asymmetric_server.py", line 39, in accept
    data=await reader.read(min(left,16384));assert data;hasher.update(data);left-=len(data);request_bytes+=len(data)
                                                   ^^^^
AssertionError
Unhandled exception in client_connected_cb
transport: <asyncio.sslproto._SSLProtocolTransport object at 0x104df0ef0>
Traceback (most recent call last):
  File "/Users/divyanshgolyan/.codex/worktrees/4511/onepage/research/transport-memory/asymmetric_server.py", line 39, in accept
    data=await reader.read(min(left,16384));assert data;hasher.update(data);left-=len(data);request_bytes+=len(data)
                                                   ^^^^
AssertionError
Unhandled exception in client_connected_cb
transport: <asyncio.sslproto._SSLProtocolTransport object at 0x104df0e60>
Traceback (most recent call last):
  File "/Users/divyanshgolyan/.codex/worktrees/4511/onepage/research/transport-memory/asymmetric_server.py", line 39, in accept
    data=await reader.read(min(left,16384));assert data;hasher.update(data);left-=len(data);request_bytes+=len(data)
                                                   ^^^^
AssertionError
Unhandled exception in client_connected_cb
transport: <asyncio.sslproto._SSLProtocolTransport object at 0x104df0dd0>
Traceback (most recent call last):
  File "/Users/divyanshgolyan/.codex/worktrees/4511/onepage/research/transport-memory/asymmetric_server.py", line 39, in accept
    data=await reader.read(min(left,16384));assert data;hasher.update(data);left-=len(data);request_bytes+=len(data)
                                                   ^^^^
AssertionError
Unhandled exception in client_connected_cb
transport: <asyncio.sslproto._SSLProtocolTransport object at 0x104df0d40>
Traceback (most recent call last):
  File "/Users/divyanshgolyan/.codex/worktrees/4511/onepage/research/transport-memory/asymmetric_server.py", line 39, in accept
    data=await reader.read(min(left,16384));assert data;hasher.update(data);left-=len(data);request_bytes+=len(data)
                                                   ^^^^
AssertionError
Unhandled exception in client_connected_cb
transport: <asyncio.sslproto._SSLProtocolTransport object at 0x104df0cb0>
Traceback (most recent call last):
  File "/Users/divyanshgolyan/.codex/worktrees/4511/onepage/research/transport-memory/asymmetric_server.py", line 39, in accept
    data=await reader.read(min(left,16384));assert data;hasher.update(data);left-=len(data);request_bytes+=len(data)
                                                   ^^^^
AssertionError
Unhandled exception in client_connected_cb
transport: <asyncio.sslproto._SSLProtocolTransport object at 0x104df0c20>
Traceback (most recent call last):
  File "/Users/divyanshgolyan/.codex/worktrees/4511/onepage/research/transport-memory/asymmetric_server.py", line 39, in accept
    data=await reader.read(min(left,16384));assert data;hasher.update(data);left-=len(data);request_bytes+=len(data)
                                                   ^^^^
AssertionError
Unhandled exception in client_connected_cb
transport: <asyncio.sslproto._SSLProtocolTransport object at 0x104df0b90>
Traceback (most recent call last):
  File "/Users/divyanshgolyan/.codex/worktrees/4511/onepage/research/transport-memory/asymmetric_server.py", line 39, in accept
    data=await reader.read(min(left,16384));assert data;hasher.update(data);left-=len(data);request_bytes+=len(data)
                                                   ^^^^
AssertionError
Unhandled exception in client_connected_cb
transport: <asyncio.sslproto._SSLProtocolTransport object at 0x104df0b00>
Traceback (most recent call last):
  File "/Users/divyanshgolyan/.codex/worktrees/4511/onepage/research/transport-memory/asymmetric_server.py", line 39, in accept
    data=await reader.read(min(left,16384));assert data;hasher.update(data);left-=len(data);request_bytes+=len(data)
                                                   ^^^^
AssertionError
Unhandled exception in client_connected_cb
transport: <asyncio.sslproto._SSLProtocolTransport object at 0x104df0a70>
Traceback (most recent call last):
  File "/Users/divyanshgolyan/.codex/worktrees/4511/onepage/research/transport-memory/asymmetric_server.py", line 39, in accept
    data=await reader.read(min(left,16384));assert data;hasher.update(data);left-=len(data);request_bytes+=len(data)
                                                   ^^^^
AssertionError
Unhandled exception in client_connected_cb
transport: <asyncio.sslproto._SSLProtocolTransport object at 0x104df09e0>
Traceback (most recent call last):
  File "/Users/divyanshgolyan/.codex/worktrees/4511/onepage/research/transport-memory/asymmetric_server.py", line 39, in accept
    data=await reader.read(min(left,16384));assert data;hasher.update(data);left-=len(data);request_bytes+=len(data)
                                                   ^^^^
AssertionError
Unhandled exception in client_connected_cb
transport: <asyncio.sslproto._SSLProtocolTransport object at 0x104df0950>
Traceback (most recent call last):
  File "/Users/divyanshgolyan/.codex/worktrees/4511/onepage/research/transport-memory/asymmetric_server.py", line 39, in accept
    data=await reader.read(min(left,16384));assert data;hasher.update(data);left-=len(data);request_bytes+=len(data)
                                                   ^^^^
AssertionError
Unhandled exception in client_connected_cb
transport: <asyncio.sslproto._SSLProtocolTransport object at 0x104df08c0>
Traceback (most recent call last):
  File "/Users/divyanshgolyan/.codex/worktrees/4511/onepage/research/transport-memory/asymmetric_server.py", line 39, in accept
    data=await reader.read(min(left,16384));assert data;hasher.update(data);left-=len(data);request_bytes+=len(data)
                                                   ^^^^
AssertionError
Unhandled exception in client_connected_cb
transport: <asyncio.sslproto._SSLProtocolTransport object at 0x104df0830>
Traceback (most recent call last):
  File "/Users/divyanshgolyan/.codex/worktrees/4511/onepage/research/transport-memory/asymmetric_server.py", line 39, in accept
    data=await reader.read(min(left,16384));assert data;hasher.update(data);left-=len(data);request_bytes+=len(data)
                                                   ^^^^
AssertionError
Unhandled exception in client_connected_cb
transport: <asyncio.sslproto._SSLProtocolTransport object at 0x104df07a0>
Traceback (most recent call last):
  File "/Users/divyanshgolyan/.codex/worktrees/4511/onepage/research/transport-memory/asymmetric_server.py", line 39, in accept
    data=await reader.read(min(left,16384));assert data;hasher.update(data);left-=len(data);request_bytes+=len(data)
                                                   ^^^^
AssertionError
Unhandled exception in client_connected_cb
transport: <asyncio.sslproto._SSLProtocolTransport object at 0x104df0710>
Traceback (most recent call last):
  File "/Users/divyanshgolyan/.codex/worktrees/4511/onepage/research/transport-memory/asymmetric_server.py", line 39, in accept
    data=await reader.read(min(left,16384));assert data;hasher.update(data);left-=len(data);request_bytes+=len(data)
                                                   ^^^^
AssertionError
Unhandled exception in client_connected_cb
transport: <asyncio.sslproto._SSLProtocolTransport object at 0x104df0680>
Traceback (most recent call last):
  File "/Users/divyanshgolyan/.codex/worktrees/4511/onepage/research/transport-memory/asymmetric_server.py", line 39, in accept
    data=await reader.read(min(left,16384));assert data;hasher.update(data);left-=len(data);request_bytes+=len(data)
                                                   ^^^^
AssertionError
Unhandled exception in client_connected_cb
transport: <asyncio.sslproto._SSLProtocolTransport object at 0x104df05f0>
Traceback (most recent call last):
  File "/Users/divyanshgolyan/.codex/worktrees/4511/onepage/research/transport-memory/asymmetric_server.py", line 39, in accept
    data=await reader.read(min(left,16384));assert data;hasher.update(data);left-=len(data);request_bytes+=len(data)
                                                   ^^^^
AssertionError
Unhandled exception in client_connected_cb
transport: <asyncio.sslproto._SSLProtocolTransport object at 0x104df0560>
Traceback (most recent call last):
  File "/Users/divyanshgolyan/.codex/worktrees/4511/onepage/research/transport-memory/asymmetric_server.py", line 39, in accept
    data=await reader.read(min(left,16384));assert data;hasher.update(data);left-=len(data);request_bytes+=len(data)
                                                   ^^^^
AssertionError
Unhandled exception in client_connected_cb
transport: <asyncio.sslproto._SSLProtocolTransport object at 0x104df04d0>
Traceback (most recent call last):
  File "/Users/divyanshgolyan/.codex/worktrees/4511/onepage/research/transport-memory/asymmetric_server.py", line 39, in accept
    data=await reader.read(min(left,16384));assert data;hasher.update(data);left-=len(data);request_bytes+=len(data)
                                                   ^^^^
AssertionError
Unhandled exception in client_connected_cb
transport: <asyncio.sslproto._SSLProtocolTransport object at 0x104df0440>
Traceback (most recent call last):
  File "/Users/divyanshgolyan/.codex/worktrees/4511/onepage/research/transport-memory/asymmetric_server.py", line 39, in accept
    data=await reader.read(min(left,16384));assert data;hasher.update(data);left-=len(data);request_bytes+=len(data)
                                                   ^^^^
AssertionError
Unhandled exception in client_connected_cb
transport: <asyncio.sslproto._SSLProtocolTransport object at 0x104df03b0>
Traceback (most recent call last):
  File "/Users/divyanshgolyan/.codex/worktrees/4511/onepage/research/transport-memory/asymmetric_server.py", line 39, in accept
    data=await reader.read(min(left,16384));assert data;hasher.update(data);left-=len(data);request_bytes+=len(data)
                                                   ^^^^
AssertionError
Unhandled exception in client_connected_cb
transport: <asyncio.sslproto._SSLProtocolTransport object at 0x104df0320>
Traceback (most recent call last):
  File "/Users/divyanshgolyan/.codex/worktrees/4511/onepage/research/transport-memory/asymmetric_server.py", line 39, in accept
    data=await reader.read(min(left,16384));assert data;hasher.update(data);left-=len(data);request_bytes+=len(data)
                                                   ^^^^
AssertionError
Unhandled exception in client_connected_cb
transport: <asyncio.sslproto._SSLProtocolTransport object at 0x104df0290>
Traceback (most recent call last):
  File "/Users/divyanshgolyan/.codex/worktrees/4511/onepage/research/transport-memory/asymmetric_server.py", line 39, in accept
    data=await reader.read(min(left,16384));assert data;hasher.update(data);left-=len(data);request_bytes+=len(data)
                                                   ^^^^
AssertionError
Unhandled exception in client_connected_cb
transport: <asyncio.sslproto._SSLProtocolTransport object at 0x104df0200>
Traceback (most recent call last):
  File "/Users/divyanshgolyan/.codex/worktrees/4511/onepage/research/transport-memory/asymmetric_server.py", line 39, in accept
    data=await reader.read(min(left,16384));assert data;hasher.update(data);left-=len(data);request_bytes+=len(data)
                                                   ^^^^
AssertionError
Unhandled exception in client_connected_cb
transport: <asyncio.sslproto._SSLProtocolTransport object at 0x104df0170>
Traceback (most recent call last):
  File "/Users/divyanshgolyan/.codex/worktrees/4511/onepage/research/transport-memory/asymmetric_server.py", line 39, in accept
    data=await reader.read(min(left,16384));assert data;hasher.update(data);left-=len(data);request_bytes+=len(data)
                                                   ^^^^
AssertionError
Unhandled exception in client_connected_cb
transport: <asyncio.sslproto._SSLProtocolTransport object at 0x104df00e0>
Traceback (most recent call last):
  File "/Users/divyanshgolyan/.codex/worktrees/4511/onepage/research/transport-memory/asymmetric_server.py", line 39, in accept
    data=await reader.read(min(left,16384));assert data;hasher.update(data);left-=len(data);request_bytes+=len(data)
                                                   ^^^^
AssertionError
Unhandled exception in client_connected_cb
transport: <asyncio.sslproto._SSLProtocolTransport object at 0x104df0050>
Traceback (most recent call last):
  File "/Users/divyanshgolyan/.codex/worktrees/4511/onepage/research/transport-memory/asymmetric_server.py", line 39, in accept
    data=await reader.read(min(left,16384));assert data;hasher.update(data);left-=len(data);request_bytes+=len(data)
                                                   ^^^^
AssertionError
Unhandled exception in client_connected_cb
transport: <asyncio.sslproto._SSLProtocolTransport object at 0x104d5ff50>
Traceback (most recent call last):
  File "/Users/divyanshgolyan/.codex/worktrees/4511/onepage/research/transport-memory/asymmetric_server.py", line 39, in accept
    data=await reader.read(min(left,16384));assert data;hasher.update(data);left-=len(data);request_bytes+=len(data)
                                                   ^^^^
AssertionError
Unhandled exception in client_connected_cb
transport: <asyncio.sslproto._SSLProtocolTransport object at 0x104d5fec0>
Traceback (most recent call last):
  File "/Users/divyanshgolyan/.codex/worktrees/4511/onepage/research/transport-memory/asymmetric_server.py", line 39, in accept
    data=await reader.read(min(left,16384));assert data;hasher.update(data);left-=len(data);request_bytes+=len(data)
                                                   ^^^^
AssertionError
Unhandled exception in client_connected_cb
transport: <asyncio.sslproto._SSLProtocolTransport object at 0x104d5fe30>
Traceback (most recent call last):
  File "/Users/divyanshgolyan/.codex/worktrees/4511/onepage/research/transport-memory/asymmetric_server.py", line 39, in accept
    data=await reader.read(min(left,16384));assert data;hasher.update(data);left-=len(data);request_bytes+=len(data)
                                                   ^^^^
AssertionError
Unhandled exception in client_connected_cb
transport: <asyncio.sslproto._SSLProtocolTransport object at 0x104d5fda0>
Traceback (most recent call last):
  File "/Users/divyanshgolyan/.codex/worktrees/4511/onepage/research/transport-memory/asymmetric_server.py", line 39, in accept
    data=await reader.read(min(left,16384));assert data;hasher.update(data);left-=len(data);request_bytes+=len(data)
                                                   ^^^^
AssertionError
Unhandled exception in client_connected_cb
transport: <asyncio.sslproto._SSLProtocolTransport object at 0x104d5fd10>
Traceback (most recent call last):
  File "/Users/divyanshgolyan/.codex/worktrees/4511/onepage/research/transport-memory/asymmetric_server.py", line 39, in accept
    data=await reader.read(min(left,16384));assert data;hasher.update(data);left-=len(data);request_bytes+=len(data)
                                                   ^^^^
AssertionError
Unhandled exception in client_connected_cb
transport: <asyncio.sslproto._SSLProtocolTransport object at 0x104d5fc80>
Traceback (most recent call last):
  File "/Users/divyanshgolyan/.codex/worktrees/4511/onepage/research/transport-memory/asymmetric_server.py", line 39, in accept
    data=await reader.read(min(left,16384));assert data;hasher.update(data);left-=len(data);request_bytes+=len(data)
                                                   ^^^^
AssertionError
Unhandled exception in client_connected_cb
transport: <asyncio.sslproto._SSLProtocolTransport object at 0x104d5fbf0>
Traceback (most recent call last):
  File "/Users/divyanshgolyan/.codex/worktrees/4511/onepage/research/transport-memory/asymmetric_server.py", line 39, in accept
    data=await reader.read(min(left,16384));assert data;hasher.update(data);left-=len(data);request_bytes+=len(data)
                                                   ^^^^
AssertionError
Unhandled exception in client_connected_cb
transport: <asyncio.sslproto._SSLProtocolTransport object at 0x104d5fb60>
Traceback (most recent call last):
  File "/Users/divyanshgolyan/.codex/worktrees/4511/onepage/research/transport-memory/asymmetric_server.py", line 39, in accept
    data=await reader.read(min(left,16384));assert data;hasher.update(data);left-=len(data);request_bytes+=len(data)
                                                   ^^^^
AssertionError
Unhandled exception in client_connected_cb
transport: <asyncio.sslproto._SSLProtocolTransport object at 0x104d5fad0>
Traceback (most recent call last):
  File "/Users/divyanshgolyan/.codex/worktrees/4511/onepage/research/transport-memory/asymmetric_server.py", line 39, in accept
    data=await reader.read(min(left,16384));assert data;hasher.update(data);left-=len(data);request_bytes+=len(data)
                                                   ^^^^
AssertionError
Unhandled exception in client_connected_cb
transport: <asyncio.sslproto._SSLProtocolTransport object at 0x104d5fa40>
Traceback (most recent call last):
  File "/Users/divyanshgolyan/.codex/worktrees/4511/onepage/research/transport-memory/asymmetric_server.py", line 39, in accept
    data=await reader.read(min(left,16384));assert data;hasher.update(data);left-=len(data);request_bytes+=len(data)
                                                   ^^^^
AssertionError
Unhandled exception in client_connected_cb
transport: <asyncio.sslproto._SSLProtocolTransport object at 0x104d5f9b0>
Traceback (most recent call last):
  File "/Users/divyanshgolyan/.codex/worktrees/4511/onepage/research/transport-memory/asymmetric_server.py", line 39, in accept
    data=await reader.read(min(left,16384));assert data;hasher.update(data);left-=len(data);request_bytes+=len(data)
                                                   ^^^^
AssertionError
Unhandled exception in client_connected_cb
transport: <asyncio.sslproto._SSLProtocolTransport object at 0x104d5f920>
Traceback (most recent call last):
  File "/Users/divyanshgolyan/.codex/worktrees/4511/onepage/research/transport-memory/asymmetric_server.py", line 39, in accept
    data=await reader.read(min(left,16384));assert data;hasher.update(data);left-=len(data);request_bytes+=len(data)
                                                   ^^^^
AssertionError
Unhandled exception in client_connected_cb
transport: <asyncio.sslproto._SSLProtocolTransport object at 0x104d5f890>
Traceback (most recent call last):
  File "/Users/divyanshgolyan/.codex/worktrees/4511/onepage/research/transport-memory/asymmetric_server.py", line 39, in accept
    data=await reader.read(min(left,16384));assert data;hasher.update(data);left-=len(data);request_bytes+=len(data)
                                                   ^^^^
AssertionError
Unhandled exception in client_connected_cb
transport: <asyncio.sslproto._SSLProtocolTransport object at 0x104d5f800>
Traceback (most recent call last):
  File "/Users/divyanshgolyan/.codex/worktrees/4511/onepage/research/transport-memory/asymmetric_server.py", line 39, in accept
    data=await reader.read(min(left,16384));assert data;hasher.update(data);left-=len(data);request_bytes+=len(data)
                                                   ^^^^
AssertionError
Unhandled exception in client_connected_cb
transport: <asyncio.sslproto._SSLProtocolTransport object at 0x104d5f770>
Traceback (most recent call last):
  File "/Users/divyanshgolyan/.codex/worktrees/4511/onepage/research/transport-memory/asymmetric_server.py", line 39, in accept
    data=await reader.read(min(left,16384));assert data;hasher.update(data);left-=len(data);request_bytes+=len(data)
                                                   ^^^^
AssertionError
Unhandled exception in client_connected_cb
transport: <asyncio.sslproto._SSLProtocolTransport object at 0x104d5f6e0>
Traceback (most recent call last):
  File "/Users/divyanshgolyan/.codex/worktrees/4511/onepage/research/transport-memory/asymmetric_server.py", line 39, in accept
    data=await reader.read(min(left,16384));assert data;hasher.update(data);left-=len(data);request_bytes+=len(data)
                                                   ^^^^
AssertionError
Unhandled exception in client_connected_cb
transport: <asyncio.sslproto._SSLProtocolTransport object at 0x104d5f650>
Traceback (most recent call last):
  File "/Users/divyanshgolyan/.codex/worktrees/4511/onepage/research/transport-memory/asymmetric_server.py", line 39, in accept
    data=await reader.read(min(left,16384));assert data;hasher.update(data);left-=len(data);request_bytes+=len(data)
                                                   ^^^^
AssertionError
Unhandled exception in client_connected_cb
transport: <asyncio.sslproto._SSLProtocolTransport object at 0x104d5f5c0>
Traceback (most recent call last):
  File "/Users/divyanshgolyan/.codex/worktrees/4511/onepage/research/transport-memory/asymmetric_server.py", line 39, in accept
    data=await reader.read(min(left,16384));assert data;hasher.update(data);left-=len(data);request_bytes+=len(data)
                                                   ^^^^
AssertionError
Unhandled exception in client_connected_cb
transport: <asyncio.sslproto._SSLProtocolTransport object at 0x104d5f530>
Traceback (most recent call last):
  File "/Users/divyanshgolyan/.codex/worktrees/4511/onepage/research/transport-memory/asymmetric_server.py", line 39, in accept
    data=await reader.read(min(left,16384));assert data;hasher.update(data);left-=len(data);request_bytes+=len(data)
                                                   ^^^^
AssertionError
Unhandled exception in client_connected_cb
transport: <asyncio.sslproto._SSLProtocolTransport object at 0x104d5f4a0>
Traceback (most recent call last):
  File "/Users/divyanshgolyan/.codex/worktrees/4511/onepage/research/transport-memory/asymmetric_server.py", line 39, in accept
    data=await reader.read(min(left,16384));assert data;hasher.update(data);left-=len(data);request_bytes+=len(data)
                                                   ^^^^
AssertionError
Unhandled exception in client_connected_cb
transport: <asyncio.sslproto._SSLProtocolTransport object at 0x104d5f410>
Traceback (most recent call last):
  File "/Users/divyanshgolyan/.codex/worktrees/4511/onepage/research/transport-memory/asymmetric_server.py", line 39, in accept
    data=await reader.read(min(left,16384));assert data;hasher.update(data);left-=len(data);request_bytes+=len(data)
                                                   ^^^^
AssertionError
Unhandled exception in client_connected_cb
transport: <asyncio.sslproto._SSLProtocolTransport object at 0x104d5f380>
Traceback (most recent call last):
  File "/Users/divyanshgolyan/.codex/worktrees/4511/onepage/research/transport-memory/asymmetric_server.py", line 39, in accept
    data=await reader.read(min(left,16384));assert data;hasher.update(data);left-=len(data);request_bytes+=len(data)
                                                   ^^^^
AssertionError
Unhandled exception in client_connected_cb
transport: <asyncio.sslproto._SSLProtocolTransport object at 0x104d5f2f0>
Traceback (most recent call last):
  File "/Users/divyanshgolyan/.codex/worktrees/4511/onepage/research/transport-memory/asymmetric_server.py", line 39, in accept
    data=await reader.read(min(left,16384));assert data;hasher.update(data);left-=len(data);request_bytes+=len(data)
                                                   ^^^^
AssertionError
Unhandled exception in client_connected_cb
transport: <asyncio.sslproto._SSLProtocolTransport object at 0x104d5f260>
Traceback (most recent call last):
  File "/Users/divyanshgolyan/.codex/worktrees/4511/onepage/research/transport-memory/asymmetric_server.py", line 39, in accept
    data=await reader.read(min(left,16384));assert data;hasher.update(data);left-=len(data);request_bytes+=len(data)
                                                   ^^^^
AssertionError
Unhandled exception in client_connected_cb
transport: <asyncio.sslproto._SSLProtocolTransport object at 0x104d5f1d0>
Traceback (most recent call last):
  File "/Users/divyanshgolyan/.codex/worktrees/4511/onepage/research/transport-memory/asymmetric_server.py", line 39, in accept
    data=await reader.read(min(left,16384));assert data;hasher.update(data);left-=len(data);request_bytes+=len(data)
                                                   ^^^^
AssertionError
Unhandled exception in client_connected_cb
transport: <asyncio.sslproto._SSLProtocolTransport object at 0x104d5f140>
Traceback (most recent call last):
  File "/Users/divyanshgolyan/.codex/worktrees/4511/onepage/research/transport-memory/asymmetric_server.py", line 39, in accept
    data=await reader.read(min(left,16384));assert data;hasher.update(data);left-=len(data);request_bytes+=len(data)
                                                   ^^^^
AssertionError
Unhandled exception in client_connected_cb
transport: <asyncio.sslproto._SSLProtocolTransport object at 0x104d5f0b0>
Traceback (most recent call last):
  File "/Users/divyanshgolyan/.codex/worktrees/4511/onepage/research/transport-memory/asymmetric_server.py", line 39, in accept
    data=await reader.read(min(left,16384));assert data;hasher.update(data);left-=len(data);request_bytes+=len(data)
                                                   ^^^^
AssertionError
Unhandled exception in client_connected_cb
transport: <asyncio.sslproto._SSLProtocolTransport object at 0x104d5f020>
Traceback (most recent call last):
  File "/Users/divyanshgolyan/.codex/worktrees/4511/onepage/research/transport-memory/asymmetric_server.py", line 39, in accept
    data=await reader.read(min(left,16384));assert data;hasher.update(data);left-=len(data);request_bytes+=len(data)
                                                   ^^^^
AssertionError
Unhandled exception in client_connected_cb
transport: <asyncio.sslproto._SSLProtocolTransport object at 0x104d5ef90>
Traceback (most recent call last):
  File "/Users/divyanshgolyan/.codex/worktrees/4511/onepage/research/transport-memory/asymmetric_server.py", line 39, in accept
    data=await reader.read(min(left,16384));assert data;hasher.update(data);left-=len(data);request_bytes+=len(data)
                                                   ^^^^
AssertionError
Unhandled exception in client_connected_cb
transport: <asyncio.sslproto._SSLProtocolTransport object at 0x104d5ef00>
Traceback (most recent call last):
  File "/Users/divyanshgolyan/.codex/worktrees/4511/onepage/research/transport-memory/asymmetric_server.py", line 39, in accept
    data=await reader.read(min(left,16384));assert data;hasher.update(data);left-=len(data);request_bytes+=len(data)
                                                   ^^^^
AssertionError
Unhandled exception in client_connected_cb
transport: <asyncio.sslproto._SSLProtocolTransport object at 0x104d5ee70>
Traceback (most recent call last):
  File "/Users/divyanshgolyan/.codex/worktrees/4511/onepage/research/transport-memory/asymmetric_server.py", line 39, in accept
    data=await reader.read(min(left,16384));assert data;hasher.update(data);left-=len(data);request_bytes+=len(data)
                                                   ^^^^
AssertionError
Unhandled exception in client_connected_cb
transport: <asyncio.sslproto._SSLProtocolTransport object at 0x104d5ede0>
Traceback (most recent call last):
  File "/Users/divyanshgolyan/.codex/worktrees/4511/onepage/research/transport-memory/asymmetric_server.py", line 39, in accept
    data=await reader.read(min(left,16384));assert data;hasher.update(data);left-=len(data);request_bytes+=len(data)
                                                   ^^^^
AssertionError
Unhandled exception in client_connected_cb
transport: <asyncio.sslproto._SSLProtocolTransport object at 0x104d5ed50>
Traceback (most recent call last):
  File "/Users/divyanshgolyan/.codex/worktrees/4511/onepage/research/transport-memory/asymmetric_server.py", line 39, in accept
    data=await reader.read(min(left,16384));assert data;hasher.update(data);left-=len(data);request_bytes+=len(data)
                                                   ^^^^
AssertionError
Unhandled exception in client_connected_cb
transport: <asyncio.sslproto._SSLProtocolTransport object at 0x104d5ecc0>
Traceback (most recent call last):
  File "/Users/divyanshgolyan/.codex/worktrees/4511/onepage/research/transport-memory/asymmetric_server.py", line 39, in accept
    data=await reader.read(min(left,16384));assert data;hasher.update(data);left-=len(data);request_bytes+=len(data)
                                                   ^^^^
AssertionError
Unhandled exception in client_connected_cb
transport: <asyncio.sslproto._SSLProtocolTransport object at 0x104d5ec30>
Traceback (most recent call last):
  File "/Users/divyanshgolyan/.codex/worktrees/4511/onepage/research/transport-memory/asymmetric_server.py", line 39, in accept
    data=await reader.read(min(left,16384));assert data;hasher.update(data);left-=len(data);request_bytes+=len(data)
                                                   ^^^^
AssertionError
Unhandled exception in client_connected_cb
transport: <asyncio.sslproto._SSLProtocolTransport object at 0x104d5eba0>
Traceback (most recent call last):
  File "/Users/divyanshgolyan/.codex/worktrees/4511/onepage/research/transport-memory/asymmetric_server.py", line 39, in accept
    data=await reader.read(min(left,16384));assert data;hasher.update(data);left-=len(data);request_bytes+=len(data)
                                                   ^^^^
AssertionError
Unhandled exception in client_connected_cb
transport: <asyncio.sslproto._SSLProtocolTransport object at 0x104d5eb10>
Traceback (most recent call last):
  File "/Users/divyanshgolyan/.codex/worktrees/4511/onepage/research/transport-memory/asymmetric_server.py", line 39, in accept
    data=await reader.read(min(left,16384));assert data;hasher.update(data);left-=len(data);request_bytes+=len(data)
                                                   ^^^^
AssertionError
Unhandled exception in client_connected_cb
transport: <asyncio.sslproto._SSLProtocolTransport object at 0x104d5ea80>
Traceback (most recent call last):
  File "/Users/divyanshgolyan/.codex/worktrees/4511/onepage/research/transport-memory/asymmetric_server.py", line 39, in accept
    data=await reader.read(min(left,16384));assert data;hasher.update(data);left-=len(data);request_bytes+=len(data)
                                                   ^^^^
AssertionError
Unhandled exception in client_connected_cb
transport: <asyncio.sslproto._SSLProtocolTransport object at 0x104d5e9f0>
Traceback (most recent call last):
  File "/Users/divyanshgolyan/.codex/worktrees/4511/onepage/research/transport-memory/asymmetric_server.py", line 39, in accept
    data=await reader.read(min(left,16384));assert data;hasher.update(data);left-=len(data);request_bytes+=len(data)
                                                   ^^^^
AssertionError
Unhandled exception in client_connected_cb
transport: <asyncio.sslproto._SSLProtocolTransport object at 0x104d5e960>
Traceback (most recent call last):
  File "/Users/divyanshgolyan/.codex/worktrees/4511/onepage/research/transport-memory/asymmetric_server.py", line 39, in accept
    data=await reader.read(min(left,16384));assert data;hasher.update(data);left-=len(data);request_bytes+=len(data)
                                                   ^^^^
AssertionError
Unhandled exception in client_connected_cb
transport: <asyncio.sslproto._SSLProtocolTransport object at 0x104d5e8d0>
Traceback (most recent call last):
  File "/Users/divyanshgolyan/.codex/worktrees/4511/onepage/research/transport-memory/asymmetric_server.py", line 39, in accept
    data=await reader.read(min(left,16384));assert data;hasher.update(data);left-=len(data);request_bytes+=len(data)
                                                   ^^^^
AssertionError
Unhandled exception in client_connected_cb
transport: <asyncio.sslproto._SSLProtocolTransport object at 0x104d5e840>
Traceback (most recent call last):
  File "/Users/divyanshgolyan/.codex/worktrees/4511/onepage/research/transport-memory/asymmetric_server.py", line 39, in accept
    data=await reader.read(min(left,16384));assert data;hasher.update(data);left-=len(data);request_bytes+=len(data)
                                                   ^^^^
AssertionError
Unhandled exception in client_connected_cb
transport: <asyncio.sslproto._SSLProtocolTransport object at 0x104d5e7b0>
Traceback (most recent call last):
  File "/Users/divyanshgolyan/.codex/worktrees/4511/onepage/research/transport-memory/asymmetric_server.py", line 39, in accept
    data=await reader.read(min(left,16384));assert data;hasher.update(data);left-=len(data);request_bytes+=len(data)
                                                   ^^^^
AssertionError
Unhandled exception in client_connected_cb
transport: <asyncio.sslproto._SSLProtocolTransport object at 0x104d5e720>
Traceback (most recent call last):
  File "/Users/divyanshgolyan/.codex/worktrees/4511/onepage/research/transport-memory/asymmetric_server.py", line 39, in accept
    data=await reader.read(min(left,16384));assert data;hasher.update(data);left-=len(data);request_bytes+=len(data)
                                                   ^^^^
AssertionError
Unhandled exception in client_connected_cb
transport: <asyncio.sslproto._SSLProtocolTransport object at 0x104d5e690>
Traceback (most recent call last):
  File "/Users/divyanshgolyan/.codex/worktrees/4511/onepage/research/transport-memory/asymmetric_server.py", line 39, in accept
    data=await reader.read(min(left,16384));assert data;hasher.update(data);left-=len(data);request_bytes+=len(data)
                                                   ^^^^
AssertionError
Unhandled exception in client_connected_cb
transport: <asyncio.sslproto._SSLProtocolTransport object at 0x104d5e600>
Traceback (most recent call last):
  File "/Users/divyanshgolyan/.codex/worktrees/4511/onepage/research/transport-memory/asymmetric_server.py", line 39, in accept
    data=await reader.read(min(left,16384));assert data;hasher.update(data);left-=len(data);request_bytes+=len(data)
                                                   ^^^^
AssertionError
Unhandled exception in client_connected_cb
transport: <asyncio.sslproto._SSLProtocolTransport object at 0x104d5e570>
Traceback (most recent call last):
  File "/Users/divyanshgolyan/.codex/worktrees/4511/onepage/research/transport-memory/asymmetric_server.py", line 39, in accept
    data=await reader.read(min(left,16384));assert data;hasher.update(data);left-=len(data);request_bytes+=len(data)
                                                   ^^^^
AssertionError
Unhandled exception in client_connected_cb
transport: <asyncio.sslproto._SSLProtocolTransport object at 0x104d5e4e0>
Traceback (most recent call last):
  File "/Users/divyanshgolyan/.codex/worktrees/4511/onepage/research/transport-memory/asymmetric_server.py", line 39, in accept
    data=await reader.read(min(left,16384));assert data;hasher.update(data);left-=len(data);request_bytes+=len(data)
                                                   ^^^^
AssertionError
Unhandled exception in client_connected_cb
transport: <asyncio.sslproto._SSLProtocolTransport object at 0x104d5e450>
Traceback (most recent call last):
  File "/Users/divyanshgolyan/.codex/worktrees/4511/onepage/research/transport-memory/asymmetric_server.py", line 39, in accept
    data=await reader.read(min(left,16384));assert data;hasher.update(data);left-=len(data);request_bytes+=len(data)
                                                   ^^^^
AssertionError
Unhandled exception in client_connected_cb
transport: <asyncio.sslproto._SSLProtocolTransport object at 0x104d5e3c0>
Traceback (most recent call last):
  File "/Users/divyanshgolyan/.codex/worktrees/4511/onepage/research/transport-memory/asymmetric_server.py", line 39, in accept
    data=await reader.read(min(left,16384));assert data;hasher.update(data);left-=len(data);request_bytes+=len(data)
                                                   ^^^^
AssertionError
Unhandled exception in client_connected_cb
transport: <asyncio.sslproto._SSLProtocolTransport object at 0x104d5e330>
Traceback (most recent call last):
  File "/Users/divyanshgolyan/.codex/worktrees/4511/onepage/research/transport-memory/asymmetric_server.py", line 39, in accept
    data=await reader.read(min(left,16384));assert data;hasher.update(data);left-=len(data);request_bytes+=len(data)
                                                   ^^^^
AssertionError
Unhandled exception in client_connected_cb
transport: <asyncio.sslproto._SSLProtocolTransport object at 0x104d5e2a0>
Traceback (most recent call last):
  File "/Users/divyanshgolyan/.codex/worktrees/4511/onepage/research/transport-memory/asymmetric_server.py", line 39, in accept
    data=await reader.read(min(left,16384));assert data;hasher.update(data);left-=len(data);request_bytes+=len(data)
                                                   ^^^^
AssertionError
Unhandled exception in client_connected_cb
transport: <asyncio.sslproto._SSLProtocolTransport object at 0x104d5e210>
Traceback (most recent call last):
  File "/Users/divyanshgolyan/.codex/worktrees/4511/onepage/research/transport-memory/asymmetric_server.py", line 39, in accept
    data=await reader.read(min(left,16384));assert data;hasher.update(data);left-=len(data);request_bytes+=len(data)
                                                   ^^^^
AssertionError
Unhandled exception in client_connected_cb
transport: <asyncio.sslproto._SSLProtocolTransport object at 0x104d5e180>
Traceback (most recent call last):
  File "/Users/divyanshgolyan/.codex/worktrees/4511/onepage/research/transport-memory/asymmetric_server.py", line 39, in accept
    data=await reader.read(min(left,16384));assert data;hasher.update(data);left-=len(data);request_bytes+=len(data)
                                                   ^^^^
AssertionError
Unhandled exception in client_connected_cb
transport: <asyncio.sslproto._SSLProtocolTransport object at 0x104d5e0f0>
Traceback (most recent call last):
  File "/Users/divyanshgolyan/.codex/worktrees/4511/onepage/research/transport-memory/asymmetric_server.py", line 39, in accept
    data=await reader.read(min(left,16384));assert data;hasher.update(data);left-=len(data);request_bytes+=len(data)
                                                   ^^^^
AssertionError
Unhandled exception in client_connected_cb
transport: <asyncio.sslproto._SSLProtocolTransport object at 0x104d5e060>
Traceback (most recent call last):
  File "/Users/divyanshgolyan/.codex/worktrees/4511/onepage/research/transport-memory/asymmetric_server.py", line 39, in accept
    data=await reader.read(min(left,16384));assert data;hasher.update(data);left-=len(data);request_bytes+=len(data)
                                                   ^^^^
AssertionError
Unhandled exception in client_connected_cb
transport: <asyncio.sslproto._SSLProtocolTransport object at 0x104d5dfd0>
Traceback (most recent call last):
  File "/Users/divyanshgolyan/.codex/worktrees/4511/onepage/research/transport-memory/asymmetric_server.py", line 39, in accept
    data=await reader.read(min(left,16384));assert data;hasher.update(data);left-=len(data);request_bytes+=len(data)
                                                   ^^^^
AssertionError
Unhandled exception in client_connected_cb
transport: <asyncio.sslproto._SSLProtocolTransport object at 0x104d5df40>
Traceback (most recent call last):
  File "/Users/divyanshgolyan/.codex/worktrees/4511/onepage/research/transport-memory/asymmetric_server.py", line 39, in accept
    data=await reader.read(min(left,16384));assert data;hasher.update(data);left-=len(data);request_bytes+=len(data)
                                                   ^^^^
AssertionError
Unhandled exception in client_connected_cb
transport: <asyncio.sslproto._SSLProtocolTransport object at 0x104d5deb0>
Traceback (most recent call last):
  File "/Users/divyanshgolyan/.codex/worktrees/4511/onepage/research/transport-memory/asymmetric_server.py", line 39, in accept
    data=await reader.read(min(left,16384));assert data;hasher.update(data);left-=len(data);request_bytes+=len(data)
                                                   ^^^^
AssertionError
Unhandled exception in client_connected_cb
transport: <asyncio.sslproto._SSLProtocolTransport object at 0x104d5de20>
Traceback (most recent call last):
  File "/Users/divyanshgolyan/.codex/worktrees/4511/onepage/research/transport-memory/asymmetric_server.py", line 39, in accept
    data=await reader.read(min(left,16384));assert data;hasher.update(data);left-=len(data);request_bytes+=len(data)
                                                   ^^^^
AssertionError
Unhandled exception in client_connected_cb
transport: <asyncio.sslproto._SSLProtocolTransport object at 0x104d5dd90>
Traceback (most recent call last):
  File "/Users/divyanshgolyan/.codex/worktrees/4511/onepage/research/transport-memory/asymmetric_server.py", line 39, in accept
    data=await reader.read(min(left,16384));assert data;hasher.update(data);left-=len(data);request_bytes+=len(data)
                                                   ^^^^
AssertionError
Unhandled exception in client_connected_cb
transport: <asyncio.sslproto._SSLProtocolTransport object at 0x104d5dd00>
Traceback (most recent call last):
  File "/Users/divyanshgolyan/.codex/worktrees/4511/onepage/research/transport-memory/asymmetric_server.py", line 39, in accept
    data=await reader.read(min(left,16384));assert data;hasher.update(data);left-=len(data);request_bytes+=len(data)
                                                   ^^^^
AssertionError
Unhandled exception in client_connected_cb
transport: <asyncio.sslproto._SSLProtocolTransport object at 0x104d5dc70>
Traceback (most recent call last):
  File "/Users/divyanshgolyan/.codex/worktrees/4511/onepage/research/transport-memory/asymmetric_server.py", line 39, in accept
    data=await reader.read(min(left,16384));assert data;hasher.update(data);left-=len(data);request_bytes+=len(data)
                                                   ^^^^
AssertionError
Unhandled exception in client_connected_cb
transport: <asyncio.sslproto._SSLProtocolTransport object at 0x104d5dbe0>
Traceback (most recent call last):
  File "/Users/divyanshgolyan/.codex/worktrees/4511/onepage/research/transport-memory/asymmetric_server.py", line 39, in accept
    data=await reader.read(min(left,16384));assert data;hasher.update(data);left-=len(data);request_bytes+=len(data)
                                                   ^^^^
AssertionError
Unhandled exception in client_connected_cb
transport: <asyncio.sslproto._SSLProtocolTransport object at 0x104d5db50>
Traceback (most recent call last):
  File "/Users/divyanshgolyan/.codex/worktrees/4511/onepage/research/transport-memory/asymmetric_server.py", line 39, in accept
    data=await reader.read(min(left,16384));assert data;hasher.update(data);left-=len(data);request_bytes+=len(data)
                                                   ^^^^
AssertionError
Unhandled exception in client_connected_cb
transport: <asyncio.sslproto._SSLProtocolTransport object at 0x104d5dac0>
Traceback (most recent call last):
  File "/Users/divyanshgolyan/.codex/worktrees/4511/onepage/research/transport-memory/asymmetric_server.py", line 39, in accept
    data=await reader.read(min(left,16384));assert data;hasher.update(data);left-=len(data);request_bytes+=len(data)
                                                   ^^^^
AssertionError
Unhandled exception in client_connected_cb
transport: <asyncio.sslproto._SSLProtocolTransport object at 0x104d5da30>
Traceback (most recent call last):
  File "/Users/divyanshgolyan/.codex/worktrees/4511/onepage/research/transport-memory/asymmetric_server.py", line 39, in accept
    data=await reader.read(min(left,16384));assert data;hasher.update(data);left-=len(data);request_bytes+=len(data)
                                                   ^^^^
AssertionError
Unhandled exception in client_connected_cb
transport: <asyncio.sslproto._SSLProtocolTransport object at 0x104d5d9a0>
Traceback (most recent call last):
  File "/Users/divyanshgolyan/.codex/worktrees/4511/onepage/research/transport-memory/asymmetric_server.py", line 39, in accept
    data=await reader.read(min(left,16384));assert data;hasher.update(data);left-=len(data);request_bytes+=len(data)
                                                   ^^^^
AssertionError
Unhandled exception in client_connected_cb
transport: <asyncio.sslproto._SSLProtocolTransport object at 0x104d5d910>
Traceback (most recent call last):
  File "/Users/divyanshgolyan/.codex/worktrees/4511/onepage/research/transport-memory/asymmetric_server.py", line 39, in accept
    data=await reader.read(min(left,16384));assert data;hasher.update(data);left-=len(data);request_bytes+=len(data)
                                                   ^^^^
AssertionError
Unhandled exception in client_connected_cb
transport: <asyncio.sslproto._SSLProtocolTransport object at 0x104d5d880>
Traceback (most recent call last):
  File "/Users/divyanshgolyan/.codex/worktrees/4511/onepage/research/transport-memory/asymmetric_server.py", line 39, in accept
    data=await reader.read(min(left,16384));assert data;hasher.update(data);left-=len(data);request_bytes+=len(data)
                                                   ^^^^
AssertionError
Unhandled exception in client_connected_cb
transport: <asyncio.sslproto._SSLProtocolTransport object at 0x104d5d7f0>
Traceback (most recent call last):
  File "/Users/divyanshgolyan/.codex/worktrees/4511/onepage/research/transport-memory/asymmetric_server.py", line 39, in accept
    data=await reader.read(min(left,16384));assert data;hasher.update(data);left-=len(data);request_bytes+=len(data)
                                                   ^^^^
AssertionError
Unhandled exception in client_connected_cb
transport: <asyncio.sslproto._SSLProtocolTransport object at 0x104d5d760>
Traceback (most recent call last):
  File "/Users/divyanshgolyan/.codex/worktrees/4511/onepage/research/transport-memory/asymmetric_server.py", line 39, in accept
    data=await reader.read(min(left,16384));assert data;hasher.update(data);left-=len(data);request_bytes+=len(data)
                                                   ^^^^
AssertionError
Unhandled exception in client_connected_cb
transport: <asyncio.sslproto._SSLProtocolTransport object at 0x104d5d6d0>
Traceback (most recent call last):
  File "/Users/divyanshgolyan/.codex/worktrees/4511/onepage/research/transport-memory/asymmetric_server.py", line 39, in accept
    data=await reader.read(min(left,16384));assert data;hasher.update(data);left-=len(data);request_bytes+=len(data)
                                                   ^^^^
AssertionError
Unhandled exception in client_connected_cb
transport: <asyncio.sslproto._SSLProtocolTransport object at 0x104d5d640>
Traceback (most recent call last):
  File "/Users/divyanshgolyan/.codex/worktrees/4511/onepage/research/transport-memory/asymmetric_server.py", line 39, in accept
    data=await reader.read(min(left,16384));assert data;hasher.update(data);left-=len(data);request_bytes+=len(data)
                                                   ^^^^
AssertionError
Unhandled exception in client_connected_cb
transport: <asyncio.sslproto._SSLProtocolTransport object at 0x104d5d5b0>
Traceback (most recent call last):
  File "/Users/divyanshgolyan/.codex/worktrees/4511/onepage/research/transport-memory/asymmetric_server.py", line 39, in accept
    data=await reader.read(min(left,16384));assert data;hasher.update(data);left-=len(data);request_bytes+=len(data)
                                                   ^^^^
AssertionError
Unhandled exception in client_connected_cb
transport: <asyncio.sslproto._SSLProtocolTransport object at 0x104d5d520>
Traceback (most recent call last):
  File "/Users/divyanshgolyan/.codex/worktrees/4511/onepage/research/transport-memory/asymmetric_server.py", line 39, in accept
    data=await reader.read(min(left,16384));assert data;hasher.update(data);left-=len(data);request_bytes+=len(data)
                                                   ^^^^
AssertionError
Unhandled exception in client_connected_cb
transport: <asyncio.sslproto._SSLProtocolTransport object at 0x104d5d490>
Traceback (most recent call last):
  File "/Users/divyanshgolyan/.codex/worktrees/4511/onepage/research/transport-memory/asymmetric_server.py", line 39, in accept
    data=await reader.read(min(left,16384));assert data;hasher.update(data);left-=len(data);request_bytes+=len(data)
                                                   ^^^^
AssertionError
Unhandled exception in client_connected_cb
transport: <asyncio.sslproto._SSLProtocolTransport object at 0x104d5d400>
Traceback (most recent call last):
  File "/Users/divyanshgolyan/.codex/worktrees/4511/onepage/research/transport-memory/asymmetric_server.py", line 39, in accept
    data=await reader.read(min(left,16384));assert data;hasher.update(data);left-=len(data);request_bytes+=len(data)
                                                   ^^^^
AssertionError
Unhandled exception in client_connected_cb
transport: <asyncio.sslproto._SSLProtocolTransport object at 0x104d5d370>
Traceback (most recent call last):
  File "/Users/divyanshgolyan/.codex/worktrees/4511/onepage/research/transport-memory/asymmetric_server.py", line 39, in accept
    data=await reader.read(min(left,16384));assert data;hasher.update(data);left-=len(data);request_bytes+=len(data)
                                                   ^^^^
AssertionError
Unhandled exception in client_connected_cb
transport: <asyncio.sslproto._SSLProtocolTransport object at 0x104d5d2e0>
Traceback (most recent call last):
  File "/Users/divyanshgolyan/.codex/worktrees/4511/onepage/research/transport-memory/asymmetric_server.py", line 39, in accept
    data=await reader.read(min(left,16384));assert data;hasher.update(data);left-=len(data);request_bytes+=len(data)
                                                   ^^^^
AssertionError
Unhandled exception in client_connected_cb
transport: <asyncio.sslproto._SSLProtocolTransport object at 0x104d5d250>
Traceback (most recent call last):
  File "/Users/divyanshgolyan/.codex/worktrees/4511/onepage/research/transport-memory/asymmetric_server.py", line 39, in accept
    data=await reader.read(min(left,16384));assert data;hasher.update(data);left-=len(data);request_bytes+=len(data)
                                                   ^^^^
AssertionError
Unhandled exception in client_connected_cb
transport: <asyncio.sslproto._SSLProtocolTransport object at 0x104d5d1c0>
Traceback (most recent call last):
  File "/Users/divyanshgolyan/.codex/worktrees/4511/onepage/research/transport-memory/asymmetric_server.py", line 39, in accept
    data=await reader.read(min(left,16384));assert data;hasher.update(data);left-=len(data);request_bytes+=len(data)
                                                   ^^^^
AssertionError
Unhandled exception in client_connected_cb
transport: <asyncio.sslproto._SSLProtocolTransport object at 0x104d5d130>
Traceback (most recent call last):
  File "/Users/divyanshgolyan/.codex/worktrees/4511/onepage/research/transport-memory/asymmetric_server.py", line 39, in accept
    data=await reader.read(min(left,16384));assert data;hasher.update(data);left-=len(data);request_bytes+=len(data)
                                                   ^^^^
AssertionError
Unhandled exception in client_connected_cb
transport: <asyncio.sslproto._SSLProtocolTransport object at 0x104d5d0a0>
Traceback (most recent call last):
  File "/Users/divyanshgolyan/.codex/worktrees/4511/onepage/research/transport-memory/asymmetric_server.py", line 39, in accept
    data=await reader.read(min(left,16384));assert data;hasher.update(data);left-=len(data);request_bytes+=len(data)
                                                   ^^^^
AssertionError
Unhandled exception in client_connected_cb
transport: <asyncio.sslproto._SSLProtocolTransport object at 0x104d5d010>
Traceback (most recent call last):
  File "/Users/divyanshgolyan/.codex/worktrees/4511/onepage/research/transport-memory/asymmetric_server.py", line 39, in accept
    data=await reader.read(min(left,16384));assert data;hasher.update(data);left-=len(data);request_bytes+=len(data)
                                                   ^^^^
AssertionError
Unhandled exception in client_connected_cb
transport: <asyncio.sslproto._SSLProtocolTransport object at 0x104d5cf80>
Traceback (most recent call last):
  File "/Users/divyanshgolyan/.codex/worktrees/4511/onepage/research/transport-memory/asymmetric_server.py", line 39, in accept
    data=await reader.read(min(left,16384));assert data;hasher.update(data);left-=len(data);request_bytes+=len(data)
                                                   ^^^^
AssertionError
Unhandled exception in client_connected_cb
transport: <asyncio.sslproto._SSLProtocolTransport object at 0x104d5cef0>
Traceback (most recent call last):
  File "/Users/divyanshgolyan/.codex/worktrees/4511/onepage/research/transport-memory/asymmetric_server.py", line 39, in accept
    data=await reader.read(min(left,16384));assert data;hasher.update(data);left-=len(data);request_bytes+=len(data)
                                                   ^^^^
AssertionError
Unhandled exception in client_connected_cb
transport: <asyncio.sslproto._SSLProtocolTransport object at 0x104d5ce60>
Traceback (most recent call last):
  File "/Users/divyanshgolyan/.codex/worktrees/4511/onepage/research/transport-memory/asymmetric_server.py", line 39, in accept
    data=await reader.read(min(left,16384));assert data;hasher.update(data);left-=len(data);request_bytes+=len(data)
                                                   ^^^^
AssertionError
Unhandled exception in client_connected_cb
transport: <asyncio.sslproto._SSLProtocolTransport object at 0x104d5cdd0>
Traceback (most recent call last):
  File "/Users/divyanshgolyan/.codex/worktrees/4511/onepage/research/transport-memory/asymmetric_server.py", line 39, in accept
    data=await reader.read(min(left,16384));assert data;hasher.update(data);left-=len(data);request_bytes+=len(data)
                                                   ^^^^
AssertionError
Unhandled exception in client_connected_cb
transport: <asyncio.sslproto._SSLProtocolTransport object at 0x104d5cd40>
Traceback (most recent call last):
  File "/Users/divyanshgolyan/.codex/worktrees/4511/onepage/research/transport-memory/asymmetric_server.py", line 39, in accept
    data=await reader.read(min(left,16384));assert data;hasher.update(data);left-=len(data);request_bytes+=len(data)
                                                   ^^^^
AssertionError
Unhandled exception in client_connected_cb
transport: <asyncio.sslproto._SSLProtocolTransport object at 0x104d5ccb0>
Traceback (most recent call last):
  File "/Users/divyanshgolyan/.codex/worktrees/4511/onepage/research/transport-memory/asymmetric_server.py", line 39, in accept
    data=await reader.read(min(left,16384));assert data;hasher.update(data);left-=len(data);request_bytes+=len(data)
                                                   ^^^^
AssertionError
Unhandled exception in client_connected_cb
transport: <asyncio.sslproto._SSLProtocolTransport object at 0x104d5cc20>
Traceback (most recent call last):
  File "/Users/divyanshgolyan/.codex/worktrees/4511/onepage/research/transport-memory/asymmetric_server.py", line 39, in accept
    data=await reader.read(min(left,16384));assert data;hasher.update(data);left-=len(data);request_bytes+=len(data)
                                                   ^^^^
AssertionError
Unhandled exception in client_connected_cb
transport: <asyncio.sslproto._SSLProtocolTransport object at 0x104d5cb90>
Traceback (most recent call last):
  File "/Users/divyanshgolyan/.codex/worktrees/4511/onepage/research/transport-memory/asymmetric_server.py", line 39, in accept
    data=await reader.read(min(left,16384));assert data;hasher.update(data);left-=len(data);request_bytes+=len(data)
                                                   ^^^^
AssertionError
Unhandled exception in client_connected_cb
transport: <asyncio.sslproto._SSLProtocolTransport object at 0x104d5cb00>
Traceback (most recent call last):
  File "/Users/divyanshgolyan/.codex/worktrees/4511/onepage/research/transport-memory/asymmetric_server.py", line 39, in accept
    data=await reader.read(min(left,16384));assert data;hasher.update(data);left-=len(data);request_bytes+=len(data)
                                                   ^^^^
AssertionError
Unhandled exception in client_connected_cb
transport: <asyncio.sslproto._SSLProtocolTransport object at 0x104d5ca70>
Traceback (most recent call last):
  File "/Users/divyanshgolyan/.codex/worktrees/4511/onepage/research/transport-memory/asymmetric_server.py", line 39, in accept
    data=await reader.read(min(left,16384));assert data;hasher.update(data);left-=len(data);request_bytes+=len(data)
                                                   ^^^^
AssertionError
Unhandled exception in client_connected_cb
transport: <asyncio.sslproto._SSLProtocolTransport object at 0x104d5c9e0>
Traceback (most recent call last):
  File "/Users/divyanshgolyan/.codex/worktrees/4511/onepage/research/transport-memory/asymmetric_server.py", line 39, in accept
    data=await reader.read(min(left,16384));assert data;hasher.update(data);left-=len(data);request_bytes+=len(data)
                                                   ^^^^
AssertionError
Unhandled exception in client_connected_cb
transport: <asyncio.sslproto._SSLProtocolTransport object at 0x104d5c950>
Traceback (most recent call last):
  File "/Users/divyanshgolyan/.codex/worktrees/4511/onepage/research/transport-memory/asymmetric_server.py", line 39, in accept
    data=await reader.read(min(left,16384));assert data;hasher.update(data);left-=len(data);request_bytes+=len(data)
                                                   ^^^^
AssertionError
Unhandled exception in client_connected_cb
transport: <asyncio.sslproto._SSLProtocolTransport object at 0x104d5c8c0>
Traceback (most recent call last):
  File "/Users/divyanshgolyan/.codex/worktrees/4511/onepage/research/transport-memory/asymmetric_server.py", line 39, in accept
    data=await reader.read(min(left,16384));assert data;hasher.update(data);left-=len(data);request_bytes+=len(data)
                                                   ^^^^
AssertionError
Unhandled exception in client_connected_cb
transport: <asyncio.sslproto._SSLProtocolTransport object at 0x104d5c830>
Traceback (most recent call last):
  File "/Users/divyanshgolyan/.codex/worktrees/4511/onepage/research/transport-memory/asymmetric_server.py", line 39, in accept
    data=await reader.read(min(left,16384));assert data;hasher.update(data);left-=len(data);request_bytes+=len(data)
                                                   ^^^^
AssertionError
Unhandled exception in client_connected_cb
transport: <asyncio.sslproto._SSLProtocolTransport object at 0x104d5c7a0>
Traceback (most recent call last):
  File "/Users/divyanshgolyan/.codex/worktrees/4511/onepage/research/transport-memory/asymmetric_server.py", line 39, in accept
    data=await reader.read(min(left,16384));assert data;hasher.update(data);left-=len(data);request_bytes+=len(data)
                                                   ^^^^
AssertionError
Unhandled exception in client_connected_cb
transport: <asyncio.sslproto._SSLProtocolTransport object at 0x104d5c710>
Traceback (most recent call last):
  File "/Users/divyanshgolyan/.codex/worktrees/4511/onepage/research/transport-memory/asymmetric_server.py", line 39, in accept
    data=await reader.read(min(left,16384));assert data;hasher.update(data);left-=len(data);request_bytes+=len(data)
                                                   ^^^^
AssertionError
Unhandled exception in client_connected_cb
transport: <asyncio.sslproto._SSLProtocolTransport object at 0x104d5c680>
Traceback (most recent call last):
  File "/Users/divyanshgolyan/.codex/worktrees/4511/onepage/research/transport-memory/asymmetric_server.py", line 39, in accept
    data=await reader.read(min(left,16384));assert data;hasher.update(data);left-=len(data);request_bytes+=len(data)
                                                   ^^^^
AssertionError
Unhandled exception in client_connected_cb
transport: <asyncio.sslproto._SSLProtocolTransport object at 0x104d5c5f0>
Traceback (most recent call last):
  File "/Users/divyanshgolyan/.codex/worktrees/4511/onepage/research/transport-memory/asymmetric_server.py", line 39, in accept
    data=await reader.read(min(left,16384));assert data;hasher.update(data);left-=len(data);request_bytes+=len(data)
                                                   ^^^^
AssertionError
Unhandled exception in client_connected_cb
transport: <asyncio.sslproto._SSLProtocolTransport object at 0x104d5c560>
Traceback (most recent call last):
  File "/Users/divyanshgolyan/.codex/worktrees/4511/onepage/research/transport-memory/asymmetric_server.py", line 39, in accept
    data=await reader.read(min(left,16384));assert data;hasher.update(data);left-=len(data);request_bytes+=len(data)
                                                   ^^^^
AssertionError
Unhandled exception in client_connected_cb
transport: <asyncio.sslproto._SSLProtocolTransport object at 0x104d5c4d0>
Traceback (most recent call last):
  File "/Users/divyanshgolyan/.codex/worktrees/4511/onepage/research/transport-memory/asymmetric_server.py", line 39, in accept
    data=await reader.read(min(left,16384));assert data;hasher.update(data);left-=len(data);request_bytes+=len(data)
                                                   ^^^^
AssertionError
Unhandled exception in client_connected_cb
transport: <asyncio.sslproto._SSLProtocolTransport object at 0x104d5c440>
Traceback (most recent call last):
  File "/Users/divyanshgolyan/.codex/worktrees/4511/onepage/research/transport-memory/asymmetric_server.py", line 39, in accept
    data=await reader.read(min(left,16384));assert data;hasher.update(data);left-=len(data);request_bytes+=len(data)
                                                   ^^^^
AssertionError
Unhandled exception in client_connected_cb
transport: <asyncio.sslproto._SSLProtocolTransport object at 0x104d5c3b0>
Traceback (most recent call last):
  File "/Users/divyanshgolyan/.codex/worktrees/4511/onepage/research/transport-memory/asymmetric_server.py", line 39, in accept
    data=await reader.read(min(left,16384));assert data;hasher.update(data);left-=len(data);request_bytes+=len(data)
                                                   ^^^^
AssertionError
Unhandled exception in client_connected_cb
transport: <asyncio.sslproto._SSLProtocolTransport object at 0x104d5c320>
Traceback (most recent call last):
  File "/Users/divyanshgolyan/.codex/worktrees/4511/onepage/research/transport-memory/asymmetric_server.py", line 39, in accept
    data=await reader.read(min(left,16384));assert data;hasher.update(data);left-=len(data);request_bytes+=len(data)
                                                   ^^^^
AssertionError
Unhandled exception in client_connected_cb
transport: <asyncio.sslproto._SSLProtocolTransport object at 0x104d5c290>
Traceback (most recent call last):
  File "/Users/divyanshgolyan/.codex/worktrees/4511/onepage/research/transport-memory/asymmetric_server.py", line 39, in accept
    data=await reader.read(min(left,16384));assert data;hasher.update(data);left-=len(data);request_bytes+=len(data)
                                                   ^^^^
AssertionError
Unhandled exception in client_connected_cb
transport: <asyncio.sslproto._SSLProtocolTransport object at 0x104d5c200>
Traceback (most recent call last):
  File "/Users/divyanshgolyan/.codex/worktrees/4511/onepage/research/transport-memory/asymmetric_server.py", line 39, in accept
    data=await reader.read(min(left,16384));assert data;hasher.update(data);left-=len(data);request_bytes+=len(data)
                                                   ^^^^
AssertionError
Unhandled exception in client_connected_cb
transport: <asyncio.sslproto._SSLProtocolTransport object at 0x104d5c170>
Traceback (most recent call last):
  File "/Users/divyanshgolyan/.codex/worktrees/4511/onepage/research/transport-memory/asymmetric_server.py", line 39, in accept
    data=await reader.read(min(left,16384));assert data;hasher.update(data);left-=len(data);request_bytes+=len(data)
                                                   ^^^^
AssertionError
Unhandled exception in client_connected_cb
transport: <asyncio.sslproto._SSLProtocolTransport object at 0x104d5c0e0>
Traceback (most recent call last):
  File "/Users/divyanshgolyan/.codex/worktrees/4511/onepage/research/transport-memory/asymmetric_server.py", line 39, in accept
    data=await reader.read(min(left,16384));assert data;hasher.update(data);left-=len(data);request_bytes+=len(data)
                                                   ^^^^
AssertionError
Unhandled exception in client_connected_cb
transport: <asyncio.sslproto._SSLProtocolTransport object at 0x104d5c050>
Traceback (most recent call last):
  File "/Users/divyanshgolyan/.codex/worktrees/4511/onepage/research/transport-memory/asymmetric_server.py", line 39, in accept
    data=await reader.read(min(left,16384));assert data;hasher.update(data);left-=len(data);request_bytes+=len(data)
                                                   ^^^^
AssertionError
Unhandled exception in client_connected_cb
transport: <asyncio.sslproto._SSLProtocolTransport object at 0x104baff50>
Traceback (most recent call last):
  File "/Users/divyanshgolyan/.codex/worktrees/4511/onepage/research/transport-memory/asymmetric_server.py", line 39, in accept
    data=await reader.read(min(left,16384));assert data;hasher.update(data);left-=len(data);request_bytes+=len(data)
                                                   ^^^^
AssertionError
Unhandled exception in client_connected_cb
transport: <asyncio.sslproto._SSLProtocolTransport object at 0x104bafec0>
Traceback (most recent call last):
  File "/Users/divyanshgolyan/.codex/worktrees/4511/onepage/research/transport-memory/asymmetric_server.py", line 39, in accept
    data=await reader.read(min(left,16384));assert data;hasher.update(data);left-=len(data);request_bytes+=len(data)
                                                   ^^^^
AssertionError
Unhandled exception in client_connected_cb
transport: <asyncio.sslproto._SSLProtocolTransport object at 0x104bafe30>
Traceback (most recent call last):
  File "/Users/divyanshgolyan/.codex/worktrees/4511/onepage/research/transport-memory/asymmetric_server.py", line 39, in accept
    data=await reader.read(min(left,16384));assert data;hasher.update(data);left-=len(data);request_bytes+=len(data)
                                                   ^^^^
AssertionError
Unhandled exception in client_connected_cb
transport: <asyncio.sslproto._SSLProtocolTransport object at 0x104bafda0>
Traceback (most recent call last):
  File "/Users/divyanshgolyan/.codex/worktrees/4511/onepage/research/transport-memory/asymmetric_server.py", line 39, in accept
    data=await reader.read(min(left,16384));assert data;hasher.update(data);left-=len(data);request_bytes+=len(data)
                                                   ^^^^
AssertionError
Unhandled exception in client_connected_cb
transport: <asyncio.sslproto._SSLProtocolTransport object at 0x104bafd10>
Traceback (most recent call last):
  File "/Users/divyanshgolyan/.codex/worktrees/4511/onepage/research/transport-memory/asymmetric_server.py", line 39, in accept
    data=await reader.read(min(left,16384));assert data;hasher.update(data);left-=len(data);request_bytes+=len(data)
                                                   ^^^^
AssertionError
Unhandled exception in client_connected_cb
transport: <asyncio.sslproto._SSLProtocolTransport object at 0x104bafc80>
Traceback (most recent call last):
  File "/Users/divyanshgolyan/.codex/worktrees/4511/onepage/research/transport-memory/asymmetric_server.py", line 39, in accept
    data=await reader.read(min(left,16384));assert data;hasher.update(data);left-=len(data);request_bytes+=len(data)
                                                   ^^^^
AssertionError
Unhandled exception in client_connected_cb
transport: <asyncio.sslproto._SSLProtocolTransport object at 0x104bafbf0>
Traceback (most recent call last):
  File "/Users/divyanshgolyan/.codex/worktrees/4511/onepage/research/transport-memory/asymmetric_server.py", line 39, in accept
    data=await reader.read(min(left,16384));assert data;hasher.update(data);left-=len(data);request_bytes+=len(data)
                                                   ^^^^
AssertionError
Unhandled exception in client_connected_cb
transport: <asyncio.sslproto._SSLProtocolTransport object at 0x104bafb60>
Traceback (most recent call last):
  File "/Users/divyanshgolyan/.codex/worktrees/4511/onepage/research/transport-memory/asymmetric_server.py", line 39, in accept
    data=await reader.read(min(left,16384));assert data;hasher.update(data);left-=len(data);request_bytes+=len(data)
                                                   ^^^^
AssertionError
Unhandled exception in client_connected_cb
transport: <asyncio.sslproto._SSLProtocolTransport object at 0x104bafad0>
Traceback (most recent call last):
  File "/Users/divyanshgolyan/.codex/worktrees/4511/onepage/research/transport-memory/asymmetric_server.py", line 39, in accept
    data=await reader.read(min(left,16384));assert data;hasher.update(data);left-=len(data);request_bytes+=len(data)
                                                   ^^^^
AssertionError
Unhandled exception in client_connected_cb
transport: <asyncio.sslproto._SSLProtocolTransport object at 0x104bafa40>
Traceback (most recent call last):
  File "/Users/divyanshgolyan/.codex/worktrees/4511/onepage/research/transport-memory/asymmetric_server.py", line 39, in accept
    data=await reader.read(min(left,16384));assert data;hasher.update(data);left-=len(data);request_bytes+=len(data)
                                                   ^^^^
AssertionError
Unhandled exception in client_connected_cb
transport: <asyncio.sslproto._SSLProtocolTransport object at 0x104baf9b0>
Traceback (most recent call last):
  File "/Users/divyanshgolyan/.codex/worktrees/4511/onepage/research/transport-memory/asymmetric_server.py", line 39, in accept
    data=await reader.read(min(left,16384));assert data;hasher.update(data);left-=len(data);request_bytes+=len(data)
                                                   ^^^^
AssertionError
Unhandled exception in client_connected_cb
transport: <asyncio.sslproto._SSLProtocolTransport object at 0x104baf920>
Traceback (most recent call last):
  File "/Users/divyanshgolyan/.codex/worktrees/4511/onepage/research/transport-memory/asymmetric_server.py", line 39, in accept
    data=await reader.read(min(left,16384));assert data;hasher.update(data);left-=len(data);request_bytes+=len(data)
                                                   ^^^^
AssertionError
Unhandled exception in client_connected_cb
transport: <asyncio.sslproto._SSLProtocolTransport object at 0x104baf890>
Traceback (most recent call last):
  File "/Users/divyanshgolyan/.codex/worktrees/4511/onepage/research/transport-memory/asymmetric_server.py", line 39, in accept
    data=await reader.read(min(left,16384));assert data;hasher.update(data);left-=len(data);request_bytes+=len(data)
                                                   ^^^^
AssertionError
Unhandled exception in client_connected_cb
transport: <asyncio.sslproto._SSLProtocolTransport object at 0x104baf800>
Traceback (most recent call last):
  File "/Users/divyanshgolyan/.codex/worktrees/4511/onepage/research/transport-memory/asymmetric_server.py", line 39, in accept
    data=await reader.read(min(left,16384));assert data;hasher.update(data);left-=len(data);request_bytes+=len(data)
                                                   ^^^^
AssertionError
Unhandled exception in client_connected_cb
transport: <asyncio.sslproto._SSLProtocolTransport object at 0x104baf770>
Traceback (most recent call last):
  File "/Users/divyanshgolyan/.codex/worktrees/4511/onepage/research/transport-memory/asymmetric_server.py", line 39, in accept
    data=await reader.read(min(left,16384));assert data;hasher.update(data);left-=len(data);request_bytes+=len(data)
                                                   ^^^^
AssertionError
Unhandled exception in client_connected_cb
transport: <asyncio.sslproto._SSLProtocolTransport object at 0x104baf6e0>
Traceback (most recent call last):
  File "/Users/divyanshgolyan/.codex/worktrees/4511/onepage/research/transport-memory/asymmetric_server.py", line 39, in accept
    data=await reader.read(min(left,16384));assert data;hasher.update(data);left-=len(data);request_bytes+=len(data)
                                                   ^^^^
AssertionError
Unhandled exception in client_connected_cb
transport: <asyncio.sslproto._SSLProtocolTransport object at 0x104baf650>
Traceback (most recent call last):
  File "/Users/divyanshgolyan/.codex/worktrees/4511/onepage/research/transport-memory/asymmetric_server.py", line 39, in accept
    data=await reader.read(min(left,16384));assert data;hasher.update(data);left-=len(data);request_bytes+=len(data)
                                                   ^^^^
AssertionError
Unhandled exception in client_connected_cb
transport: <asyncio.sslproto._SSLProtocolTransport object at 0x104baf5c0>
Traceback (most recent call last):
  File "/Users/divyanshgolyan/.codex/worktrees/4511/onepage/research/transport-memory/asymmetric_server.py", line 39, in accept
    data=await reader.read(min(left,16384));assert data;hasher.update(data);left-=len(data);request_bytes+=len(data)
                                                   ^^^^
AssertionError
Unhandled exception in client_connected_cb
transport: <asyncio.sslproto._SSLProtocolTransport object at 0x104baf530>
Traceback (most recent call last):
  File "/Users/divyanshgolyan/.codex/worktrees/4511/onepage/research/transport-memory/asymmetric_server.py", line 39, in accept
    data=await reader.read(min(left,16384));assert data;hasher.update(data);left-=len(data);request_bytes+=len(data)
                                                   ^^^^
AssertionError
Unhandled exception in client_connected_cb
transport: <asyncio.sslproto._SSLProtocolTransport object at 0x104baf4a0>
Traceback (most recent call last):
  File "/Users/divyanshgolyan/.codex/worktrees/4511/onepage/research/transport-memory/asymmetric_server.py", line 39, in accept
    data=await reader.read(min(left,16384));assert data;hasher.update(data);left-=len(data);request_bytes+=len(data)
                                                   ^^^^
AssertionError
Unhandled exception in client_connected_cb
transport: <asyncio.sslproto._SSLProtocolTransport object at 0x104baf410>
Traceback (most recent call last):
  File "/Users/divyanshgolyan/.codex/worktrees/4511/onepage/research/transport-memory/asymmetric_server.py", line 39, in accept
    data=await reader.read(min(left,16384));assert data;hasher.update(data);left-=len(data);request_bytes+=len(data)
                                                   ^^^^
AssertionError
Unhandled exception in client_connected_cb
transport: <asyncio.sslproto._SSLProtocolTransport object at 0x104baf380>
Traceback (most recent call last):
  File "/Users/divyanshgolyan/.codex/worktrees/4511/onepage/research/transport-memory/asymmetric_server.py", line 39, in accept
    data=await reader.read(min(left,16384));assert data;hasher.update(data);left-=len(data);request_bytes+=len(data)
                                                   ^^^^
AssertionError
Unhandled exception in client_connected_cb
transport: <asyncio.sslproto._SSLProtocolTransport object at 0x104baf2f0>
Traceback (most recent call last):
  File "/Users/divyanshgolyan/.codex/worktrees/4511/onepage/research/transport-memory/asymmetric_server.py", line 39, in accept
    data=await reader.read(min(left,16384));assert data;hasher.update(data);left-=len(data);request_bytes+=len(data)
                                                   ^^^^
AssertionError
Unhandled exception in client_connected_cb
transport: <asyncio.sslproto._SSLProtocolTransport object at 0x104baf260>
Traceback (most recent call last):
  File "/Users/divyanshgolyan/.codex/worktrees/4511/onepage/research/transport-memory/asymmetric_server.py", line 39, in accept
    data=await reader.read(min(left,16384));assert data;hasher.update(data);left-=len(data);request_bytes+=len(data)
                                                   ^^^^
AssertionError
Unhandled exception in client_connected_cb
transport: <asyncio.sslproto._SSLProtocolTransport object at 0x104baf1d0>
Traceback (most recent call last):
  File "/Users/divyanshgolyan/.codex/worktrees/4511/onepage/research/transport-memory/asymmetric_server.py", line 39, in accept
    data=await reader.read(min(left,16384));assert data;hasher.update(data);left-=len(data);request_bytes+=len(data)
                                                   ^^^^
AssertionError
Unhandled exception in client_connected_cb
transport: <asyncio.sslproto._SSLProtocolTransport object at 0x104baf140>
Traceback (most recent call last):
  File "/Users/divyanshgolyan/.codex/worktrees/4511/onepage/research/transport-memory/asymmetric_server.py", line 39, in accept
    data=await reader.read(min(left,16384));assert data;hasher.update(data);left-=len(data);request_bytes+=len(data)
                                                   ^^^^
AssertionError
Unhandled exception in client_connected_cb
transport: <asyncio.sslproto._SSLProtocolTransport object at 0x104baf0b0>
Traceback (most recent call last):
  File "/Users/divyanshgolyan/.codex/worktrees/4511/onepage/research/transport-memory/asymmetric_server.py", line 39, in accept
    data=await reader.read(min(left,16384));assert data;hasher.update(data);left-=len(data);request_bytes+=len(data)
                                                   ^^^^
AssertionError
Unhandled exception in client_connected_cb
transport: <asyncio.sslproto._SSLProtocolTransport object at 0x104baf020>
Traceback (most recent call last):
  File "/Users/divyanshgolyan/.codex/worktrees/4511/onepage/research/transport-memory/asymmetric_server.py", line 39, in accept
    data=await reader.read(min(left,16384));assert data;hasher.update(data);left-=len(data);request_bytes+=len(data)
                                                   ^^^^
AssertionError
Unhandled exception in client_connected_cb
transport: <asyncio.sslproto._SSLProtocolTransport object at 0x104baef90>
Traceback (most recent call last):
  File "/Users/divyanshgolyan/.codex/worktrees/4511/onepage/research/transport-memory/asymmetric_server.py", line 39, in accept
    data=await reader.read(min(left,16384));assert data;hasher.update(data);left-=len(data);request_bytes+=len(data)
                                                   ^^^^
AssertionError
Unhandled exception in client_connected_cb
transport: <asyncio.sslproto._SSLProtocolTransport object at 0x104baef00>
Traceback (most recent call last):
  File "/Users/divyanshgolyan/.codex/worktrees/4511/onepage/research/transport-memory/asymmetric_server.py", line 39, in accept
    data=await reader.read(min(left,16384));assert data;hasher.update(data);left-=len(data);request_bytes+=len(data)
                                                   ^^^^
AssertionError
Unhandled exception in client_connected_cb
transport: <asyncio.sslproto._SSLProtocolTransport object at 0x104baee70>
Traceback (most recent call last):
  File "/Users/divyanshgolyan/.codex/worktrees/4511/onepage/research/transport-memory/asymmetric_server.py", line 39, in accept
    data=await reader.read(min(left,16384));assert data;hasher.update(data);left-=len(data);request_bytes+=len(data)
                                                   ^^^^
AssertionError
Unhandled exception in client_connected_cb
transport: <asyncio.sslproto._SSLProtocolTransport object at 0x104baede0>
Traceback (most recent call last):
  File "/Users/divyanshgolyan/.codex/worktrees/4511/onepage/research/transport-memory/asymmetric_server.py", line 39, in accept
    data=await reader.read(min(left,16384));assert data;hasher.update(data);left-=len(data);request_bytes+=len(data)
                                                   ^^^^
AssertionError
Unhandled exception in client_connected_cb
transport: <asyncio.sslproto._SSLProtocolTransport object at 0x104baed50>
Traceback (most recent call last):
  File "/Users/divyanshgolyan/.codex/worktrees/4511/onepage/research/transport-memory/asymmetric_server.py", line 39, in accept
    data=await reader.read(min(left,16384));assert data;hasher.update(data);left-=len(data);request_bytes+=len(data)
                                                   ^^^^
AssertionError
Unhandled exception in client_connected_cb
transport: <asyncio.sslproto._SSLProtocolTransport object at 0x104baecc0>
Traceback (most recent call last):
  File "/Users/divyanshgolyan/.codex/worktrees/4511/onepage/research/transport-memory/asymmetric_server.py", line 39, in accept
    data=await reader.read(min(left,16384));assert data;hasher.update(data);left-=len(data);request_bytes+=len(data)
                                                   ^^^^
AssertionError
Unhandled exception in client_connected_cb
transport: <asyncio.sslproto._SSLProtocolTransport object at 0x104baec30>
Traceback (most recent call last):
  File "/Users/divyanshgolyan/.codex/worktrees/4511/onepage/research/transport-memory/asymmetric_server.py", line 39, in accept
    data=await reader.read(min(left,16384));assert data;hasher.update(data);left-=len(data);request_bytes+=len(data)
                                                   ^^^^
AssertionError
Unhandled exception in client_connected_cb
transport: <asyncio.sslproto._SSLProtocolTransport object at 0x104baeba0>
Traceback (most recent call last):
  File "/Users/divyanshgolyan/.codex/worktrees/4511/onepage/research/transport-memory/asymmetric_server.py", line 39, in accept
    data=await reader.read(min(left,16384));assert data;hasher.update(data);left-=len(data);request_bytes+=len(data)
                                                   ^^^^
AssertionError
Unhandled exception in client_connected_cb
transport: <asyncio.sslproto._SSLProtocolTransport object at 0x104baeb10>
Traceback (most recent call last):
  File "/Users/divyanshgolyan/.codex/worktrees/4511/onepage/research/transport-memory/asymmetric_server.py", line 39, in accept
    data=await reader.read(min(left,16384));assert data;hasher.update(data);left-=len(data);request_bytes+=len(data)
                                                   ^^^^
AssertionError
Unhandled exception in client_connected_cb
transport: <asyncio.sslproto._SSLProtocolTransport object at 0x104baea80>
Traceback (most recent call last):
  File "/Users/divyanshgolyan/.codex/worktrees/4511/onepage/research/transport-memory/asymmetric_server.py", line 39, in accept
    data=await reader.read(min(left,16384));assert data;hasher.update(data);left-=len(data);request_bytes+=len(data)
                                                   ^^^^
AssertionError
Unhandled exception in client_connected_cb
transport: <asyncio.sslproto._SSLProtocolTransport object at 0x104bae9f0>
Traceback (most recent call last):
  File "/Users/divyanshgolyan/.codex/worktrees/4511/onepage/research/transport-memory/asymmetric_server.py", line 39, in accept
    data=await reader.read(min(left,16384));assert data;hasher.update(data);left-=len(data);request_bytes+=len(data)
                                                   ^^^^
AssertionError
Unhandled exception in client_connected_cb
transport: <asyncio.sslproto._SSLProtocolTransport object at 0x104bae960>
Traceback (most recent call last):
  File "/Users/divyanshgolyan/.codex/worktrees/4511/onepage/research/transport-memory/asymmetric_server.py", line 39, in accept
    data=await reader.read(min(left,16384));assert data;hasher.update(data);left-=len(data);request_bytes+=len(data)
                                                   ^^^^
AssertionError
Unhandled exception in client_connected_cb
transport: <asyncio.sslproto._SSLProtocolTransport object at 0x104bae8d0>
Traceback (most recent call last):
  File "/Users/divyanshgolyan/.codex/worktrees/4511/onepage/research/transport-memory/asymmetric_server.py", line 39, in accept
    data=await reader.read(min(left,16384));assert data;hasher.update(data);left-=len(data);request_bytes+=len(data)
                                                   ^^^^
AssertionError
Unhandled exception in client_connected_cb
transport: <asyncio.sslproto._SSLProtocolTransport object at 0x104bae840>
Traceback (most recent call last):
  File "/Users/divyanshgolyan/.codex/worktrees/4511/onepage/research/transport-memory/asymmetric_server.py", line 39, in accept
    data=await reader.read(min(left,16384));assert data;hasher.update(data);left-=len(data);request_bytes+=len(data)
                                                   ^^^^
AssertionError
Unhandled exception in client_connected_cb
transport: <asyncio.sslproto._SSLProtocolTransport object at 0x104bae7b0>
Traceback (most recent call last):
  File "/Users/divyanshgolyan/.codex/worktrees/4511/onepage/research/transport-memory/asymmetric_server.py", line 39, in accept
    data=await reader.read(min(left,16384));assert data;hasher.update(data);left-=len(data);request_bytes+=len(data)
                                                   ^^^^
AssertionError
Unhandled exception in client_connected_cb
transport: <asyncio.sslproto._SSLProtocolTransport object at 0x104bae720>
Traceback (most recent call last):
  File "/Users/divyanshgolyan/.codex/worktrees/4511/onepage/research/transport-memory/asymmetric_server.py", line 39, in accept
    data=await reader.read(min(left,16384));assert data;hasher.update(data);left-=len(data);request_bytes+=len(data)
                                                   ^^^^
AssertionError
Unhandled exception in client_connected_cb
transport: <asyncio.sslproto._SSLProtocolTransport object at 0x104bae690>
Traceback (most recent call last):
  File "/Users/divyanshgolyan/.codex/worktrees/4511/onepage/research/transport-memory/asymmetric_server.py", line 39, in accept
    data=await reader.read(min(left,16384));assert data;hasher.update(data);left-=len(data);request_bytes+=len(data)
                                                   ^^^^
AssertionError
Unhandled exception in client_connected_cb
transport: <asyncio.sslproto._SSLProtocolTransport object at 0x104bae600>
Traceback (most recent call last):
  File "/Users/divyanshgolyan/.codex/worktrees/4511/onepage/research/transport-memory/asymmetric_server.py", line 39, in accept
    data=await reader.read(min(left,16384));assert data;hasher.update(data);left-=len(data);request_bytes+=len(data)
                                                   ^^^^
AssertionError
Unhandled exception in client_connected_cb
transport: <asyncio.sslproto._SSLProtocolTransport object at 0x104bae570>
Traceback (most recent call last):
  File "/Users/divyanshgolyan/.codex/worktrees/4511/onepage/research/transport-memory/asymmetric_server.py", line 39, in accept
    data=await reader.read(min(left,16384));assert data;hasher.update(data);left-=len(data);request_bytes+=len(data)
                                                   ^^^^
AssertionError
Unhandled exception in client_connected_cb
transport: <asyncio.sslproto._SSLProtocolTransport object at 0x104bae4e0>
Traceback (most recent call last):
  File "/Users/divyanshgolyan/.codex/worktrees/4511/onepage/research/transport-memory/asymmetric_server.py", line 39, in accept
    data=await reader.read(min(left,16384));assert data;hasher.update(data);left-=len(data);request_bytes+=len(data)
                                                   ^^^^
AssertionError
Unhandled exception in client_connected_cb
transport: <asyncio.sslproto._SSLProtocolTransport object at 0x104bae450>
Traceback (most recent call last):
  File "/Users/divyanshgolyan/.codex/worktrees/4511/onepage/research/transport-memory/asymmetric_server.py", line 39, in accept
    data=await reader.read(min(left,16384));assert data;hasher.update(data);left-=len(data);request_bytes+=len(data)
                                                   ^^^^
AssertionError
Unhandled exception in client_connected_cb
transport: <asyncio.sslproto._SSLProtocolTransport object at 0x104bae3c0>
Traceback (most recent call last):
  File "/Users/divyanshgolyan/.codex/worktrees/4511/onepage/research/transport-memory/asymmetric_server.py", line 39, in accept
    data=await reader.read(min(left,16384));assert data;hasher.update(data);left-=len(data);request_bytes+=len(data)
                                                   ^^^^
AssertionError
Unhandled exception in client_connected_cb
transport: <asyncio.sslproto._SSLProtocolTransport object at 0x104bae330>
Traceback (most recent call last):
  File "/Users/divyanshgolyan/.codex/worktrees/4511/onepage/research/transport-memory/asymmetric_server.py", line 39, in accept
    data=await reader.read(min(left,16384));assert data;hasher.update(data);left-=len(data);request_bytes+=len(data)
                                                   ^^^^
AssertionError
Unhandled exception in client_connected_cb
transport: <asyncio.sslproto._SSLProtocolTransport object at 0x104bae2a0>
Traceback (most recent call last):
  File "/Users/divyanshgolyan/.codex/worktrees/4511/onepage/research/transport-memory/asymmetric_server.py", line 39, in accept
    data=await reader.read(min(left,16384));assert data;hasher.update(data);left-=len(data);request_bytes+=len(data)
                                                   ^^^^
AssertionError
Unhandled exception in client_connected_cb
transport: <asyncio.sslproto._SSLProtocolTransport object at 0x104bae210>
Traceback (most recent call last):
  File "/Users/divyanshgolyan/.codex/worktrees/4511/onepage/research/transport-memory/asymmetric_server.py", line 39, in accept
    data=await reader.read(min(left,16384));assert data;hasher.update(data);left-=len(data);request_bytes+=len(data)
                                                   ^^^^
AssertionError
Unhandled exception in client_connected_cb
transport: <asyncio.sslproto._SSLProtocolTransport object at 0x104bae180>
Traceback (most recent call last):
  File "/Users/divyanshgolyan/.codex/worktrees/4511/onepage/research/transport-memory/asymmetric_server.py", line 39, in accept
    data=await reader.read(min(left,16384));assert data;hasher.update(data);left-=len(data);request_bytes+=len(data)
                                                   ^^^^
AssertionError
Unhandled exception in client_connected_cb
transport: <asyncio.sslproto._SSLProtocolTransport object at 0x104bae0f0>
Traceback (most recent call last):
  File "/Users/divyanshgolyan/.codex/worktrees/4511/onepage/research/transport-memory/asymmetric_server.py", line 39, in accept
    data=await reader.read(min(left,16384));assert data;hasher.update(data);left-=len(data);request_bytes+=len(data)
                                                   ^^^^
AssertionError
Unhandled exception in client_connected_cb
transport: <asyncio.sslproto._SSLProtocolTransport object at 0x104bae060>
Traceback (most recent call last):
  File "/Users/divyanshgolyan/.codex/worktrees/4511/onepage/research/transport-memory/asymmetric_server.py", line 39, in accept
    data=await reader.read(min(left,16384));assert data;hasher.update(data);left-=len(data);request_bytes+=len(data)
                                                   ^^^^
AssertionError
Unhandled exception in client_connected_cb
transport: <asyncio.sslproto._SSLProtocolTransport object at 0x104badfd0>
Traceback (most recent call last):
  File "/Users/divyanshgolyan/.codex/worktrees/4511/onepage/research/transport-memory/asymmetric_server.py", line 39, in accept
    data=await reader.read(min(left,16384));assert data;hasher.update(data);left-=len(data);request_bytes+=len(data)
                                                   ^^^^
AssertionError
Unhandled exception in client_connected_cb
transport: <asyncio.sslproto._SSLProtocolTransport object at 0x104badf40>
Traceback (most recent call last):
  File "/Users/divyanshgolyan/.codex/worktrees/4511/onepage/research/transport-memory/asymmetric_server.py", line 39, in accept
    data=await reader.read(min(left,16384));assert data;hasher.update(data);left-=len(data);request_bytes+=len(data)
                                                   ^^^^
AssertionError
Unhandled exception in client_connected_cb
transport: <asyncio.sslproto._SSLProtocolTransport object at 0x104badeb0>
Traceback (most recent call last):
  File "/Users/divyanshgolyan/.codex/worktrees/4511/onepage/research/transport-memory/asymmetric_server.py", line 39, in accept
    data=await reader.read(min(left,16384));assert data;hasher.update(data);left-=len(data);request_bytes+=len(data)
                                                   ^^^^
AssertionError
Unhandled exception in client_connected_cb
transport: <asyncio.sslproto._SSLProtocolTransport object at 0x104bade20>
Traceback (most recent call last):
  File "/Users/divyanshgolyan/.codex/worktrees/4511/onepage/research/transport-memory/asymmetric_server.py", line 39, in accept
    data=await reader.read(min(left,16384));assert data;hasher.update(data);left-=len(data);request_bytes+=len(data)
                                                   ^^^^
AssertionError
Unhandled exception in client_connected_cb
transport: <asyncio.sslproto._SSLProtocolTransport object at 0x104badd90>
Traceback (most recent call last):
  File "/Users/divyanshgolyan/.codex/worktrees/4511/onepage/research/transport-memory/asymmetric_server.py", line 39, in accept
    data=await reader.read(min(left,16384));assert data;hasher.update(data);left-=len(data);request_bytes+=len(data)
                                                   ^^^^
AssertionError
Unhandled exception in client_connected_cb
transport: <asyncio.sslproto._SSLProtocolTransport object at 0x104badd00>
Traceback (most recent call last):
  File "/Users/divyanshgolyan/.codex/worktrees/4511/onepage/research/transport-memory/asymmetric_server.py", line 39, in accept
    data=await reader.read(min(left,16384));assert data;hasher.update(data);left-=len(data);request_bytes+=len(data)
                                                   ^^^^
AssertionError
Unhandled exception in client_connected_cb
transport: <asyncio.sslproto._SSLProtocolTransport object at 0x104badc70>
Traceback (most recent call last):
  File "/Users/divyanshgolyan/.codex/worktrees/4511/onepage/research/transport-memory/asymmetric_server.py", line 39, in accept
    data=await reader.read(min(left,16384));assert data;hasher.update(data);left-=len(data);request_bytes+=len(data)
                                                   ^^^^
AssertionError
Unhandled exception in client_connected_cb
transport: <asyncio.sslproto._SSLProtocolTransport object at 0x104badbe0>
Traceback (most recent call last):
  File "/Users/divyanshgolyan/.codex/worktrees/4511/onepage/research/transport-memory/asymmetric_server.py", line 39, in accept
    data=await reader.read(min(left,16384));assert data;hasher.update(data);left-=len(data);request_bytes+=len(data)
                                                   ^^^^
AssertionError
Unhandled exception in client_connected_cb
transport: <asyncio.sslproto._SSLProtocolTransport object at 0x104badb50>
Traceback (most recent call last):
  File "/Users/divyanshgolyan/.codex/worktrees/4511/onepage/research/transport-memory/asymmetric_server.py", line 39, in accept
    data=await reader.read(min(left,16384));assert data;hasher.update(data);left-=len(data);request_bytes+=len(data)
                                                   ^^^^
AssertionError
Unhandled exception in client_connected_cb
transport: <asyncio.sslproto._SSLProtocolTransport object at 0x104badac0>
Traceback (most recent call last):
  File "/Users/divyanshgolyan/.codex/worktrees/4511/onepage/research/transport-memory/asymmetric_server.py", line 39, in accept
    data=await reader.read(min(left,16384));assert data;hasher.update(data);left-=len(data);request_bytes+=len(data)
                                                   ^^^^
AssertionError
Unhandled exception in client_connected_cb
transport: <asyncio.sslproto._SSLProtocolTransport object at 0x104bada30>
Traceback (most recent call last):
  File "/Users/divyanshgolyan/.codex/worktrees/4511/onepage/research/transport-memory/asymmetric_server.py", line 39, in accept
    data=await reader.read(min(left,16384));assert data;hasher.update(data);left-=len(data);request_bytes+=len(data)
                                                   ^^^^
AssertionError
Unhandled exception in client_connected_cb
transport: <asyncio.sslproto._SSLProtocolTransport object at 0x104bad9a0>
Traceback (most recent call last):
  File "/Users/divyanshgolyan/.codex/worktrees/4511/onepage/research/transport-memory/asymmetric_server.py", line 39, in accept
    data=await reader.read(min(left,16384));assert data;hasher.update(data);left-=len(data);request_bytes+=len(data)
                                                   ^^^^
AssertionError
Unhandled exception in client_connected_cb
transport: <asyncio.sslproto._SSLProtocolTransport object at 0x104bad910>
Traceback (most recent call last):
  File "/Users/divyanshgolyan/.codex/worktrees/4511/onepage/research/transport-memory/asymmetric_server.py", line 39, in accept
    data=await reader.read(min(left,16384));assert data;hasher.update(data);left-=len(data);request_bytes+=len(data)
                                                   ^^^^
AssertionError
Unhandled exception in client_connected_cb
transport: <asyncio.sslproto._SSLProtocolTransport object at 0x104bad880>
Traceback (most recent call last):
  File "/Users/divyanshgolyan/.codex/worktrees/4511/onepage/research/transport-memory/asymmetric_server.py", line 39, in accept
    data=await reader.read(min(left,16384));assert data;hasher.update(data);left-=len(data);request_bytes+=len(data)
                                                   ^^^^
AssertionError
Unhandled exception in client_connected_cb
transport: <asyncio.sslproto._SSLProtocolTransport object at 0x104bad7f0>
Traceback (most recent call last):
  File "/Users/divyanshgolyan/.codex/worktrees/4511/onepage/research/transport-memory/asymmetric_server.py", line 39, in accept
    data=await reader.read(min(left,16384));assert data;hasher.update(data);left-=len(data);request_bytes+=len(data)
                                                   ^^^^
AssertionError
Unhandled exception in client_connected_cb
transport: <asyncio.sslproto._SSLProtocolTransport object at 0x104bad760>
Traceback (most recent call last):
  File "/Users/divyanshgolyan/.codex/worktrees/4511/onepage/research/transport-memory/asymmetric_server.py", line 39, in accept
    data=await reader.read(min(left,16384));assert data;hasher.update(data);left-=len(data);request_bytes+=len(data)
                                                   ^^^^
AssertionError
Unhandled exception in client_connected_cb
transport: <asyncio.sslproto._SSLProtocolTransport object at 0x104bad6d0>
Traceback (most recent call last):
  File "/Users/divyanshgolyan/.codex/worktrees/4511/onepage/research/transport-memory/asymmetric_server.py", line 39, in accept
    data=await reader.read(min(left,16384));assert data;hasher.update(data);left-=len(data);request_bytes+=len(data)
                                                   ^^^^
AssertionError
Unhandled exception in client_connected_cb
transport: <asyncio.sslproto._SSLProtocolTransport object at 0x104bad640>
Traceback (most recent call last):
  File "/Users/divyanshgolyan/.codex/worktrees/4511/onepage/research/transport-memory/asymmetric_server.py", line 39, in accept
    data=await reader.read(min(left,16384));assert data;hasher.update(data);left-=len(data);request_bytes+=len(data)
                                                   ^^^^
AssertionError
Unhandled exception in client_connected_cb
transport: <asyncio.sslproto._SSLProtocolTransport object at 0x104bad5b0>
Traceback (most recent call last):
  File "/Users/divyanshgolyan/.codex/worktrees/4511/onepage/research/transport-memory/asymmetric_server.py", line 39, in accept
    data=await reader.read(min(left,16384));assert data;hasher.update(data);left-=len(data);request_bytes+=len(data)
                                                   ^^^^
AssertionError
Unhandled exception in client_connected_cb
transport: <asyncio.sslproto._SSLProtocolTransport object at 0x104bad520>
Traceback (most recent call last):
  File "/Users/divyanshgolyan/.codex/worktrees/4511/onepage/research/transport-memory/asymmetric_server.py", line 39, in accept
    data=await reader.read(min(left,16384));assert data;hasher.update(data);left-=len(data);request_bytes+=len(data)
                                                   ^^^^
AssertionError
Unhandled exception in client_connected_cb
transport: <asyncio.sslproto._SSLProtocolTransport object at 0x104bad490>
Traceback (most recent call last):
  File "/Users/divyanshgolyan/.codex/worktrees/4511/onepage/research/transport-memory/asymmetric_server.py", line 39, in accept
    data=await reader.read(min(left,16384));assert data;hasher.update(data);left-=len(data);request_bytes+=len(data)
                                                   ^^^^
AssertionError
Unhandled exception in client_connected_cb
transport: <asyncio.sslproto._SSLProtocolTransport object at 0x104bad400>
Traceback (most recent call last):
  File "/Users/divyanshgolyan/.codex/worktrees/4511/onepage/research/transport-memory/asymmetric_server.py", line 39, in accept
    data=await reader.read(min(left,16384));assert data;hasher.update(data);left-=len(data);request_bytes+=len(data)
                                                   ^^^^
AssertionError
Unhandled exception in client_connected_cb
transport: <asyncio.sslproto._SSLProtocolTransport object at 0x104bad370>
Traceback (most recent call last):
  File "/Users/divyanshgolyan/.codex/worktrees/4511/onepage/research/transport-memory/asymmetric_server.py", line 39, in accept
    data=await reader.read(min(left,16384));assert data;hasher.update(data);left-=len(data);request_bytes+=len(data)
                                                   ^^^^
AssertionError
Unhandled exception in client_connected_cb
transport: <asyncio.sslproto._SSLProtocolTransport object at 0x104bad2e0>
Traceback (most recent call last):
  File "/Users/divyanshgolyan/.codex/worktrees/4511/onepage/research/transport-memory/asymmetric_server.py", line 39, in accept
    data=await reader.read(min(left,16384));assert data;hasher.update(data);left-=len(data);request_bytes+=len(data)
                                                   ^^^^
AssertionError
Unhandled exception in client_connected_cb
transport: <asyncio.sslproto._SSLProtocolTransport object at 0x104bad250>
Traceback (most recent call last):
  File "/Users/divyanshgolyan/.codex/worktrees/4511/onepage/research/transport-memory/asymmetric_server.py", line 39, in accept
    data=await reader.read(min(left,16384));assert data;hasher.update(data);left-=len(data);request_bytes+=len(data)
                                                   ^^^^
AssertionError
Unhandled exception in client_connected_cb
transport: <asyncio.sslproto._SSLProtocolTransport object at 0x104bad1c0>
Traceback (most recent call last):
  File "/Users/divyanshgolyan/.codex/worktrees/4511/onepage/research/transport-memory/asymmetric_server.py", line 39, in accept
    data=await reader.read(min(left,16384));assert data;hasher.update(data);left-=len(data);request_bytes+=len(data)
                                                   ^^^^
AssertionError
Unhandled exception in client_connected_cb
transport: <asyncio.sslproto._SSLProtocolTransport object at 0x104bad130>
Traceback (most recent call last):
  File "/Users/divyanshgolyan/.codex/worktrees/4511/onepage/research/transport-memory/asymmetric_server.py", line 39, in accept
    data=await reader.read(min(left,16384));assert data;hasher.update(data);left-=len(data);request_bytes+=len(data)
                                                   ^^^^
AssertionError
Unhandled exception in client_connected_cb
transport: <asyncio.sslproto._SSLProtocolTransport object at 0x104bad0a0>
Traceback (most recent call last):
  File "/Users/divyanshgolyan/.codex/worktrees/4511/onepage/research/transport-memory/asymmetric_server.py", line 39, in accept
    data=await reader.read(min(left,16384));assert data;hasher.update(data);left-=len(data);request_bytes+=len(data)
                                                   ^^^^
AssertionError
Unhandled exception in client_connected_cb
transport: <asyncio.sslproto._SSLProtocolTransport object at 0x104bad010>
Traceback (most recent call last):
  File "/Users/divyanshgolyan/.codex/worktrees/4511/onepage/research/transport-memory/asymmetric_server.py", line 39, in accept
    data=await reader.read(min(left,16384));assert data;hasher.update(data);left-=len(data);request_bytes+=len(data)
                                                   ^^^^
AssertionError
Unhandled exception in client_connected_cb
transport: <asyncio.sslproto._SSLProtocolTransport object at 0x104bacf80>
Traceback (most recent call last):
  File "/Users/divyanshgolyan/.codex/worktrees/4511/onepage/research/transport-memory/asymmetric_server.py", line 39, in accept
    data=await reader.read(min(left,16384));assert data;hasher.update(data);left-=len(data);request_bytes+=len(data)
                                                   ^^^^
AssertionError
Unhandled exception in client_connected_cb
transport: <asyncio.sslproto._SSLProtocolTransport object at 0x104bacef0>
Traceback (most recent call last):
  File "/Users/divyanshgolyan/.codex/worktrees/4511/onepage/research/transport-memory/asymmetric_server.py", line 39, in accept
    data=await reader.read(min(left,16384));assert data;hasher.update(data);left-=len(data);request_bytes+=len(data)
                                                   ^^^^
AssertionError
Unhandled exception in client_connected_cb
transport: <asyncio.sslproto._SSLProtocolTransport object at 0x104bace60>
Traceback (most recent call last):
  File "/Users/divyanshgolyan/.codex/worktrees/4511/onepage/research/transport-memory/asymmetric_server.py", line 39, in accept
    data=await reader.read(min(left,16384));assert data;hasher.update(data);left-=len(data);request_bytes+=len(data)
                                                   ^^^^
AssertionError
Unhandled exception in client_connected_cb
transport: <asyncio.sslproto._SSLProtocolTransport object at 0x104bacdd0>
Traceback (most recent call last):
  File "/Users/divyanshgolyan/.codex/worktrees/4511/onepage/research/transport-memory/asymmetric_server.py", line 39, in accept
    data=await reader.read(min(left,16384));assert data;hasher.update(data);left-=len(data);request_bytes+=len(data)
                                                   ^^^^
AssertionError
Unhandled exception in client_connected_cb
transport: <asyncio.sslproto._SSLProtocolTransport object at 0x104bacd40>
Traceback (most recent call last):
  File "/Users/divyanshgolyan/.codex/worktrees/4511/onepage/research/transport-memory/asymmetric_server.py", line 39, in accept
    data=await reader.read(min(left,16384));assert data;hasher.update(data);left-=len(data);request_bytes+=len(data)
                                                   ^^^^
AssertionError
Unhandled exception in client_connected_cb
transport: <asyncio.sslproto._SSLProtocolTransport object at 0x104baccb0>
Traceback (most recent call last):
  File "/Users/divyanshgolyan/.codex/worktrees/4511/onepage/research/transport-memory/asymmetric_server.py", line 39, in accept
    data=await reader.read(min(left,16384));assert data;hasher.update(data);left-=len(data);request_bytes+=len(data)
                                                   ^^^^
AssertionError
Unhandled exception in client_connected_cb
transport: <asyncio.sslproto._SSLProtocolTransport object at 0x104bacc20>
Traceback (most recent call last):
  File "/Users/divyanshgolyan/.codex/worktrees/4511/onepage/research/transport-memory/asymmetric_server.py", line 39, in accept
    data=await reader.read(min(left,16384));assert data;hasher.update(data);left-=len(data);request_bytes+=len(data)
                                                   ^^^^
AssertionError
Unhandled exception in client_connected_cb
transport: <asyncio.sslproto._SSLProtocolTransport object at 0x104bacb90>
Traceback (most recent call last):
  File "/Users/divyanshgolyan/.codex/worktrees/4511/onepage/research/transport-memory/asymmetric_server.py", line 39, in accept
    data=await reader.read(min(left,16384));assert data;hasher.update(data);left-=len(data);request_bytes+=len(data)
                                                   ^^^^
AssertionError
Unhandled exception in client_connected_cb
transport: <asyncio.sslproto._SSLProtocolTransport object at 0x104bacb00>
Traceback (most recent call last):
  File "/Users/divyanshgolyan/.codex/worktrees/4511/onepage/research/transport-memory/asymmetric_server.py", line 39, in accept
    data=await reader.read(min(left,16384));assert data;hasher.update(data);left-=len(data);request_bytes+=len(data)
                                                   ^^^^
AssertionError
Unhandled exception in client_connected_cb
transport: <asyncio.sslproto._SSLProtocolTransport object at 0x104baca70>
Traceback (most recent call last):
  File "/Users/divyanshgolyan/.codex/worktrees/4511/onepage/research/transport-memory/asymmetric_server.py", line 39, in accept
    data=await reader.read(min(left,16384));assert data;hasher.update(data);left-=len(data);request_bytes+=len(data)
                                                   ^^^^
AssertionError
Unhandled exception in client_connected_cb
transport: <asyncio.sslproto._SSLProtocolTransport object at 0x104bac9e0>
Traceback (most recent call last):
  File "/Users/divyanshgolyan/.codex/worktrees/4511/onepage/research/transport-memory/asymmetric_server.py", line 39, in accept
    data=await reader.read(min(left,16384));assert data;hasher.update(data);left-=len(data);request_bytes+=len(data)
                                                   ^^^^
AssertionError
Unhandled exception in client_connected_cb
transport: <asyncio.sslproto._SSLProtocolTransport object at 0x104bac950>
Traceback (most recent call last):
  File "/Users/divyanshgolyan/.codex/worktrees/4511/onepage/research/transport-memory/asymmetric_server.py", line 39, in accept
    data=await reader.read(min(left,16384));assert data;hasher.update(data);left-=len(data);request_bytes+=len(data)
                                                   ^^^^
AssertionError
Unhandled exception in client_connected_cb
transport: <asyncio.sslproto._SSLProtocolTransport object at 0x104bac8c0>
Traceback (most recent call last):
  File "/Users/divyanshgolyan/.codex/worktrees/4511/onepage/research/transport-memory/asymmetric_server.py", line 39, in accept
    data=await reader.read(min(left,16384));assert data;hasher.update(data);left-=len(data);request_bytes+=len(data)
                                                   ^^^^
AssertionError
Unhandled exception in client_connected_cb
transport: <asyncio.sslproto._SSLProtocolTransport object at 0x104bac830>
Traceback (most recent call last):
  File "/Users/divyanshgolyan/.codex/worktrees/4511/onepage/research/transport-memory/asymmetric_server.py", line 39, in accept
    data=await reader.read(min(left,16384));assert data;hasher.update(data);left-=len(data);request_bytes+=len(data)
                                                   ^^^^
AssertionError
Unhandled exception in client_connected_cb
transport: <asyncio.sslproto._SSLProtocolTransport object at 0x104bac7a0>
Traceback (most recent call last):
  File "/Users/divyanshgolyan/.codex/worktrees/4511/onepage/research/transport-memory/asymmetric_server.py", line 39, in accept
    data=await reader.read(min(left,16384));assert data;hasher.update(data);left-=len(data);request_bytes+=len(data)
                                                   ^^^^
AssertionError
Unhandled exception in client_connected_cb
transport: <asyncio.sslproto._SSLProtocolTransport object at 0x104bac710>
Traceback (most recent call last):
  File "/Users/divyanshgolyan/.codex/worktrees/4511/onepage/research/transport-memory/asymmetric_server.py", line 39, in accept
    data=await reader.read(min(left,16384));assert data;hasher.update(data);left-=len(data);request_bytes+=len(data)
                                                   ^^^^
AssertionError
Unhandled exception in client_connected_cb
transport: <asyncio.sslproto._SSLProtocolTransport object at 0x104bac680>
Traceback (most recent call last):
  File "/Users/divyanshgolyan/.codex/worktrees/4511/onepage/research/transport-memory/asymmetric_server.py", line 39, in accept
    data=await reader.read(min(left,16384));assert data;hasher.update(data);left-=len(data);request_bytes+=len(data)
                                                   ^^^^
AssertionError
Unhandled exception in client_connected_cb
transport: <asyncio.sslproto._SSLProtocolTransport object at 0x104bac5f0>
Traceback (most recent call last):
  File "/Users/divyanshgolyan/.codex/worktrees/4511/onepage/research/transport-memory/asymmetric_server.py", line 39, in accept
    data=await reader.read(min(left,16384));assert data;hasher.update(data);left-=len(data);request_bytes+=len(data)
                                                   ^^^^
AssertionError
Unhandled exception in client_connected_cb
transport: <asyncio.sslproto._SSLProtocolTransport object at 0x104bac560>
Traceback (most recent call last):
  File "/Users/divyanshgolyan/.codex/worktrees/4511/onepage/research/transport-memory/asymmetric_server.py", line 39, in accept
    data=await reader.read(min(left,16384));assert data;hasher.update(data);left-=len(data);request_bytes+=len(data)
                                                   ^^^^
AssertionError
Unhandled exception in client_connected_cb
transport: <asyncio.sslproto._SSLProtocolTransport object at 0x104bac4d0>
Traceback (most recent call last):
  File "/Users/divyanshgolyan/.codex/worktrees/4511/onepage/research/transport-memory/asymmetric_server.py", line 39, in accept
    data=await reader.read(min(left,16384));assert data;hasher.update(data);left-=len(data);request_bytes+=len(data)
                                                   ^^^^
AssertionError
Unhandled exception in client_connected_cb
transport: <asyncio.sslproto._SSLProtocolTransport object at 0x104bac440>
Traceback (most recent call last):
  File "/Users/divyanshgolyan/.codex/worktrees/4511/onepage/research/transport-memory/asymmetric_server.py", line 39, in accept
    data=await reader.read(min(left,16384));assert data;hasher.update(data);left-=len(data);request_bytes+=len(data)
                                                   ^^^^
AssertionError
Unhandled exception in client_connected_cb
transport: <asyncio.sslproto._SSLProtocolTransport object at 0x104bac3b0>
Traceback (most recent call last):
  File "/Users/divyanshgolyan/.codex/worktrees/4511/onepage/research/transport-memory/asymmetric_server.py", line 39, in accept
    data=await reader.read(min(left,16384));assert data;hasher.update(data);left-=len(data);request_bytes+=len(data)
                                                   ^^^^
AssertionError
Unhandled exception in client_connected_cb
transport: <asyncio.sslproto._SSLProtocolTransport object at 0x104bac320>
Traceback (most recent call last):
  File "/Users/divyanshgolyan/.codex/worktrees/4511/onepage/research/transport-memory/asymmetric_server.py", line 39, in accept
    data=await reader.read(min(left,16384));assert data;hasher.update(data);left-=len(data);request_bytes+=len(data)
                                                   ^^^^
AssertionError
Unhandled exception in client_connected_cb
transport: <asyncio.sslproto._SSLProtocolTransport object at 0x104bac290>
Traceback (most recent call last):
  File "/Users/divyanshgolyan/.codex/worktrees/4511/onepage/research/transport-memory/asymmetric_server.py", line 39, in accept
    data=await reader.read(min(left,16384));assert data;hasher.update(data);left-=len(data);request_bytes+=len(data)
                                                   ^^^^
AssertionError
Unhandled exception in client_connected_cb
transport: <asyncio.sslproto._SSLProtocolTransport object at 0x104bac200>
Traceback (most recent call last):
  File "/Users/divyanshgolyan/.codex/worktrees/4511/onepage/research/transport-memory/asymmetric_server.py", line 39, in accept
    data=await reader.read(min(left,16384));assert data;hasher.update(data);left-=len(data);request_bytes+=len(data)
                                                   ^^^^
AssertionError
Unhandled exception in client_connected_cb
transport: <asyncio.sslproto._SSLProtocolTransport object at 0x104bac170>
Traceback (most recent call last):
  File "/Users/divyanshgolyan/.codex/worktrees/4511/onepage/research/transport-memory/asymmetric_server.py", line 39, in accept
    data=await reader.read(min(left,16384));assert data;hasher.update(data);left-=len(data);request_bytes+=len(data)
                                                   ^^^^
AssertionError
Unhandled exception in client_connected_cb
transport: <asyncio.sslproto._SSLProtocolTransport object at 0x104bac0e0>
Traceback (most recent call last):
  File "/Users/divyanshgolyan/.codex/worktrees/4511/onepage/research/transport-memory/asymmetric_server.py", line 39, in accept
    data=await reader.read(min(left,16384));assert data;hasher.update(data);left-=len(data);request_bytes+=len(data)
                                                   ^^^^
AssertionError
Unhandled exception in client_connected_cb
transport: <asyncio.sslproto._SSLProtocolTransport object at 0x104bac050>
Traceback (most recent call last):
  File "/Users/divyanshgolyan/.codex/worktrees/4511/onepage/research/transport-memory/asymmetric_server.py", line 39, in accept
    data=await reader.read(min(left,16384));assert data;hasher.update(data);left-=len(data);request_bytes+=len(data)
                                                   ^^^^
AssertionError
Unhandled exception in client_connected_cb
transport: <asyncio.sslproto._SSLProtocolTransport object at 0x104b0bf50>
Traceback (most recent call last):
  File "/Users/divyanshgolyan/.codex/worktrees/4511/onepage/research/transport-memory/asymmetric_server.py", line 39, in accept
    data=await reader.read(min(left,16384));assert data;hasher.update(data);left-=len(data);request_bytes+=len(data)
                                                   ^^^^
AssertionError
Unhandled exception in client_connected_cb
transport: <asyncio.sslproto._SSLProtocolTransport object at 0x104b0bec0>
Traceback (most recent call last):
  File "/Users/divyanshgolyan/.codex/worktrees/4511/onepage/research/transport-memory/asymmetric_server.py", line 39, in accept
    data=await reader.read(min(left,16384));assert data;hasher.update(data);left-=len(data);request_bytes+=len(data)
                                                   ^^^^
AssertionError
Unhandled exception in client_connected_cb
transport: <asyncio.sslproto._SSLProtocolTransport object at 0x104b0be30>
Traceback (most recent call last):
  File "/Users/divyanshgolyan/.codex/worktrees/4511/onepage/research/transport-memory/asymmetric_server.py", line 39, in accept
    data=await reader.read(min(left,16384));assert data;hasher.update(data);left-=len(data);request_bytes+=len(data)
                                                   ^^^^
AssertionError
Unhandled exception in client_connected_cb
transport: <asyncio.sslproto._SSLProtocolTransport object at 0x104b0bda0>
Traceback (most recent call last):
  File "/Users/divyanshgolyan/.codex/worktrees/4511/onepage/research/transport-memory/asymmetric_server.py", line 39, in accept
    data=await reader.read(min(left,16384));assert data;hasher.update(data);left-=len(data);request_bytes+=len(data)
                                                   ^^^^
AssertionError
Unhandled exception in client_connected_cb
transport: <asyncio.sslproto._SSLProtocolTransport object at 0x104b0bd10>
Traceback (most recent call last):
  File "/Users/divyanshgolyan/.codex/worktrees/4511/onepage/research/transport-memory/asymmetric_server.py", line 39, in accept
    data=await reader.read(min(left,16384));assert data;hasher.update(data);left-=len(data);request_bytes+=len(data)
                                                   ^^^^
AssertionError
Unhandled exception in client_connected_cb
transport: <asyncio.sslproto._SSLProtocolTransport object at 0x104b0bc80>
Traceback (most recent call last):
  File "/Users/divyanshgolyan/.codex/worktrees/4511/onepage/research/transport-memory/asymmetric_server.py", line 39, in accept
    data=await reader.read(min(left,16384));assert data;hasher.update(data);left-=len(data);request_bytes+=len(data)
                                                   ^^^^
AssertionError
Unhandled exception in client_connected_cb
transport: <asyncio.sslproto._SSLProtocolTransport object at 0x104b0bbf0>
Traceback (most recent call last):
  File "/Users/divyanshgolyan/.codex/worktrees/4511/onepage/research/transport-memory/asymmetric_server.py", line 39, in accept
    data=await reader.read(min(left,16384));assert data;hasher.update(data);left-=len(data);request_bytes+=len(data)
                                                   ^^^^
AssertionError
Unhandled exception in client_connected_cb
transport: <asyncio.sslproto._SSLProtocolTransport object at 0x104b0bb60>
Traceback (most recent call last):
  File "/Users/divyanshgolyan/.codex/worktrees/4511/onepage/research/transport-memory/asymmetric_server.py", line 39, in accept
    data=await reader.read(min(left,16384));assert data;hasher.update(data);left-=len(data);request_bytes+=len(data)
                                                   ^^^^
AssertionError
Unhandled exception in client_connected_cb
transport: <asyncio.sslproto._SSLProtocolTransport object at 0x104b0bad0>
Traceback (most recent call last):
  File "/Users/divyanshgolyan/.codex/worktrees/4511/onepage/research/transport-memory/asymmetric_server.py", line 39, in accept
    data=await reader.read(min(left,16384));assert data;hasher.update(data);left-=len(data);request_bytes+=len(data)
                                                   ^^^^
AssertionError
Unhandled exception in client_connected_cb
transport: <asyncio.sslproto._SSLProtocolTransport object at 0x104b0ba40>
Traceback (most recent call last):
  File "/Users/divyanshgolyan/.codex/worktrees/4511/onepage/research/transport-memory/asymmetric_server.py", line 39, in accept
    data=await reader.read(min(left,16384));assert data;hasher.update(data);left-=len(data);request_bytes+=len(data)
                                                   ^^^^
AssertionError
Unhandled exception in client_connected_cb
transport: <asyncio.sslproto._SSLProtocolTransport object at 0x104b0b9b0>
Traceback (most recent call last):
  File "/Users/divyanshgolyan/.codex/worktrees/4511/onepage/research/transport-memory/asymmetric_server.py", line 39, in accept
    data=await reader.read(min(left,16384));assert data;hasher.update(data);left-=len(data);request_bytes+=len(data)
                                                   ^^^^
AssertionError
Unhandled exception in client_connected_cb
transport: <asyncio.sslproto._SSLProtocolTransport object at 0x104b0b920>
Traceback (most recent call last):
  File "/Users/divyanshgolyan/.codex/worktrees/4511/onepage/research/transport-memory/asymmetric_server.py", line 39, in accept
    data=await reader.read(min(left,16384));assert data;hasher.update(data);left-=len(data);request_bytes+=len(data)
                                                   ^^^^
AssertionError
Unhandled exception in client_connected_cb
transport: <asyncio.sslproto._SSLProtocolTransport object at 0x104b0b890>
Traceback (most recent call last):
  File "/Users/divyanshgolyan/.codex/worktrees/4511/onepage/research/transport-memory/asymmetric_server.py", line 39, in accept
    data=await reader.read(min(left,16384));assert data;hasher.update(data);left-=len(data);request_bytes+=len(data)
                                                   ^^^^
AssertionError
Unhandled exception in client_connected_cb
transport: <asyncio.sslproto._SSLProtocolTransport object at 0x104b0b800>
Traceback (most recent call last):
  File "/Users/divyanshgolyan/.codex/worktrees/4511/onepage/research/transport-memory/asymmetric_server.py", line 39, in accept
    data=await reader.read(min(left,16384));assert data;hasher.update(data);left-=len(data);request_bytes+=len(data)
                                                   ^^^^
AssertionError
Unhandled exception in client_connected_cb
transport: <asyncio.sslproto._SSLProtocolTransport object at 0x104b0b770>
Traceback (most recent call last):
  File "/Users/divyanshgolyan/.codex/worktrees/4511/onepage/research/transport-memory/asymmetric_server.py", line 39, in accept
    data=await reader.read(min(left,16384));assert data;hasher.update(data);left-=len(data);request_bytes+=len(data)
                                                   ^^^^
AssertionError
Unhandled exception in client_connected_cb
transport: <asyncio.sslproto._SSLProtocolTransport object at 0x104b0b6e0>
Traceback (most recent call last):
  File "/Users/divyanshgolyan/.codex/worktrees/4511/onepage/research/transport-memory/asymmetric_server.py", line 39, in accept
    data=await reader.read(min(left,16384));assert data;hasher.update(data);left-=len(data);request_bytes+=len(data)
                                                   ^^^^
AssertionError
Unhandled exception in client_connected_cb
transport: <asyncio.sslproto._SSLProtocolTransport object at 0x104b0b650>
Traceback (most recent call last):
  File "/Users/divyanshgolyan/.codex/worktrees/4511/onepage/research/transport-memory/asymmetric_server.py", line 39, in accept
    data=await reader.read(min(left,16384));assert data;hasher.update(data);left-=len(data);request_bytes+=len(data)
                                                   ^^^^
AssertionError
Unhandled exception in client_connected_cb
transport: <asyncio.sslproto._SSLProtocolTransport object at 0x104b0b5c0>
Traceback (most recent call last):
  File "/Users/divyanshgolyan/.codex/worktrees/4511/onepage/research/transport-memory/asymmetric_server.py", line 39, in accept
    data=await reader.read(min(left,16384));assert data;hasher.update(data);left-=len(data);request_bytes+=len(data)
                                                   ^^^^
AssertionError
Unhandled exception in client_connected_cb
transport: <asyncio.sslproto._SSLProtocolTransport object at 0x104b0b530>
Traceback (most recent call last):
  File "/Users/divyanshgolyan/.codex/worktrees/4511/onepage/research/transport-memory/asymmetric_server.py", line 39, in accept
    data=await reader.read(min(left,16384));assert data;hasher.update(data);left-=len(data);request_bytes+=len(data)
                                                   ^^^^
AssertionError
Unhandled exception in client_connected_cb
transport: <asyncio.sslproto._SSLProtocolTransport object at 0x104b0b4a0>
Traceback (most recent call last):
  File "/Users/divyanshgolyan/.codex/worktrees/4511/onepage/research/transport-memory/asymmetric_server.py", line 39, in accept
    data=await reader.read(min(left,16384));assert data;hasher.update(data);left-=len(data);request_bytes+=len(data)
                                                   ^^^^
AssertionError
Unhandled exception in client_connected_cb
transport: <asyncio.sslproto._SSLProtocolTransport object at 0x104b0b410>
Traceback (most recent call last):
  File "/Users/divyanshgolyan/.codex/worktrees/4511/onepage/research/transport-memory/asymmetric_server.py", line 39, in accept
    data=await reader.read(min(left,16384));assert data;hasher.update(data);left-=len(data);request_bytes+=len(data)
                                                   ^^^^
AssertionError
Unhandled exception in client_connected_cb
transport: <asyncio.sslproto._SSLProtocolTransport object at 0x104b0b380>
Traceback (most recent call last):
  File "/Users/divyanshgolyan/.codex/worktrees/4511/onepage/research/transport-memory/asymmetric_server.py", line 39, in accept
    data=await reader.read(min(left,16384));assert data;hasher.update(data);left-=len(data);request_bytes+=len(data)
                                                   ^^^^
AssertionError
Unhandled exception in client_connected_cb
transport: <asyncio.sslproto._SSLProtocolTransport object at 0x104b0b2f0>
Traceback (most recent call last):
  File "/Users/divyanshgolyan/.codex/worktrees/4511/onepage/research/transport-memory/asymmetric_server.py", line 39, in accept
    data=await reader.read(min(left,16384));assert data;hasher.update(data);left-=len(data);request_bytes+=len(data)
                                                   ^^^^
AssertionError
Unhandled exception in client_connected_cb
transport: <asyncio.sslproto._SSLProtocolTransport object at 0x104b0b260>
Traceback (most recent call last):
  File "/Users/divyanshgolyan/.codex/worktrees/4511/onepage/research/transport-memory/asymmetric_server.py", line 39, in accept
    data=await reader.read(min(left,16384));assert data;hasher.update(data);left-=len(data);request_bytes+=len(data)
                                                   ^^^^
AssertionError
Unhandled exception in client_connected_cb
transport: <asyncio.sslproto._SSLProtocolTransport object at 0x104b0b1d0>
Traceback (most recent call last):
  File "/Users/divyanshgolyan/.codex/worktrees/4511/onepage/research/transport-memory/asymmetric_server.py", line 39, in accept
    data=await reader.read(min(left,16384));assert data;hasher.update(data);left-=len(data);request_bytes+=len(data)
                                                   ^^^^
AssertionError
Unhandled exception in client_connected_cb
transport: <asyncio.sslproto._SSLProtocolTransport object at 0x104b0b140>
Traceback (most recent call last):
  File "/Users/divyanshgolyan/.codex/worktrees/4511/onepage/research/transport-memory/asymmetric_server.py", line 39, in accept
    data=await reader.read(min(left,16384));assert data;hasher.update(data);left-=len(data);request_bytes+=len(data)
                                                   ^^^^
AssertionError
Unhandled exception in client_connected_cb
transport: <asyncio.sslproto._SSLProtocolTransport object at 0x104b0b0b0>
Traceback (most recent call last):
  File "/Users/divyanshgolyan/.codex/worktrees/4511/onepage/research/transport-memory/asymmetric_server.py", line 39, in accept
    data=await reader.read(min(left,16384));assert data;hasher.update(data);left-=len(data);request_bytes+=len(data)
                                                   ^^^^
AssertionError
Unhandled exception in client_connected_cb
transport: <asyncio.sslproto._SSLProtocolTransport object at 0x104b0b020>
Traceback (most recent call last):
  File "/Users/divyanshgolyan/.codex/worktrees/4511/onepage/research/transport-memory/asymmetric_server.py", line 39, in accept
    data=await reader.read(min(left,16384));assert data;hasher.update(data);left-=len(data);request_bytes+=len(data)
                                                   ^^^^
AssertionError
Unhandled exception in client_connected_cb
transport: <asyncio.sslproto._SSLProtocolTransport object at 0x104b0af90>
Traceback (most recent call last):
  File "/Users/divyanshgolyan/.codex/worktrees/4511/onepage/research/transport-memory/asymmetric_server.py", line 39, in accept
    data=await reader.read(min(left,16384));assert data;hasher.update(data);left-=len(data);request_bytes+=len(data)
                                                   ^^^^
AssertionError
Unhandled exception in client_connected_cb
transport: <asyncio.sslproto._SSLProtocolTransport object at 0x104b0af00>
Traceback (most recent call last):
  File "/Users/divyanshgolyan/.codex/worktrees/4511/onepage/research/transport-memory/asymmetric_server.py", line 39, in accept
    data=await reader.read(min(left,16384));assert data;hasher.update(data);left-=len(data);request_bytes+=len(data)
                                                   ^^^^
AssertionError
Unhandled exception in client_connected_cb
transport: <asyncio.sslproto._SSLProtocolTransport object at 0x104b0ae70>
Traceback (most recent call last):
  File "/Users/divyanshgolyan/.codex/worktrees/4511/onepage/research/transport-memory/asymmetric_server.py", line 39, in accept
    data=await reader.read(min(left,16384));assert data;hasher.update(data);left-=len(data);request_bytes+=len(data)
                                                   ^^^^
AssertionError
Unhandled exception in client_connected_cb
transport: <asyncio.sslproto._SSLProtocolTransport object at 0x104b0ade0>
Traceback (most recent call last):
  File "/Users/divyanshgolyan/.codex/worktrees/4511/onepage/research/transport-memory/asymmetric_server.py", line 39, in accept
    data=await reader.read(min(left,16384));assert data;hasher.update(data);left-=len(data);request_bytes+=len(data)
                                                   ^^^^
AssertionError
Unhandled exception in client_connected_cb
transport: <asyncio.sslproto._SSLProtocolTransport object at 0x104b0ad50>
Traceback (most recent call last):
  File "/Users/divyanshgolyan/.codex/worktrees/4511/onepage/research/transport-memory/asymmetric_server.py", line 39, in accept
    data=await reader.read(min(left,16384));assert data;hasher.update(data);left-=len(data);request_bytes+=len(data)
                                                   ^^^^
AssertionError
Unhandled exception in client_connected_cb
transport: <asyncio.sslproto._SSLProtocolTransport object at 0x104b0acc0>
Traceback (most recent call last):
  File "/Users/divyanshgolyan/.codex/worktrees/4511/onepage/research/transport-memory/asymmetric_server.py", line 39, in accept
    data=await reader.read(min(left,16384));assert data;hasher.update(data);left-=len(data);request_bytes+=len(data)
                                                   ^^^^
AssertionError
Unhandled exception in client_connected_cb
transport: <asyncio.sslproto._SSLProtocolTransport object at 0x104b0ac30>
Traceback (most recent call last):
  File "/Users/divyanshgolyan/.codex/worktrees/4511/onepage/research/transport-memory/asymmetric_server.py", line 39, in accept
    data=await reader.read(min(left,16384));assert data;hasher.update(data);left-=len(data);request_bytes+=len(data)
                                                   ^^^^
AssertionError
Unhandled exception in client_connected_cb
transport: <asyncio.sslproto._SSLProtocolTransport object at 0x104b0aba0>
Traceback (most recent call last):
  File "/Users/divyanshgolyan/.codex/worktrees/4511/onepage/research/transport-memory/asymmetric_server.py", line 39, in accept
    data=await reader.read(min(left,16384));assert data;hasher.update(data);left-=len(data);request_bytes+=len(data)
                                                   ^^^^
AssertionError
Unhandled exception in client_connected_cb
transport: <asyncio.sslproto._SSLProtocolTransport object at 0x104b0ab10>
Traceback (most recent call last):
  File "/Users/divyanshgolyan/.codex/worktrees/4511/onepage/research/transport-memory/asymmetric_server.py", line 39, in accept
    data=await reader.read(min(left,16384));assert data;hasher.update(data);left-=len(data);request_bytes+=len(data)
                                                   ^^^^
AssertionError
Unhandled exception in client_connected_cb
transport: <asyncio.sslproto._SSLProtocolTransport object at 0x104b0aa80>
Traceback (most recent call last):
  File "/Users/divyanshgolyan/.codex/worktrees/4511/onepage/research/transport-memory/asymmetric_server.py", line 39, in accept
    data=await reader.read(min(left,16384));assert data;hasher.update(data);left-=len(data);request_bytes+=len(data)
                                                   ^^^^
AssertionError
Unhandled exception in client_connected_cb
transport: <asyncio.sslproto._SSLProtocolTransport object at 0x104b0a960>
Traceback (most recent call last):
  File "/Users/divyanshgolyan/.codex/worktrees/4511/onepage/research/transport-memory/asymmetric_server.py", line 39, in accept
    data=await reader.read(min(left,16384));assert data;hasher.update(data);left-=len(data);request_bytes+=len(data)
                                                   ^^^^
AssertionError
Unhandled exception in client_connected_cb
transport: <asyncio.sslproto._SSLProtocolTransport object at 0x104b0a8d0>
Traceback (most recent call last):
  File "/Users/divyanshgolyan/.codex/worktrees/4511/onepage/research/transport-memory/asymmetric_server.py", line 39, in accept
    data=await reader.read(min(left,16384));assert data;hasher.update(data);left-=len(data);request_bytes+=len(data)
                                                   ^^^^
AssertionError
Unhandled exception in client_connected_cb
transport: <asyncio.sslproto._SSLProtocolTransport object at 0x104b0a840>
Traceback (most recent call last):
  File "/Users/divyanshgolyan/.codex/worktrees/4511/onepage/research/transport-memory/asymmetric_server.py", line 39, in accept
    data=await reader.read(min(left,16384));assert data;hasher.update(data);left-=len(data);request_bytes+=len(data)
                                                   ^^^^
AssertionError
Unhandled exception in client_connected_cb
transport: <asyncio.sslproto._SSLProtocolTransport object at 0x104b0a7b0>
Traceback (most recent call last):
  File "/Users/divyanshgolyan/.codex/worktrees/4511/onepage/research/transport-memory/asymmetric_server.py", line 39, in accept
    data=await reader.read(min(left,16384));assert data;hasher.update(data);left-=len(data);request_bytes+=len(data)
                                                   ^^^^
AssertionError
Unhandled exception in client_connected_cb
transport: <asyncio.sslproto._SSLProtocolTransport object at 0x104b0a720>
Traceback (most recent call last):
  File "/Users/divyanshgolyan/.codex/worktrees/4511/onepage/research/transport-memory/asymmetric_server.py", line 39, in accept
    data=await reader.read(min(left,16384));assert data;hasher.update(data);left-=len(data);request_bytes+=len(data)
                                                   ^^^^
AssertionError
Unhandled exception in client_connected_cb
transport: <asyncio.sslproto._SSLProtocolTransport object at 0x104b0a690>
Traceback (most recent call last):
  File "/Users/divyanshgolyan/.codex/worktrees/4511/onepage/research/transport-memory/asymmetric_server.py", line 39, in accept
    data=await reader.read(min(left,16384));assert data;hasher.update(data);left-=len(data);request_bytes+=len(data)
                                                   ^^^^
AssertionError
Unhandled exception in client_connected_cb
transport: <asyncio.sslproto._SSLProtocolTransport object at 0x104b0a600>
Traceback (most recent call last):
  File "/Users/divyanshgolyan/.codex/worktrees/4511/onepage/research/transport-memory/asymmetric_server.py", line 39, in accept
    data=await reader.read(min(left,16384));assert data;hasher.update(data);left-=len(data);request_bytes+=len(data)
                                                   ^^^^
AssertionError
Unhandled exception in client_connected_cb
transport: <asyncio.sslproto._SSLProtocolTransport object at 0x104b0a570>
Traceback (most recent call last):
  File "/Users/divyanshgolyan/.codex/worktrees/4511/onepage/research/transport-memory/asymmetric_server.py", line 39, in accept
    data=await reader.read(min(left,16384));assert data;hasher.update(data);left-=len(data);request_bytes+=len(data)
                                                   ^^^^
AssertionError
Unhandled exception in client_connected_cb
transport: <asyncio.sslproto._SSLProtocolTransport object at 0x104b0a4e0>
Traceback (most recent call last):
  File "/Users/divyanshgolyan/.codex/worktrees/4511/onepage/research/transport-memory/asymmetric_server.py", line 39, in accept
    data=await reader.read(min(left,16384));assert data;hasher.update(data);left-=len(data);request_bytes+=len(data)
                                                   ^^^^
AssertionError
Unhandled exception in client_connected_cb
transport: <asyncio.sslproto._SSLProtocolTransport object at 0x104b0a450>
Traceback (most recent call last):
  File "/Users/divyanshgolyan/.codex/worktrees/4511/onepage/research/transport-memory/asymmetric_server.py", line 39, in accept
    data=await reader.read(min(left,16384));assert data;hasher.update(data);left-=len(data);request_bytes+=len(data)
                                                   ^^^^
AssertionError
Unhandled exception in client_connected_cb
transport: <asyncio.sslproto._SSLProtocolTransport object at 0x104b0a3c0>
Traceback (most recent call last):
  File "/Users/divyanshgolyan/.codex/worktrees/4511/onepage/research/transport-memory/asymmetric_server.py", line 39, in accept
    data=await reader.read(min(left,16384));assert data;hasher.update(data);left-=len(data);request_bytes+=len(data)
                                                   ^^^^
AssertionError
Unhandled exception in client_connected_cb
transport: <asyncio.sslproto._SSLProtocolTransport object at 0x104b0a330>
Traceback (most recent call last):
  File "/Users/divyanshgolyan/.codex/worktrees/4511/onepage/research/transport-memory/asymmetric_server.py", line 39, in accept
    data=await reader.read(min(left,16384));assert data;hasher.update(data);left-=len(data);request_bytes+=len(data)
                                                   ^^^^
AssertionError
Unhandled exception in client_connected_cb
transport: <asyncio.sslproto._SSLProtocolTransport object at 0x104b0a2a0>
Traceback (most recent call last):
  File "/Users/divyanshgolyan/.codex/worktrees/4511/onepage/research/transport-memory/asymmetric_server.py", line 39, in accept
    data=await reader.read(min(left,16384));assert data;hasher.update(data);left-=len(data);request_bytes+=len(data)
                                                   ^^^^
AssertionError
Unhandled exception in client_connected_cb
transport: <asyncio.sslproto._SSLProtocolTransport object at 0x104b0a210>
Traceback (most recent call last):
  File "/Users/divyanshgolyan/.codex/worktrees/4511/onepage/research/transport-memory/asymmetric_server.py", line 39, in accept
    data=await reader.read(min(left,16384));assert data;hasher.update(data);left-=len(data);request_bytes+=len(data)
                                                   ^^^^
AssertionError
Unhandled exception in client_connected_cb
transport: <asyncio.sslproto._SSLProtocolTransport object at 0x104b0a180>
Traceback (most recent call last):
  File "/Users/divyanshgolyan/.codex/worktrees/4511/onepage/research/transport-memory/asymmetric_server.py", line 39, in accept
    data=await reader.read(min(left,16384));assert data;hasher.update(data);left-=len(data);request_bytes+=len(data)
                                                   ^^^^
AssertionError
Unhandled exception in client_connected_cb
transport: <asyncio.sslproto._SSLProtocolTransport object at 0x104b0a0f0>
Traceback (most recent call last):
  File "/Users/divyanshgolyan/.codex/worktrees/4511/onepage/research/transport-memory/asymmetric_server.py", line 39, in accept
    data=await reader.read(min(left,16384));assert data;hasher.update(data);left-=len(data);request_bytes+=len(data)
                                                   ^^^^
AssertionError
Unhandled exception in client_connected_cb
transport: <asyncio.sslproto._SSLProtocolTransport object at 0x104b0a060>
Traceback (most recent call last):
  File "/Users/divyanshgolyan/.codex/worktrees/4511/onepage/research/transport-memory/asymmetric_server.py", line 39, in accept
    data=await reader.read(min(left,16384));assert data;hasher.update(data);left-=len(data);request_bytes+=len(data)
                                                   ^^^^
AssertionError
Unhandled exception in client_connected_cb
transport: <asyncio.sslproto._SSLProtocolTransport object at 0x104b09fd0>
Traceback (most recent call last):
  File "/Users/divyanshgolyan/.codex/worktrees/4511/onepage/research/transport-memory/asymmetric_server.py", line 39, in accept
    data=await reader.read(min(left,16384));assert data;hasher.update(data);left-=len(data);request_bytes+=len(data)
                                                   ^^^^
AssertionError
Unhandled exception in client_connected_cb
transport: <asyncio.sslproto._SSLProtocolTransport object at 0x104b09f40>
Traceback (most recent call last):
  File "/Users/divyanshgolyan/.codex/worktrees/4511/onepage/research/transport-memory/asymmetric_server.py", line 39, in accept
    data=await reader.read(min(left,16384));assert data;hasher.update(data);left-=len(data);request_bytes+=len(data)
                                                   ^^^^
AssertionError
Unhandled exception in client_connected_cb
transport: <asyncio.sslproto._SSLProtocolTransport object at 0x104b09eb0>
Traceback (most recent call last):
  File "/Users/divyanshgolyan/.codex/worktrees/4511/onepage/research/transport-memory/asymmetric_server.py", line 39, in accept
    data=await reader.read(min(left,16384));assert data;hasher.update(data);left-=len(data);request_bytes+=len(data)
                                                   ^^^^
AssertionError
Unhandled exception in client_connected_cb
transport: <asyncio.sslproto._SSLProtocolTransport object at 0x104b09e20>
Traceback (most recent call last):
  File "/Users/divyanshgolyan/.codex/worktrees/4511/onepage/research/transport-memory/asymmetric_server.py", line 39, in accept
    data=await reader.read(min(left,16384));assert data;hasher.update(data);left-=len(data);request_bytes+=len(data)
                                                   ^^^^
AssertionError
Unhandled exception in client_connected_cb
transport: <asyncio.sslproto._SSLProtocolTransport object at 0x104b09d90>
Traceback (most recent call last):
  File "/Users/divyanshgolyan/.codex/worktrees/4511/onepage/research/transport-memory/asymmetric_server.py", line 39, in accept
    data=await reader.read(min(left,16384));assert data;hasher.update(data);left-=len(data);request_bytes+=len(data)
                                                   ^^^^
AssertionError
Unhandled exception in client_connected_cb
transport: <asyncio.sslproto._SSLProtocolTransport object at 0x104b09d00>
Traceback (most recent call last):
  File "/Users/divyanshgolyan/.codex/worktrees/4511/onepage/research/transport-memory/asymmetric_server.py", line 39, in accept
    data=await reader.read(min(left,16384));assert data;hasher.update(data);left-=len(data);request_bytes+=len(data)
                                                   ^^^^
AssertionError
Unhandled exception in client_connected_cb
transport: <asyncio.sslproto._SSLProtocolTransport object at 0x104b09c70>
Traceback (most recent call last):
  File "/Users/divyanshgolyan/.codex/worktrees/4511/onepage/research/transport-memory/asymmetric_server.py", line 39, in accept
    data=await reader.read(min(left,16384));assert data;hasher.update(data);left-=len(data);request_bytes+=len(data)
                                                   ^^^^
AssertionError
Unhandled exception in client_connected_cb
transport: <asyncio.sslproto._SSLProtocolTransport object at 0x104b09be0>
Traceback (most recent call last):
  File "/Users/divyanshgolyan/.codex/worktrees/4511/onepage/research/transport-memory/asymmetric_server.py", line 39, in accept
    data=await reader.read(min(left,16384));assert data;hasher.update(data);left-=len(data);request_bytes+=len(data)
                                                   ^^^^
AssertionError
Unhandled exception in client_connected_cb
transport: <asyncio.sslproto._SSLProtocolTransport object at 0x104b09b50>
Traceback (most recent call last):
  File "/Users/divyanshgolyan/.codex/worktrees/4511/onepage/research/transport-memory/asymmetric_server.py", line 39, in accept
    data=await reader.read(min(left,16384));assert data;hasher.update(data);left-=len(data);request_bytes+=len(data)
                                                   ^^^^
AssertionError
Unhandled exception in client_connected_cb
transport: <asyncio.sslproto._SSLProtocolTransport object at 0x104b09ac0>
Traceback (most recent call last):
  File "/Users/divyanshgolyan/.codex/worktrees/4511/onepage/research/transport-memory/asymmetric_server.py", line 39, in accept
    data=await reader.read(min(left,16384));assert data;hasher.update(data);left-=len(data);request_bytes+=len(data)
                                                   ^^^^
AssertionError
Unhandled exception in client_connected_cb
transport: <asyncio.sslproto._SSLProtocolTransport object at 0x104b09a30>
Traceback (most recent call last):
  File "/Users/divyanshgolyan/.codex/worktrees/4511/onepage/research/transport-memory/asymmetric_server.py", line 39, in accept
    data=await reader.read(min(left,16384));assert data;hasher.update(data);left-=len(data);request_bytes+=len(data)
                                                   ^^^^
AssertionError
Unhandled exception in client_connected_cb
transport: <asyncio.sslproto._SSLProtocolTransport object at 0x104b099a0>
Traceback (most recent call last):
  File "/Users/divyanshgolyan/.codex/worktrees/4511/onepage/research/transport-memory/asymmetric_server.py", line 39, in accept
    data=await reader.read(min(left,16384));assert data;hasher.update(data);left-=len(data);request_bytes+=len(data)
                                                   ^^^^
AssertionError
Unhandled exception in client_connected_cb
transport: <asyncio.sslproto._SSLProtocolTransport object at 0x104b09910>
Traceback (most recent call last):
  File "/Users/divyanshgolyan/.codex/worktrees/4511/onepage/research/transport-memory/asymmetric_server.py", line 39, in accept
    data=await reader.read(min(left,16384));assert data;hasher.update(data);left-=len(data);request_bytes+=len(data)
                                                   ^^^^
AssertionError
Unhandled exception in client_connected_cb
transport: <asyncio.sslproto._SSLProtocolTransport object at 0x104b09880>
Traceback (most recent call last):
  File "/Users/divyanshgolyan/.codex/worktrees/4511/onepage/research/transport-memory/asymmetric_server.py", line 39, in accept
    data=await reader.read(min(left,16384));assert data;hasher.update(data);left-=len(data);request_bytes+=len(data)
                                                   ^^^^
AssertionError
Unhandled exception in client_connected_cb
transport: <asyncio.sslproto._SSLProtocolTransport object at 0x104b097f0>
Traceback (most recent call last):
  File "/Users/divyanshgolyan/.codex/worktrees/4511/onepage/research/transport-memory/asymmetric_server.py", line 39, in accept
    data=await reader.read(min(left,16384));assert data;hasher.update(data);left-=len(data);request_bytes+=len(data)
                                                   ^^^^
AssertionError
Unhandled exception in client_connected_cb
transport: <asyncio.sslproto._SSLProtocolTransport object at 0x104b09760>
Traceback (most recent call last):
  File "/Users/divyanshgolyan/.codex/worktrees/4511/onepage/research/transport-memory/asymmetric_server.py", line 39, in accept
    data=await reader.read(min(left,16384));assert data;hasher.update(data);left-=len(data);request_bytes+=len(data)
                                                   ^^^^
AssertionError
Unhandled exception in client_connected_cb
transport: <asyncio.sslproto._SSLProtocolTransport object at 0x104b096d0>
Traceback (most recent call last):
  File "/Users/divyanshgolyan/.codex/worktrees/4511/onepage/research/transport-memory/asymmetric_server.py", line 39, in accept
    data=await reader.read(min(left,16384));assert data;hasher.update(data);left-=len(data);request_bytes+=len(data)
                                                   ^^^^
AssertionError
Unhandled exception in client_connected_cb
transport: <asyncio.sslproto._SSLProtocolTransport object at 0x104b09640>
Traceback (most recent call last):
  File "/Users/divyanshgolyan/.codex/worktrees/4511/onepage/research/transport-memory/asymmetric_server.py", line 39, in accept
    data=await reader.read(min(left,16384));assert data;hasher.update(data);left-=len(data);request_bytes+=len(data)
                                                   ^^^^
AssertionError
Unhandled exception in client_connected_cb
transport: <asyncio.sslproto._SSLProtocolTransport object at 0x104b095b0>
Traceback (most recent call last):
  File "/Users/divyanshgolyan/.codex/worktrees/4511/onepage/research/transport-memory/asymmetric_server.py", line 39, in accept
    data=await reader.read(min(left,16384));assert data;hasher.update(data);left-=len(data);request_bytes+=len(data)
                                                   ^^^^
AssertionError
Unhandled exception in client_connected_cb
transport: <asyncio.sslproto._SSLProtocolTransport object at 0x104b09520>
Traceback (most recent call last):
  File "/Users/divyanshgolyan/.codex/worktrees/4511/onepage/research/transport-memory/asymmetric_server.py", line 39, in accept
    data=await reader.read(min(left,16384));assert data;hasher.update(data);left-=len(data);request_bytes+=len(data)
                                                   ^^^^
AssertionError
Unhandled exception in client_connected_cb
transport: <asyncio.sslproto._SSLProtocolTransport object at 0x104b09490>
Traceback (most recent call last):
  File "/Users/divyanshgolyan/.codex/worktrees/4511/onepage/research/transport-memory/asymmetric_server.py", line 39, in accept
    data=await reader.read(min(left,16384));assert data;hasher.update(data);left-=len(data);request_bytes+=len(data)
                                                   ^^^^
AssertionError
Unhandled exception in client_connected_cb
transport: <asyncio.sslproto._SSLProtocolTransport object at 0x104b09400>
Traceback (most recent call last):
  File "/Users/divyanshgolyan/.codex/worktrees/4511/onepage/research/transport-memory/asymmetric_server.py", line 39, in accept
    data=await reader.read(min(left,16384));assert data;hasher.update(data);left-=len(data);request_bytes+=len(data)
                                                   ^^^^
AssertionError
Unhandled exception in client_connected_cb
transport: <asyncio.sslproto._SSLProtocolTransport object at 0x104b09370>
Traceback (most recent call last):
  File "/Users/divyanshgolyan/.codex/worktrees/4511/onepage/research/transport-memory/asymmetric_server.py", line 39, in accept
    data=await reader.read(min(left,16384));assert data;hasher.update(data);left-=len(data);request_bytes+=len(data)
                                                   ^^^^
AssertionError
Unhandled exception in client_connected_cb
transport: <asyncio.sslproto._SSLProtocolTransport object at 0x104b092e0>
Traceback (most recent call last):
  File "/Users/divyanshgolyan/.codex/worktrees/4511/onepage/research/transport-memory/asymmetric_server.py", line 39, in accept
    data=await reader.read(min(left,16384));assert data;hasher.update(data);left-=len(data);request_bytes+=len(data)
                                                   ^^^^
AssertionError
Unhandled exception in client_connected_cb
transport: <asyncio.sslproto._SSLProtocolTransport object at 0x104b09250>
Traceback (most recent call last):
  File "/Users/divyanshgolyan/.codex/worktrees/4511/onepage/research/transport-memory/asymmetric_server.py", line 39, in accept
    data=await reader.read(min(left,16384));assert data;hasher.update(data);left-=len(data);request_bytes+=len(data)
                                                   ^^^^
AssertionError
Unhandled exception in client_connected_cb
transport: <asyncio.sslproto._SSLProtocolTransport object at 0x104b091c0>
Traceback (most recent call last):
  File "/Users/divyanshgolyan/.codex/worktrees/4511/onepage/research/transport-memory/asymmetric_server.py", line 39, in accept
    data=await reader.read(min(left,16384));assert data;hasher.update(data);left-=len(data);request_bytes+=len(data)
                                                   ^^^^
AssertionError
Unhandled exception in client_connected_cb
transport: <asyncio.sslproto._SSLProtocolTransport object at 0x104b09130>
Traceback (most recent call last):
  File "/Users/divyanshgolyan/.codex/worktrees/4511/onepage/research/transport-memory/asymmetric_server.py", line 39, in accept
    data=await reader.read(min(left,16384));assert data;hasher.update(data);left-=len(data);request_bytes+=len(data)
                                                   ^^^^
AssertionError
Unhandled exception in client_connected_cb
transport: <asyncio.sslproto._SSLProtocolTransport object at 0x104b090a0>
Traceback (most recent call last):
  File "/Users/divyanshgolyan/.codex/worktrees/4511/onepage/research/transport-memory/asymmetric_server.py", line 39, in accept
    data=await reader.read(min(left,16384));assert data;hasher.update(data);left-=len(data);request_bytes+=len(data)
                                                   ^^^^
AssertionError
Unhandled exception in client_connected_cb
transport: <asyncio.sslproto._SSLProtocolTransport object at 0x104b09010>
Traceback (most recent call last):
  File "/Users/divyanshgolyan/.codex/worktrees/4511/onepage/research/transport-memory/asymmetric_server.py", line 39, in accept
    data=await reader.read(min(left,16384));assert data;hasher.update(data);left-=len(data);request_bytes+=len(data)
                                                   ^^^^
AssertionError
Unhandled exception in client_connected_cb
transport: <asyncio.sslproto._SSLProtocolTransport object at 0x104b08f80>
Traceback (most recent call last):
  File "/Users/divyanshgolyan/.codex/worktrees/4511/onepage/research/transport-memory/asymmetric_server.py", line 39, in accept
    data=await reader.read(min(left,16384));assert data;hasher.update(data);left-=len(data);request_bytes+=len(data)
                                                   ^^^^
AssertionError
Unhandled exception in client_connected_cb
transport: <asyncio.sslproto._SSLProtocolTransport object at 0x104b08ef0>
Traceback (most recent call last):
  File "/Users/divyanshgolyan/.codex/worktrees/4511/onepage/research/transport-memory/asymmetric_server.py", line 39, in accept
    data=await reader.read(min(left,16384));assert data;hasher.update(data);left-=len(data);request_bytes+=len(data)
                                                   ^^^^
AssertionError
Unhandled exception in client_connected_cb
transport: <asyncio.sslproto._SSLProtocolTransport object at 0x104b08e60>
Traceback (most recent call last):
  File "/Users/divyanshgolyan/.codex/worktrees/4511/onepage/research/transport-memory/asymmetric_server.py", line 39, in accept
    data=await reader.read(min(left,16384));assert data;hasher.update(data);left-=len(data);request_bytes+=len(data)
                                                   ^^^^
AssertionError
Unhandled exception in client_connected_cb
transport: <asyncio.sslproto._SSLProtocolTransport object at 0x104b08dd0>
Traceback (most recent call last):
  File "/Users/divyanshgolyan/.codex/worktrees/4511/onepage/research/transport-memory/asymmetric_server.py", line 39, in accept
    data=await reader.read(min(left,16384));assert data;hasher.update(data);left-=len(data);request_bytes+=len(data)
                                                   ^^^^
AssertionError
Unhandled exception in client_connected_cb
transport: <asyncio.sslproto._SSLProtocolTransport object at 0x104b08d40>
Traceback (most recent call last):
  File "/Users/divyanshgolyan/.codex/worktrees/4511/onepage/research/transport-memory/asymmetric_server.py", line 39, in accept
    data=await reader.read(min(left,16384));assert data;hasher.update(data);left-=len(data);request_bytes+=len(data)
                                                   ^^^^
AssertionError
Unhandled exception in client_connected_cb
transport: <asyncio.sslproto._SSLProtocolTransport object at 0x104b08cb0>
Traceback (most recent call last):
  File "/Users/divyanshgolyan/.codex/worktrees/4511/onepage/research/transport-memory/asymmetric_server.py", line 39, in accept
    data=await reader.read(min(left,16384));assert data;hasher.update(data);left-=len(data);request_bytes+=len(data)
                                                   ^^^^
AssertionError
Unhandled exception in client_connected_cb
transport: <asyncio.sslproto._SSLProtocolTransport object at 0x104b08c20>
Traceback (most recent call last):
  File "/Users/divyanshgolyan/.codex/worktrees/4511/onepage/research/transport-memory/asymmetric_server.py", line 39, in accept
    data=await reader.read(min(left,16384));assert data;hasher.update(data);left-=len(data);request_bytes+=len(data)
                                                   ^^^^
AssertionError
Unhandled exception in client_connected_cb
transport: <asyncio.sslproto._SSLProtocolTransport object at 0x104b08b90>
Traceback (most recent call last):
  File "/Users/divyanshgolyan/.codex/worktrees/4511/onepage/research/transport-memory/asymmetric_server.py", line 39, in accept
    data=await reader.read(min(left,16384));assert data;hasher.update(data);left-=len(data);request_bytes+=len(data)
                                                   ^^^^
AssertionError
Unhandled exception in client_connected_cb
transport: <asyncio.sslproto._SSLProtocolTransport object at 0x104b08b00>
Traceback (most recent call last):
  File "/Users/divyanshgolyan/.codex/worktrees/4511/onepage/research/transport-memory/asymmetric_server.py", line 39, in accept
    data=await reader.read(min(left,16384));assert data;hasher.update(data);left-=len(data);request_bytes+=len(data)
                                                   ^^^^
AssertionError
Unhandled exception in client_connected_cb
transport: <asyncio.sslproto._SSLProtocolTransport object at 0x104b08a70>
Traceback (most recent call last):
  File "/Users/divyanshgolyan/.codex/worktrees/4511/onepage/research/transport-memory/asymmetric_server.py", line 39, in accept
    data=await reader.read(min(left,16384));assert data;hasher.update(data);left-=len(data);request_bytes+=len(data)
                                                   ^^^^
AssertionError
Unhandled exception in client_connected_cb
transport: <asyncio.sslproto._SSLProtocolTransport object at 0x104b089e0>
Traceback (most recent call last):
  File "/Users/divyanshgolyan/.codex/worktrees/4511/onepage/research/transport-memory/asymmetric_server.py", line 39, in accept
    data=await reader.read(min(left,16384));assert data;hasher.update(data);left-=len(data);request_bytes+=len(data)
                                                   ^^^^
AssertionError
Unhandled exception in client_connected_cb
transport: <asyncio.sslproto._SSLProtocolTransport object at 0x104b08950>
Traceback (most recent call last):
  File "/Users/divyanshgolyan/.codex/worktrees/4511/onepage/research/transport-memory/asymmetric_server.py", line 39, in accept
    data=await reader.read(min(left,16384));assert data;hasher.update(data);left-=len(data);request_bytes+=len(data)
                                                   ^^^^
AssertionError
Unhandled exception in client_connected_cb
transport: <asyncio.sslproto._SSLProtocolTransport object at 0x104b088c0>
Traceback (most recent call last):
  File "/Users/divyanshgolyan/.codex/worktrees/4511/onepage/research/transport-memory/asymmetric_server.py", line 39, in accept
    data=await reader.read(min(left,16384));assert data;hasher.update(data);left-=len(data);request_bytes+=len(data)
                                                   ^^^^
AssertionError
Unhandled exception in client_connected_cb
transport: <asyncio.sslproto._SSLProtocolTransport object at 0x104b08830>
Traceback (most recent call last):
  File "/Users/divyanshgolyan/.codex/worktrees/4511/onepage/research/transport-memory/asymmetric_server.py", line 39, in accept
    data=await reader.read(min(left,16384));assert data;hasher.update(data);left-=len(data);request_bytes+=len(data)
                                                   ^^^^
AssertionError
Unhandled exception in client_connected_cb
transport: <asyncio.sslproto._SSLProtocolTransport object at 0x104b087a0>
Traceback (most recent call last):
  File "/Users/divyanshgolyan/.codex/worktrees/4511/onepage/research/transport-memory/asymmetric_server.py", line 39, in accept
    data=await reader.read(min(left,16384));assert data;hasher.update(data);left-=len(data);request_bytes+=len(data)
                                                   ^^^^
AssertionError
Unhandled exception in client_connected_cb
transport: <asyncio.sslproto._SSLProtocolTransport object at 0x104b08710>
Traceback (most recent call last):
  File "/Users/divyanshgolyan/.codex/worktrees/4511/onepage/research/transport-memory/asymmetric_server.py", line 39, in accept
    data=await reader.read(min(left,16384));assert data;hasher.update(data);left-=len(data);request_bytes+=len(data)
                                                   ^^^^
AssertionError
Unhandled exception in client_connected_cb
transport: <asyncio.sslproto._SSLProtocolTransport object at 0x104b08680>
Traceback (most recent call last):
  File "/Users/divyanshgolyan/.codex/worktrees/4511/onepage/research/transport-memory/asymmetric_server.py", line 39, in accept
    data=await reader.read(min(left,16384));assert data;hasher.update(data);left-=len(data);request_bytes+=len(data)
                                                   ^^^^
AssertionError
Unhandled exception in client_connected_cb
transport: <asyncio.sslproto._SSLProtocolTransport object at 0x104b085f0>
Traceback (most recent call last):
  File "/Users/divyanshgolyan/.codex/worktrees/4511/onepage/research/transport-memory/asymmetric_server.py", line 39, in accept
    data=await reader.read(min(left,16384));assert data;hasher.update(data);left-=len(data);request_bytes+=len(data)
                                                   ^^^^
AssertionError
Unhandled exception in client_connected_cb
transport: <asyncio.sslproto._SSLProtocolTransport object at 0x104b08560>
Traceback (most recent call last):
  File "/Users/divyanshgolyan/.codex/worktrees/4511/onepage/research/transport-memory/asymmetric_server.py", line 39, in accept
    data=await reader.read(min(left,16384));assert data;hasher.update(data);left-=len(data);request_bytes+=len(data)
                                                   ^^^^
AssertionError
Unhandled exception in client_connected_cb
transport: <asyncio.sslproto._SSLProtocolTransport object at 0x104b084d0>
Traceback (most recent call last):
  File "/Users/divyanshgolyan/.codex/worktrees/4511/onepage/research/transport-memory/asymmetric_server.py", line 39, in accept
    data=await reader.read(min(left,16384));assert data;hasher.update(data);left-=len(data);request_bytes+=len(data)
                                                   ^^^^
AssertionError
Unhandled exception in client_connected_cb
transport: <asyncio.sslproto._SSLProtocolTransport object at 0x104b08440>
Traceback (most recent call last):
  File "/Users/divyanshgolyan/.codex/worktrees/4511/onepage/research/transport-memory/asymmetric_server.py", line 39, in accept
    data=await reader.read(min(left,16384));assert data;hasher.update(data);left-=len(data);request_bytes+=len(data)
                                                   ^^^^
AssertionError
Unhandled exception in client_connected_cb
transport: <asyncio.sslproto._SSLProtocolTransport object at 0x104b083b0>
Traceback (most recent call last):
  File "/Users/divyanshgolyan/.codex/worktrees/4511/onepage/research/transport-memory/asymmetric_server.py", line 39, in accept
    data=await reader.read(min(left,16384));assert data;hasher.update(data);left-=len(data);request_bytes+=len(data)
                                                   ^^^^
AssertionError
Unhandled exception in client_connected_cb
transport: <asyncio.sslproto._SSLProtocolTransport object at 0x104b08320>
Traceback (most recent call last):
  File "/Users/divyanshgolyan/.codex/worktrees/4511/onepage/research/transport-memory/asymmetric_server.py", line 39, in accept
    data=await reader.read(min(left,16384));assert data;hasher.update(data);left-=len(data);request_bytes+=len(data)
                                                   ^^^^
AssertionError
Unhandled exception in client_connected_cb
transport: <asyncio.sslproto._SSLProtocolTransport object at 0x104b08290>
Traceback (most recent call last):
  File "/Users/divyanshgolyan/.codex/worktrees/4511/onepage/research/transport-memory/asymmetric_server.py", line 39, in accept
    data=await reader.read(min(left,16384));assert data;hasher.update(data);left-=len(data);request_bytes+=len(data)
                                                   ^^^^
AssertionError
Unhandled exception in client_connected_cb
transport: <asyncio.sslproto._SSLProtocolTransport object at 0x104b08200>
Traceback (most recent call last):
  File "/Users/divyanshgolyan/.codex/worktrees/4511/onepage/research/transport-memory/asymmetric_server.py", line 39, in accept
    data=await reader.read(min(left,16384));assert data;hasher.update(data);left-=len(data);request_bytes+=len(data)
                                                   ^^^^
AssertionError
Unhandled exception in client_connected_cb
transport: <asyncio.sslproto._SSLProtocolTransport object at 0x104b08170>
Traceback (most recent call last):
  File "/Users/divyanshgolyan/.codex/worktrees/4511/onepage/research/transport-memory/asymmetric_server.py", line 39, in accept
    data=await reader.read(min(left,16384));assert data;hasher.update(data);left-=len(data);request_bytes+=len(data)
                                                   ^^^^
AssertionError
Unhandled exception in client_connected_cb
transport: <asyncio.sslproto._SSLProtocolTransport object at 0x104b080e0>
Traceback (most recent call last):
  File "/Users/divyanshgolyan/.codex/worktrees/4511/onepage/research/transport-memory/asymmetric_server.py", line 39, in accept
    data=await reader.read(min(left,16384));assert data;hasher.update(data);left-=len(data);request_bytes+=len(data)
                                                   ^^^^
AssertionError
Unhandled exception in client_connected_cb
transport: <asyncio.sslproto._SSLProtocolTransport object at 0x104b08050>
Traceback (most recent call last):
  File "/Users/divyanshgolyan/.codex/worktrees/4511/onepage/research/transport-memory/asymmetric_server.py", line 39, in accept
    data=await reader.read(min(left,16384));assert data;hasher.update(data);left-=len(data);request_bytes+=len(data)
                                                   ^^^^
AssertionError
Unhandled exception in client_connected_cb
transport: <asyncio.sslproto._SSLProtocolTransport object at 0x104367f50>
Traceback (most recent call last):
  File "/Users/divyanshgolyan/.codex/worktrees/4511/onepage/research/transport-memory/asymmetric_server.py", line 39, in accept
    data=await reader.read(min(left,16384));assert data;hasher.update(data);left-=len(data);request_bytes+=len(data)
                                                   ^^^^
AssertionError
Unhandled exception in client_connected_cb
transport: <asyncio.sslproto._SSLProtocolTransport object at 0x104367ec0>
Traceback (most recent call last):
  File "/Users/divyanshgolyan/.codex/worktrees/4511/onepage/research/transport-memory/asymmetric_server.py", line 39, in accept
    data=await reader.read(min(left,16384));assert data;hasher.update(data);left-=len(data);request_bytes+=len(data)
                                                   ^^^^
AssertionError
Unhandled exception in client_connected_cb
transport: <asyncio.sslproto._SSLProtocolTransport object at 0x104367e30>
Traceback (most recent call last):
  File "/Users/divyanshgolyan/.codex/worktrees/4511/onepage/research/transport-memory/asymmetric_server.py", line 39, in accept
    data=await reader.read(min(left,16384));assert data;hasher.update(data);left-=len(data);request_bytes+=len(data)
                                                   ^^^^
AssertionError
Unhandled exception in client_connected_cb
transport: <asyncio.sslproto._SSLProtocolTransport object at 0x104367da0>
Traceback (most recent call last):
  File "/Users/divyanshgolyan/.codex/worktrees/4511/onepage/research/transport-memory/asymmetric_server.py", line 39, in accept
    data=await reader.read(min(left,16384));assert data;hasher.update(data);left-=len(data);request_bytes+=len(data)
                                                   ^^^^
AssertionError
Unhandled exception in client_connected_cb
transport: <asyncio.sslproto._SSLProtocolTransport object at 0x104367d10>
Traceback (most recent call last):
  File "/Users/divyanshgolyan/.codex/worktrees/4511/onepage/research/transport-memory/asymmetric_server.py", line 39, in accept
    data=await reader.read(min(left,16384));assert data;hasher.update(data);left-=len(data);request_bytes+=len(data)
                                                   ^^^^
AssertionError
Unhandled exception in client_connected_cb
transport: <asyncio.sslproto._SSLProtocolTransport object at 0x104367c80>
Traceback (most recent call last):
  File "/Users/divyanshgolyan/.codex/worktrees/4511/onepage/research/transport-memory/asymmetric_server.py", line 39, in accept
    data=await reader.read(min(left,16384));assert data;hasher.update(data);left-=len(data);request_bytes+=len(data)
                                                   ^^^^
AssertionError
Unhandled exception in client_connected_cb
transport: <asyncio.sslproto._SSLProtocolTransport object at 0x104367bf0>
Traceback (most recent call last):
  File "/Users/divyanshgolyan/.codex/worktrees/4511/onepage/research/transport-memory/asymmetric_server.py", line 39, in accept
    data=await reader.read(min(left,16384));assert data;hasher.update(data);left-=len(data);request_bytes+=len(data)
                                                   ^^^^
AssertionError
Unhandled exception in client_connected_cb
transport: <asyncio.sslproto._SSLProtocolTransport object at 0x104367b60>
Traceback (most recent call last):
  File "/Users/divyanshgolyan/.codex/worktrees/4511/onepage/research/transport-memory/asymmetric_server.py", line 39, in accept
    data=await reader.read(min(left,16384));assert data;hasher.update(data);left-=len(data);request_bytes+=len(data)
                                                   ^^^^
AssertionError
Unhandled exception in client_connected_cb
transport: <asyncio.sslproto._SSLProtocolTransport object at 0x104367ad0>
Traceback (most recent call last):
  File "/Users/divyanshgolyan/.codex/worktrees/4511/onepage/research/transport-memory/asymmetric_server.py", line 39, in accept
    data=await reader.read(min(left,16384));assert data;hasher.update(data);left-=len(data);request_bytes+=len(data)
                                                   ^^^^
AssertionError
Unhandled exception in client_connected_cb
transport: <asyncio.sslproto._SSLProtocolTransport object at 0x104367a40>
Traceback (most recent call last):
  File "/Users/divyanshgolyan/.codex/worktrees/4511/onepage/research/transport-memory/asymmetric_server.py", line 39, in accept
    data=await reader.read(min(left,16384));assert data;hasher.update(data);left-=len(data);request_bytes+=len(data)
                                                   ^^^^
AssertionError
Unhandled exception in client_connected_cb
transport: <asyncio.sslproto._SSLProtocolTransport object at 0x1043679b0>
Traceback (most recent call last):
  File "/Users/divyanshgolyan/.codex/worktrees/4511/onepage/research/transport-memory/asymmetric_server.py", line 39, in accept
    data=await reader.read(min(left,16384));assert data;hasher.update(data);left-=len(data);request_bytes+=len(data)
                                                   ^^^^
AssertionError
Unhandled exception in client_connected_cb
transport: <asyncio.sslproto._SSLProtocolTransport object at 0x104367920>
Traceback (most recent call last):
  File "/Users/divyanshgolyan/.codex/worktrees/4511/onepage/research/transport-memory/asymmetric_server.py", line 39, in accept
    data=await reader.read(min(left,16384));assert data;hasher.update(data);left-=len(data);request_bytes+=len(data)
                                                   ^^^^
AssertionError
Unhandled exception in client_connected_cb
transport: <asyncio.sslproto._SSLProtocolTransport object at 0x104367890>
Traceback (most recent call last):
  File "/Users/divyanshgolyan/.codex/worktrees/4511/onepage/research/transport-memory/asymmetric_server.py", line 39, in accept
    data=await reader.read(min(left,16384));assert data;hasher.update(data);left-=len(data);request_bytes+=len(data)
                                                   ^^^^
AssertionError
Unhandled exception in client_connected_cb
transport: <asyncio.sslproto._SSLProtocolTransport object at 0x104367800>
Traceback (most recent call last):
  File "/Users/divyanshgolyan/.codex/worktrees/4511/onepage/research/transport-memory/asymmetric_server.py", line 39, in accept
    data=await reader.read(min(left,16384));assert data;hasher.update(data);left-=len(data);request_bytes+=len(data)
                                                   ^^^^
AssertionError
Unhandled exception in client_connected_cb
transport: <asyncio.sslproto._SSLProtocolTransport object at 0x104367770>
Traceback (most recent call last):
  File "/Users/divyanshgolyan/.codex/worktrees/4511/onepage/research/transport-memory/asymmetric_server.py", line 39, in accept
    data=await reader.read(min(left,16384));assert data;hasher.update(data);left-=len(data);request_bytes+=len(data)
                                                   ^^^^
AssertionError
Unhandled exception in client_connected_cb
transport: <asyncio.sslproto._SSLProtocolTransport object at 0x1043676e0>
Traceback (most recent call last):
  File "/Users/divyanshgolyan/.codex/worktrees/4511/onepage/research/transport-memory/asymmetric_server.py", line 39, in accept
    data=await reader.read(min(left,16384));assert data;hasher.update(data);left-=len(data);request_bytes+=len(data)
                                                   ^^^^
AssertionError
Unhandled exception in client_connected_cb
transport: <asyncio.sslproto._SSLProtocolTransport object at 0x104367650>
Traceback (most recent call last):
  File "/Users/divyanshgolyan/.codex/worktrees/4511/onepage/research/transport-memory/asymmetric_server.py", line 39, in accept
    data=await reader.read(min(left,16384));assert data;hasher.update(data);left-=len(data);request_bytes+=len(data)
                                                   ^^^^
AssertionError
Unhandled exception in client_connected_cb
transport: <asyncio.sslproto._SSLProtocolTransport object at 0x1043675c0>
Traceback (most recent call last):
  File "/Users/divyanshgolyan/.codex/worktrees/4511/onepage/research/transport-memory/asymmetric_server.py", line 39, in accept
    data=await reader.read(min(left,16384));assert data;hasher.update(data);left-=len(data);request_bytes+=len(data)
                                                   ^^^^
AssertionError
Unhandled exception in client_connected_cb
transport: <asyncio.sslproto._SSLProtocolTransport object at 0x104367530>
Traceback (most recent call last):
  File "/Users/divyanshgolyan/.codex/worktrees/4511/onepage/research/transport-memory/asymmetric_server.py", line 39, in accept
    data=await reader.read(min(left,16384));assert data;hasher.update(data);left-=len(data);request_bytes+=len(data)
                                                   ^^^^
AssertionError
Unhandled exception in client_connected_cb
transport: <asyncio.sslproto._SSLProtocolTransport object at 0x1043674a0>
Traceback (most recent call last):
  File "/Users/divyanshgolyan/.codex/worktrees/4511/onepage/research/transport-memory/asymmetric_server.py", line 39, in accept
    data=await reader.read(min(left,16384));assert data;hasher.update(data);left-=len(data);request_bytes+=len(data)
                                                   ^^^^
AssertionError
Unhandled exception in client_connected_cb
transport: <asyncio.sslproto._SSLProtocolTransport object at 0x104367410>
Traceback (most recent call last):
  File "/Users/divyanshgolyan/.codex/worktrees/4511/onepage/research/transport-memory/asymmetric_server.py", line 39, in accept
    data=await reader.read(min(left,16384));assert data;hasher.update(data);left-=len(data);request_bytes+=len(data)
                                                   ^^^^
AssertionError
Unhandled exception in client_connected_cb
transport: <asyncio.sslproto._SSLProtocolTransport object at 0x104367380>
Traceback (most recent call last):
  File "/Users/divyanshgolyan/.codex/worktrees/4511/onepage/research/transport-memory/asymmetric_server.py", line 39, in accept
    data=await reader.read(min(left,16384));assert data;hasher.update(data);left-=len(data);request_bytes+=len(data)
                                                   ^^^^
AssertionError
Unhandled exception in client_connected_cb
transport: <asyncio.sslproto._SSLProtocolTransport object at 0x1043672f0>
Traceback (most recent call last):
  File "/Users/divyanshgolyan/.codex/worktrees/4511/onepage/research/transport-memory/asymmetric_server.py", line 39, in accept
    data=await reader.read(min(left,16384));assert data;hasher.update(data);left-=len(data);request_bytes+=len(data)
                                                   ^^^^
AssertionError
Unhandled exception in client_connected_cb
transport: <asyncio.sslproto._SSLProtocolTransport object at 0x104367260>
Traceback (most recent call last):
  File "/Users/divyanshgolyan/.codex/worktrees/4511/onepage/research/transport-memory/asymmetric_server.py", line 39, in accept
    data=await reader.read(min(left,16384));assert data;hasher.update(data);left-=len(data);request_bytes+=len(data)
                                                   ^^^^
AssertionError
Unhandled exception in client_connected_cb
transport: <asyncio.sslproto._SSLProtocolTransport object at 0x1043671d0>
Traceback (most recent call last):
  File "/Users/divyanshgolyan/.codex/worktrees/4511/onepage/research/transport-memory/asymmetric_server.py", line 39, in accept
    data=await reader.read(min(left,16384));assert data;hasher.update(data);left-=len(data);request_bytes+=len(data)
                                                   ^^^^
AssertionError
Unhandled exception in client_connected_cb
transport: <asyncio.sslproto._SSLProtocolTransport object at 0x104367140>
Traceback (most recent call last):
  File "/Users/divyanshgolyan/.codex/worktrees/4511/onepage/research/transport-memory/asymmetric_server.py", line 39, in accept
    data=await reader.read(min(left,16384));assert data;hasher.update(data);left-=len(data);request_bytes+=len(data)
                                                   ^^^^
AssertionError
Unhandled exception in client_connected_cb
transport: <asyncio.sslproto._SSLProtocolTransport object at 0x1043670b0>
Traceback (most recent call last):
  File "/Users/divyanshgolyan/.codex/worktrees/4511/onepage/research/transport-memory/asymmetric_server.py", line 39, in accept
    data=await reader.read(min(left,16384));assert data;hasher.update(data);left-=len(data);request_bytes+=len(data)
                                                   ^^^^
AssertionError
Unhandled exception in client_connected_cb
transport: <asyncio.sslproto._SSLProtocolTransport object at 0x104367020>
Traceback (most recent call last):
  File "/Users/divyanshgolyan/.codex/worktrees/4511/onepage/research/transport-memory/asymmetric_server.py", line 39, in accept
    data=await reader.read(min(left,16384));assert data;hasher.update(data);left-=len(data);request_bytes+=len(data)
                                                   ^^^^
AssertionError
Unhandled exception in client_connected_cb
transport: <asyncio.sslproto._SSLProtocolTransport object at 0x104366f90>
Traceback (most recent call last):
  File "/Users/divyanshgolyan/.codex/worktrees/4511/onepage/research/transport-memory/asymmetric_server.py", line 39, in accept
    data=await reader.read(min(left,16384));assert data;hasher.update(data);left-=len(data);request_bytes+=len(data)
                                                   ^^^^
AssertionError
Unhandled exception in client_connected_cb
transport: <asyncio.sslproto._SSLProtocolTransport object at 0x104366f00>
Traceback (most recent call last):
  File "/Users/divyanshgolyan/.codex/worktrees/4511/onepage/research/transport-memory/asymmetric_server.py", line 39, in accept
    data=await reader.read(min(left,16384));assert data;hasher.update(data);left-=len(data);request_bytes+=len(data)
                                                   ^^^^
AssertionError
Unhandled exception in client_connected_cb
transport: <asyncio.sslproto._SSLProtocolTransport object at 0x104366e70>
Traceback (most recent call last):
  File "/Users/divyanshgolyan/.codex/worktrees/4511/onepage/research/transport-memory/asymmetric_server.py", line 39, in accept
    data=await reader.read(min(left,16384));assert data;hasher.update(data);left-=len(data);request_bytes+=len(data)
                                                   ^^^^
AssertionError
Unhandled exception in client_connected_cb
transport: <asyncio.sslproto._SSLProtocolTransport object at 0x104366de0>
Traceback (most recent call last):
  File "/Users/divyanshgolyan/.codex/worktrees/4511/onepage/research/transport-memory/asymmetric_server.py", line 39, in accept
    data=await reader.read(min(left,16384));assert data;hasher.update(data);left-=len(data);request_bytes+=len(data)
                                                   ^^^^
AssertionError
Unhandled exception in client_connected_cb
transport: <asyncio.sslproto._SSLProtocolTransport object at 0x104366d50>
Traceback (most recent call last):
  File "/Users/divyanshgolyan/.codex/worktrees/4511/onepage/research/transport-memory/asymmetric_server.py", line 39, in accept
    data=await reader.read(min(left,16384));assert data;hasher.update(data);left-=len(data);request_bytes+=len(data)
                                                   ^^^^
AssertionError
Unhandled exception in client_connected_cb
transport: <asyncio.sslproto._SSLProtocolTransport object at 0x104366cc0>
Traceback (most recent call last):
  File "/Users/divyanshgolyan/.codex/worktrees/4511/onepage/research/transport-memory/asymmetric_server.py", line 39, in accept
    data=await reader.read(min(left,16384));assert data;hasher.update(data);left-=len(data);request_bytes+=len(data)
                                                   ^^^^
AssertionError
Unhandled exception in client_connected_cb
transport: <asyncio.sslproto._SSLProtocolTransport object at 0x104366c30>
Traceback (most recent call last):
  File "/Users/divyanshgolyan/.codex/worktrees/4511/onepage/research/transport-memory/asymmetric_server.py", line 39, in accept
    data=await reader.read(min(left,16384));assert data;hasher.update(data);left-=len(data);request_bytes+=len(data)
                                                   ^^^^
AssertionError
Unhandled exception in client_connected_cb
transport: <asyncio.sslproto._SSLProtocolTransport object at 0x104366ba0>
Traceback (most recent call last):
  File "/Users/divyanshgolyan/.codex/worktrees/4511/onepage/research/transport-memory/asymmetric_server.py", line 39, in accept
    data=await reader.read(min(left,16384));assert data;hasher.update(data);left-=len(data);request_bytes+=len(data)
                                                   ^^^^
AssertionError
Unhandled exception in client_connected_cb
transport: <asyncio.sslproto._SSLProtocolTransport object at 0x104366b10>
Traceback (most recent call last):
  File "/Users/divyanshgolyan/.codex/worktrees/4511/onepage/research/transport-memory/asymmetric_server.py", line 39, in accept
    data=await reader.read(min(left,16384));assert data;hasher.update(data);left-=len(data);request_bytes+=len(data)
                                                   ^^^^
AssertionError
Unhandled exception in client_connected_cb
transport: <asyncio.sslproto._SSLProtocolTransport object at 0x104366a80>
Traceback (most recent call last):
  File "/Users/divyanshgolyan/.codex/worktrees/4511/onepage/research/transport-memory/asymmetric_server.py", line 39, in accept
    data=await reader.read(min(left,16384));assert data;hasher.update(data);left-=len(data);request_bytes+=len(data)
                                                   ^^^^
AssertionError
Unhandled exception in client_connected_cb
transport: <asyncio.sslproto._SSLProtocolTransport object at 0x1043669f0>
Traceback (most recent call last):
  File "/Users/divyanshgolyan/.codex/worktrees/4511/onepage/research/transport-memory/asymmetric_server.py", line 39, in accept
    data=await reader.read(min(left,16384));assert data;hasher.update(data);left-=len(data);request_bytes+=len(data)
                                                   ^^^^
AssertionError
Unhandled exception in client_connected_cb
transport: <asyncio.sslproto._SSLProtocolTransport object at 0x104366960>
Traceback (most recent call last):
  File "/Users/divyanshgolyan/.codex/worktrees/4511/onepage/research/transport-memory/asymmetric_server.py", line 39, in accept
    data=await reader.read(min(left,16384));assert data;hasher.update(data);left-=len(data);request_bytes+=len(data)
                                                   ^^^^
AssertionError
Unhandled exception in client_connected_cb
transport: <asyncio.sslproto._SSLProtocolTransport object at 0x1043668d0>
Traceback (most recent call last):
  File "/Users/divyanshgolyan/.codex/worktrees/4511/onepage/research/transport-memory/asymmetric_server.py", line 39, in accept
    data=await reader.read(min(left,16384));assert data;hasher.update(data);left-=len(data);request_bytes+=len(data)
                                                   ^^^^
AssertionError
Unhandled exception in client_connected_cb
transport: <asyncio.sslproto._SSLProtocolTransport object at 0x104366840>
Traceback (most recent call last):
  File "/Users/divyanshgolyan/.codex/worktrees/4511/onepage/research/transport-memory/asymmetric_server.py", line 39, in accept
    data=await reader.read(min(left,16384));assert data;hasher.update(data);left-=len(data);request_bytes+=len(data)
                                                   ^^^^
AssertionError
Unhandled exception in client_connected_cb
transport: <asyncio.sslproto._SSLProtocolTransport object at 0x1043667b0>
Traceback (most recent call last):
  File "/Users/divyanshgolyan/.codex/worktrees/4511/onepage/research/transport-memory/asymmetric_server.py", line 39, in accept
    data=await reader.read(min(left,16384));assert data;hasher.update(data);left-=len(data);request_bytes+=len(data)
                                                   ^^^^
AssertionError
Unhandled exception in client_connected_cb
transport: <asyncio.sslproto._SSLProtocolTransport object at 0x104366720>
Traceback (most recent call last):
  File "/Users/divyanshgolyan/.codex/worktrees/4511/onepage/research/transport-memory/asymmetric_server.py", line 39, in accept
    data=await reader.read(min(left,16384));assert data;hasher.update(data);left-=len(data);request_bytes+=len(data)
                                                   ^^^^
AssertionError
Unhandled exception in client_connected_cb
transport: <asyncio.sslproto._SSLProtocolTransport object at 0x104366690>
Traceback (most recent call last):
  File "/Users/divyanshgolyan/.codex/worktrees/4511/onepage/research/transport-memory/asymmetric_server.py", line 39, in accept
    data=await reader.read(min(left,16384));assert data;hasher.update(data);left-=len(data);request_bytes+=len(data)
                                                   ^^^^
AssertionError
Unhandled exception in client_connected_cb
transport: <asyncio.sslproto._SSLProtocolTransport object at 0x104366600>
Traceback (most recent call last):
  File "/Users/divyanshgolyan/.codex/worktrees/4511/onepage/research/transport-memory/asymmetric_server.py", line 39, in accept
    data=await reader.read(min(left,16384));assert data;hasher.update(data);left-=len(data);request_bytes+=len(data)
                                                   ^^^^
AssertionError
Unhandled exception in client_connected_cb
transport: <asyncio.sslproto._SSLProtocolTransport object at 0x104366570>
Traceback (most recent call last):
  File "/Users/divyanshgolyan/.codex/worktrees/4511/onepage/research/transport-memory/asymmetric_server.py", line 39, in accept
    data=await reader.read(min(left,16384));assert data;hasher.update(data);left-=len(data);request_bytes+=len(data)
                                                   ^^^^
AssertionError
Unhandled exception in client_connected_cb
transport: <asyncio.sslproto._SSLProtocolTransport object at 0x1043664e0>
Traceback (most recent call last):
  File "/Users/divyanshgolyan/.codex/worktrees/4511/onepage/research/transport-memory/asymmetric_server.py", line 39, in accept
    data=await reader.read(min(left,16384));assert data;hasher.update(data);left-=len(data);request_bytes+=len(data)
                                                   ^^^^
AssertionError
Unhandled exception in client_connected_cb
transport: <asyncio.sslproto._SSLProtocolTransport object at 0x104366450>
Traceback (most recent call last):
  File "/Users/divyanshgolyan/.codex/worktrees/4511/onepage/research/transport-memory/asymmetric_server.py", line 39, in accept
    data=await reader.read(min(left,16384));assert data;hasher.update(data);left-=len(data);request_bytes+=len(data)
                                                   ^^^^
AssertionError
Unhandled exception in client_connected_cb
transport: <asyncio.sslproto._SSLProtocolTransport object at 0x1043663c0>
Traceback (most recent call last):
  File "/Users/divyanshgolyan/.codex/worktrees/4511/onepage/research/transport-memory/asymmetric_server.py", line 39, in accept
    data=await reader.read(min(left,16384));assert data;hasher.update(data);left-=len(data);request_bytes+=len(data)
                                                   ^^^^
AssertionError
Unhandled exception in client_connected_cb
transport: <asyncio.sslproto._SSLProtocolTransport object at 0x104366330>
Traceback (most recent call last):
  File "/Users/divyanshgolyan/.codex/worktrees/4511/onepage/research/transport-memory/asymmetric_server.py", line 39, in accept
    data=await reader.read(min(left,16384));assert data;hasher.update(data);left-=len(data);request_bytes+=len(data)
                                                   ^^^^
AssertionError
Unhandled exception in client_connected_cb
transport: <asyncio.sslproto._SSLProtocolTransport object at 0x1043662a0>
Traceback (most recent call last):
  File "/Users/divyanshgolyan/.codex/worktrees/4511/onepage/research/transport-memory/asymmetric_server.py", line 39, in accept
    data=await reader.read(min(left,16384));assert data;hasher.update(data);left-=len(data);request_bytes+=len(data)
                                                   ^^^^
AssertionError
Unhandled exception in client_connected_cb
transport: <asyncio.sslproto._SSLProtocolTransport object at 0x104366210>
Traceback (most recent call last):
  File "/Users/divyanshgolyan/.codex/worktrees/4511/onepage/research/transport-memory/asymmetric_server.py", line 39, in accept
    data=await reader.read(min(left,16384));assert data;hasher.update(data);left-=len(data);request_bytes+=len(data)
                                                   ^^^^
AssertionError
Unhandled exception in client_connected_cb
transport: <asyncio.sslproto._SSLProtocolTransport object at 0x104366180>
Traceback (most recent call last):
  File "/Users/divyanshgolyan/.codex/worktrees/4511/onepage/research/transport-memory/asymmetric_server.py", line 39, in accept
    data=await reader.read(min(left,16384));assert data;hasher.update(data);left-=len(data);request_bytes+=len(data)
                                                   ^^^^
AssertionError
Unhandled exception in client_connected_cb
transport: <asyncio.sslproto._SSLProtocolTransport object at 0x1043660f0>
Traceback (most recent call last):
  File "/Users/divyanshgolyan/.codex/worktrees/4511/onepage/research/transport-memory/asymmetric_server.py", line 39, in accept
    data=await reader.read(min(left,16384));assert data;hasher.update(data);left-=len(data);request_bytes+=len(data)
                                                   ^^^^
AssertionError
Unhandled exception in client_connected_cb
transport: <asyncio.sslproto._SSLProtocolTransport object at 0x104366060>
Traceback (most recent call last):
  File "/Users/divyanshgolyan/.codex/worktrees/4511/onepage/research/transport-memory/asymmetric_server.py", line 39, in accept
    data=await reader.read(min(left,16384));assert data;hasher.update(data);left-=len(data);request_bytes+=len(data)
                                                   ^^^^
AssertionError
Unhandled exception in client_connected_cb
transport: <asyncio.sslproto._SSLProtocolTransport object at 0x104365fd0>
Traceback (most recent call last):
  File "/Users/divyanshgolyan/.codex/worktrees/4511/onepage/research/transport-memory/asymmetric_server.py", line 39, in accept
    data=await reader.read(min(left,16384));assert data;hasher.update(data);left-=len(data);request_bytes+=len(data)
                                                   ^^^^
AssertionError
Unhandled exception in client_connected_cb
transport: <asyncio.sslproto._SSLProtocolTransport object at 0x104365f40>
Traceback (most recent call last):
  File "/Users/divyanshgolyan/.codex/worktrees/4511/onepage/research/transport-memory/asymmetric_server.py", line 39, in accept
    data=await reader.read(min(left,16384));assert data;hasher.update(data);left-=len(data);request_bytes+=len(data)
                                                   ^^^^
AssertionError
Unhandled exception in client_connected_cb
transport: <asyncio.sslproto._SSLProtocolTransport object at 0x104365eb0>
Traceback (most recent call last):
  File "/Users/divyanshgolyan/.codex/worktrees/4511/onepage/research/transport-memory/asymmetric_server.py", line 39, in accept
    data=await reader.read(min(left,16384));assert data;hasher.update(data);left-=len(data);request_bytes+=len(data)
                                                   ^^^^
AssertionError
Unhandled exception in client_connected_cb
transport: <asyncio.sslproto._SSLProtocolTransport object at 0x104365e20>
Traceback (most recent call last):
  File "/Users/divyanshgolyan/.codex/worktrees/4511/onepage/research/transport-memory/asymmetric_server.py", line 39, in accept
    data=await reader.read(min(left,16384));assert data;hasher.update(data);left-=len(data);request_bytes+=len(data)
                                                   ^^^^
AssertionError
Unhandled exception in client_connected_cb
transport: <asyncio.sslproto._SSLProtocolTransport object at 0x104365d90>
Traceback (most recent call last):
  File "/Users/divyanshgolyan/.codex/worktrees/4511/onepage/research/transport-memory/asymmetric_server.py", line 39, in accept
    data=await reader.read(min(left,16384));assert data;hasher.update(data);left-=len(data);request_bytes+=len(data)
                                                   ^^^^
AssertionError
Unhandled exception in client_connected_cb
transport: <asyncio.sslproto._SSLProtocolTransport object at 0x104365d00>
Traceback (most recent call last):
  File "/Users/divyanshgolyan/.codex/worktrees/4511/onepage/research/transport-memory/asymmetric_server.py", line 39, in accept
    data=await reader.read(min(left,16384));assert data;hasher.update(data);left-=len(data);request_bytes+=len(data)
                                                   ^^^^
AssertionError
Unhandled exception in client_connected_cb
transport: <asyncio.sslproto._SSLProtocolTransport object at 0x104365c70>
Traceback (most recent call last):
  File "/Users/divyanshgolyan/.codex/worktrees/4511/onepage/research/transport-memory/asymmetric_server.py", line 39, in accept
    data=await reader.read(min(left,16384));assert data;hasher.update(data);left-=len(data);request_bytes+=len(data)
                                                   ^^^^
AssertionError
Unhandled exception in client_connected_cb
transport: <asyncio.sslproto._SSLProtocolTransport object at 0x104365be0>
Traceback (most recent call last):
  File "/Users/divyanshgolyan/.codex/worktrees/4511/onepage/research/transport-memory/asymmetric_server.py", line 39, in accept
    data=await reader.read(min(left,16384));assert data;hasher.update(data);left-=len(data);request_bytes+=len(data)
                                                   ^^^^
AssertionError
Unhandled exception in client_connected_cb
transport: <asyncio.sslproto._SSLProtocolTransport object at 0x104365b50>
Traceback (most recent call last):
  File "/Users/divyanshgolyan/.codex/worktrees/4511/onepage/research/transport-memory/asymmetric_server.py", line 39, in accept
    data=await reader.read(min(left,16384));assert data;hasher.update(data);left-=len(data);request_bytes+=len(data)
                                                   ^^^^
AssertionError
Unhandled exception in client_connected_cb
transport: <asyncio.sslproto._SSLProtocolTransport object at 0x104365ac0>
Traceback (most recent call last):
  File "/Users/divyanshgolyan/.codex/worktrees/4511/onepage/research/transport-memory/asymmetric_server.py", line 39, in accept
    data=await reader.read(min(left,16384));assert data;hasher.update(data);left-=len(data);request_bytes+=len(data)
                                                   ^^^^
AssertionError
Unhandled exception in client_connected_cb
transport: <asyncio.sslproto._SSLProtocolTransport object at 0x104365a30>
Traceback (most recent call last):
  File "/Users/divyanshgolyan/.codex/worktrees/4511/onepage/research/transport-memory/asymmetric_server.py", line 39, in accept
    data=await reader.read(min(left,16384));assert data;hasher.update(data);left-=len(data);request_bytes+=len(data)
                                                   ^^^^
AssertionError
Unhandled exception in client_connected_cb
transport: <asyncio.sslproto._SSLProtocolTransport object at 0x1043659a0>
Traceback (most recent call last):
  File "/Users/divyanshgolyan/.codex/worktrees/4511/onepage/research/transport-memory/asymmetric_server.py", line 39, in accept
    data=await reader.read(min(left,16384));assert data;hasher.update(data);left-=len(data);request_bytes+=len(data)
                                                   ^^^^
AssertionError
Unhandled exception in client_connected_cb
transport: <asyncio.sslproto._SSLProtocolTransport object at 0x104365910>
Traceback (most recent call last):
  File "/Users/divyanshgolyan/.codex/worktrees/4511/onepage/research/transport-memory/asymmetric_server.py", line 39, in accept
    data=await reader.read(min(left,16384));assert data;hasher.update(data);left-=len(data);request_bytes+=len(data)
                                                   ^^^^
AssertionError
Unhandled exception in client_connected_cb
transport: <asyncio.sslproto._SSLProtocolTransport object at 0x104365880>
Traceback (most recent call last):
  File "/Users/divyanshgolyan/.codex/worktrees/4511/onepage/research/transport-memory/asymmetric_server.py", line 39, in accept
    data=await reader.read(min(left,16384));assert data;hasher.update(data);left-=len(data);request_bytes+=len(data)
                                                   ^^^^
AssertionError
Unhandled exception in client_connected_cb
transport: <asyncio.sslproto._SSLProtocolTransport object at 0x1043657f0>
Traceback (most recent call last):
  File "/Users/divyanshgolyan/.codex/worktrees/4511/onepage/research/transport-memory/asymmetric_server.py", line 39, in accept
    data=await reader.read(min(left,16384));assert data;hasher.update(data);left-=len(data);request_bytes+=len(data)
                                                   ^^^^
AssertionError
Unhandled exception in client_connected_cb
transport: <asyncio.sslproto._SSLProtocolTransport object at 0x104365760>
Traceback (most recent call last):
  File "/Users/divyanshgolyan/.codex/worktrees/4511/onepage/research/transport-memory/asymmetric_server.py", line 39, in accept
    data=await reader.read(min(left,16384));assert data;hasher.update(data);left-=len(data);request_bytes+=len(data)
                                                   ^^^^
AssertionError
Unhandled exception in client_connected_cb
transport: <asyncio.sslproto._SSLProtocolTransport object at 0x1043656d0>
Traceback (most recent call last):
  File "/Users/divyanshgolyan/.codex/worktrees/4511/onepage/research/transport-memory/asymmetric_server.py", line 39, in accept
    data=await reader.read(min(left,16384));assert data;hasher.update(data);left-=len(data);request_bytes+=len(data)
                                                   ^^^^
AssertionError
Unhandled exception in client_connected_cb
transport: <asyncio.sslproto._SSLProtocolTransport object at 0x104365640>
Traceback (most recent call last):
  File "/Users/divyanshgolyan/.codex/worktrees/4511/onepage/research/transport-memory/asymmetric_server.py", line 39, in accept
    data=await reader.read(min(left,16384));assert data;hasher.update(data);left-=len(data);request_bytes+=len(data)
                                                   ^^^^
AssertionError
Unhandled exception in client_connected_cb
transport: <asyncio.sslproto._SSLProtocolTransport object at 0x1043655b0>
Traceback (most recent call last):
  File "/Users/divyanshgolyan/.codex/worktrees/4511/onepage/research/transport-memory/asymmetric_server.py", line 39, in accept
    data=await reader.read(min(left,16384));assert data;hasher.update(data);left-=len(data);request_bytes+=len(data)
                                                   ^^^^
AssertionError
Unhandled exception in client_connected_cb
transport: <asyncio.sslproto._SSLProtocolTransport object at 0x104365520>
Traceback (most recent call last):
  File "/Users/divyanshgolyan/.codex/worktrees/4511/onepage/research/transport-memory/asymmetric_server.py", line 39, in accept
    data=await reader.read(min(left,16384));assert data;hasher.update(data);left-=len(data);request_bytes+=len(data)
                                                   ^^^^
AssertionError
Unhandled exception in client_connected_cb
transport: <asyncio.sslproto._SSLProtocolTransport object at 0x104365490>
Traceback (most recent call last):
  File "/Users/divyanshgolyan/.codex/worktrees/4511/onepage/research/transport-memory/asymmetric_server.py", line 39, in accept
    data=await reader.read(min(left,16384));assert data;hasher.update(data);left-=len(data);request_bytes+=len(data)
                                                   ^^^^
AssertionError
Unhandled exception in client_connected_cb
transport: <asyncio.sslproto._SSLProtocolTransport object at 0x104365400>
Traceback (most recent call last):
  File "/Users/divyanshgolyan/.codex/worktrees/4511/onepage/research/transport-memory/asymmetric_server.py", line 39, in accept
    data=await reader.read(min(left,16384));assert data;hasher.update(data);left-=len(data);request_bytes+=len(data)
                                                   ^^^^
AssertionError
Unhandled exception in client_connected_cb
transport: <asyncio.sslproto._SSLProtocolTransport object at 0x104365370>
Traceback (most recent call last):
  File "/Users/divyanshgolyan/.codex/worktrees/4511/onepage/research/transport-memory/asymmetric_server.py", line 39, in accept
    data=await reader.read(min(left,16384));assert data;hasher.update(data);left-=len(data);request_bytes+=len(data)
                                                   ^^^^
AssertionError
Unhandled exception in client_connected_cb
transport: <asyncio.sslproto._SSLProtocolTransport object at 0x1043652e0>
Traceback (most recent call last):
  File "/Users/divyanshgolyan/.codex/worktrees/4511/onepage/research/transport-memory/asymmetric_server.py", line 39, in accept
    data=await reader.read(min(left,16384));assert data;hasher.update(data);left-=len(data);request_bytes+=len(data)
                                                   ^^^^
AssertionError
Unhandled exception in client_connected_cb
transport: <asyncio.sslproto._SSLProtocolTransport object at 0x104365250>
Traceback (most recent call last):
  File "/Users/divyanshgolyan/.codex/worktrees/4511/onepage/research/transport-memory/asymmetric_server.py", line 39, in accept
    data=await reader.read(min(left,16384));assert data;hasher.update(data);left-=len(data);request_bytes+=len(data)
                                                   ^^^^
AssertionError
Unhandled exception in client_connected_cb
transport: <asyncio.sslproto._SSLProtocolTransport object at 0x1043651c0>
Traceback (most recent call last):
  File "/Users/divyanshgolyan/.codex/worktrees/4511/onepage/research/transport-memory/asymmetric_server.py", line 39, in accept
    data=await reader.read(min(left,16384));assert data;hasher.update(data);left-=len(data);request_bytes+=len(data)
                                                   ^^^^
AssertionError
Unhandled exception in client_connected_cb
transport: <asyncio.sslproto._SSLProtocolTransport object at 0x104365130>
Traceback (most recent call last):
  File "/Users/divyanshgolyan/.codex/worktrees/4511/onepage/research/transport-memory/asymmetric_server.py", line 39, in accept
    data=await reader.read(min(left,16384));assert data;hasher.update(data);left-=len(data);request_bytes+=len(data)
                                                   ^^^^
AssertionError
Unhandled exception in client_connected_cb
transport: <asyncio.sslproto._SSLProtocolTransport object at 0x1043650a0>
Traceback (most recent call last):
  File "/Users/divyanshgolyan/.codex/worktrees/4511/onepage/research/transport-memory/asymmetric_server.py", line 39, in accept
    data=await reader.read(min(left,16384));assert data;hasher.update(data);left-=len(data);request_bytes+=len(data)
                                                   ^^^^
AssertionError
Unhandled exception in client_connected_cb
transport: <asyncio.sslproto._SSLProtocolTransport object at 0x104365010>
Traceback (most recent call last):
  File "/Users/divyanshgolyan/.codex/worktrees/4511/onepage/research/transport-memory/asymmetric_server.py", line 39, in accept
    data=await reader.read(min(left,16384));assert data;hasher.update(data);left-=len(data);request_bytes+=len(data)
                                                   ^^^^
AssertionError
Unhandled exception in client_connected_cb
transport: <asyncio.sslproto._SSLProtocolTransport object at 0x104364f80>
Traceback (most recent call last):
  File "/Users/divyanshgolyan/.codex/worktrees/4511/onepage/research/transport-memory/asymmetric_server.py", line 39, in accept
    data=await reader.read(min(left,16384));assert data;hasher.update(data);left-=len(data);request_bytes+=len(data)
                                                   ^^^^
AssertionError
Unhandled exception in client_connected_cb
transport: <asyncio.sslproto._SSLProtocolTransport object at 0x104364ef0>
Traceback (most recent call last):
  File "/Users/divyanshgolyan/.codex/worktrees/4511/onepage/research/transport-memory/asymmetric_server.py", line 39, in accept
    data=await reader.read(min(left,16384));assert data;hasher.update(data);left-=len(data);request_bytes+=len(data)
                                                   ^^^^
AssertionError
Unhandled exception in client_connected_cb
transport: <asyncio.sslproto._SSLProtocolTransport object at 0x104364e60>
Traceback (most recent call last):
  File "/Users/divyanshgolyan/.codex/worktrees/4511/onepage/research/transport-memory/asymmetric_server.py", line 39, in accept
    data=await reader.read(min(left,16384));assert data;hasher.update(data);left-=len(data);request_bytes+=len(data)
                                                   ^^^^
AssertionError
Unhandled exception in client_connected_cb
transport: <asyncio.sslproto._SSLProtocolTransport object at 0x104364dd0>
Traceback (most recent call last):
  File "/Users/divyanshgolyan/.codex/worktrees/4511/onepage/research/transport-memory/asymmetric_server.py", line 39, in accept
    data=await reader.read(min(left,16384));assert data;hasher.update(data);left-=len(data);request_bytes+=len(data)
                                                   ^^^^
AssertionError
Unhandled exception in client_connected_cb
transport: <asyncio.sslproto._SSLProtocolTransport object at 0x104364d40>
Traceback (most recent call last):
  File "/Users/divyanshgolyan/.codex/worktrees/4511/onepage/research/transport-memory/asymmetric_server.py", line 39, in accept
    data=await reader.read(min(left,16384));assert data;hasher.update(data);left-=len(data);request_bytes+=len(data)
                                                   ^^^^
AssertionError
Unhandled exception in client_connected_cb
transport: <asyncio.sslproto._SSLProtocolTransport object at 0x104364cb0>
Traceback (most recent call last):
  File "/Users/divyanshgolyan/.codex/worktrees/4511/onepage/research/transport-memory/asymmetric_server.py", line 39, in accept
    data=await reader.read(min(left,16384));assert data;hasher.update(data);left-=len(data);request_bytes+=len(data)
                                                   ^^^^
AssertionError
Unhandled exception in client_connected_cb
transport: <asyncio.sslproto._SSLProtocolTransport object at 0x104364c20>
Traceback (most recent call last):
  File "/Users/divyanshgolyan/.codex/worktrees/4511/onepage/research/transport-memory/asymmetric_server.py", line 39, in accept
    data=await reader.read(min(left,16384));assert data;hasher.update(data);left-=len(data);request_bytes+=len(data)
                                                   ^^^^
AssertionError
Unhandled exception in client_connected_cb
transport: <asyncio.sslproto._SSLProtocolTransport object at 0x104364b90>
Traceback (most recent call last):
  File "/Users/divyanshgolyan/.codex/worktrees/4511/onepage/research/transport-memory/asymmetric_server.py", line 39, in accept
    data=await reader.read(min(left,16384));assert data;hasher.update(data);left-=len(data);request_bytes+=len(data)
                                                   ^^^^
AssertionError
Unhandled exception in client_connected_cb
transport: <asyncio.sslproto._SSLProtocolTransport object at 0x104364b00>
Traceback (most recent call last):
  File "/Users/divyanshgolyan/.codex/worktrees/4511/onepage/research/transport-memory/asymmetric_server.py", line 39, in accept
    data=await reader.read(min(left,16384));assert data;hasher.update(data);left-=len(data);request_bytes+=len(data)
                                                   ^^^^
AssertionError
Unhandled exception in client_connected_cb
transport: <asyncio.sslproto._SSLProtocolTransport object at 0x104364a70>
Traceback (most recent call last):
  File "/Users/divyanshgolyan/.codex/worktrees/4511/onepage/research/transport-memory/asymmetric_server.py", line 39, in accept
    data=await reader.read(min(left,16384));assert data;hasher.update(data);left-=len(data);request_bytes+=len(data)
                                                   ^^^^
AssertionError
Unhandled exception in client_connected_cb
transport: <asyncio.sslproto._SSLProtocolTransport object at 0x1043649e0>
Traceback (most recent call last):
  File "/Users/divyanshgolyan/.codex/worktrees/4511/onepage/research/transport-memory/asymmetric_server.py", line 39, in accept
    data=await reader.read(min(left,16384));assert data;hasher.update(data);left-=len(data);request_bytes+=len(data)
                                                   ^^^^
AssertionError
Unhandled exception in client_connected_cb
transport: <asyncio.sslproto._SSLProtocolTransport object at 0x104364950>
Traceback (most recent call last):
  File "/Users/divyanshgolyan/.codex/worktrees/4511/onepage/research/transport-memory/asymmetric_server.py", line 39, in accept
    data=await reader.read(min(left,16384));assert data;hasher.update(data);left-=len(data);request_bytes+=len(data)
                                                   ^^^^
AssertionError
Unhandled exception in client_connected_cb
transport: <asyncio.sslproto._SSLProtocolTransport object at 0x1043648c0>
Traceback (most recent call last):
  File "/Users/divyanshgolyan/.codex/worktrees/4511/onepage/research/transport-memory/asymmetric_server.py", line 39, in accept
    data=await reader.read(min(left,16384));assert data;hasher.update(data);left-=len(data);request_bytes+=len(data)
                                                   ^^^^
AssertionError
Unhandled exception in client_connected_cb
transport: <asyncio.sslproto._SSLProtocolTransport object at 0x104364830>
Traceback (most recent call last):
  File "/Users/divyanshgolyan/.codex/worktrees/4511/onepage/research/transport-memory/asymmetric_server.py", line 39, in accept
    data=await reader.read(min(left,16384));assert data;hasher.update(data);left-=len(data);request_bytes+=len(data)
                                                   ^^^^
AssertionError
Unhandled exception in client_connected_cb
transport: <asyncio.sslproto._SSLProtocolTransport object at 0x1043647a0>
Traceback (most recent call last):
  File "/Users/divyanshgolyan/.codex/worktrees/4511/onepage/research/transport-memory/asymmetric_server.py", line 39, in accept
    data=await reader.read(min(left,16384));assert data;hasher.update(data);left-=len(data);request_bytes+=len(data)
                                                   ^^^^
AssertionError
Unhandled exception in client_connected_cb
transport: <asyncio.sslproto._SSLProtocolTransport object at 0x104364710>
Traceback (most recent call last):
  File "/Users/divyanshgolyan/.codex/worktrees/4511/onepage/research/transport-memory/asymmetric_server.py", line 39, in accept
    data=await reader.read(min(left,16384));assert data;hasher.update(data);left-=len(data);request_bytes+=len(data)
                                                   ^^^^
AssertionError
Unhandled exception in client_connected_cb
transport: <asyncio.sslproto._SSLProtocolTransport object at 0x104364680>
Traceback (most recent call last):
  File "/Users/divyanshgolyan/.codex/worktrees/4511/onepage/research/transport-memory/asymmetric_server.py", line 39, in accept
    data=await reader.read(min(left,16384));assert data;hasher.update(data);left-=len(data);request_bytes+=len(data)
                                                   ^^^^
AssertionError
Unhandled exception in client_connected_cb
transport: <asyncio.sslproto._SSLProtocolTransport object at 0x1043645f0>
Traceback (most recent call last):
  File "/Users/divyanshgolyan/.codex/worktrees/4511/onepage/research/transport-memory/asymmetric_server.py", line 39, in accept
    data=await reader.read(min(left,16384));assert data;hasher.update(data);left-=len(data);request_bytes+=len(data)
                                                   ^^^^
AssertionError
Unhandled exception in client_connected_cb
transport: <asyncio.sslproto._SSLProtocolTransport object at 0x104364560>
Traceback (most recent call last):
  File "/Users/divyanshgolyan/.codex/worktrees/4511/onepage/research/transport-memory/asymmetric_server.py", line 39, in accept
    data=await reader.read(min(left,16384));assert data;hasher.update(data);left-=len(data);request_bytes+=len(data)
                                                   ^^^^
AssertionError
Unhandled exception in client_connected_cb
transport: <asyncio.sslproto._SSLProtocolTransport object at 0x1043644d0>
Traceback (most recent call last):
  File "/Users/divyanshgolyan/.codex/worktrees/4511/onepage/research/transport-memory/asymmetric_server.py", line 39, in accept
    data=await reader.read(min(left,16384));assert data;hasher.update(data);left-=len(data);request_bytes+=len(data)
                                                   ^^^^
AssertionError
Unhandled exception in client_connected_cb
transport: <asyncio.sslproto._SSLProtocolTransport object at 0x104364440>
Traceback (most recent call last):
  File "/Users/divyanshgolyan/.codex/worktrees/4511/onepage/research/transport-memory/asymmetric_server.py", line 39, in accept
    data=await reader.read(min(left,16384));assert data;hasher.update(data);left-=len(data);request_bytes+=len(data)
                                                   ^^^^
AssertionError
Unhandled exception in client_connected_cb
transport: <asyncio.sslproto._SSLProtocolTransport object at 0x1043643b0>
Traceback (most recent call last):
  File "/Users/divyanshgolyan/.codex/worktrees/4511/onepage/research/transport-memory/asymmetric_server.py", line 39, in accept
    data=await reader.read(min(left,16384));assert data;hasher.update(data);left-=len(data);request_bytes+=len(data)
                                                   ^^^^
AssertionError
Unhandled exception in client_connected_cb
transport: <asyncio.sslproto._SSLProtocolTransport object at 0x104364320>
Traceback (most recent call last):
  File "/Users/divyanshgolyan/.codex/worktrees/4511/onepage/research/transport-memory/asymmetric_server.py", line 39, in accept
    data=await reader.read(min(left,16384));assert data;hasher.update(data);left-=len(data);request_bytes+=len(data)
                                                   ^^^^
AssertionError
Unhandled exception in client_connected_cb
transport: <asyncio.sslproto._SSLProtocolTransport object at 0x104364290>
Traceback (most recent call last):
  File "/Users/divyanshgolyan/.codex/worktrees/4511/onepage/research/transport-memory/asymmetric_server.py", line 39, in accept
    data=await reader.read(min(left,16384));assert data;hasher.update(data);left-=len(data);request_bytes+=len(data)
                                                   ^^^^
AssertionError
Unhandled exception in client_connected_cb
transport: <asyncio.sslproto._SSLProtocolTransport object at 0x104364200>
Traceback (most recent call last):
  File "/Users/divyanshgolyan/.codex/worktrees/4511/onepage/research/transport-memory/asymmetric_server.py", line 39, in accept
    data=await reader.read(min(left,16384));assert data;hasher.update(data);left-=len(data);request_bytes+=len(data)
                                                   ^^^^
AssertionError
Unhandled exception in client_connected_cb
transport: <asyncio.sslproto._SSLProtocolTransport object at 0x104364170>
Traceback (most recent call last):
  File "/Users/divyanshgolyan/.codex/worktrees/4511/onepage/research/transport-memory/asymmetric_server.py", line 39, in accept
    data=await reader.read(min(left,16384));assert data;hasher.update(data);left-=len(data);request_bytes+=len(data)
                                                   ^^^^
AssertionError
Unhandled exception in client_connected_cb
transport: <asyncio.sslproto._SSLProtocolTransport object at 0x1043640e0>
Traceback (most recent call last):
  File "/Users/divyanshgolyan/.codex/worktrees/4511/onepage/research/transport-memory/asymmetric_server.py", line 39, in accept
    data=await reader.read(min(left,16384));assert data;hasher.update(data);left-=len(data);request_bytes+=len(data)
                                                   ^^^^
AssertionError
Unhandled exception in client_connected_cb
transport: <asyncio.sslproto._SSLProtocolTransport object at 0x104364050>
Traceback (most recent call last):
  File "/Users/divyanshgolyan/.codex/worktrees/4511/onepage/research/transport-memory/asymmetric_server.py", line 39, in accept
    data=await reader.read(min(left,16384));assert data;hasher.update(data);left-=len(data);request_bytes+=len(data)
                                                   ^^^^
AssertionError
Unhandled exception in client_connected_cb
transport: <asyncio.sslproto._SSLProtocolTransport object at 0x1041c3f50>
Traceback (most recent call last):
  File "/Users/divyanshgolyan/.codex/worktrees/4511/onepage/research/transport-memory/asymmetric_server.py", line 39, in accept
    data=await reader.read(min(left,16384));assert data;hasher.update(data);left-=len(data);request_bytes+=len(data)
                                                   ^^^^
AssertionError
Unhandled exception in client_connected_cb
transport: <asyncio.sslproto._SSLProtocolTransport object at 0x1041c3ec0>
Traceback (most recent call last):
  File "/Users/divyanshgolyan/.codex/worktrees/4511/onepage/research/transport-memory/asymmetric_server.py", line 39, in accept
    data=await reader.read(min(left,16384));assert data;hasher.update(data);left-=len(data);request_bytes+=len(data)
                                                   ^^^^
AssertionError
Unhandled exception in client_connected_cb
transport: <asyncio.sslproto._SSLProtocolTransport object at 0x1041c3e30>
Traceback (most recent call last):
  File "/Users/divyanshgolyan/.codex/worktrees/4511/onepage/research/transport-memory/asymmetric_server.py", line 39, in accept
    data=await reader.read(min(left,16384));assert data;hasher.update(data);left-=len(data);request_bytes+=len(data)
                                                   ^^^^
AssertionError
Unhandled exception in client_connected_cb
transport: <asyncio.sslproto._SSLProtocolTransport object at 0x1041c3da0>
Traceback (most recent call last):
  File "/Users/divyanshgolyan/.codex/worktrees/4511/onepage/research/transport-memory/asymmetric_server.py", line 39, in accept
    data=await reader.read(min(left,16384));assert data;hasher.update(data);left-=len(data);request_bytes+=len(data)
                                                   ^^^^
AssertionError
Unhandled exception in client_connected_cb
transport: <asyncio.sslproto._SSLProtocolTransport object at 0x1041c3d10>
Traceback (most recent call last):
  File "/Users/divyanshgolyan/.codex/worktrees/4511/onepage/research/transport-memory/asymmetric_server.py", line 39, in accept
    data=await reader.read(min(left,16384));assert data;hasher.update(data);left-=len(data);request_bytes+=len(data)
                                                   ^^^^
AssertionError
Unhandled exception in client_connected_cb
transport: <asyncio.sslproto._SSLProtocolTransport object at 0x1041c3c80>
Traceback (most recent call last):
  File "/Users/divyanshgolyan/.codex/worktrees/4511/onepage/research/transport-memory/asymmetric_server.py", line 39, in accept
    data=await reader.read(min(left,16384));assert data;hasher.update(data);left-=len(data);request_bytes+=len(data)
                                                   ^^^^
AssertionError
Unhandled exception in client_connected_cb
transport: <asyncio.sslproto._SSLProtocolTransport object at 0x1041c3bf0>
Traceback (most recent call last):
  File "/Users/divyanshgolyan/.codex/worktrees/4511/onepage/research/transport-memory/asymmetric_server.py", line 39, in accept
    data=await reader.read(min(left,16384));assert data;hasher.update(data);left-=len(data);request_bytes+=len(data)
                                                   ^^^^
AssertionError
Unhandled exception in client_connected_cb
transport: <asyncio.sslproto._SSLProtocolTransport object at 0x1041c3b60>
Traceback (most recent call last):
  File "/Users/divyanshgolyan/.codex/worktrees/4511/onepage/research/transport-memory/asymmetric_server.py", line 39, in accept
    data=await reader.read(min(left,16384));assert data;hasher.update(data);left-=len(data);request_bytes+=len(data)
                                                   ^^^^
AssertionError
Unhandled exception in client_connected_cb
transport: <asyncio.sslproto._SSLProtocolTransport object at 0x1041c3ad0>
Traceback (most recent call last):
  File "/Users/divyanshgolyan/.codex/worktrees/4511/onepage/research/transport-memory/asymmetric_server.py", line 39, in accept
    data=await reader.read(min(left,16384));assert data;hasher.update(data);left-=len(data);request_bytes+=len(data)
                                                   ^^^^
AssertionError
Unhandled exception in client_connected_cb
transport: <asyncio.sslproto._SSLProtocolTransport object at 0x1041c3a40>
Traceback (most recent call last):
  File "/Users/divyanshgolyan/.codex/worktrees/4511/onepage/research/transport-memory/asymmetric_server.py", line 39, in accept
    data=await reader.read(min(left,16384));assert data;hasher.update(data);left-=len(data);request_bytes+=len(data)
                                                   ^^^^
AssertionError
Unhandled exception in client_connected_cb
transport: <asyncio.sslproto._SSLProtocolTransport object at 0x1041c39b0>
Traceback (most recent call last):
  File "/Users/divyanshgolyan/.codex/worktrees/4511/onepage/research/transport-memory/asymmetric_server.py", line 39, in accept
    data=await reader.read(min(left,16384));assert data;hasher.update(data);left-=len(data);request_bytes+=len(data)
                                                   ^^^^
AssertionError
Unhandled exception in client_connected_cb
transport: <asyncio.sslproto._SSLProtocolTransport object at 0x1041c3920>
Traceback (most recent call last):
  File "/Users/divyanshgolyan/.codex/worktrees/4511/onepage/research/transport-memory/asymmetric_server.py", line 39, in accept
    data=await reader.read(min(left,16384));assert data;hasher.update(data);left-=len(data);request_bytes+=len(data)
                                                   ^^^^
AssertionError
Unhandled exception in client_connected_cb
transport: <asyncio.sslproto._SSLProtocolTransport object at 0x1041c3890>
Traceback (most recent call last):
  File "/Users/divyanshgolyan/.codex/worktrees/4511/onepage/research/transport-memory/asymmetric_server.py", line 39, in accept
    data=await reader.read(min(left,16384));assert data;hasher.update(data);left-=len(data);request_bytes+=len(data)
                                                   ^^^^
AssertionError
Unhandled exception in client_connected_cb
transport: <asyncio.sslproto._SSLProtocolTransport object at 0x1041c3800>
Traceback (most recent call last):
  File "/Users/divyanshgolyan/.codex/worktrees/4511/onepage/research/transport-memory/asymmetric_server.py", line 39, in accept
    data=await reader.read(min(left,16384));assert data;hasher.update(data);left-=len(data);request_bytes+=len(data)
                                                   ^^^^
AssertionError
Unhandled exception in client_connected_cb
transport: <asyncio.sslproto._SSLProtocolTransport object at 0x1041c3770>
Traceback (most recent call last):
  File "/Users/divyanshgolyan/.codex/worktrees/4511/onepage/research/transport-memory/asymmetric_server.py", line 39, in accept
    data=await reader.read(min(left,16384));assert data;hasher.update(data);left-=len(data);request_bytes+=len(data)
                                                   ^^^^
AssertionError
Unhandled exception in client_connected_cb
transport: <asyncio.sslproto._SSLProtocolTransport object at 0x1041c36e0>
Traceback (most recent call last):
  File "/Users/divyanshgolyan/.codex/worktrees/4511/onepage/research/transport-memory/asymmetric_server.py", line 39, in accept
    data=await reader.read(min(left,16384));assert data;hasher.update(data);left-=len(data);request_bytes+=len(data)
                                                   ^^^^
AssertionError
Unhandled exception in client_connected_cb
transport: <asyncio.sslproto._SSLProtocolTransport object at 0x1041c3650>
Traceback (most recent call last):
  File "/Users/divyanshgolyan/.codex/worktrees/4511/onepage/research/transport-memory/asymmetric_server.py", line 39, in accept
    data=await reader.read(min(left,16384));assert data;hasher.update(data);left-=len(data);request_bytes+=len(data)
                                                   ^^^^
AssertionError
Unhandled exception in client_connected_cb
transport: <asyncio.sslproto._SSLProtocolTransport object at 0x1041c35c0>
Traceback (most recent call last):
  File "/Users/divyanshgolyan/.codex/worktrees/4511/onepage/research/transport-memory/asymmetric_server.py", line 39, in accept
    data=await reader.read(min(left,16384));assert data;hasher.update(data);left-=len(data);request_bytes+=len(data)
                                                   ^^^^
AssertionError
Unhandled exception in client_connected_cb
transport: <asyncio.sslproto._SSLProtocolTransport object at 0x1041c3530>
Traceback (most recent call last):
  File "/Users/divyanshgolyan/.codex/worktrees/4511/onepage/research/transport-memory/asymmetric_server.py", line 39, in accept
    data=await reader.read(min(left,16384));assert data;hasher.update(data);left-=len(data);request_bytes+=len(data)
                                                   ^^^^
AssertionError
Unhandled exception in client_connected_cb
transport: <asyncio.sslproto._SSLProtocolTransport object at 0x1041c34a0>
Traceback (most recent call last):
  File "/Users/divyanshgolyan/.codex/worktrees/4511/onepage/research/transport-memory/asymmetric_server.py", line 39, in accept
    data=await reader.read(min(left,16384));assert data;hasher.update(data);left-=len(data);request_bytes+=len(data)
                                                   ^^^^
AssertionError
Unhandled exception in client_connected_cb
transport: <asyncio.sslproto._SSLProtocolTransport object at 0x1041c3410>
Traceback (most recent call last):
  File "/Users/divyanshgolyan/.codex/worktrees/4511/onepage/research/transport-memory/asymmetric_server.py", line 39, in accept
    data=await reader.read(min(left,16384));assert data;hasher.update(data);left-=len(data);request_bytes+=len(data)
                                                   ^^^^
AssertionError
Unhandled exception in client_connected_cb
transport: <asyncio.sslproto._SSLProtocolTransport object at 0x1041c3380>
Traceback (most recent call last):
  File "/Users/divyanshgolyan/.codex/worktrees/4511/onepage/research/transport-memory/asymmetric_server.py", line 39, in accept
    data=await reader.read(min(left,16384));assert data;hasher.update(data);left-=len(data);request_bytes+=len(data)
                                                   ^^^^
AssertionError
Unhandled exception in client_connected_cb
transport: <asyncio.sslproto._SSLProtocolTransport object at 0x1041c32f0>
Traceback (most recent call last):
  File "/Users/divyanshgolyan/.codex/worktrees/4511/onepage/research/transport-memory/asymmetric_server.py", line 39, in accept
    data=await reader.read(min(left,16384));assert data;hasher.update(data);left-=len(data);request_bytes+=len(data)
                                                   ^^^^
AssertionError
Unhandled exception in client_connected_cb
transport: <asyncio.sslproto._SSLProtocolTransport object at 0x1041c3260>
Traceback (most recent call last):
  File "/Users/divyanshgolyan/.codex/worktrees/4511/onepage/research/transport-memory/asymmetric_server.py", line 39, in accept
    data=await reader.read(min(left,16384));assert data;hasher.update(data);left-=len(data);request_bytes+=len(data)
                                                   ^^^^
AssertionError
Unhandled exception in client_connected_cb
transport: <asyncio.sslproto._SSLProtocolTransport object at 0x1041c31d0>
Traceback (most recent call last):
  File "/Users/divyanshgolyan/.codex/worktrees/4511/onepage/research/transport-memory/asymmetric_server.py", line 39, in accept
    data=await reader.read(min(left,16384));assert data;hasher.update(data);left-=len(data);request_bytes+=len(data)
                                                   ^^^^
AssertionError
Unhandled exception in client_connected_cb
transport: <asyncio.sslproto._SSLProtocolTransport object at 0x1041c3140>
Traceback (most recent call last):
  File "/Users/divyanshgolyan/.codex/worktrees/4511/onepage/research/transport-memory/asymmetric_server.py", line 39, in accept
    data=await reader.read(min(left,16384));assert data;hasher.update(data);left-=len(data);request_bytes+=len(data)
                                                   ^^^^
AssertionError
Unhandled exception in client_connected_cb
transport: <asyncio.sslproto._SSLProtocolTransport object at 0x1041c30b0>
Traceback (most recent call last):
  File "/Users/divyanshgolyan/.codex/worktrees/4511/onepage/research/transport-memory/asymmetric_server.py", line 39, in accept
    data=await reader.read(min(left,16384));assert data;hasher.update(data);left-=len(data);request_bytes+=len(data)
                                                   ^^^^
AssertionError
Unhandled exception in client_connected_cb
transport: <asyncio.sslproto._SSLProtocolTransport object at 0x1041c3020>
Traceback (most recent call last):
  File "/Users/divyanshgolyan/.codex/worktrees/4511/onepage/research/transport-memory/asymmetric_server.py", line 39, in accept
    data=await reader.read(min(left,16384));assert data;hasher.update(data);left-=len(data);request_bytes+=len(data)
                                                   ^^^^
AssertionError
Unhandled exception in client_connected_cb
transport: <asyncio.sslproto._SSLProtocolTransport object at 0x1041c2f90>
Traceback (most recent call last):
  File "/Users/divyanshgolyan/.codex/worktrees/4511/onepage/research/transport-memory/asymmetric_server.py", line 39, in accept
    data=await reader.read(min(left,16384));assert data;hasher.update(data);left-=len(data);request_bytes+=len(data)
                                                   ^^^^
AssertionError
Unhandled exception in client_connected_cb
transport: <asyncio.sslproto._SSLProtocolTransport object at 0x1041c2f00>
Traceback (most recent call last):
  File "/Users/divyanshgolyan/.codex/worktrees/4511/onepage/research/transport-memory/asymmetric_server.py", line 39, in accept
    data=await reader.read(min(left,16384));assert data;hasher.update(data);left-=len(data);request_bytes+=len(data)
                                                   ^^^^
AssertionError
Unhandled exception in client_connected_cb
transport: <asyncio.sslproto._SSLProtocolTransport object at 0x1041c2e70>
Traceback (most recent call last):
  File "/Users/divyanshgolyan/.codex/worktrees/4511/onepage/research/transport-memory/asymmetric_server.py", line 39, in accept
    data=await reader.read(min(left,16384));assert data;hasher.update(data);left-=len(data);request_bytes+=len(data)
                                                   ^^^^
AssertionError
Unhandled exception in client_connected_cb
transport: <asyncio.sslproto._SSLProtocolTransport object at 0x1041c2de0>
Traceback (most recent call last):
  File "/Users/divyanshgolyan/.codex/worktrees/4511/onepage/research/transport-memory/asymmetric_server.py", line 39, in accept
    data=await reader.read(min(left,16384));assert data;hasher.update(data);left-=len(data);request_bytes+=len(data)
                                                   ^^^^
AssertionError
Unhandled exception in client_connected_cb
transport: <asyncio.sslproto._SSLProtocolTransport object at 0x1041c2d50>
Traceback (most recent call last):
  File "/Users/divyanshgolyan/.codex/worktrees/4511/onepage/research/transport-memory/asymmetric_server.py", line 39, in accept
    data=await reader.read(min(left,16384));assert data;hasher.update(data);left-=len(data);request_bytes+=len(data)
                                                   ^^^^
AssertionError
Unhandled exception in client_connected_cb
transport: <asyncio.sslproto._SSLProtocolTransport object at 0x1041c2cc0>
Traceback (most recent call last):
  File "/Users/divyanshgolyan/.codex/worktrees/4511/onepage/research/transport-memory/asymmetric_server.py", line 39, in accept
    data=await reader.read(min(left,16384));assert data;hasher.update(data);left-=len(data);request_bytes+=len(data)
                                                   ^^^^
AssertionError
Unhandled exception in client_connected_cb
transport: <asyncio.sslproto._SSLProtocolTransport object at 0x1041c2c30>
Traceback (most recent call last):
  File "/Users/divyanshgolyan/.codex/worktrees/4511/onepage/research/transport-memory/asymmetric_server.py", line 39, in accept
    data=await reader.read(min(left,16384));assert data;hasher.update(data);left-=len(data);request_bytes+=len(data)
                                                   ^^^^
AssertionError
Unhandled exception in client_connected_cb
transport: <asyncio.sslproto._SSLProtocolTransport object at 0x1041c2ba0>
Traceback (most recent call last):
  File "/Users/divyanshgolyan/.codex/worktrees/4511/onepage/research/transport-memory/asymmetric_server.py", line 39, in accept
    data=await reader.read(min(left,16384));assert data;hasher.update(data);left-=len(data);request_bytes+=len(data)
                                                   ^^^^
AssertionError
Unhandled exception in client_connected_cb
transport: <asyncio.sslproto._SSLProtocolTransport object at 0x1041c2b10>
Traceback (most recent call last):
  File "/Users/divyanshgolyan/.codex/worktrees/4511/onepage/research/transport-memory/asymmetric_server.py", line 39, in accept
    data=await reader.read(min(left,16384));assert data;hasher.update(data);left-=len(data);request_bytes+=len(data)
                                                   ^^^^
AssertionError
Unhandled exception in client_connected_cb
transport: <asyncio.sslproto._SSLProtocolTransport object at 0x1041c2a80>
Traceback (most recent call last):
  File "/Users/divyanshgolyan/.codex/worktrees/4511/onepage/research/transport-memory/asymmetric_server.py", line 39, in accept
    data=await reader.read(min(left,16384));assert data;hasher.update(data);left-=len(data);request_bytes+=len(data)
                                                   ^^^^
AssertionError
Unhandled exception in client_connected_cb
transport: <asyncio.sslproto._SSLProtocolTransport object at 0x1041c29f0>
Traceback (most recent call last):
  File "/Users/divyanshgolyan/.codex/worktrees/4511/onepage/research/transport-memory/asymmetric_server.py", line 39, in accept
    data=await reader.read(min(left,16384));assert data;hasher.update(data);left-=len(data);request_bytes+=len(data)
                                                   ^^^^
AssertionError
Unhandled exception in client_connected_cb
transport: <asyncio.sslproto._SSLProtocolTransport object at 0x1041c2960>
Traceback (most recent call last):
  File "/Users/divyanshgolyan/.codex/worktrees/4511/onepage/research/transport-memory/asymmetric_server.py", line 39, in accept
    data=await reader.read(min(left,16384));assert data;hasher.update(data);left-=len(data);request_bytes+=len(data)
                                                   ^^^^
AssertionError
Unhandled exception in client_connected_cb
transport: <asyncio.sslproto._SSLProtocolTransport object at 0x1041c28d0>
Traceback (most recent call last):
  File "/Users/divyanshgolyan/.codex/worktrees/4511/onepage/research/transport-memory/asymmetric_server.py", line 39, in accept
    data=await reader.read(min(left,16384));assert data;hasher.update(data);left-=len(data);request_bytes+=len(data)
                                                   ^^^^
AssertionError
Unhandled exception in client_connected_cb
transport: <asyncio.sslproto._SSLProtocolTransport object at 0x1041c2840>
Traceback (most recent call last):
  File "/Users/divyanshgolyan/.codex/worktrees/4511/onepage/research/transport-memory/asymmetric_server.py", line 39, in accept
    data=await reader.read(min(left,16384));assert data;hasher.update(data);left-=len(data);request_bytes+=len(data)
                                                   ^^^^
AssertionError
Unhandled exception in client_connected_cb
transport: <asyncio.sslproto._SSLProtocolTransport object at 0x1041c27b0>
Traceback (most recent call last):
  File "/Users/divyanshgolyan/.codex/worktrees/4511/onepage/research/transport-memory/asymmetric_server.py", line 39, in accept
    data=await reader.read(min(left,16384));assert data;hasher.update(data);left-=len(data);request_bytes+=len(data)
                                                   ^^^^
AssertionError
Unhandled exception in client_connected_cb
transport: <asyncio.sslproto._SSLProtocolTransport object at 0x1041c2720>
Traceback (most recent call last):
  File "/Users/divyanshgolyan/.codex/worktrees/4511/onepage/research/transport-memory/asymmetric_server.py", line 39, in accept
    data=await reader.read(min(left,16384));assert data;hasher.update(data);left-=len(data);request_bytes+=len(data)
                                                   ^^^^
AssertionError
Unhandled exception in client_connected_cb
transport: <asyncio.sslproto._SSLProtocolTransport object at 0x1041c2690>
Traceback (most recent call last):
  File "/Users/divyanshgolyan/.codex/worktrees/4511/onepage/research/transport-memory/asymmetric_server.py", line 39, in accept
    data=await reader.read(min(left,16384));assert data;hasher.update(data);left-=len(data);request_bytes+=len(data)
                                                   ^^^^
AssertionError
Unhandled exception in client_connected_cb
transport: <asyncio.sslproto._SSLProtocolTransport object at 0x1041c2600>
Traceback (most recent call last):
  File "/Users/divyanshgolyan/.codex/worktrees/4511/onepage/research/transport-memory/asymmetric_server.py", line 39, in accept
    data=await reader.read(min(left,16384));assert data;hasher.update(data);left-=len(data);request_bytes+=len(data)
                                                   ^^^^
AssertionError
Unhandled exception in client_connected_cb
transport: <asyncio.sslproto._SSLProtocolTransport object at 0x1041c2570>
Traceback (most recent call last):
  File "/Users/divyanshgolyan/.codex/worktrees/4511/onepage/research/transport-memory/asymmetric_server.py", line 39, in accept
    data=await reader.read(min(left,16384));assert data;hasher.update(data);left-=len(data);request_bytes+=len(data)
                                                   ^^^^
AssertionError
Unhandled exception in client_connected_cb
transport: <asyncio.sslproto._SSLProtocolTransport object at 0x1041c24e0>
Traceback (most recent call last):
  File "/Users/divyanshgolyan/.codex/worktrees/4511/onepage/research/transport-memory/asymmetric_server.py", line 39, in accept
    data=await reader.read(min(left,16384));assert data;hasher.update(data);left-=len(data);request_bytes+=len(data)
                                                   ^^^^
AssertionError
Unhandled exception in client_connected_cb
transport: <asyncio.sslproto._SSLProtocolTransport object at 0x1041c2450>
Traceback (most recent call last):
  File "/Users/divyanshgolyan/.codex/worktrees/4511/onepage/research/transport-memory/asymmetric_server.py", line 39, in accept
    data=await reader.read(min(left,16384));assert data;hasher.update(data);left-=len(data);request_bytes+=len(data)
                                                   ^^^^
AssertionError
Unhandled exception in client_connected_cb
transport: <asyncio.sslproto._SSLProtocolTransport object at 0x1041c23c0>
Traceback (most recent call last):
  File "/Users/divyanshgolyan/.codex/worktrees/4511/onepage/research/transport-memory/asymmetric_server.py", line 39, in accept
    data=await reader.read(min(left,16384));assert data;hasher.update(data);left-=len(data);request_bytes+=len(data)
                                                   ^^^^
AssertionError
Unhandled exception in client_connected_cb
transport: <asyncio.sslproto._SSLProtocolTransport object at 0x1041c2330>
Traceback (most recent call last):
  File "/Users/divyanshgolyan/.codex/worktrees/4511/onepage/research/transport-memory/asymmetric_server.py", line 39, in accept
    data=await reader.read(min(left,16384));assert data;hasher.update(data);left-=len(data);request_bytes+=len(data)
                                                   ^^^^
AssertionError
Unhandled exception in client_connected_cb
transport: <asyncio.sslproto._SSLProtocolTransport object at 0x1041c22a0>
Traceback (most recent call last):
  File "/Users/divyanshgolyan/.codex/worktrees/4511/onepage/research/transport-memory/asymmetric_server.py", line 39, in accept
    data=await reader.read(min(left,16384));assert data;hasher.update(data);left-=len(data);request_bytes+=len(data)
                                                   ^^^^
AssertionError
Unhandled exception in client_connected_cb
transport: <asyncio.sslproto._SSLProtocolTransport object at 0x1041c2210>
Traceback (most recent call last):
  File "/Users/divyanshgolyan/.codex/worktrees/4511/onepage/research/transport-memory/asymmetric_server.py", line 39, in accept
    data=await reader.read(min(left,16384));assert data;hasher.update(data);left-=len(data);request_bytes+=len(data)
                                                   ^^^^
AssertionError
Unhandled exception in client_connected_cb
transport: <asyncio.sslproto._SSLProtocolTransport object at 0x1041c2180>
Traceback (most recent call last):
  File "/Users/divyanshgolyan/.codex/worktrees/4511/onepage/research/transport-memory/asymmetric_server.py", line 39, in accept
    data=await reader.read(min(left,16384));assert data;hasher.update(data);left-=len(data);request_bytes+=len(data)
                                                   ^^^^
AssertionError
Unhandled exception in client_connected_cb
transport: <asyncio.sslproto._SSLProtocolTransport object at 0x1041c20f0>
Traceback (most recent call last):
  File "/Users/divyanshgolyan/.codex/worktrees/4511/onepage/research/transport-memory/asymmetric_server.py", line 39, in accept
    data=await reader.read(min(left,16384));assert data;hasher.update(data);left-=len(data);request_bytes+=len(data)
                                                   ^^^^
AssertionError
Unhandled exception in client_connected_cb
transport: <asyncio.sslproto._SSLProtocolTransport object at 0x1041c2060>
Traceback (most recent call last):
  File "/Users/divyanshgolyan/.codex/worktrees/4511/onepage/research/transport-memory/asymmetric_server.py", line 39, in accept
    data=await reader.read(min(left,16384));assert data;hasher.update(data);left-=len(data);request_bytes+=len(data)
                                                   ^^^^
AssertionError
Unhandled exception in client_connected_cb
transport: <asyncio.sslproto._SSLProtocolTransport object at 0x1041c1fd0>
Traceback (most recent call last):
  File "/Users/divyanshgolyan/.codex/worktrees/4511/onepage/research/transport-memory/asymmetric_server.py", line 39, in accept
    data=await reader.read(min(left,16384));assert data;hasher.update(data);left-=len(data);request_bytes+=len(data)
                                                   ^^^^
AssertionError
Unhandled exception in client_connected_cb
transport: <asyncio.sslproto._SSLProtocolTransport object at 0x1041c1f40>
Traceback (most recent call last):
  File "/Users/divyanshgolyan/.codex/worktrees/4511/onepage/research/transport-memory/asymmetric_server.py", line 39, in accept
    data=await reader.read(min(left,16384));assert data;hasher.update(data);left-=len(data);request_bytes+=len(data)
                                                   ^^^^
AssertionError
Unhandled exception in client_connected_cb
transport: <asyncio.sslproto._SSLProtocolTransport object at 0x1041c1eb0>
Traceback (most recent call last):
  File "/Users/divyanshgolyan/.codex/worktrees/4511/onepage/research/transport-memory/asymmetric_server.py", line 39, in accept
    data=await reader.read(min(left,16384));assert data;hasher.update(data);left-=len(data);request_bytes+=len(data)
                                                   ^^^^
AssertionError
Unhandled exception in client_connected_cb
transport: <asyncio.sslproto._SSLProtocolTransport object at 0x1041c1e20>
Traceback (most recent call last):
  File "/Users/divyanshgolyan/.codex/worktrees/4511/onepage/research/transport-memory/asymmetric_server.py", line 39, in accept
    data=await reader.read(min(left,16384));assert data;hasher.update(data);left-=len(data);request_bytes+=len(data)
                                                   ^^^^
AssertionError
Unhandled exception in client_connected_cb
transport: <asyncio.sslproto._SSLProtocolTransport object at 0x1041c1d90>
Traceback (most recent call last):
  File "/Users/divyanshgolyan/.codex/worktrees/4511/onepage/research/transport-memory/asymmetric_server.py", line 39, in accept
    data=await reader.read(min(left,16384));assert data;hasher.update(data);left-=len(data);request_bytes+=len(data)
                                                   ^^^^
AssertionError
Unhandled exception in client_connected_cb
transport: <asyncio.sslproto._SSLProtocolTransport object at 0x1041c1d00>
Traceback (most recent call last):
  File "/Users/divyanshgolyan/.codex/worktrees/4511/onepage/research/transport-memory/asymmetric_server.py", line 39, in accept
    data=await reader.read(min(left,16384));assert data;hasher.update(data);left-=len(data);request_bytes+=len(data)
                                                   ^^^^
AssertionError
Unhandled exception in client_connected_cb
transport: <asyncio.sslproto._SSLProtocolTransport object at 0x1041c1c70>
Traceback (most recent call last):
  File "/Users/divyanshgolyan/.codex/worktrees/4511/onepage/research/transport-memory/asymmetric_server.py", line 39, in accept
    data=await reader.read(min(left,16384));assert data;hasher.update(data);left-=len(data);request_bytes+=len(data)
                                                   ^^^^
AssertionError
Unhandled exception in client_connected_cb
transport: <asyncio.sslproto._SSLProtocolTransport object at 0x1041c1be0>
Traceback (most recent call last):
  File "/Users/divyanshgolyan/.codex/worktrees/4511/onepage/research/transport-memory/asymmetric_server.py", line 39, in accept
    data=await reader.read(min(left,16384));assert data;hasher.update(data);left-=len(data);request_bytes+=len(data)
                                                   ^^^^
AssertionError
Unhandled exception in client_connected_cb
transport: <asyncio.sslproto._SSLProtocolTransport object at 0x1041c1b50>
Traceback (most recent call last):
  File "/Users/divyanshgolyan/.codex/worktrees/4511/onepage/research/transport-memory/asymmetric_server.py", line 39, in accept
    data=await reader.read(min(left,16384));assert data;hasher.update(data);left-=len(data);request_bytes+=len(data)
                                                   ^^^^
AssertionError
Unhandled exception in client_connected_cb
transport: <asyncio.sslproto._SSLProtocolTransport object at 0x1041c1ac0>
Traceback (most recent call last):
  File "/Users/divyanshgolyan/.codex/worktrees/4511/onepage/research/transport-memory/asymmetric_server.py", line 39, in accept
    data=await reader.read(min(left,16384));assert data;hasher.update(data);left-=len(data);request_bytes+=len(data)
                                                   ^^^^
AssertionError
Unhandled exception in client_connected_cb
transport: <asyncio.sslproto._SSLProtocolTransport object at 0x1041c1a30>
Traceback (most recent call last):
  File "/Users/divyanshgolyan/.codex/worktrees/4511/onepage/research/transport-memory/asymmetric_server.py", line 39, in accept
    data=await reader.read(min(left,16384));assert data;hasher.update(data);left-=len(data);request_bytes+=len(data)
                                                   ^^^^
AssertionError
Unhandled exception in client_connected_cb
transport: <asyncio.sslproto._SSLProtocolTransport object at 0x1041c19a0>
Traceback (most recent call last):
  File "/Users/divyanshgolyan/.codex/worktrees/4511/onepage/research/transport-memory/asymmetric_server.py", line 39, in accept
    data=await reader.read(min(left,16384));assert data;hasher.update(data);left-=len(data);request_bytes+=len(data)
                                                   ^^^^
AssertionError
Unhandled exception in client_connected_cb
transport: <asyncio.sslproto._SSLProtocolTransport object at 0x1041c1910>
Traceback (most recent call last):
  File "/Users/divyanshgolyan/.codex/worktrees/4511/onepage/research/transport-memory/asymmetric_server.py", line 39, in accept
    data=await reader.read(min(left,16384));assert data;hasher.update(data);left-=len(data);request_bytes+=len(data)
                                                   ^^^^
AssertionError
Unhandled exception in client_connected_cb
transport: <asyncio.sslproto._SSLProtocolTransport object at 0x1041c1880>
Traceback (most recent call last):
  File "/Users/divyanshgolyan/.codex/worktrees/4511/onepage/research/transport-memory/asymmetric_server.py", line 39, in accept
    data=await reader.read(min(left,16384));assert data;hasher.update(data);left-=len(data);request_bytes+=len(data)
                                                   ^^^^
AssertionError
Unhandled exception in client_connected_cb
transport: <asyncio.sslproto._SSLProtocolTransport object at 0x1041c17f0>
Traceback (most recent call last):
  File "/Users/divyanshgolyan/.codex/worktrees/4511/onepage/research/transport-memory/asymmetric_server.py", line 39, in accept
    data=await reader.read(min(left,16384));assert data;hasher.update(data);left-=len(data);request_bytes+=len(data)
                                                   ^^^^
AssertionError
Unhandled exception in client_connected_cb
transport: <asyncio.sslproto._SSLProtocolTransport object at 0x1041c1760>
Traceback (most recent call last):
  File "/Users/divyanshgolyan/.codex/worktrees/4511/onepage/research/transport-memory/asymmetric_server.py", line 39, in accept
    data=await reader.read(min(left,16384));assert data;hasher.update(data);left-=len(data);request_bytes+=len(data)
                                                   ^^^^
AssertionError
Unhandled exception in client_connected_cb
transport: <asyncio.sslproto._SSLProtocolTransport object at 0x1041c16d0>
Traceback (most recent call last):
  File "/Users/divyanshgolyan/.codex/worktrees/4511/onepage/research/transport-memory/asymmetric_server.py", line 39, in accept
    data=await reader.read(min(left,16384));assert data;hasher.update(data);left-=len(data);request_bytes+=len(data)
                                                   ^^^^
AssertionError
Unhandled exception in client_connected_cb
transport: <asyncio.sslproto._SSLProtocolTransport object at 0x1041c1640>
Traceback (most recent call last):
  File "/Users/divyanshgolyan/.codex/worktrees/4511/onepage/research/transport-memory/asymmetric_server.py", line 39, in accept
    data=await reader.read(min(left,16384));assert data;hasher.update(data);left-=len(data);request_bytes+=len(data)
                                                   ^^^^
AssertionError
Unhandled exception in client_connected_cb
transport: <asyncio.sslproto._SSLProtocolTransport object at 0x1041c15b0>
Traceback (most recent call last):
  File "/Users/divyanshgolyan/.codex/worktrees/4511/onepage/research/transport-memory/asymmetric_server.py", line 39, in accept
    data=await reader.read(min(left,16384));assert data;hasher.update(data);left-=len(data);request_bytes+=len(data)
                                                   ^^^^
AssertionError
Unhandled exception in client_connected_cb
transport: <asyncio.sslproto._SSLProtocolTransport object at 0x1041c1520>
Traceback (most recent call last):
  File "/Users/divyanshgolyan/.codex/worktrees/4511/onepage/research/transport-memory/asymmetric_server.py", line 39, in accept
    data=await reader.read(min(left,16384));assert data;hasher.update(data);left-=len(data);request_bytes+=len(data)
                                                   ^^^^
AssertionError
Unhandled exception in client_connected_cb
transport: <asyncio.sslproto._SSLProtocolTransport object at 0x1041c1490>
Traceback (most recent call last):
  File "/Users/divyanshgolyan/.codex/worktrees/4511/onepage/research/transport-memory/asymmetric_server.py", line 39, in accept
    data=await reader.read(min(left,16384));assert data;hasher.update(data);left-=len(data);request_bytes+=len(data)
                                                   ^^^^
AssertionError
Unhandled exception in client_connected_cb
transport: <asyncio.sslproto._SSLProtocolTransport object at 0x1041c1400>
Traceback (most recent call last):
  File "/Users/divyanshgolyan/.codex/worktrees/4511/onepage/research/transport-memory/asymmetric_server.py", line 39, in accept
    data=await reader.read(min(left,16384));assert data;hasher.update(data);left-=len(data);request_bytes+=len(data)
                                                   ^^^^
AssertionError
Unhandled exception in client_connected_cb
transport: <asyncio.sslproto._SSLProtocolTransport object at 0x1041c1370>
Traceback (most recent call last):
  File "/Users/divyanshgolyan/.codex/worktrees/4511/onepage/research/transport-memory/asymmetric_server.py", line 39, in accept
    data=await reader.read(min(left,16384));assert data;hasher.update(data);left-=len(data);request_bytes+=len(data)
                                                   ^^^^
AssertionError
Unhandled exception in client_connected_cb
transport: <asyncio.sslproto._SSLProtocolTransport object at 0x1041c12e0>
Traceback (most recent call last):
  File "/Users/divyanshgolyan/.codex/worktrees/4511/onepage/research/transport-memory/asymmetric_server.py", line 39, in accept
    data=await reader.read(min(left,16384));assert data;hasher.update(data);left-=len(data);request_bytes+=len(data)
                                                   ^^^^
AssertionError
Unhandled exception in client_connected_cb
transport: <asyncio.sslproto._SSLProtocolTransport object at 0x1041c1250>
Traceback (most recent call last):
  File "/Users/divyanshgolyan/.codex/worktrees/4511/onepage/research/transport-memory/asymmetric_server.py", line 39, in accept
    data=await reader.read(min(left,16384));assert data;hasher.update(data);left-=len(data);request_bytes+=len(data)
                                                   ^^^^
AssertionError
Unhandled exception in client_connected_cb
transport: <asyncio.sslproto._SSLProtocolTransport object at 0x1041c11c0>
Traceback (most recent call last):
  File "/Users/divyanshgolyan/.codex/worktrees/4511/onepage/research/transport-memory/asymmetric_server.py", line 39, in accept
    data=await reader.read(min(left,16384));assert data;hasher.update(data);left-=len(data);request_bytes+=len(data)
                                                   ^^^^
AssertionError
Unhandled exception in client_connected_cb
transport: <asyncio.sslproto._SSLProtocolTransport object at 0x1041c1130>
Traceback (most recent call last):
  File "/Users/divyanshgolyan/.codex/worktrees/4511/onepage/research/transport-memory/asymmetric_server.py", line 39, in accept
    data=await reader.read(min(left,16384));assert data;hasher.update(data);left-=len(data);request_bytes+=len(data)
                                                   ^^^^
AssertionError
Unhandled exception in client_connected_cb
transport: <asyncio.sslproto._SSLProtocolTransport object at 0x1041c10a0>
Traceback (most recent call last):
  File "/Users/divyanshgolyan/.codex/worktrees/4511/onepage/research/transport-memory/asymmetric_server.py", line 39, in accept
    data=await reader.read(min(left,16384));assert data;hasher.update(data);left-=len(data);request_bytes+=len(data)
                                                   ^^^^
AssertionError
Unhandled exception in client_connected_cb
transport: <asyncio.sslproto._SSLProtocolTransport object at 0x1041c1010>
Traceback (most recent call last):
  File "/Users/divyanshgolyan/.codex/worktrees/4511/onepage/research/transport-memory/asymmetric_server.py", line 39, in accept
    data=await reader.read(min(left,16384));assert data;hasher.update(data);left-=len(data);request_bytes+=len(data)
                                                   ^^^^
AssertionError
Unhandled exception in client_connected_cb
transport: <asyncio.sslproto._SSLProtocolTransport object at 0x1041c0f80>
Traceback (most recent call last):
  File "/Users/divyanshgolyan/.codex/worktrees/4511/onepage/research/transport-memory/asymmetric_server.py", line 39, in accept
    data=await reader.read(min(left,16384));assert data;hasher.update(data);left-=len(data);request_bytes+=len(data)
                                                   ^^^^
AssertionError
Unhandled exception in client_connected_cb
transport: <asyncio.sslproto._SSLProtocolTransport object at 0x1041c0ef0>
Traceback (most recent call last):
  File "/Users/divyanshgolyan/.codex/worktrees/4511/onepage/research/transport-memory/asymmetric_server.py", line 39, in accept
    data=await reader.read(min(left,16384));assert data;hasher.update(data);left-=len(data);request_bytes+=len(data)
                                                   ^^^^
AssertionError
Unhandled exception in client_connected_cb
transport: <asyncio.sslproto._SSLProtocolTransport object at 0x1041c0e60>
Traceback (most recent call last):
  File "/Users/divyanshgolyan/.codex/worktrees/4511/onepage/research/transport-memory/asymmetric_server.py", line 39, in accept
    data=await reader.read(min(left,16384));assert data;hasher.update(data);left-=len(data);request_bytes+=len(data)
                                                   ^^^^
AssertionError
Unhandled exception in client_connected_cb
transport: <asyncio.sslproto._SSLProtocolTransport object at 0x1041c0dd0>
Traceback (most recent call last):
  File "/Users/divyanshgolyan/.codex/worktrees/4511/onepage/research/transport-memory/asymmetric_server.py", line 39, in accept
    data=await reader.read(min(left,16384));assert data;hasher.update(data);left-=len(data);request_bytes+=len(data)
                                                   ^^^^
AssertionError
Unhandled exception in client_connected_cb
transport: <asyncio.sslproto._SSLProtocolTransport object at 0x1041c0d40>
Traceback (most recent call last):
  File "/Users/divyanshgolyan/.codex/worktrees/4511/onepage/research/transport-memory/asymmetric_server.py", line 39, in accept
    data=await reader.read(min(left,16384));assert data;hasher.update(data);left-=len(data);request_bytes+=len(data)
                                                   ^^^^
AssertionError
Unhandled exception in client_connected_cb
transport: <asyncio.sslproto._SSLProtocolTransport object at 0x1041c0cb0>
Traceback (most recent call last):
  File "/Users/divyanshgolyan/.codex/worktrees/4511/onepage/research/transport-memory/asymmetric_server.py", line 39, in accept
    data=await reader.read(min(left,16384));assert data;hasher.update(data);left-=len(data);request_bytes+=len(data)
                                                   ^^^^
AssertionError
Unhandled exception in client_connected_cb
transport: <asyncio.sslproto._SSLProtocolTransport object at 0x1041c0c20>
Traceback (most recent call last):
  File "/Users/divyanshgolyan/.codex/worktrees/4511/onepage/research/transport-memory/asymmetric_server.py", line 39, in accept
    data=await reader.read(min(left,16384));assert data;hasher.update(data);left-=len(data);request_bytes+=len(data)
                                                   ^^^^
AssertionError
Unhandled exception in client_connected_cb
transport: <asyncio.sslproto._SSLProtocolTransport object at 0x1041c0b90>
Traceback (most recent call last):
  File "/Users/divyanshgolyan/.codex/worktrees/4511/onepage/research/transport-memory/asymmetric_server.py", line 39, in accept
    data=await reader.read(min(left,16384));assert data;hasher.update(data);left-=len(data);request_bytes+=len(data)
                                                   ^^^^
AssertionError
Unhandled exception in client_connected_cb
transport: <asyncio.sslproto._SSLProtocolTransport object at 0x1041c0b00>
Traceback (most recent call last):
  File "/Users/divyanshgolyan/.codex/worktrees/4511/onepage/research/transport-memory/asymmetric_server.py", line 39, in accept
    data=await reader.read(min(left,16384));assert data;hasher.update(data);left-=len(data);request_bytes+=len(data)
                                                   ^^^^
AssertionError
Unhandled exception in client_connected_cb
transport: <asyncio.sslproto._SSLProtocolTransport object at 0x1041c0a70>
Traceback (most recent call last):
  File "/Users/divyanshgolyan/.codex/worktrees/4511/onepage/research/transport-memory/asymmetric_server.py", line 39, in accept
    data=await reader.read(min(left,16384));assert data;hasher.update(data);left-=len(data);request_bytes+=len(data)
                                                   ^^^^
AssertionError
Unhandled exception in client_connected_cb
transport: <asyncio.sslproto._SSLProtocolTransport object at 0x1041c09e0>
Traceback (most recent call last):
  File "/Users/divyanshgolyan/.codex/worktrees/4511/onepage/research/transport-memory/asymmetric_server.py", line 39, in accept
    data=await reader.read(min(left,16384));assert data;hasher.update(data);left-=len(data);request_bytes+=len(data)
                                                   ^^^^
AssertionError
Unhandled exception in client_connected_cb
transport: <asyncio.sslproto._SSLProtocolTransport object at 0x1041c0950>
Traceback (most recent call last):
  File "/Users/divyanshgolyan/.codex/worktrees/4511/onepage/research/transport-memory/asymmetric_server.py", line 39, in accept
    data=await reader.read(min(left,16384));assert data;hasher.update(data);left-=len(data);request_bytes+=len(data)
                                                   ^^^^
AssertionError
Unhandled exception in client_connected_cb
transport: <asyncio.sslproto._SSLProtocolTransport object at 0x1041c08c0>
Traceback (most recent call last):
  File "/Users/divyanshgolyan/.codex/worktrees/4511/onepage/research/transport-memory/asymmetric_server.py", line 39, in accept
    data=await reader.read(min(left,16384));assert data;hasher.update(data);left-=len(data);request_bytes+=len(data)
                                                   ^^^^
AssertionError
Unhandled exception in client_connected_cb
transport: <asyncio.sslproto._SSLProtocolTransport object at 0x1041c0830>
Traceback (most recent call last):
  File "/Users/divyanshgolyan/.codex/worktrees/4511/onepage/research/transport-memory/asymmetric_server.py", line 39, in accept
    data=await reader.read(min(left,16384));assert data;hasher.update(data);left-=len(data);request_bytes+=len(data)
                                                   ^^^^
AssertionError
Unhandled exception in client_connected_cb
transport: <asyncio.sslproto._SSLProtocolTransport object at 0x1041c07a0>
Traceback (most recent call last):
  File "/Users/divyanshgolyan/.codex/worktrees/4511/onepage/research/transport-memory/asymmetric_server.py", line 39, in accept
    data=await reader.read(min(left,16384));assert data;hasher.update(data);left-=len(data);request_bytes+=len(data)
                                                   ^^^^
AssertionError
Unhandled exception in client_connected_cb
transport: <asyncio.sslproto._SSLProtocolTransport object at 0x1041c0710>
Traceback (most recent call last):
  File "/Users/divyanshgolyan/.codex/worktrees/4511/onepage/research/transport-memory/asymmetric_server.py", line 39, in accept
    data=await reader.read(min(left,16384));assert data;hasher.update(data);left-=len(data);request_bytes+=len(data)
                                                   ^^^^
AssertionError
Unhandled exception in client_connected_cb
transport: <asyncio.sslproto._SSLProtocolTransport object at 0x1041c0680>
Traceback (most recent call last):
  File "/Users/divyanshgolyan/.codex/worktrees/4511/onepage/research/transport-memory/asymmetric_server.py", line 39, in accept
    data=await reader.read(min(left,16384));assert data;hasher.update(data);left-=len(data);request_bytes+=len(data)
                                                   ^^^^
AssertionError
Unhandled exception in client_connected_cb
transport: <asyncio.sslproto._SSLProtocolTransport object at 0x1041c05f0>
Traceback (most recent call last):
  File "/Users/divyanshgolyan/.codex/worktrees/4511/onepage/research/transport-memory/asymmetric_server.py", line 39, in accept
    data=await reader.read(min(left,16384));assert data;hasher.update(data);left-=len(data);request_bytes+=len(data)
                                                   ^^^^
AssertionError
Unhandled exception in client_connected_cb
transport: <asyncio.sslproto._SSLProtocolTransport object at 0x1041c0560>
Traceback (most recent call last):
  File "/Users/divyanshgolyan/.codex/worktrees/4511/onepage/research/transport-memory/asymmetric_server.py", line 39, in accept
    data=await reader.read(min(left,16384));assert data;hasher.update(data);left-=len(data);request_bytes+=len(data)
                                                   ^^^^
AssertionError
Unhandled exception in client_connected_cb
transport: <asyncio.sslproto._SSLProtocolTransport object at 0x1041c04d0>
Traceback (most recent call last):
  File "/Users/divyanshgolyan/.codex/worktrees/4511/onepage/research/transport-memory/asymmetric_server.py", line 39, in accept
    data=await reader.read(min(left,16384));assert data;hasher.update(data);left-=len(data);request_bytes+=len(data)
                                                   ^^^^
AssertionError
Unhandled exception in client_connected_cb
transport: <asyncio.sslproto._SSLProtocolTransport object at 0x1041c0440>
Traceback (most recent call last):
  File "/Users/divyanshgolyan/.codex/worktrees/4511/onepage/research/transport-memory/asymmetric_server.py", line 39, in accept
    data=await reader.read(min(left,16384));assert data;hasher.update(data);left-=len(data);request_bytes+=len(data)
                                                   ^^^^
AssertionError
Unhandled exception in client_connected_cb
transport: <asyncio.sslproto._SSLProtocolTransport object at 0x1041c03b0>
Traceback (most recent call last):
  File "/Users/divyanshgolyan/.codex/worktrees/4511/onepage/research/transport-memory/asymmetric_server.py", line 39, in accept
    data=await reader.read(min(left,16384));assert data;hasher.update(data);left-=len(data);request_bytes+=len(data)
                                                   ^^^^
AssertionError
Unhandled exception in client_connected_cb
transport: <asyncio.sslproto._SSLProtocolTransport object at 0x1041c0320>
Traceback (most recent call last):
  File "/Users/divyanshgolyan/.codex/worktrees/4511/onepage/research/transport-memory/asymmetric_server.py", line 39, in accept
    data=await reader.read(min(left,16384));assert data;hasher.update(data);left-=len(data);request_bytes+=len(data)
                                                   ^^^^
AssertionError
Unhandled exception in client_connected_cb
transport: <asyncio.sslproto._SSLProtocolTransport object at 0x1041c0290>
Traceback (most recent call last):
  File "/Users/divyanshgolyan/.codex/worktrees/4511/onepage/research/transport-memory/asymmetric_server.py", line 39, in accept
    data=await reader.read(min(left,16384));assert data;hasher.update(data);left-=len(data);request_bytes+=len(data)
                                                   ^^^^
AssertionError
Unhandled exception in client_connected_cb
transport: <asyncio.sslproto._SSLProtocolTransport object at 0x1041c0200>
Traceback (most recent call last):
  File "/Users/divyanshgolyan/.codex/worktrees/4511/onepage/research/transport-memory/asymmetric_server.py", line 39, in accept
    data=await reader.read(min(left,16384));assert data;hasher.update(data);left-=len(data);request_bytes+=len(data)
                                                   ^^^^
AssertionError
Unhandled exception in client_connected_cb
transport: <asyncio.sslproto._SSLProtocolTransport object at 0x1041c0170>
Traceback (most recent call last):
  File "/Users/divyanshgolyan/.codex/worktrees/4511/onepage/research/transport-memory/asymmetric_server.py", line 39, in accept
    data=await reader.read(min(left,16384));assert data;hasher.update(data);left-=len(data);request_bytes+=len(data)
                                                   ^^^^
AssertionError
Unhandled exception in client_connected_cb
transport: <asyncio.sslproto._SSLProtocolTransport object at 0x1041c00e0>
Traceback (most recent call last):
  File "/Users/divyanshgolyan/.codex/worktrees/4511/onepage/research/transport-memory/asymmetric_server.py", line 39, in accept
    data=await reader.read(min(left,16384));assert data;hasher.update(data);left-=len(data);request_bytes+=len(data)
                                                   ^^^^
AssertionError
Unhandled exception in client_connected_cb
transport: <asyncio.sslproto._SSLProtocolTransport object at 0x1041c0050>
Traceback (most recent call last):
  File "/Users/divyanshgolyan/.codex/worktrees/4511/onepage/research/transport-memory/asymmetric_server.py", line 39, in accept
    data=await reader.read(min(left,16384));assert data;hasher.update(data);left-=len(data);request_bytes+=len(data)
                                                   ^^^^
AssertionError
Unhandled exception in client_connected_cb
transport: <asyncio.sslproto._SSLProtocolTransport object at 0x10411bf50>
Traceback (most recent call last):
  File "/Users/divyanshgolyan/.codex/worktrees/4511/onepage/research/transport-memory/asymmetric_server.py", line 39, in accept
    data=await reader.read(min(left,16384));assert data;hasher.update(data);left-=len(data);request_bytes+=len(data)
                                                   ^^^^
AssertionError
Unhandled exception in client_connected_cb
transport: <asyncio.sslproto._SSLProtocolTransport object at 0x10411bec0>
Traceback (most recent call last):
  File "/Users/divyanshgolyan/.codex/worktrees/4511/onepage/research/transport-memory/asymmetric_server.py", line 39, in accept
    data=await reader.read(min(left,16384));assert data;hasher.update(data);left-=len(data);request_bytes+=len(data)
                                                   ^^^^
AssertionError
Unhandled exception in client_connected_cb
transport: <asyncio.sslproto._SSLProtocolTransport object at 0x10411be30>
Traceback (most recent call last):
  File "/Users/divyanshgolyan/.codex/worktrees/4511/onepage/research/transport-memory/asymmetric_server.py", line 39, in accept
    data=await reader.read(min(left,16384));assert data;hasher.update(data);left-=len(data);request_bytes+=len(data)
                                                   ^^^^
AssertionError
Unhandled exception in client_connected_cb
transport: <asyncio.sslproto._SSLProtocolTransport object at 0x10411bda0>
Traceback (most recent call last):
  File "/Users/divyanshgolyan/.codex/worktrees/4511/onepage/research/transport-memory/asymmetric_server.py", line 39, in accept
    data=await reader.read(min(left,16384));assert data;hasher.update(data);left-=len(data);request_bytes+=len(data)
                                                   ^^^^
AssertionError
Unhandled exception in client_connected_cb
transport: <asyncio.sslproto._SSLProtocolTransport object at 0x10411bd10>
Traceback (most recent call last):
  File "/Users/divyanshgolyan/.codex/worktrees/4511/onepage/research/transport-memory/asymmetric_server.py", line 39, in accept
    data=await reader.read(min(left,16384));assert data;hasher.update(data);left-=len(data);request_bytes+=len(data)
                                                   ^^^^
AssertionError
Unhandled exception in client_connected_cb
transport: <asyncio.sslproto._SSLProtocolTransport object at 0x10411bc80>
Traceback (most recent call last):
  File "/Users/divyanshgolyan/.codex/worktrees/4511/onepage/research/transport-memory/asymmetric_server.py", line 39, in accept
    data=await reader.read(min(left,16384));assert data;hasher.update(data);left-=len(data);request_bytes+=len(data)
                                                   ^^^^
AssertionError
Unhandled exception in client_connected_cb
transport: <asyncio.sslproto._SSLProtocolTransport object at 0x10411bbf0>
Traceback (most recent call last):
  File "/Users/divyanshgolyan/.codex/worktrees/4511/onepage/research/transport-memory/asymmetric_server.py", line 39, in accept
    data=await reader.read(min(left,16384));assert data;hasher.update(data);left-=len(data);request_bytes+=len(data)
                                                   ^^^^
AssertionError
Unhandled exception in client_connected_cb
transport: <asyncio.sslproto._SSLProtocolTransport object at 0x10411bb60>
Traceback (most recent call last):
  File "/Users/divyanshgolyan/.codex/worktrees/4511/onepage/research/transport-memory/asymmetric_server.py", line 39, in accept
    data=await reader.read(min(left,16384));assert data;hasher.update(data);left-=len(data);request_bytes+=len(data)
                                                   ^^^^
AssertionError
Unhandled exception in client_connected_cb
transport: <asyncio.sslproto._SSLProtocolTransport object at 0x10411bad0>
Traceback (most recent call last):
  File "/Users/divyanshgolyan/.codex/worktrees/4511/onepage/research/transport-memory/asymmetric_server.py", line 39, in accept
    data=await reader.read(min(left,16384));assert data;hasher.update(data);left-=len(data);request_bytes+=len(data)
                                                   ^^^^
AssertionError
Unhandled exception in client_connected_cb
transport: <asyncio.sslproto._SSLProtocolTransport object at 0x10411ba40>
Traceback (most recent call last):
  File "/Users/divyanshgolyan/.codex/worktrees/4511/onepage/research/transport-memory/asymmetric_server.py", line 39, in accept
    data=await reader.read(min(left,16384));assert data;hasher.update(data);left-=len(data);request_bytes+=len(data)
                                                   ^^^^
AssertionError
Unhandled exception in client_connected_cb
transport: <asyncio.sslproto._SSLProtocolTransport object at 0x10411b9b0>
Traceback (most recent call last):
  File "/Users/divyanshgolyan/.codex/worktrees/4511/onepage/research/transport-memory/asymmetric_server.py", line 39, in accept
    data=await reader.read(min(left,16384));assert data;hasher.update(data);left-=len(data);request_bytes+=len(data)
                                                   ^^^^
AssertionError
Unhandled exception in client_connected_cb
transport: <asyncio.sslproto._SSLProtocolTransport object at 0x10411b920>
Traceback (most recent call last):
  File "/Users/divyanshgolyan/.codex/worktrees/4511/onepage/research/transport-memory/asymmetric_server.py", line 39, in accept
    data=await reader.read(min(left,16384));assert data;hasher.update(data);left-=len(data);request_bytes+=len(data)
                                                   ^^^^
AssertionError
Unhandled exception in client_connected_cb
transport: <asyncio.sslproto._SSLProtocolTransport object at 0x10411b890>
Traceback (most recent call last):
  File "/Users/divyanshgolyan/.codex/worktrees/4511/onepage/research/transport-memory/asymmetric_server.py", line 39, in accept
    data=await reader.read(min(left,16384));assert data;hasher.update(data);left-=len(data);request_bytes+=len(data)
                                                   ^^^^
AssertionError
Unhandled exception in client_connected_cb
transport: <asyncio.sslproto._SSLProtocolTransport object at 0x10411b800>
Traceback (most recent call last):
  File "/Users/divyanshgolyan/.codex/worktrees/4511/onepage/research/transport-memory/asymmetric_server.py", line 39, in accept
    data=await reader.read(min(left,16384));assert data;hasher.update(data);left-=len(data);request_bytes+=len(data)
                                                   ^^^^
AssertionError
Unhandled exception in client_connected_cb
transport: <asyncio.sslproto._SSLProtocolTransport object at 0x10411b770>
Traceback (most recent call last):
  File "/Users/divyanshgolyan/.codex/worktrees/4511/onepage/research/transport-memory/asymmetric_server.py", line 39, in accept
    data=await reader.read(min(left,16384));assert data;hasher.update(data);left-=len(data);request_bytes+=len(data)
                                                   ^^^^
AssertionError
Unhandled exception in client_connected_cb
transport: <asyncio.sslproto._SSLProtocolTransport object at 0x10411b6e0>
Traceback (most recent call last):
  File "/Users/divyanshgolyan/.codex/worktrees/4511/onepage/research/transport-memory/asymmetric_server.py", line 39, in accept
    data=await reader.read(min(left,16384));assert data;hasher.update(data);left-=len(data);request_bytes+=len(data)
                                                   ^^^^
AssertionError
Unhandled exception in client_connected_cb
transport: <asyncio.sslproto._SSLProtocolTransport object at 0x10411b650>
Traceback (most recent call last):
  File "/Users/divyanshgolyan/.codex/worktrees/4511/onepage/research/transport-memory/asymmetric_server.py", line 39, in accept
    data=await reader.read(min(left,16384));assert data;hasher.update(data);left-=len(data);request_bytes+=len(data)
                                                   ^^^^
AssertionError
Unhandled exception in client_connected_cb
transport: <asyncio.sslproto._SSLProtocolTransport object at 0x10411b5c0>
Traceback (most recent call last):
  File "/Users/divyanshgolyan/.codex/worktrees/4511/onepage/research/transport-memory/asymmetric_server.py", line 39, in accept
    data=await reader.read(min(left,16384));assert data;hasher.update(data);left-=len(data);request_bytes+=len(data)
                                                   ^^^^
AssertionError
Unhandled exception in client_connected_cb
transport: <asyncio.sslproto._SSLProtocolTransport object at 0x10411b530>
Traceback (most recent call last):
  File "/Users/divyanshgolyan/.codex/worktrees/4511/onepage/research/transport-memory/asymmetric_server.py", line 39, in accept
    data=await reader.read(min(left,16384));assert data;hasher.update(data);left-=len(data);request_bytes+=len(data)
                                                   ^^^^
AssertionError
Unhandled exception in client_connected_cb
transport: <asyncio.sslproto._SSLProtocolTransport object at 0x10411b4a0>
Traceback (most recent call last):
  File "/Users/divyanshgolyan/.codex/worktrees/4511/onepage/research/transport-memory/asymmetric_server.py", line 39, in accept
    data=await reader.read(min(left,16384));assert data;hasher.update(data);left-=len(data);request_bytes+=len(data)
                                                   ^^^^
AssertionError
Unhandled exception in client_connected_cb
transport: <asyncio.sslproto._SSLProtocolTransport object at 0x10411b410>
Traceback (most recent call last):
  File "/Users/divyanshgolyan/.codex/worktrees/4511/onepage/research/transport-memory/asymmetric_server.py", line 39, in accept
    data=await reader.read(min(left,16384));assert data;hasher.update(data);left-=len(data);request_bytes+=len(data)
                                                   ^^^^
AssertionError
Unhandled exception in client_connected_cb
transport: <asyncio.sslproto._SSLProtocolTransport object at 0x10411b380>
Traceback (most recent call last):
  File "/Users/divyanshgolyan/.codex/worktrees/4511/onepage/research/transport-memory/asymmetric_server.py", line 39, in accept
    data=await reader.read(min(left,16384));assert data;hasher.update(data);left-=len(data);request_bytes+=len(data)
                                                   ^^^^
AssertionError
Unhandled exception in client_connected_cb
transport: <asyncio.sslproto._SSLProtocolTransport object at 0x10411b2f0>
Traceback (most recent call last):
  File "/Users/divyanshgolyan/.codex/worktrees/4511/onepage/research/transport-memory/asymmetric_server.py", line 39, in accept
    data=await reader.read(min(left,16384));assert data;hasher.update(data);left-=len(data);request_bytes+=len(data)
                                                   ^^^^
AssertionError
Unhandled exception in client_connected_cb
transport: <asyncio.sslproto._SSLProtocolTransport object at 0x10411b260>
Traceback (most recent call last):
  File "/Users/divyanshgolyan/.codex/worktrees/4511/onepage/research/transport-memory/asymmetric_server.py", line 39, in accept
    data=await reader.read(min(left,16384));assert data;hasher.update(data);left-=len(data);request_bytes+=len(data)
                                                   ^^^^
AssertionError
Unhandled exception in client_connected_cb
transport: <asyncio.sslproto._SSLProtocolTransport object at 0x10411b1d0>
Traceback (most recent call last):
  File "/Users/divyanshgolyan/.codex/worktrees/4511/onepage/research/transport-memory/asymmetric_server.py", line 39, in accept
    data=await reader.read(min(left,16384));assert data;hasher.update(data);left-=len(data);request_bytes+=len(data)
                                                   ^^^^
AssertionError
Unhandled exception in client_connected_cb
transport: <asyncio.sslproto._SSLProtocolTransport object at 0x10411b140>
Traceback (most recent call last):
  File "/Users/divyanshgolyan/.codex/worktrees/4511/onepage/research/transport-memory/asymmetric_server.py", line 39, in accept
    data=await reader.read(min(left,16384));assert data;hasher.update(data);left-=len(data);request_bytes+=len(data)
                                                   ^^^^
AssertionError
Unhandled exception in client_connected_cb
transport: <asyncio.sslproto._SSLProtocolTransport object at 0x10411b0b0>
Traceback (most recent call last):
  File "/Users/divyanshgolyan/.codex/worktrees/4511/onepage/research/transport-memory/asymmetric_server.py", line 39, in accept
    data=await reader.read(min(left,16384));assert data;hasher.update(data);left-=len(data);request_bytes+=len(data)
                                                   ^^^^
AssertionError
Unhandled exception in client_connected_cb
transport: <asyncio.sslproto._SSLProtocolTransport object at 0x10411b020>
Traceback (most recent call last):
  File "/Users/divyanshgolyan/.codex/worktrees/4511/onepage/research/transport-memory/asymmetric_server.py", line 39, in accept
    data=await reader.read(min(left,16384));assert data;hasher.update(data);left-=len(data);request_bytes+=len(data)
                                                   ^^^^
AssertionError
Unhandled exception in client_connected_cb
transport: <asyncio.sslproto._SSLProtocolTransport object at 0x10411af90>
Traceback (most recent call last):
  File "/Users/divyanshgolyan/.codex/worktrees/4511/onepage/research/transport-memory/asymmetric_server.py", line 39, in accept
    data=await reader.read(min(left,16384));assert data;hasher.update(data);left-=len(data);request_bytes+=len(data)
                                                   ^^^^
AssertionError
Unhandled exception in client_connected_cb
transport: <asyncio.sslproto._SSLProtocolTransport object at 0x10411af00>
Traceback (most recent call last):
  File "/Users/divyanshgolyan/.codex/worktrees/4511/onepage/research/transport-memory/asymmetric_server.py", line 39, in accept
    data=await reader.read(min(left,16384));assert data;hasher.update(data);left-=len(data);request_bytes+=len(data)
                                                   ^^^^
AssertionError
Unhandled exception in client_connected_cb
transport: <asyncio.sslproto._SSLProtocolTransport object at 0x10411ae70>
Traceback (most recent call last):
  File "/Users/divyanshgolyan/.codex/worktrees/4511/onepage/research/transport-memory/asymmetric_server.py", line 39, in accept
    data=await reader.read(min(left,16384));assert data;hasher.update(data);left-=len(data);request_bytes+=len(data)
                                                   ^^^^
AssertionError
Unhandled exception in client_connected_cb
transport: <asyncio.sslproto._SSLProtocolTransport object at 0x10411ade0>
Traceback (most recent call last):
  File "/Users/divyanshgolyan/.codex/worktrees/4511/onepage/research/transport-memory/asymmetric_server.py", line 39, in accept
    data=await reader.read(min(left,16384));assert data;hasher.update(data);left-=len(data);request_bytes+=len(data)
                                                   ^^^^
AssertionError
Unhandled exception in client_connected_cb
transport: <asyncio.sslproto._SSLProtocolTransport object at 0x10411ad50>
Traceback (most recent call last):
  File "/Users/divyanshgolyan/.codex/worktrees/4511/onepage/research/transport-memory/asymmetric_server.py", line 39, in accept
    data=await reader.read(min(left,16384));assert data;hasher.update(data);left-=len(data);request_bytes+=len(data)
                                                   ^^^^
AssertionError
Unhandled exception in client_connected_cb
transport: <asyncio.sslproto._SSLProtocolTransport object at 0x10411acc0>
Traceback (most recent call last):
  File "/Users/divyanshgolyan/.codex/worktrees/4511/onepage/research/transport-memory/asymmetric_server.py", line 39, in accept
    data=await reader.read(min(left,16384));assert data;hasher.update(data);left-=len(data);request_bytes+=len(data)
                                                   ^^^^
AssertionError
Unhandled exception in client_connected_cb
transport: <asyncio.sslproto._SSLProtocolTransport object at 0x10411ac30>
Traceback (most recent call last):
  File "/Users/divyanshgolyan/.codex/worktrees/4511/onepage/research/transport-memory/asymmetric_server.py", line 39, in accept
    data=await reader.read(min(left,16384));assert data;hasher.update(data);left-=len(data);request_bytes+=len(data)
                                                   ^^^^
AssertionError
Unhandled exception in client_connected_cb
transport: <asyncio.sslproto._SSLProtocolTransport object at 0x10411aba0>
Traceback (most recent call last):
  File "/Users/divyanshgolyan/.codex/worktrees/4511/onepage/research/transport-memory/asymmetric_server.py", line 39, in accept
    data=await reader.read(min(left,16384));assert data;hasher.update(data);left-=len(data);request_bytes+=len(data)
                                                   ^^^^
AssertionError
Unhandled exception in client_connected_cb
transport: <asyncio.sslproto._SSLProtocolTransport object at 0x10411ab10>
Traceback (most recent call last):
  File "/Users/divyanshgolyan/.codex/worktrees/4511/onepage/research/transport-memory/asymmetric_server.py", line 39, in accept
    data=await reader.read(min(left,16384));assert data;hasher.update(data);left-=len(data);request_bytes+=len(data)
                                                   ^^^^
AssertionError
Unhandled exception in client_connected_cb
transport: <asyncio.sslproto._SSLProtocolTransport object at 0x10411aa80>
Traceback (most recent call last):
  File "/Users/divyanshgolyan/.codex/worktrees/4511/onepage/research/transport-memory/asymmetric_server.py", line 39, in accept
    data=await reader.read(min(left,16384));assert data;hasher.update(data);left-=len(data);request_bytes+=len(data)
                                                   ^^^^
AssertionError
Unhandled exception in client_connected_cb
transport: <asyncio.sslproto._SSLProtocolTransport object at 0x10411a9f0>
Traceback (most recent call last):
  File "/Users/divyanshgolyan/.codex/worktrees/4511/onepage/research/transport-memory/asymmetric_server.py", line 39, in accept
    data=await reader.read(min(left,16384));assert data;hasher.update(data);left-=len(data);request_bytes+=len(data)
                                                   ^^^^
AssertionError
Unhandled exception in client_connected_cb
transport: <asyncio.sslproto._SSLProtocolTransport object at 0x10411a960>
Traceback (most recent call last):
  File "/Users/divyanshgolyan/.codex/worktrees/4511/onepage/research/transport-memory/asymmetric_server.py", line 39, in accept
    data=await reader.read(min(left,16384));assert data;hasher.update(data);left-=len(data);request_bytes+=len(data)
                                                   ^^^^
AssertionError
Unhandled exception in client_connected_cb
transport: <asyncio.sslproto._SSLProtocolTransport object at 0x10411a8d0>
Traceback (most recent call last):
  File "/Users/divyanshgolyan/.codex/worktrees/4511/onepage/research/transport-memory/asymmetric_server.py", line 39, in accept
    data=await reader.read(min(left,16384));assert data;hasher.update(data);left-=len(data);request_bytes+=len(data)
                                                   ^^^^
AssertionError
Unhandled exception in client_connected_cb
transport: <asyncio.sslproto._SSLProtocolTransport object at 0x10411a840>
Traceback (most recent call last):
  File "/Users/divyanshgolyan/.codex/worktrees/4511/onepage/research/transport-memory/asymmetric_server.py", line 39, in accept
    data=await reader.read(min(left,16384));assert data;hasher.update(data);left-=len(data);request_bytes+=len(data)
                                                   ^^^^
AssertionError
Unhandled exception in client_connected_cb
transport: <asyncio.sslproto._SSLProtocolTransport object at 0x10411a7b0>
Traceback (most recent call last):
  File "/Users/divyanshgolyan/.codex/worktrees/4511/onepage/research/transport-memory/asymmetric_server.py", line 39, in accept
    data=await reader.read(min(left,16384));assert data;hasher.update(data);left-=len(data);request_bytes+=len(data)
                                                   ^^^^
AssertionError
Unhandled exception in client_connected_cb
transport: <asyncio.sslproto._SSLProtocolTransport object at 0x10411a720>
Traceback (most recent call last):
  File "/Users/divyanshgolyan/.codex/worktrees/4511/onepage/research/transport-memory/asymmetric_server.py", line 39, in accept
    data=await reader.read(min(left,16384));assert data;hasher.update(data);left-=len(data);request_bytes+=len(data)
                                                   ^^^^
AssertionError
Unhandled exception in client_connected_cb
transport: <asyncio.sslproto._SSLProtocolTransport object at 0x10411a690>
Traceback (most recent call last):
  File "/Users/divyanshgolyan/.codex/worktrees/4511/onepage/research/transport-memory/asymmetric_server.py", line 39, in accept
    data=await reader.read(min(left,16384));assert data;hasher.update(data);left-=len(data);request_bytes+=len(data)
                                                   ^^^^
AssertionError
Unhandled exception in client_connected_cb
transport: <asyncio.sslproto._SSLProtocolTransport object at 0x10411a600>
Traceback (most recent call last):
  File "/Users/divyanshgolyan/.codex/worktrees/4511/onepage/research/transport-memory/asymmetric_server.py", line 39, in accept
    data=await reader.read(min(left,16384));assert data;hasher.update(data);left-=len(data);request_bytes+=len(data)
                                                   ^^^^
AssertionError
Unhandled exception in client_connected_cb
transport: <asyncio.sslproto._SSLProtocolTransport object at 0x10411a570>
Traceback (most recent call last):
  File "/Users/divyanshgolyan/.codex/worktrees/4511/onepage/research/transport-memory/asymmetric_server.py", line 39, in accept
    data=await reader.read(min(left,16384));assert data;hasher.update(data);left-=len(data);request_bytes+=len(data)
                                                   ^^^^
AssertionError
Unhandled exception in client_connected_cb
transport: <asyncio.sslproto._SSLProtocolTransport object at 0x10411a4e0>
Traceback (most recent call last):
  File "/Users/divyanshgolyan/.codex/worktrees/4511/onepage/research/transport-memory/asymmetric_server.py", line 39, in accept
    data=await reader.read(min(left,16384));assert data;hasher.update(data);left-=len(data);request_bytes+=len(data)
                                                   ^^^^
AssertionError
Unhandled exception in client_connected_cb
transport: <asyncio.sslproto._SSLProtocolTransport object at 0x10411a450>
Traceback (most recent call last):
  File "/Users/divyanshgolyan/.codex/worktrees/4511/onepage/research/transport-memory/asymmetric_server.py", line 39, in accept
    data=await reader.read(min(left,16384));assert data;hasher.update(data);left-=len(data);request_bytes+=len(data)
                                                   ^^^^
AssertionError
Unhandled exception in client_connected_cb
transport: <asyncio.sslproto._SSLProtocolTransport object at 0x10411a3c0>
Traceback (most recent call last):
  File "/Users/divyanshgolyan/.codex/worktrees/4511/onepage/research/transport-memory/asymmetric_server.py", line 39, in accept
    data=await reader.read(min(left,16384));assert data;hasher.update(data);left-=len(data);request_bytes+=len(data)
                                                   ^^^^
AssertionError
Unhandled exception in client_connected_cb
transport: <asyncio.sslproto._SSLProtocolTransport object at 0x10411a330>
Traceback (most recent call last):
  File "/Users/divyanshgolyan/.codex/worktrees/4511/onepage/research/transport-memory/asymmetric_server.py", line 39, in accept
    data=await reader.read(min(left,16384));assert data;hasher.update(data);left-=len(data);request_bytes+=len(data)
                                                   ^^^^
AssertionError
Unhandled exception in client_connected_cb
transport: <asyncio.sslproto._SSLProtocolTransport object at 0x10411a2a0>
Traceback (most recent call last):
  File "/Users/divyanshgolyan/.codex/worktrees/4511/onepage/research/transport-memory/asymmetric_server.py", line 39, in accept
    data=await reader.read(min(left,16384));assert data;hasher.update(data);left-=len(data);request_bytes+=len(data)
                                                   ^^^^
AssertionError
Unhandled exception in client_connected_cb
transport: <asyncio.sslproto._SSLProtocolTransport object at 0x10411a210>
Traceback (most recent call last):
  File "/Users/divyanshgolyan/.codex/worktrees/4511/onepage/research/transport-memory/asymmetric_server.py", line 39, in accept
    data=await reader.read(min(left,16384));assert data;hasher.update(data);left-=len(data);request_bytes+=len(data)
                                                   ^^^^
AssertionError
Unhandled exception in client_connected_cb
transport: <asyncio.sslproto._SSLProtocolTransport object at 0x10411a180>
Traceback (most recent call last):
  File "/Users/divyanshgolyan/.codex/worktrees/4511/onepage/research/transport-memory/asymmetric_server.py", line 39, in accept
    data=await reader.read(min(left,16384));assert data;hasher.update(data);left-=len(data);request_bytes+=len(data)
                                                   ^^^^
AssertionError
Unhandled exception in client_connected_cb
transport: <asyncio.sslproto._SSLProtocolTransport object at 0x10411a0f0>
Traceback (most recent call last):
  File "/Users/divyanshgolyan/.codex/worktrees/4511/onepage/research/transport-memory/asymmetric_server.py", line 39, in accept
    data=await reader.read(min(left,16384));assert data;hasher.update(data);left-=len(data);request_bytes+=len(data)
                                                   ^^^^
AssertionError
Unhandled exception in client_connected_cb
transport: <asyncio.sslproto._SSLProtocolTransport object at 0x10411a060>
Traceback (most recent call last):
  File "/Users/divyanshgolyan/.codex/worktrees/4511/onepage/research/transport-memory/asymmetric_server.py", line 39, in accept
    data=await reader.read(min(left,16384));assert data;hasher.update(data);left-=len(data);request_bytes+=len(data)
                                                   ^^^^
AssertionError
Unhandled exception in client_connected_cb
transport: <asyncio.sslproto._SSLProtocolTransport object at 0x104119fd0>
Traceback (most recent call last):
  File "/Users/divyanshgolyan/.codex/worktrees/4511/onepage/research/transport-memory/asymmetric_server.py", line 39, in accept
    data=await reader.read(min(left,16384));assert data;hasher.update(data);left-=len(data);request_bytes+=len(data)
                                                   ^^^^
AssertionError
Unhandled exception in client_connected_cb
transport: <asyncio.sslproto._SSLProtocolTransport object at 0x104119f40>
Traceback (most recent call last):
  File "/Users/divyanshgolyan/.codex/worktrees/4511/onepage/research/transport-memory/asymmetric_server.py", line 39, in accept
    data=await reader.read(min(left,16384));assert data;hasher.update(data);left-=len(data);request_bytes+=len(data)
                                                   ^^^^
AssertionError
Unhandled exception in client_connected_cb
transport: <asyncio.sslproto._SSLProtocolTransport object at 0x104119eb0>
Traceback (most recent call last):
  File "/Users/divyanshgolyan/.codex/worktrees/4511/onepage/research/transport-memory/asymmetric_server.py", line 39, in accept
    data=await reader.read(min(left,16384));assert data;hasher.update(data);left-=len(data);request_bytes+=len(data)
                                                   ^^^^
AssertionError
Unhandled exception in client_connected_cb
transport: <asyncio.sslproto._SSLProtocolTransport object at 0x104119e20>
Traceback (most recent call last):
  File "/Users/divyanshgolyan/.codex/worktrees/4511/onepage/research/transport-memory/asymmetric_server.py", line 39, in accept
    data=await reader.read(min(left,16384));assert data;hasher.update(data);left-=len(data);request_bytes+=len(data)
                                                   ^^^^
AssertionError
Unhandled exception in client_connected_cb
transport: <asyncio.sslproto._SSLProtocolTransport object at 0x104119d90>
Traceback (most recent call last):
  File "/Users/divyanshgolyan/.codex/worktrees/4511/onepage/research/transport-memory/asymmetric_server.py", line 39, in accept
    data=await reader.read(min(left,16384));assert data;hasher.update(data);left-=len(data);request_bytes+=len(data)
                                                   ^^^^
AssertionError
Unhandled exception in client_connected_cb
transport: <asyncio.sslproto._SSLProtocolTransport object at 0x104119d00>
Traceback (most recent call last):
  File "/Users/divyanshgolyan/.codex/worktrees/4511/onepage/research/transport-memory/asymmetric_server.py", line 39, in accept
    data=await reader.read(min(left,16384));assert data;hasher.update(data);left-=len(data);request_bytes+=len(data)
                                                   ^^^^
AssertionError
Unhandled exception in client_connected_cb
transport: <asyncio.sslproto._SSLProtocolTransport object at 0x104119c70>
Traceback (most recent call last):
  File "/Users/divyanshgolyan/.codex/worktrees/4511/onepage/research/transport-memory/asymmetric_server.py", line 39, in accept
    data=await reader.read(min(left,16384));assert data;hasher.update(data);left-=len(data);request_bytes+=len(data)
                                                   ^^^^
AssertionError
Unhandled exception in client_connected_cb
transport: <asyncio.sslproto._SSLProtocolTransport object at 0x104119be0>
Traceback (most recent call last):
  File "/Users/divyanshgolyan/.codex/worktrees/4511/onepage/research/transport-memory/asymmetric_server.py", line 39, in accept
    data=await reader.read(min(left,16384));assert data;hasher.update(data);left-=len(data);request_bytes+=len(data)
                                                   ^^^^
AssertionError
Unhandled exception in client_connected_cb
transport: <asyncio.sslproto._SSLProtocolTransport object at 0x104119b50>
Traceback (most recent call last):
  File "/Users/divyanshgolyan/.codex/worktrees/4511/onepage/research/transport-memory/asymmetric_server.py", line 39, in accept
    data=await reader.read(min(left,16384));assert data;hasher.update(data);left-=len(data);request_bytes+=len(data)
                                                   ^^^^
AssertionError
Unhandled exception in client_connected_cb
transport: <asyncio.sslproto._SSLProtocolTransport object at 0x104119ac0>
Traceback (most recent call last):
  File "/Users/divyanshgolyan/.codex/worktrees/4511/onepage/research/transport-memory/asymmetric_server.py", line 39, in accept
    data=await reader.read(min(left,16384));assert data;hasher.update(data);left-=len(data);request_bytes+=len(data)
                                                   ^^^^
AssertionError
Unhandled exception in client_connected_cb
transport: <asyncio.sslproto._SSLProtocolTransport object at 0x104119a30>
Traceback (most recent call last):
  File "/Users/divyanshgolyan/.codex/worktrees/4511/onepage/research/transport-memory/asymmetric_server.py", line 39, in accept
    data=await reader.read(min(left,16384));assert data;hasher.update(data);left-=len(data);request_bytes+=len(data)
                                                   ^^^^
AssertionError
Unhandled exception in client_connected_cb
transport: <asyncio.sslproto._SSLProtocolTransport object at 0x1041199a0>
Traceback (most recent call last):
  File "/Users/divyanshgolyan/.codex/worktrees/4511/onepage/research/transport-memory/asymmetric_server.py", line 39, in accept
    data=await reader.read(min(left,16384));assert data;hasher.update(data);left-=len(data);request_bytes+=len(data)
                                                   ^^^^
AssertionError
Unhandled exception in client_connected_cb
transport: <asyncio.sslproto._SSLProtocolTransport object at 0x104119910>
Traceback (most recent call last):
  File "/Users/divyanshgolyan/.codex/worktrees/4511/onepage/research/transport-memory/asymmetric_server.py", line 39, in accept
    data=await reader.read(min(left,16384));assert data;hasher.update(data);left-=len(data);request_bytes+=len(data)
                                                   ^^^^
AssertionError
Unhandled exception in client_connected_cb
transport: <asyncio.sslproto._SSLProtocolTransport object at 0x104119880>
Traceback (most recent call last):
  File "/Users/divyanshgolyan/.codex/worktrees/4511/onepage/research/transport-memory/asymmetric_server.py", line 39, in accept
    data=await reader.read(min(left,16384));assert data;hasher.update(data);left-=len(data);request_bytes+=len(data)
                                                   ^^^^
AssertionError
Unhandled exception in client_connected_cb
transport: <asyncio.sslproto._SSLProtocolTransport object at 0x1041197f0>
Traceback (most recent call last):
  File "/Users/divyanshgolyan/.codex/worktrees/4511/onepage/research/transport-memory/asymmetric_server.py", line 39, in accept
    data=await reader.read(min(left,16384));assert data;hasher.update(data);left-=len(data);request_bytes+=len(data)
                                                   ^^^^
AssertionError
Unhandled exception in client_connected_cb
transport: <asyncio.sslproto._SSLProtocolTransport object at 0x104119760>
Traceback (most recent call last):
  File "/Users/divyanshgolyan/.codex/worktrees/4511/onepage/research/transport-memory/asymmetric_server.py", line 39, in accept
    data=await reader.read(min(left,16384));assert data;hasher.update(data);left-=len(data);request_bytes+=len(data)
                                                   ^^^^
AssertionError
Unhandled exception in client_connected_cb
transport: <asyncio.sslproto._SSLProtocolTransport object at 0x1041196d0>
Traceback (most recent call last):
  File "/Users/divyanshgolyan/.codex/worktrees/4511/onepage/research/transport-memory/asymmetric_server.py", line 39, in accept
    data=await reader.read(min(left,16384));assert data;hasher.update(data);left-=len(data);request_bytes+=len(data)
                                                   ^^^^
AssertionError
Unhandled exception in client_connected_cb
transport: <asyncio.sslproto._SSLProtocolTransport object at 0x104119640>
Traceback (most recent call last):
  File "/Users/divyanshgolyan/.codex/worktrees/4511/onepage/research/transport-memory/asymmetric_server.py", line 39, in accept
    data=await reader.read(min(left,16384));assert data;hasher.update(data);left-=len(data);request_bytes+=len(data)
                                                   ^^^^
AssertionError
Unhandled exception in client_connected_cb
transport: <asyncio.sslproto._SSLProtocolTransport object at 0x1041195b0>
Traceback (most recent call last):
  File "/Users/divyanshgolyan/.codex/worktrees/4511/onepage/research/transport-memory/asymmetric_server.py", line 39, in accept
    data=await reader.read(min(left,16384));assert data;hasher.update(data);left-=len(data);request_bytes+=len(data)
                                                   ^^^^
AssertionError
Unhandled exception in client_connected_cb
transport: <asyncio.sslproto._SSLProtocolTransport object at 0x104119520>
Traceback (most recent call last):
  File "/Users/divyanshgolyan/.codex/worktrees/4511/onepage/research/transport-memory/asymmetric_server.py", line 39, in accept
    data=await reader.read(min(left,16384));assert data;hasher.update(data);left-=len(data);request_bytes+=len(data)
                                                   ^^^^
AssertionError
Unhandled exception in client_connected_cb
transport: <asyncio.sslproto._SSLProtocolTransport object at 0x104119490>
Traceback (most recent call last):
  File "/Users/divyanshgolyan/.codex/worktrees/4511/onepage/research/transport-memory/asymmetric_server.py", line 39, in accept
    data=await reader.read(min(left,16384));assert data;hasher.update(data);left-=len(data);request_bytes+=len(data)
                                                   ^^^^
AssertionError
Unhandled exception in client_connected_cb
transport: <asyncio.sslproto._SSLProtocolTransport object at 0x104119400>
Traceback (most recent call last):
  File "/Users/divyanshgolyan/.codex/worktrees/4511/onepage/research/transport-memory/asymmetric_server.py", line 39, in accept
    data=await reader.read(min(left,16384));assert data;hasher.update(data);left-=len(data);request_bytes+=len(data)
                                                   ^^^^
AssertionError
Unhandled exception in client_connected_cb
transport: <asyncio.sslproto._SSLProtocolTransport object at 0x104119370>
Traceback (most recent call last):
  File "/Users/divyanshgolyan/.codex/worktrees/4511/onepage/research/transport-memory/asymmetric_server.py", line 39, in accept
    data=await reader.read(min(left,16384));assert data;hasher.update(data);left-=len(data);request_bytes+=len(data)
                                                   ^^^^
AssertionError
Unhandled exception in client_connected_cb
transport: <asyncio.sslproto._SSLProtocolTransport object at 0x1041192e0>
Traceback (most recent call last):
  File "/Users/divyanshgolyan/.codex/worktrees/4511/onepage/research/transport-memory/asymmetric_server.py", line 39, in accept
    data=await reader.read(min(left,16384));assert data;hasher.update(data);left-=len(data);request_bytes+=len(data)
                                                   ^^^^
AssertionError
Unhandled exception in client_connected_cb
transport: <asyncio.sslproto._SSLProtocolTransport object at 0x104119250>
Traceback (most recent call last):
  File "/Users/divyanshgolyan/.codex/worktrees/4511/onepage/research/transport-memory/asymmetric_server.py", line 39, in accept
    data=await reader.read(min(left,16384));assert data;hasher.update(data);left-=len(data);request_bytes+=len(data)
                                                   ^^^^
AssertionError
Unhandled exception in client_connected_cb
transport: <asyncio.sslproto._SSLProtocolTransport object at 0x1041191c0>
Traceback (most recent call last):
  File "/Users/divyanshgolyan/.codex/worktrees/4511/onepage/research/transport-memory/asymmetric_server.py", line 39, in accept
    data=await reader.read(min(left,16384));assert data;hasher.update(data);left-=len(data);request_bytes+=len(data)
                                                   ^^^^
AssertionError
Unhandled exception in client_connected_cb
transport: <asyncio.sslproto._SSLProtocolTransport object at 0x104119130>
Traceback (most recent call last):
  File "/Users/divyanshgolyan/.codex/worktrees/4511/onepage/research/transport-memory/asymmetric_server.py", line 39, in accept
    data=await reader.read(min(left,16384));assert data;hasher.update(data);left-=len(data);request_bytes+=len(data)
                                                   ^^^^
AssertionError
Unhandled exception in client_connected_cb
transport: <asyncio.sslproto._SSLProtocolTransport object at 0x1041190a0>
Traceback (most recent call last):
  File "/Users/divyanshgolyan/.codex/worktrees/4511/onepage/research/transport-memory/asymmetric_server.py", line 39, in accept
    data=await reader.read(min(left,16384));assert data;hasher.update(data);left-=len(data);request_bytes+=len(data)
                                                   ^^^^
AssertionError
Unhandled exception in client_connected_cb
transport: <asyncio.sslproto._SSLProtocolTransport object at 0x104119010>
Traceback (most recent call last):
  File "/Users/divyanshgolyan/.codex/worktrees/4511/onepage/research/transport-memory/asymmetric_server.py", line 39, in accept
    data=await reader.read(min(left,16384));assert data;hasher.update(data);left-=len(data);request_bytes+=len(data)
                                                   ^^^^
AssertionError
Unhandled exception in client_connected_cb
transport: <asyncio.sslproto._SSLProtocolTransport object at 0x104118f80>
Traceback (most recent call last):
  File "/Users/divyanshgolyan/.codex/worktrees/4511/onepage/research/transport-memory/asymmetric_server.py", line 39, in accept
    data=await reader.read(min(left,16384));assert data;hasher.update(data);left-=len(data);request_bytes+=len(data)
                                                   ^^^^
AssertionError
Unhandled exception in client_connected_cb
transport: <asyncio.sslproto._SSLProtocolTransport object at 0x104118ef0>
Traceback (most recent call last):
  File "/Users/divyanshgolyan/.codex/worktrees/4511/onepage/research/transport-memory/asymmetric_server.py", line 39, in accept
    data=await reader.read(min(left,16384));assert data;hasher.update(data);left-=len(data);request_bytes+=len(data)
                                                   ^^^^
AssertionError
Unhandled exception in client_connected_cb
transport: <asyncio.sslproto._SSLProtocolTransport object at 0x104118e60>
Traceback (most recent call last):
  File "/Users/divyanshgolyan/.codex/worktrees/4511/onepage/research/transport-memory/asymmetric_server.py", line 39, in accept
    data=await reader.read(min(left,16384));assert data;hasher.update(data);left-=len(data);request_bytes+=len(data)
                                                   ^^^^
AssertionError
Unhandled exception in client_connected_cb
transport: <asyncio.sslproto._SSLProtocolTransport object at 0x104118dd0>
Traceback (most recent call last):
  File "/Users/divyanshgolyan/.codex/worktrees/4511/onepage/research/transport-memory/asymmetric_server.py", line 39, in accept
    data=await reader.read(min(left,16384));assert data;hasher.update(data);left-=len(data);request_bytes+=len(data)
                                                   ^^^^
AssertionError
Unhandled exception in client_connected_cb
transport: <asyncio.sslproto._SSLProtocolTransport object at 0x104118d40>
Traceback (most recent call last):
  File "/Users/divyanshgolyan/.codex/worktrees/4511/onepage/research/transport-memory/asymmetric_server.py", line 39, in accept
    data=await reader.read(min(left,16384));assert data;hasher.update(data);left-=len(data);request_bytes+=len(data)
                                                   ^^^^
AssertionError
Unhandled exception in client_connected_cb
transport: <asyncio.sslproto._SSLProtocolTransport object at 0x104118cb0>
Traceback (most recent call last):
  File "/Users/divyanshgolyan/.codex/worktrees/4511/onepage/research/transport-memory/asymmetric_server.py", line 39, in accept
    data=await reader.read(min(left,16384));assert data;hasher.update(data);left-=len(data);request_bytes+=len(data)
                                                   ^^^^
AssertionError
Unhandled exception in client_connected_cb
transport: <asyncio.sslproto._SSLProtocolTransport object at 0x104118c20>
Traceback (most recent call last):
  File "/Users/divyanshgolyan/.codex/worktrees/4511/onepage/research/transport-memory/asymmetric_server.py", line 39, in accept
    data=await reader.read(min(left,16384));assert data;hasher.update(data);left-=len(data);request_bytes+=len(data)
                                                   ^^^^
AssertionError
Unhandled exception in client_connected_cb
transport: <asyncio.sslproto._SSLProtocolTransport object at 0x104118b90>
Traceback (most recent call last):
  File "/Users/divyanshgolyan/.codex/worktrees/4511/onepage/research/transport-memory/asymmetric_server.py", line 39, in accept
    data=await reader.read(min(left,16384));assert data;hasher.update(data);left-=len(data);request_bytes+=len(data)
                                                   ^^^^
AssertionError
Unhandled exception in client_connected_cb
transport: <asyncio.sslproto._SSLProtocolTransport object at 0x104118b00>
Traceback (most recent call last):
  File "/Users/divyanshgolyan/.codex/worktrees/4511/onepage/research/transport-memory/asymmetric_server.py", line 39, in accept
    data=await reader.read(min(left,16384));assert data;hasher.update(data);left-=len(data);request_bytes+=len(data)
                                                   ^^^^
AssertionError
Unhandled exception in client_connected_cb
transport: <asyncio.sslproto._SSLProtocolTransport object at 0x104118a70>
Traceback (most recent call last):
  File "/Users/divyanshgolyan/.codex/worktrees/4511/onepage/research/transport-memory/asymmetric_server.py", line 39, in accept
    data=await reader.read(min(left,16384));assert data;hasher.update(data);left-=len(data);request_bytes+=len(data)
                                                   ^^^^
AssertionError
Unhandled exception in client_connected_cb
transport: <asyncio.sslproto._SSLProtocolTransport object at 0x1041189e0>
Traceback (most recent call last):
  File "/Users/divyanshgolyan/.codex/worktrees/4511/onepage/research/transport-memory/asymmetric_server.py", line 39, in accept
    data=await reader.read(min(left,16384));assert data;hasher.update(data);left-=len(data);request_bytes+=len(data)
                                                   ^^^^
AssertionError
Unhandled exception in client_connected_cb
transport: <asyncio.sslproto._SSLProtocolTransport object at 0x104118950>
Traceback (most recent call last):
  File "/Users/divyanshgolyan/.codex/worktrees/4511/onepage/research/transport-memory/asymmetric_server.py", line 39, in accept
    data=await reader.read(min(left,16384));assert data;hasher.update(data);left-=len(data);request_bytes+=len(data)
                                                   ^^^^
AssertionError
Unhandled exception in client_connected_cb
transport: <asyncio.sslproto._SSLProtocolTransport object at 0x1041188c0>
Traceback (most recent call last):
  File "/Users/divyanshgolyan/.codex/worktrees/4511/onepage/research/transport-memory/asymmetric_server.py", line 39, in accept
    data=await reader.read(min(left,16384));assert data;hasher.update(data);left-=len(data);request_bytes+=len(data)
                                                   ^^^^
AssertionError
Unhandled exception in client_connected_cb
transport: <asyncio.sslproto._SSLProtocolTransport object at 0x104118830>
Traceback (most recent call last):
  File "/Users/divyanshgolyan/.codex/worktrees/4511/onepage/research/transport-memory/asymmetric_server.py", line 39, in accept
    data=await reader.read(min(left,16384));assert data;hasher.update(data);left-=len(data);request_bytes+=len(data)
                                                   ^^^^
AssertionError
Unhandled exception in client_connected_cb
transport: <asyncio.sslproto._SSLProtocolTransport object at 0x1041187a0>
Traceback (most recent call last):
  File "/Users/divyanshgolyan/.codex/worktrees/4511/onepage/research/transport-memory/asymmetric_server.py", line 39, in accept
    data=await reader.read(min(left,16384));assert data;hasher.update(data);left-=len(data);request_bytes+=len(data)
                                                   ^^^^
AssertionError
Unhandled exception in client_connected_cb
transport: <asyncio.sslproto._SSLProtocolTransport object at 0x104118710>
Traceback (most recent call last):
  File "/Users/divyanshgolyan/.codex/worktrees/4511/onepage/research/transport-memory/asymmetric_server.py", line 39, in accept
    data=await reader.read(min(left,16384));assert data;hasher.update(data);left-=len(data);request_bytes+=len(data)
                                                   ^^^^
AssertionError
Unhandled exception in client_connected_cb
transport: <asyncio.sslproto._SSLProtocolTransport object at 0x104118680>
Traceback (most recent call last):
  File "/Users/divyanshgolyan/.codex/worktrees/4511/onepage/research/transport-memory/asymmetric_server.py", line 39, in accept
    data=await reader.read(min(left,16384));assert data;hasher.update(data);left-=len(data);request_bytes+=len(data)
                                                   ^^^^
AssertionError
Unhandled exception in client_connected_cb
transport: <asyncio.sslproto._SSLProtocolTransport object at 0x1041185f0>
Traceback (most recent call last):
  File "/Users/divyanshgolyan/.codex/worktrees/4511/onepage/research/transport-memory/asymmetric_server.py", line 39, in accept
    data=await reader.read(min(left,16384));assert data;hasher.update(data);left-=len(data);request_bytes+=len(data)
                                                   ^^^^
AssertionError
Unhandled exception in client_connected_cb
transport: <asyncio.sslproto._SSLProtocolTransport object at 0x104118560>
Traceback (most recent call last):
  File "/Users/divyanshgolyan/.codex/worktrees/4511/onepage/research/transport-memory/asymmetric_server.py", line 39, in accept
    data=await reader.read(min(left,16384));assert data;hasher.update(data);left-=len(data);request_bytes+=len(data)
                                                   ^^^^
AssertionError
Unhandled exception in client_connected_cb
transport: <asyncio.sslproto._SSLProtocolTransport object at 0x1041184d0>
Traceback (most recent call last):
  File "/Users/divyanshgolyan/.codex/worktrees/4511/onepage/research/transport-memory/asymmetric_server.py", line 39, in accept
    data=await reader.read(min(left,16384));assert data;hasher.update(data);left-=len(data);request_bytes+=len(data)
                                                   ^^^^
AssertionError
Unhandled exception in client_connected_cb
transport: <asyncio.sslproto._SSLProtocolTransport object at 0x104118440>
Traceback (most recent call last):
  File "/Users/divyanshgolyan/.codex/worktrees/4511/onepage/research/transport-memory/asymmetric_server.py", line 39, in accept
    data=await reader.read(min(left,16384));assert data;hasher.update(data);left-=len(data);request_bytes+=len(data)
                                                   ^^^^
AssertionError
Unhandled exception in client_connected_cb
transport: <asyncio.sslproto._SSLProtocolTransport object at 0x1041183b0>
Traceback (most recent call last):
  File "/Users/divyanshgolyan/.codex/worktrees/4511/onepage/research/transport-memory/asymmetric_server.py", line 39, in accept
    data=await reader.read(min(left,16384));assert data;hasher.update(data);left-=len(data);request_bytes+=len(data)
                                                   ^^^^
AssertionError
Unhandled exception in client_connected_cb
transport: <asyncio.sslproto._SSLProtocolTransport object at 0x104118320>
Traceback (most recent call last):
  File "/Users/divyanshgolyan/.codex/worktrees/4511/onepage/research/transport-memory/asymmetric_server.py", line 39, in accept
    data=await reader.read(min(left,16384));assert data;hasher.update(data);left-=len(data);request_bytes+=len(data)
                                                   ^^^^
AssertionError
Unhandled exception in client_connected_cb
transport: <asyncio.sslproto._SSLProtocolTransport object at 0x104118290>
Traceback (most recent call last):
  File "/Users/divyanshgolyan/.codex/worktrees/4511/onepage/research/transport-memory/asymmetric_server.py", line 39, in accept
    data=await reader.read(min(left,16384));assert data;hasher.update(data);left-=len(data);request_bytes+=len(data)
                                                   ^^^^
AssertionError
Unhandled exception in client_connected_cb
transport: <asyncio.sslproto._SSLProtocolTransport object at 0x104118200>
Traceback (most recent call last):
  File "/Users/divyanshgolyan/.codex/worktrees/4511/onepage/research/transport-memory/asymmetric_server.py", line 39, in accept
    data=await reader.read(min(left,16384));assert data;hasher.update(data);left-=len(data);request_bytes+=len(data)
                                                   ^^^^
AssertionError
Unhandled exception in client_connected_cb
transport: <asyncio.sslproto._SSLProtocolTransport object at 0x104118170>
Traceback (most recent call last):
  File "/Users/divyanshgolyan/.codex/worktrees/4511/onepage/research/transport-memory/asymmetric_server.py", line 39, in accept
    data=await reader.read(min(left,16384));assert data;hasher.update(data);left-=len(data);request_bytes+=len(data)
                                                   ^^^^
AssertionError
Unhandled exception in client_connected_cb
transport: <asyncio.sslproto._SSLProtocolTransport object at 0x1041180e0>
Traceback (most recent call last):
  File "/Users/divyanshgolyan/.codex/worktrees/4511/onepage/research/transport-memory/asymmetric_server.py", line 39, in accept
    data=await reader.read(min(left,16384));assert data;hasher.update(data);left-=len(data);request_bytes+=len(data)
                                                   ^^^^
AssertionError
Unhandled exception in client_connected_cb
transport: <asyncio.sslproto._SSLProtocolTransport object at 0x104118050>
Traceback (most recent call last):
  File "/Users/divyanshgolyan/.codex/worktrees/4511/onepage/research/transport-memory/asymmetric_server.py", line 39, in accept
    data=await reader.read(min(left,16384));assert data;hasher.update(data);left-=len(data);request_bytes+=len(data)
                                                   ^^^^
AssertionError
Unhandled exception in client_connected_cb
transport: <asyncio.sslproto._SSLProtocolTransport object at 0x103603f50>
Traceback (most recent call last):
  File "/Users/divyanshgolyan/.codex/worktrees/4511/onepage/research/transport-memory/asymmetric_server.py", line 39, in accept
    data=await reader.read(min(left,16384));assert data;hasher.update(data);left-=len(data);request_bytes+=len(data)
                                                   ^^^^
AssertionError
Unhandled exception in client_connected_cb
transport: <asyncio.sslproto._SSLProtocolTransport object at 0x103603ec0>
Traceback (most recent call last):
  File "/Users/divyanshgolyan/.codex/worktrees/4511/onepage/research/transport-memory/asymmetric_server.py", line 39, in accept
    data=await reader.read(min(left,16384));assert data;hasher.update(data);left-=len(data);request_bytes+=len(data)
                                                   ^^^^
AssertionError
Unhandled exception in client_connected_cb
transport: <asyncio.sslproto._SSLProtocolTransport object at 0x103603e30>
Traceback (most recent call last):
  File "/Users/divyanshgolyan/.codex/worktrees/4511/onepage/research/transport-memory/asymmetric_server.py", line 39, in accept
    data=await reader.read(min(left,16384));assert data;hasher.update(data);left-=len(data);request_bytes+=len(data)
                                                   ^^^^
AssertionError
Unhandled exception in client_connected_cb
transport: <asyncio.sslproto._SSLProtocolTransport object at 0x103603da0>
Traceback (most recent call last):
  File "/Users/divyanshgolyan/.codex/worktrees/4511/onepage/research/transport-memory/asymmetric_server.py", line 39, in accept
    data=await reader.read(min(left,16384));assert data;hasher.update(data);left-=len(data);request_bytes+=len(data)
                                                   ^^^^
AssertionError
Unhandled exception in client_connected_cb
transport: <asyncio.sslproto._SSLProtocolTransport object at 0x103603d10>
Traceback (most recent call last):
  File "/Users/divyanshgolyan/.codex/worktrees/4511/onepage/research/transport-memory/asymmetric_server.py", line 39, in accept
    data=await reader.read(min(left,16384));assert data;hasher.update(data);left-=len(data);request_bytes+=len(data)
                                                   ^^^^
AssertionError
Unhandled exception in client_connected_cb
transport: <asyncio.sslproto._SSLProtocolTransport object at 0x103603c80>
Traceback (most recent call last):
  File "/Users/divyanshgolyan/.codex/worktrees/4511/onepage/research/transport-memory/asymmetric_server.py", line 39, in accept
    data=await reader.read(min(left,16384));assert data;hasher.update(data);left-=len(data);request_bytes+=len(data)
                                                   ^^^^
AssertionError
Unhandled exception in client_connected_cb
transport: <asyncio.sslproto._SSLProtocolTransport object at 0x103603bf0>
Traceback (most recent call last):
  File "/Users/divyanshgolyan/.codex/worktrees/4511/onepage/research/transport-memory/asymmetric_server.py", line 39, in accept
    data=await reader.read(min(left,16384));assert data;hasher.update(data);left-=len(data);request_bytes+=len(data)
                                                   ^^^^
AssertionError
Unhandled exception in client_connected_cb
transport: <asyncio.sslproto._SSLProtocolTransport object at 0x103603b60>
Traceback (most recent call last):
  File "/Users/divyanshgolyan/.codex/worktrees/4511/onepage/research/transport-memory/asymmetric_server.py", line 39, in accept
    data=await reader.read(min(left,16384));assert data;hasher.update(data);left-=len(data);request_bytes+=len(data)
                                                   ^^^^
AssertionError
Unhandled exception in client_connected_cb
transport: <asyncio.sslproto._SSLProtocolTransport object at 0x103603ad0>
Traceback (most recent call last):
  File "/Users/divyanshgolyan/.codex/worktrees/4511/onepage/research/transport-memory/asymmetric_server.py", line 39, in accept
    data=await reader.read(min(left,16384));assert data;hasher.update(data);left-=len(data);request_bytes+=len(data)
                                                   ^^^^
AssertionError
Unhandled exception in client_connected_cb
transport: <asyncio.sslproto._SSLProtocolTransport object at 0x103603a40>
Traceback (most recent call last):
  File "/Users/divyanshgolyan/.codex/worktrees/4511/onepage/research/transport-memory/asymmetric_server.py", line 39, in accept
    data=await reader.read(min(left,16384));assert data;hasher.update(data);left-=len(data);request_bytes+=len(data)
                                                   ^^^^
AssertionError
Unhandled exception in client_connected_cb
transport: <asyncio.sslproto._SSLProtocolTransport object at 0x1036039b0>
Traceback (most recent call last):
  File "/Users/divyanshgolyan/.codex/worktrees/4511/onepage/research/transport-memory/asymmetric_server.py", line 39, in accept
    data=await reader.read(min(left,16384));assert data;hasher.update(data);left-=len(data);request_bytes+=len(data)
                                                   ^^^^
AssertionError
Unhandled exception in client_connected_cb
transport: <asyncio.sslproto._SSLProtocolTransport object at 0x1036c2710>
Traceback (most recent call last):
  File "/Users/divyanshgolyan/.codex/worktrees/4511/onepage/research/transport-memory/asymmetric_server.py", line 39, in accept
    data=await reader.read(min(left,16384));assert data;hasher.update(data);left-=len(data);request_bytes+=len(data)
                                                   ^^^^
AssertionError
Unhandled exception in client_connected_cb
transport: <asyncio.sslproto._SSLProtocolTransport object at 0x1036c25d0>
Traceback (most recent call last):
  File "/Users/divyanshgolyan/.codex/worktrees/4511/onepage/research/transport-memory/asymmetric_server.py", line 39, in accept
    data=await reader.read(min(left,16384));assert data;hasher.update(data);left-=len(data);request_bytes+=len(data)
                                                   ^^^^
AssertionError
Unhandled exception in client_connected_cb
transport: <asyncio.sslproto._SSLProtocolTransport object at 0x10374bd80>
Traceback (most recent call last):
  File "/Users/divyanshgolyan/.codex/worktrees/4511/onepage/research/transport-memory/asymmetric_server.py", line 39, in accept
    data=await reader.read(min(left,16384));assert data;hasher.update(data);left-=len(data);request_bytes+=len(data)
                                                   ^^^^
AssertionError
Unhandled exception in client_connected_cb
transport: <asyncio.sslproto._SSLProtocolTransport object at 0x103745c10>
Traceback (most recent call last):
  File "/Users/divyanshgolyan/.codex/worktrees/4511/onepage/research/transport-memory/asymmetric_server.py", line 39, in accept
    data=await reader.read(min(left,16384));assert data;hasher.update(data);left-=len(data);request_bytes+=len(data)
                                                   ^^^^
AssertionError
Unhandled exception in client_connected_cb
transport: <asyncio.sslproto._SSLProtocolTransport object at 0x1037459d0>
Traceback (most recent call last):
  File "/Users/divyanshgolyan/.codex/worktrees/4511/onepage/research/transport-memory/asymmetric_server.py", line 39, in accept
    data=await reader.read(min(left,16384));assert data;hasher.update(data);left-=len(data);request_bytes+=len(data)
                                                   ^^^^
AssertionError
Unhandled exception in client_connected_cb
transport: <asyncio.sslproto._SSLProtocolTransport object at 0x1036235f0>
Traceback (most recent call last):
  File "/Users/divyanshgolyan/.codex/worktrees/4511/onepage/research/transport-memory/asymmetric_server.py", line 39, in accept
    data=await reader.read(min(left,16384));assert data;hasher.update(data);left-=len(data);request_bytes+=len(data)
                                                   ^^^^
AssertionError
Unhandled exception in client_connected_cb
transport: <asyncio.sslproto._SSLProtocolTransport object at 0x103623520>
Traceback (most recent call last):
  File "/Users/divyanshgolyan/.codex/worktrees/4511/onepage/research/transport-memory/asymmetric_server.py", line 39, in accept
    data=await reader.read(min(left,16384));assert data;hasher.update(data);left-=len(data);request_bytes+=len(data)
                                                   ^^^^
AssertionError
Unhandled exception in client_connected_cb
transport: <asyncio.sslproto._SSLProtocolTransport object at 0x103731710>
Traceback (most recent call last):
  File "/Users/divyanshgolyan/.codex/worktrees/4511/onepage/research/transport-memory/asymmetric_server.py", line 39, in accept
    data=await reader.read(min(left,16384));assert data;hasher.update(data);left-=len(data);request_bytes+=len(data)
                                                   ^^^^
AssertionError
Unhandled exception in client_connected_cb
transport: <asyncio.sslproto._SSLProtocolTransport object at 0x1037311d0>
Traceback (most recent call last):
  File "/Users/divyanshgolyan/.codex/worktrees/4511/onepage/research/transport-memory/asymmetric_server.py", line 39, in accept
    data=await reader.read(min(left,16384));assert data;hasher.update(data);left-=len(data);request_bytes+=len(data)
                                                   ^^^^
AssertionError
Unhandled exception in client_connected_cb
transport: <asyncio.sslproto._SSLProtocolTransport object at 0x10375df40>
Traceback (most recent call last):
  File "/Users/divyanshgolyan/.codex/worktrees/4511/onepage/research/transport-memory/asymmetric_server.py", line 39, in accept
    data=await reader.read(min(left,16384));assert data;hasher.update(data);left-=len(data);request_bytes+=len(data)
                                                   ^^^^
AssertionError
Unhandled exception in client_connected_cb
transport: <asyncio.sslproto._SSLProtocolTransport object at 0x10375da90>
Traceback (most recent call last):
  File "/Users/divyanshgolyan/.codex/worktrees/4511/onepage/research/transport-memory/asymmetric_server.py", line 39, in accept
    data=await reader.read(min(left,16384));assert data;hasher.update(data);left-=len(data);request_bytes+=len(data)
                                                   ^^^^
AssertionError
Unhandled exception in client_connected_cb
transport: <asyncio.sslproto._SSLProtocolTransport object at 0x103760750>
Traceback (most recent call last):
  File "/Users/divyanshgolyan/.codex/worktrees/4511/onepage/research/transport-memory/asymmetric_server.py", line 39, in accept
    data=await reader.read(min(left,16384));assert data;hasher.update(data);left-=len(data);request_bytes+=len(data)
                                                   ^^^^
AssertionError
Unhandled exception in client_connected_cb
transport: <asyncio.sslproto._SSLProtocolTransport object at 0x1036eead0>
Traceback (most recent call last):
  File "/Users/divyanshgolyan/.codex/worktrees/4511/onepage/research/transport-memory/asymmetric_server.py", line 39, in accept
    data=await reader.read(min(left,16384));assert data;hasher.update(data);left-=len(data);request_bytes+=len(data)
                                                   ^^^^
AssertionError
Unhandled exception in client_connected_cb
transport: <asyncio.sslproto._SSLProtocolTransport object at 0x1036ee8b0>
Traceback (most recent call last):
  File "/Users/divyanshgolyan/.codex/worktrees/4511/onepage/research/transport-memory/asymmetric_server.py", line 39, in accept
    data=await reader.read(min(left,16384));assert data;hasher.update(data);left-=len(data);request_bytes+=len(data)
                                                   ^^^^
AssertionError
Unhandled exception in client_connected_cb
transport: <asyncio.sslproto._SSLProtocolTransport object at 0x103764050>
Traceback (most recent call last):
  File "/Users/divyanshgolyan/.codex/worktrees/4511/onepage/research/transport-memory/asymmetric_server.py", line 39, in accept
    data=await reader.read(min(left,16384));assert data;hasher.update(data);left-=len(data);request_bytes+=len(data)
                                                   ^^^^
AssertionError
Unhandled exception in client_connected_cb
transport: <asyncio.sslproto._SSLProtocolTransport object at 0x1036ebd10>
Traceback (most recent call last):
  File "/Users/divyanshgolyan/.codex/worktrees/4511/onepage/research/transport-memory/asymmetric_server.py", line 39, in accept
    data=await reader.read(min(left,16384));assert data;hasher.update(data);left-=len(data);request_bytes+=len(data)
                                                   ^^^^
AssertionError
Unhandled exception in client_connected_cb
transport: <asyncio.sslproto._SSLProtocolTransport object at 0x10362fbb0>
Traceback (most recent call last):
  File "/Users/divyanshgolyan/.codex/worktrees/4511/onepage/research/transport-memory/asymmetric_server.py", line 39, in accept
    data=await reader.read(min(left,16384));assert data;hasher.update(data);left-=len(data);request_bytes+=len(data)
                                                   ^^^^
AssertionError
Unhandled exception in client_connected_cb
transport: <asyncio.sslproto._SSLProtocolTransport object at 0x10362f950>
Traceback (most recent call last):
  File "/Users/divyanshgolyan/.codex/worktrees/4511/onepage/research/transport-memory/asymmetric_server.py", line 39, in accept
    data=await reader.read(min(left,16384));assert data;hasher.update(data);left-=len(data);request_bytes+=len(data)
                                                   ^^^^
AssertionError
Unhandled exception in client_connected_cb
transport: <asyncio.sslproto._SSLProtocolTransport object at 0x1036379d0>
Traceback (most recent call last):
  File "/Users/divyanshgolyan/.codex/worktrees/4511/onepage/research/transport-memory/asymmetric_server.py", line 39, in accept
    data=await reader.read(min(left,16384));assert data;hasher.update(data);left-=len(data);request_bytes+=len(data)
                                                   ^^^^
AssertionError
Unhandled exception in client_connected_cb
transport: <asyncio.sslproto._SSLProtocolTransport object at 0x1036caa50>
Traceback (most recent call last):
  File "/Users/divyanshgolyan/.codex/worktrees/4511/onepage/research/transport-memory/asymmetric_server.py", line 39, in accept
    data=await reader.read(min(left,16384));assert data;hasher.update(data);left-=len(data);request_bytes+=len(data)
                                                   ^^^^
AssertionError
Unhandled exception in client_connected_cb
transport: <asyncio.sslproto._SSLProtocolTransport object at 0x1036ca510>
Traceback (most recent call last):
  File "/Users/divyanshgolyan/.codex/worktrees/4511/onepage/research/transport-memory/asymmetric_server.py", line 39, in accept
    data=await reader.read(min(left,16384));assert data;hasher.update(data);left-=len(data);request_bytes+=len(data)
                                                   ^^^^
AssertionError
Unhandled exception in client_connected_cb
transport: <asyncio.sslproto._SSLProtocolTransport object at 0x1036aa6d0>
Traceback (most recent call last):
  File "/Users/divyanshgolyan/.codex/worktrees/4511/onepage/research/transport-memory/asymmetric_server.py", line 39, in accept
    data=await reader.read(min(left,16384));assert data;hasher.update(data);left-=len(data);request_bytes+=len(data)
                                                   ^^^^
AssertionError
Unhandled exception in client_connected_cb
transport: <asyncio.sslproto._SSLProtocolTransport object at 0x1036a9ff0>
Traceback (most recent call last):
  File "/Users/divyanshgolyan/.codex/worktrees/4511/onepage/research/transport-memory/asymmetric_server.py", line 39, in accept
    data=await reader.read(min(left,16384));assert data;hasher.update(data);left-=len(data);request_bytes+=len(data)
                                                   ^^^^
AssertionError
Unhandled exception in client_connected_cb
transport: <asyncio.sslproto._SSLProtocolTransport object at 0x10364a440>
Traceback (most recent call last):
  File "/Users/divyanshgolyan/.codex/worktrees/4511/onepage/research/transport-memory/asymmetric_server.py", line 39, in accept
    data=await reader.read(min(left,16384));assert data;hasher.update(data);left-=len(data);request_bytes+=len(data)
                                                   ^^^^
AssertionError
Unhandled exception in client_connected_cb
transport: <asyncio.sslproto._SSLProtocolTransport object at 0x10364a160>
Traceback (most recent call last):
  File "/Users/divyanshgolyan/.codex/worktrees/4511/onepage/research/transport-memory/asymmetric_server.py", line 39, in accept
    data=await reader.read(min(left,16384));assert data;hasher.update(data);left-=len(data);request_bytes+=len(data)
                                                   ^^^^
AssertionError
