Unhandled exception in client_connected_cb
transport: <asyncio.sslproto._SSLProtocolTransport object at 0x101dbed50>
Traceback (most recent call last):
  File "/Users/divyanshgolyan/.codex/worktrees/4511/onepage/research/transport-memory/asymmetric_server.py", line 39, in accept
    data=await reader.read(min(left,16384));assert data;hasher.update(data);left-=len(data);request_bytes+=len(data)
                                                   ^^^^
AssertionError
Unhandled exception in client_connected_cb
transport: <asyncio.sslproto._SSLProtocolTransport object at 0x101dbfda0>
Traceback (most recent call last):
  File "/Users/divyanshgolyan/.codex/worktrees/4511/onepage/research/transport-memory/asymmetric_server.py", line 39, in accept
    data=await reader.read(min(left,16384));assert data;hasher.update(data);left-=len(data);request_bytes+=len(data)
                                                   ^^^^
AssertionError
Unhandled exception in client_connected_cb
transport: <asyncio.sslproto._SSLProtocolTransport object at 0x10282e180>
Traceback (most recent call last):
  File "/Users/divyanshgolyan/.codex/worktrees/4511/onepage/research/transport-memory/asymmetric_server.py", line 39, in accept
    data=await reader.read(min(left,16384));assert data;hasher.update(data);left-=len(data);request_bytes+=len(data)
                                                   ^^^^
AssertionError
Unhandled exception in client_connected_cb
transport: <asyncio.sslproto._SSLProtocolTransport object at 0x10282e0f0>
Traceback (most recent call last):
  File "/Users/divyanshgolyan/.codex/worktrees/4511/onepage/research/transport-memory/asymmetric_server.py", line 39, in accept
    data=await reader.read(min(left,16384));assert data;hasher.update(data);left-=len(data);request_bytes+=len(data)
                                                   ^^^^
AssertionError
Unhandled exception in client_connected_cb
transport: <asyncio.sslproto._SSLProtocolTransport object at 0x10282e060>
Traceback (most recent call last):
  File "/Users/divyanshgolyan/.codex/worktrees/4511/onepage/research/transport-memory/asymmetric_server.py", line 39, in accept
    data=await reader.read(min(left,16384));assert data;hasher.update(data);left-=len(data);request_bytes+=len(data)
                                                   ^^^^
AssertionError
Unhandled exception in client_connected_cb
transport: <asyncio.sslproto._SSLProtocolTransport object at 0x10282dfd0>
Traceback (most recent call last):
  File "/Users/divyanshgolyan/.codex/worktrees/4511/onepage/research/transport-memory/asymmetric_server.py", line 39, in accept
    data=await reader.read(min(left,16384));assert data;hasher.update(data);left-=len(data);request_bytes+=len(data)
                                                   ^^^^
AssertionError
Unhandled exception in client_connected_cb
transport: <asyncio.sslproto._SSLProtocolTransport object at 0x10282df40>
Traceback (most recent call last):
  File "/Users/divyanshgolyan/.codex/worktrees/4511/onepage/research/transport-memory/asymmetric_server.py", line 39, in accept
    data=await reader.read(min(left,16384));assert data;hasher.update(data);left-=len(data);request_bytes+=len(data)
                                                   ^^^^
AssertionError
Unhandled exception in client_connected_cb
transport: <asyncio.sslproto._SSLProtocolTransport object at 0x10282deb0>
Traceback (most recent call last):
  File "/Users/divyanshgolyan/.codex/worktrees/4511/onepage/research/transport-memory/asymmetric_server.py", line 39, in accept
    data=await reader.read(min(left,16384));assert data;hasher.update(data);left-=len(data);request_bytes+=len(data)
                                                   ^^^^
AssertionError
Unhandled exception in client_connected_cb
transport: <asyncio.sslproto._SSLProtocolTransport object at 0x10282de20>
Traceback (most recent call last):
  File "/Users/divyanshgolyan/.codex/worktrees/4511/onepage/research/transport-memory/asymmetric_server.py", line 39, in accept
    data=await reader.read(min(left,16384));assert data;hasher.update(data);left-=len(data);request_bytes+=len(data)
                                                   ^^^^
AssertionError
Unhandled exception in client_connected_cb
transport: <asyncio.sslproto._SSLProtocolTransport object at 0x10282dd90>
Traceback (most recent call last):
  File "/Users/divyanshgolyan/.codex/worktrees/4511/onepage/research/transport-memory/asymmetric_server.py", line 39, in accept
    data=await reader.read(min(left,16384));assert data;hasher.update(data);left-=len(data);request_bytes+=len(data)
                                                   ^^^^
AssertionError
Unhandled exception in client_connected_cb
transport: <asyncio.sslproto._SSLProtocolTransport object at 0x10282dd00>
Traceback (most recent call last):
  File "/Users/divyanshgolyan/.codex/worktrees/4511/onepage/research/transport-memory/asymmetric_server.py", line 39, in accept
    data=await reader.read(min(left,16384));assert data;hasher.update(data);left-=len(data);request_bytes+=len(data)
                                                   ^^^^
AssertionError
Unhandled exception in client_connected_cb
transport: <asyncio.sslproto._SSLProtocolTransport object at 0x10282dc70>
Traceback (most recent call last):
  File "/Users/divyanshgolyan/.codex/worktrees/4511/onepage/research/transport-memory/asymmetric_server.py", line 39, in accept
    data=await reader.read(min(left,16384));assert data;hasher.update(data);left-=len(data);request_bytes+=len(data)
                                                   ^^^^
AssertionError
Unhandled exception in client_connected_cb
transport: <asyncio.sslproto._SSLProtocolTransport object at 0x10282dbe0>
Traceback (most recent call last):
  File "/Users/divyanshgolyan/.codex/worktrees/4511/onepage/research/transport-memory/asymmetric_server.py", line 39, in accept
    data=await reader.read(min(left,16384));assert data;hasher.update(data);left-=len(data);request_bytes+=len(data)
                                                   ^^^^
AssertionError
Unhandled exception in client_connected_cb
transport: <asyncio.sslproto._SSLProtocolTransport object at 0x10282db50>
Traceback (most recent call last):
  File "/Users/divyanshgolyan/.codex/worktrees/4511/onepage/research/transport-memory/asymmetric_server.py", line 39, in accept
    data=await reader.read(min(left,16384));assert data;hasher.update(data);left-=len(data);request_bytes+=len(data)
                                                   ^^^^
AssertionError
Unhandled exception in client_connected_cb
transport: <asyncio.sslproto._SSLProtocolTransport object at 0x10282dac0>
Traceback (most recent call last):
  File "/Users/divyanshgolyan/.codex/worktrees/4511/onepage/research/transport-memory/asymmetric_server.py", line 39, in accept
    data=await reader.read(min(left,16384));assert data;hasher.update(data);left-=len(data);request_bytes+=len(data)
                                                   ^^^^
AssertionError
Unhandled exception in client_connected_cb
transport: <asyncio.sslproto._SSLProtocolTransport object at 0x10282da30>
Traceback (most recent call last):
  File "/Users/divyanshgolyan/.codex/worktrees/4511/onepage/research/transport-memory/asymmetric_server.py", line 39, in accept
    data=await reader.read(min(left,16384));assert data;hasher.update(data);left-=len(data);request_bytes+=len(data)
                                                   ^^^^
AssertionError
Unhandled exception in client_connected_cb
transport: <asyncio.sslproto._SSLProtocolTransport object at 0x10282d9a0>
Traceback (most recent call last):
  File "/Users/divyanshgolyan/.codex/worktrees/4511/onepage/research/transport-memory/asymmetric_server.py", line 39, in accept
    data=await reader.read(min(left,16384));assert data;hasher.update(data);left-=len(data);request_bytes+=len(data)
                                                   ^^^^
AssertionError
Unhandled exception in client_connected_cb
transport: <asyncio.sslproto._SSLProtocolTransport object at 0x10282d910>
Traceback (most recent call last):
  File "/Users/divyanshgolyan/.codex/worktrees/4511/onepage/research/transport-memory/asymmetric_server.py", line 39, in accept
    data=await reader.read(min(left,16384));assert data;hasher.update(data);left-=len(data);request_bytes+=len(data)
                                                   ^^^^
AssertionError
Unhandled exception in client_connected_cb
transport: <asyncio.sslproto._SSLProtocolTransport object at 0x10282d880>
Traceback (most recent call last):
  File "/Users/divyanshgolyan/.codex/worktrees/4511/onepage/research/transport-memory/asymmetric_server.py", line 39, in accept
    data=await reader.read(min(left,16384));assert data;hasher.update(data);left-=len(data);request_bytes+=len(data)
                                                   ^^^^
AssertionError
Unhandled exception in client_connected_cb
transport: <asyncio.sslproto._SSLProtocolTransport object at 0x10282d7f0>
Traceback (most recent call last):
  File "/Users/divyanshgolyan/.codex/worktrees/4511/onepage/research/transport-memory/asymmetric_server.py", line 39, in accept
    data=await reader.read(min(left,16384));assert data;hasher.update(data);left-=len(data);request_bytes+=len(data)
                                                   ^^^^
AssertionError
Unhandled exception in client_connected_cb
transport: <asyncio.sslproto._SSLProtocolTransport object at 0x10282d760>
Traceback (most recent call last):
  File "/Users/divyanshgolyan/.codex/worktrees/4511/onepage/research/transport-memory/asymmetric_server.py", line 39, in accept
    data=await reader.read(min(left,16384));assert data;hasher.update(data);left-=len(data);request_bytes+=len(data)
                                                   ^^^^
AssertionError
Unhandled exception in client_connected_cb
transport: <asyncio.sslproto._SSLProtocolTransport object at 0x10282d6d0>
Traceback (most recent call last):
  File "/Users/divyanshgolyan/.codex/worktrees/4511/onepage/research/transport-memory/asymmetric_server.py", line 39, in accept
    data=await reader.read(min(left,16384));assert data;hasher.update(data);left-=len(data);request_bytes+=len(data)
                                                   ^^^^
AssertionError
Unhandled exception in client_connected_cb
transport: <asyncio.sslproto._SSLProtocolTransport object at 0x10282d640>
Traceback (most recent call last):
  File "/Users/divyanshgolyan/.codex/worktrees/4511/onepage/research/transport-memory/asymmetric_server.py", line 39, in accept
    data=await reader.read(min(left,16384));assert data;hasher.update(data);left-=len(data);request_bytes+=len(data)
                                                   ^^^^
AssertionError
Unhandled exception in client_connected_cb
transport: <asyncio.sslproto._SSLProtocolTransport object at 0x10282d5b0>
Traceback (most recent call last):
  File "/Users/divyanshgolyan/.codex/worktrees/4511/onepage/research/transport-memory/asymmetric_server.py", line 39, in accept
    data=await reader.read(min(left,16384));assert data;hasher.update(data);left-=len(data);request_bytes+=len(data)
                                                   ^^^^
AssertionError
Unhandled exception in client_connected_cb
transport: <asyncio.sslproto._SSLProtocolTransport object at 0x10282d520>
Traceback (most recent call last):
  File "/Users/divyanshgolyan/.codex/worktrees/4511/onepage/research/transport-memory/asymmetric_server.py", line 39, in accept
    data=await reader.read(min(left,16384));assert data;hasher.update(data);left-=len(data);request_bytes+=len(data)
                                                   ^^^^
AssertionError
Unhandled exception in client_connected_cb
transport: <asyncio.sslproto._SSLProtocolTransport object at 0x10282d490>
Traceback (most recent call last):
  File "/Users/divyanshgolyan/.codex/worktrees/4511/onepage/research/transport-memory/asymmetric_server.py", line 39, in accept
    data=await reader.read(min(left,16384));assert data;hasher.update(data);left-=len(data);request_bytes+=len(data)
                                                   ^^^^
AssertionError
Unhandled exception in client_connected_cb
transport: <asyncio.sslproto._SSLProtocolTransport object at 0x10282d400>
Traceback (most recent call last):
  File "/Users/divyanshgolyan/.codex/worktrees/4511/onepage/research/transport-memory/asymmetric_server.py", line 39, in accept
    data=await reader.read(min(left,16384));assert data;hasher.update(data);left-=len(data);request_bytes+=len(data)
                                                   ^^^^
AssertionError
Unhandled exception in client_connected_cb
transport: <asyncio.sslproto._SSLProtocolTransport object at 0x10282d370>
Traceback (most recent call last):
  File "/Users/divyanshgolyan/.codex/worktrees/4511/onepage/research/transport-memory/asymmetric_server.py", line 39, in accept
    data=await reader.read(min(left,16384));assert data;hasher.update(data);left-=len(data);request_bytes+=len(data)
                                                   ^^^^
AssertionError
Unhandled exception in client_connected_cb
transport: <asyncio.sslproto._SSLProtocolTransport object at 0x10282d2e0>
Traceback (most recent call last):
  File "/Users/divyanshgolyan/.codex/worktrees/4511/onepage/research/transport-memory/asymmetric_server.py", line 39, in accept
    data=await reader.read(min(left,16384));assert data;hasher.update(data);left-=len(data);request_bytes+=len(data)
                                                   ^^^^
AssertionError
Unhandled exception in client_connected_cb
transport: <asyncio.sslproto._SSLProtocolTransport object at 0x10282d250>
Traceback (most recent call last):
  File "/Users/divyanshgolyan/.codex/worktrees/4511/onepage/research/transport-memory/asymmetric_server.py", line 39, in accept
    data=await reader.read(min(left,16384));assert data;hasher.update(data);left-=len(data);request_bytes+=len(data)
                                                   ^^^^
AssertionError
Unhandled exception in client_connected_cb
transport: <asyncio.sslproto._SSLProtocolTransport object at 0x10282d1c0>
Traceback (most recent call last):
  File "/Users/divyanshgolyan/.codex/worktrees/4511/onepage/research/transport-memory/asymmetric_server.py", line 39, in accept
    data=await reader.read(min(left,16384));assert data;hasher.update(data);left-=len(data);request_bytes+=len(data)
                                                   ^^^^
AssertionError
Unhandled exception in client_connected_cb
transport: <asyncio.sslproto._SSLProtocolTransport object at 0x10282d130>
Traceback (most recent call last):
  File "/Users/divyanshgolyan/.codex/worktrees/4511/onepage/research/transport-memory/asymmetric_server.py", line 39, in accept
    data=await reader.read(min(left,16384));assert data;hasher.update(data);left-=len(data);request_bytes+=len(data)
                                                   ^^^^
AssertionError
Unhandled exception in client_connected_cb
transport: <asyncio.sslproto._SSLProtocolTransport object at 0x10282d0a0>
Traceback (most recent call last):
  File "/Users/divyanshgolyan/.codex/worktrees/4511/onepage/research/transport-memory/asymmetric_server.py", line 39, in accept
    data=await reader.read(min(left,16384));assert data;hasher.update(data);left-=len(data);request_bytes+=len(data)
                                                   ^^^^
AssertionError
Unhandled exception in client_connected_cb
transport: <asyncio.sslproto._SSLProtocolTransport object at 0x10282d010>
Traceback (most recent call last):
  File "/Users/divyanshgolyan/.codex/worktrees/4511/onepage/research/transport-memory/asymmetric_server.py", line 39, in accept
    data=await reader.read(min(left,16384));assert data;hasher.update(data);left-=len(data);request_bytes+=len(data)
                                                   ^^^^
AssertionError
Unhandled exception in client_connected_cb
transport: <asyncio.sslproto._SSLProtocolTransport object at 0x10282cf80>
Traceback (most recent call last):
  File "/Users/divyanshgolyan/.codex/worktrees/4511/onepage/research/transport-memory/asymmetric_server.py", line 39, in accept
    data=await reader.read(min(left,16384));assert data;hasher.update(data);left-=len(data);request_bytes+=len(data)
                                                   ^^^^
AssertionError
Unhandled exception in client_connected_cb
transport: <asyncio.sslproto._SSLProtocolTransport object at 0x10282cef0>
Traceback (most recent call last):
  File "/Users/divyanshgolyan/.codex/worktrees/4511/onepage/research/transport-memory/asymmetric_server.py", line 39, in accept
    data=await reader.read(min(left,16384));assert data;hasher.update(data);left-=len(data);request_bytes+=len(data)
                                                   ^^^^
AssertionError
Unhandled exception in client_connected_cb
transport: <asyncio.sslproto._SSLProtocolTransport object at 0x10282ce60>
Traceback (most recent call last):
  File "/Users/divyanshgolyan/.codex/worktrees/4511/onepage/research/transport-memory/asymmetric_server.py", line 39, in accept
    data=await reader.read(min(left,16384));assert data;hasher.update(data);left-=len(data);request_bytes+=len(data)
                                                   ^^^^
AssertionError
Unhandled exception in client_connected_cb
transport: <asyncio.sslproto._SSLProtocolTransport object at 0x10282cdd0>
Traceback (most recent call last):
  File "/Users/divyanshgolyan/.codex/worktrees/4511/onepage/research/transport-memory/asymmetric_server.py", line 39, in accept
    data=await reader.read(min(left,16384));assert data;hasher.update(data);left-=len(data);request_bytes+=len(data)
                                                   ^^^^
AssertionError
Unhandled exception in client_connected_cb
transport: <asyncio.sslproto._SSLProtocolTransport object at 0x10282cd40>
Traceback (most recent call last):
  File "/Users/divyanshgolyan/.codex/worktrees/4511/onepage/research/transport-memory/asymmetric_server.py", line 39, in accept
    data=await reader.read(min(left,16384));assert data;hasher.update(data);left-=len(data);request_bytes+=len(data)
                                                   ^^^^
AssertionError
Unhandled exception in client_connected_cb
transport: <asyncio.sslproto._SSLProtocolTransport object at 0x10282ccb0>
Traceback (most recent call last):
  File "/Users/divyanshgolyan/.codex/worktrees/4511/onepage/research/transport-memory/asymmetric_server.py", line 39, in accept
    data=await reader.read(min(left,16384));assert data;hasher.update(data);left-=len(data);request_bytes+=len(data)
                                                   ^^^^
AssertionError
Unhandled exception in client_connected_cb
transport: <asyncio.sslproto._SSLProtocolTransport object at 0x10282cc20>
Traceback (most recent call last):
  File "/Users/divyanshgolyan/.codex/worktrees/4511/onepage/research/transport-memory/asymmetric_server.py", line 39, in accept
    data=await reader.read(min(left,16384));assert data;hasher.update(data);left-=len(data);request_bytes+=len(data)
                                                   ^^^^
AssertionError
Unhandled exception in client_connected_cb
transport: <asyncio.sslproto._SSLProtocolTransport object at 0x10282cb90>
Traceback (most recent call last):
  File "/Users/divyanshgolyan/.codex/worktrees/4511/onepage/research/transport-memory/asymmetric_server.py", line 39, in accept
    data=await reader.read(min(left,16384));assert data;hasher.update(data);left-=len(data);request_bytes+=len(data)
                                                   ^^^^
AssertionError
Unhandled exception in client_connected_cb
transport: <asyncio.sslproto._SSLProtocolTransport object at 0x10282cb00>
Traceback (most recent call last):
  File "/Users/divyanshgolyan/.codex/worktrees/4511/onepage/research/transport-memory/asymmetric_server.py", line 39, in accept
    data=await reader.read(min(left,16384));assert data;hasher.update(data);left-=len(data);request_bytes+=len(data)
                                                   ^^^^
AssertionError
Unhandled exception in client_connected_cb
transport: <asyncio.sslproto._SSLProtocolTransport object at 0x10282ca70>
Traceback (most recent call last):
  File "/Users/divyanshgolyan/.codex/worktrees/4511/onepage/research/transport-memory/asymmetric_server.py", line 39, in accept
    data=await reader.read(min(left,16384));assert data;hasher.update(data);left-=len(data);request_bytes+=len(data)
                                                   ^^^^
AssertionError
Unhandled exception in client_connected_cb
transport: <asyncio.sslproto._SSLProtocolTransport object at 0x10282c9e0>
Traceback (most recent call last):
  File "/Users/divyanshgolyan/.codex/worktrees/4511/onepage/research/transport-memory/asymmetric_server.py", line 39, in accept
    data=await reader.read(min(left,16384));assert data;hasher.update(data);left-=len(data);request_bytes+=len(data)
                                                   ^^^^
AssertionError
Unhandled exception in client_connected_cb
transport: <asyncio.sslproto._SSLProtocolTransport object at 0x10282c950>
Traceback (most recent call last):
  File "/Users/divyanshgolyan/.codex/worktrees/4511/onepage/research/transport-memory/asymmetric_server.py", line 39, in accept
    data=await reader.read(min(left,16384));assert data;hasher.update(data);left-=len(data);request_bytes+=len(data)
                                                   ^^^^
AssertionError
Unhandled exception in client_connected_cb
transport: <asyncio.sslproto._SSLProtocolTransport object at 0x10282c8c0>
Traceback (most recent call last):
  File "/Users/divyanshgolyan/.codex/worktrees/4511/onepage/research/transport-memory/asymmetric_server.py", line 39, in accept
    data=await reader.read(min(left,16384));assert data;hasher.update(data);left-=len(data);request_bytes+=len(data)
                                                   ^^^^
AssertionError
Unhandled exception in client_connected_cb
transport: <asyncio.sslproto._SSLProtocolTransport object at 0x10282c830>
Traceback (most recent call last):
  File "/Users/divyanshgolyan/.codex/worktrees/4511/onepage/research/transport-memory/asymmetric_server.py", line 39, in accept
    data=await reader.read(min(left,16384));assert data;hasher.update(data);left-=len(data);request_bytes+=len(data)
                                                   ^^^^
AssertionError
Unhandled exception in client_connected_cb
transport: <asyncio.sslproto._SSLProtocolTransport object at 0x10282c7a0>
Traceback (most recent call last):
  File "/Users/divyanshgolyan/.codex/worktrees/4511/onepage/research/transport-memory/asymmetric_server.py", line 39, in accept
    data=await reader.read(min(left,16384));assert data;hasher.update(data);left-=len(data);request_bytes+=len(data)
                                                   ^^^^
AssertionError
Unhandled exception in client_connected_cb
transport: <asyncio.sslproto._SSLProtocolTransport object at 0x10282c710>
Traceback (most recent call last):
  File "/Users/divyanshgolyan/.codex/worktrees/4511/onepage/research/transport-memory/asymmetric_server.py", line 39, in accept
    data=await reader.read(min(left,16384));assert data;hasher.update(data);left-=len(data);request_bytes+=len(data)
                                                   ^^^^
AssertionError
Unhandled exception in client_connected_cb
transport: <asyncio.sslproto._SSLProtocolTransport object at 0x10282c680>
Traceback (most recent call last):
  File "/Users/divyanshgolyan/.codex/worktrees/4511/onepage/research/transport-memory/asymmetric_server.py", line 39, in accept
    data=await reader.read(min(left,16384));assert data;hasher.update(data);left-=len(data);request_bytes+=len(data)
                                                   ^^^^
AssertionError
Unhandled exception in client_connected_cb
transport: <asyncio.sslproto._SSLProtocolTransport object at 0x10282c5f0>
Traceback (most recent call last):
  File "/Users/divyanshgolyan/.codex/worktrees/4511/onepage/research/transport-memory/asymmetric_server.py", line 39, in accept
    data=await reader.read(min(left,16384));assert data;hasher.update(data);left-=len(data);request_bytes+=len(data)
                                                   ^^^^
AssertionError
Unhandled exception in client_connected_cb
transport: <asyncio.sslproto._SSLProtocolTransport object at 0x10282c560>
Traceback (most recent call last):
  File "/Users/divyanshgolyan/.codex/worktrees/4511/onepage/research/transport-memory/asymmetric_server.py", line 39, in accept
    data=await reader.read(min(left,16384));assert data;hasher.update(data);left-=len(data);request_bytes+=len(data)
                                                   ^^^^
AssertionError
Unhandled exception in client_connected_cb
transport: <asyncio.sslproto._SSLProtocolTransport object at 0x10282c4d0>
Traceback (most recent call last):
  File "/Users/divyanshgolyan/.codex/worktrees/4511/onepage/research/transport-memory/asymmetric_server.py", line 39, in accept
    data=await reader.read(min(left,16384));assert data;hasher.update(data);left-=len(data);request_bytes+=len(data)
                                                   ^^^^
AssertionError
Unhandled exception in client_connected_cb
transport: <asyncio.sslproto._SSLProtocolTransport object at 0x10282c440>
Traceback (most recent call last):
  File "/Users/divyanshgolyan/.codex/worktrees/4511/onepage/research/transport-memory/asymmetric_server.py", line 39, in accept
    data=await reader.read(min(left,16384));assert data;hasher.update(data);left-=len(data);request_bytes+=len(data)
                                                   ^^^^
AssertionError
Unhandled exception in client_connected_cb
transport: <asyncio.sslproto._SSLProtocolTransport object at 0x10282c3b0>
Traceback (most recent call last):
  File "/Users/divyanshgolyan/.codex/worktrees/4511/onepage/research/transport-memory/asymmetric_server.py", line 39, in accept
    data=await reader.read(min(left,16384));assert data;hasher.update(data);left-=len(data);request_bytes+=len(data)
                                                   ^^^^
AssertionError
Unhandled exception in client_connected_cb
transport: <asyncio.sslproto._SSLProtocolTransport object at 0x10282c320>
Traceback (most recent call last):
  File "/Users/divyanshgolyan/.codex/worktrees/4511/onepage/research/transport-memory/asymmetric_server.py", line 39, in accept
    data=await reader.read(min(left,16384));assert data;hasher.update(data);left-=len(data);request_bytes+=len(data)
                                                   ^^^^
AssertionError
Unhandled exception in client_connected_cb
transport: <asyncio.sslproto._SSLProtocolTransport object at 0x10282c290>
Traceback (most recent call last):
  File "/Users/divyanshgolyan/.codex/worktrees/4511/onepage/research/transport-memory/asymmetric_server.py", line 39, in accept
    data=await reader.read(min(left,16384));assert data;hasher.update(data);left-=len(data);request_bytes+=len(data)
                                                   ^^^^
AssertionError
Unhandled exception in client_connected_cb
transport: <asyncio.sslproto._SSLProtocolTransport object at 0x10282c200>
Traceback (most recent call last):
  File "/Users/divyanshgolyan/.codex/worktrees/4511/onepage/research/transport-memory/asymmetric_server.py", line 39, in accept
    data=await reader.read(min(left,16384));assert data;hasher.update(data);left-=len(data);request_bytes+=len(data)
                                                   ^^^^
AssertionError
Unhandled exception in client_connected_cb
transport: <asyncio.sslproto._SSLProtocolTransport object at 0x10282c170>
Traceback (most recent call last):
  File "/Users/divyanshgolyan/.codex/worktrees/4511/onepage/research/transport-memory/asymmetric_server.py", line 39, in accept
    data=await reader.read(min(left,16384));assert data;hasher.update(data);left-=len(data);request_bytes+=len(data)
                                                   ^^^^
AssertionError
Unhandled exception in client_connected_cb
transport: <asyncio.sslproto._SSLProtocolTransport object at 0x10282c0e0>
Traceback (most recent call last):
  File "/Users/divyanshgolyan/.codex/worktrees/4511/onepage/research/transport-memory/asymmetric_server.py", line 39, in accept
    data=await reader.read(min(left,16384));assert data;hasher.update(data);left-=len(data);request_bytes+=len(data)
                                                   ^^^^
AssertionError
Unhandled exception in client_connected_cb
transport: <asyncio.sslproto._SSLProtocolTransport object at 0x10282c050>
Traceback (most recent call last):
  File "/Users/divyanshgolyan/.codex/worktrees/4511/onepage/research/transport-memory/asymmetric_server.py", line 39, in accept
    data=await reader.read(min(left,16384));assert data;hasher.update(data);left-=len(data);request_bytes+=len(data)
                                                   ^^^^
AssertionError
Unhandled exception in client_connected_cb
transport: <asyncio.sslproto._SSLProtocolTransport object at 0x102793f50>
Traceback (most recent call last):
  File "/Users/divyanshgolyan/.codex/worktrees/4511/onepage/research/transport-memory/asymmetric_server.py", line 39, in accept
    data=await reader.read(min(left,16384));assert data;hasher.update(data);left-=len(data);request_bytes+=len(data)
                                                   ^^^^
AssertionError
Unhandled exception in client_connected_cb
transport: <asyncio.sslproto._SSLProtocolTransport object at 0x102793ec0>
Traceback (most recent call last):
  File "/Users/divyanshgolyan/.codex/worktrees/4511/onepage/research/transport-memory/asymmetric_server.py", line 39, in accept
    data=await reader.read(min(left,16384));assert data;hasher.update(data);left-=len(data);request_bytes+=len(data)
                                                   ^^^^
AssertionError
Unhandled exception in client_connected_cb
transport: <asyncio.sslproto._SSLProtocolTransport object at 0x102793e30>
Traceback (most recent call last):
  File "/Users/divyanshgolyan/.codex/worktrees/4511/onepage/research/transport-memory/asymmetric_server.py", line 39, in accept
    data=await reader.read(min(left,16384));assert data;hasher.update(data);left-=len(data);request_bytes+=len(data)
                                                   ^^^^
AssertionError
Unhandled exception in client_connected_cb
transport: <asyncio.sslproto._SSLProtocolTransport object at 0x102793da0>
Traceback (most recent call last):
  File "/Users/divyanshgolyan/.codex/worktrees/4511/onepage/research/transport-memory/asymmetric_server.py", line 39, in accept
    data=await reader.read(min(left,16384));assert data;hasher.update(data);left-=len(data);request_bytes+=len(data)
                                                   ^^^^
AssertionError
Unhandled exception in client_connected_cb
transport: <asyncio.sslproto._SSLProtocolTransport object at 0x102793d10>
Traceback (most recent call last):
  File "/Users/divyanshgolyan/.codex/worktrees/4511/onepage/research/transport-memory/asymmetric_server.py", line 39, in accept
    data=await reader.read(min(left,16384));assert data;hasher.update(data);left-=len(data);request_bytes+=len(data)
                                                   ^^^^
AssertionError
Unhandled exception in client_connected_cb
transport: <asyncio.sslproto._SSLProtocolTransport object at 0x102793c80>
Traceback (most recent call last):
  File "/Users/divyanshgolyan/.codex/worktrees/4511/onepage/research/transport-memory/asymmetric_server.py", line 39, in accept
    data=await reader.read(min(left,16384));assert data;hasher.update(data);left-=len(data);request_bytes+=len(data)
                                                   ^^^^
AssertionError
Unhandled exception in client_connected_cb
transport: <asyncio.sslproto._SSLProtocolTransport object at 0x102793bf0>
Traceback (most recent call last):
  File "/Users/divyanshgolyan/.codex/worktrees/4511/onepage/research/transport-memory/asymmetric_server.py", line 39, in accept
    data=await reader.read(min(left,16384));assert data;hasher.update(data);left-=len(data);request_bytes+=len(data)
                                                   ^^^^
AssertionError
Unhandled exception in client_connected_cb
transport: <asyncio.sslproto._SSLProtocolTransport object at 0x102793b60>
Traceback (most recent call last):
  File "/Users/divyanshgolyan/.codex/worktrees/4511/onepage/research/transport-memory/asymmetric_server.py", line 39, in accept
    data=await reader.read(min(left,16384));assert data;hasher.update(data);left-=len(data);request_bytes+=len(data)
                                                   ^^^^
AssertionError
Unhandled exception in client_connected_cb
transport: <asyncio.sslproto._SSLProtocolTransport object at 0x102793ad0>
Traceback (most recent call last):
  File "/Users/divyanshgolyan/.codex/worktrees/4511/onepage/research/transport-memory/asymmetric_server.py", line 39, in accept
    data=await reader.read(min(left,16384));assert data;hasher.update(data);left-=len(data);request_bytes+=len(data)
                                                   ^^^^
AssertionError
Unhandled exception in client_connected_cb
transport: <asyncio.sslproto._SSLProtocolTransport object at 0x102793a40>
Traceback (most recent call last):
  File "/Users/divyanshgolyan/.codex/worktrees/4511/onepage/research/transport-memory/asymmetric_server.py", line 39, in accept
    data=await reader.read(min(left,16384));assert data;hasher.update(data);left-=len(data);request_bytes+=len(data)
                                                   ^^^^
AssertionError
Unhandled exception in client_connected_cb
transport: <asyncio.sslproto._SSLProtocolTransport object at 0x1027939b0>
Traceback (most recent call last):
  File "/Users/divyanshgolyan/.codex/worktrees/4511/onepage/research/transport-memory/asymmetric_server.py", line 39, in accept
    data=await reader.read(min(left,16384));assert data;hasher.update(data);left-=len(data);request_bytes+=len(data)
                                                   ^^^^
AssertionError
Unhandled exception in client_connected_cb
transport: <asyncio.sslproto._SSLProtocolTransport object at 0x102793920>
Traceback (most recent call last):
  File "/Users/divyanshgolyan/.codex/worktrees/4511/onepage/research/transport-memory/asymmetric_server.py", line 39, in accept
    data=await reader.read(min(left,16384));assert data;hasher.update(data);left-=len(data);request_bytes+=len(data)
                                                   ^^^^
AssertionError
Unhandled exception in client_connected_cb
transport: <asyncio.sslproto._SSLProtocolTransport object at 0x102793890>
Traceback (most recent call last):
  File "/Users/divyanshgolyan/.codex/worktrees/4511/onepage/research/transport-memory/asymmetric_server.py", line 39, in accept
    data=await reader.read(min(left,16384));assert data;hasher.update(data);left-=len(data);request_bytes+=len(data)
                                                   ^^^^
AssertionError
Unhandled exception in client_connected_cb
transport: <asyncio.sslproto._SSLProtocolTransport object at 0x102793800>
Traceback (most recent call last):
  File "/Users/divyanshgolyan/.codex/worktrees/4511/onepage/research/transport-memory/asymmetric_server.py", line 39, in accept
    data=await reader.read(min(left,16384));assert data;hasher.update(data);left-=len(data);request_bytes+=len(data)
                                                   ^^^^
AssertionError
Unhandled exception in client_connected_cb
transport: <asyncio.sslproto._SSLProtocolTransport object at 0x102793770>
Traceback (most recent call last):
  File "/Users/divyanshgolyan/.codex/worktrees/4511/onepage/research/transport-memory/asymmetric_server.py", line 39, in accept
    data=await reader.read(min(left,16384));assert data;hasher.update(data);left-=len(data);request_bytes+=len(data)
                                                   ^^^^
AssertionError
Unhandled exception in client_connected_cb
transport: <asyncio.sslproto._SSLProtocolTransport object at 0x1027936e0>
Traceback (most recent call last):
  File "/Users/divyanshgolyan/.codex/worktrees/4511/onepage/research/transport-memory/asymmetric_server.py", line 39, in accept
    data=await reader.read(min(left,16384));assert data;hasher.update(data);left-=len(data);request_bytes+=len(data)
                                                   ^^^^
AssertionError
Unhandled exception in client_connected_cb
transport: <asyncio.sslproto._SSLProtocolTransport object at 0x102793650>
Traceback (most recent call last):
  File "/Users/divyanshgolyan/.codex/worktrees/4511/onepage/research/transport-memory/asymmetric_server.py", line 39, in accept
    data=await reader.read(min(left,16384));assert data;hasher.update(data);left-=len(data);request_bytes+=len(data)
                                                   ^^^^
AssertionError
Unhandled exception in client_connected_cb
transport: <asyncio.sslproto._SSLProtocolTransport object at 0x1027935c0>
Traceback (most recent call last):
  File "/Users/divyanshgolyan/.codex/worktrees/4511/onepage/research/transport-memory/asymmetric_server.py", line 39, in accept
    data=await reader.read(min(left,16384));assert data;hasher.update(data);left-=len(data);request_bytes+=len(data)
                                                   ^^^^
AssertionError
Unhandled exception in client_connected_cb
transport: <asyncio.sslproto._SSLProtocolTransport object at 0x102793530>
Traceback (most recent call last):
  File "/Users/divyanshgolyan/.codex/worktrees/4511/onepage/research/transport-memory/asymmetric_server.py", line 39, in accept
    data=await reader.read(min(left,16384));assert data;hasher.update(data);left-=len(data);request_bytes+=len(data)
                                                   ^^^^
AssertionError
Unhandled exception in client_connected_cb
transport: <asyncio.sslproto._SSLProtocolTransport object at 0x1027934a0>
Traceback (most recent call last):
  File "/Users/divyanshgolyan/.codex/worktrees/4511/onepage/research/transport-memory/asymmetric_server.py", line 39, in accept
    data=await reader.read(min(left,16384));assert data;hasher.update(data);left-=len(data);request_bytes+=len(data)
                                                   ^^^^
AssertionError
Unhandled exception in client_connected_cb
transport: <asyncio.sslproto._SSLProtocolTransport object at 0x102793410>
Traceback (most recent call last):
  File "/Users/divyanshgolyan/.codex/worktrees/4511/onepage/research/transport-memory/asymmetric_server.py", line 39, in accept
    data=await reader.read(min(left,16384));assert data;hasher.update(data);left-=len(data);request_bytes+=len(data)
                                                   ^^^^
AssertionError
Unhandled exception in client_connected_cb
transport: <asyncio.sslproto._SSLProtocolTransport object at 0x102793380>
Traceback (most recent call last):
  File "/Users/divyanshgolyan/.codex/worktrees/4511/onepage/research/transport-memory/asymmetric_server.py", line 39, in accept
    data=await reader.read(min(left,16384));assert data;hasher.update(data);left-=len(data);request_bytes+=len(data)
                                                   ^^^^
AssertionError
Unhandled exception in client_connected_cb
transport: <asyncio.sslproto._SSLProtocolTransport object at 0x1027932f0>
Traceback (most recent call last):
  File "/Users/divyanshgolyan/.codex/worktrees/4511/onepage/research/transport-memory/asymmetric_server.py", line 39, in accept
    data=await reader.read(min(left,16384));assert data;hasher.update(data);left-=len(data);request_bytes+=len(data)
                                                   ^^^^
AssertionError
Unhandled exception in client_connected_cb
transport: <asyncio.sslproto._SSLProtocolTransport object at 0x102793260>
Traceback (most recent call last):
  File "/Users/divyanshgolyan/.codex/worktrees/4511/onepage/research/transport-memory/asymmetric_server.py", line 39, in accept
    data=await reader.read(min(left,16384));assert data;hasher.update(data);left-=len(data);request_bytes+=len(data)
                                                   ^^^^
AssertionError
Unhandled exception in client_connected_cb
transport: <asyncio.sslproto._SSLProtocolTransport object at 0x1027931d0>
Traceback (most recent call last):
  File "/Users/divyanshgolyan/.codex/worktrees/4511/onepage/research/transport-memory/asymmetric_server.py", line 39, in accept
    data=await reader.read(min(left,16384));assert data;hasher.update(data);left-=len(data);request_bytes+=len(data)
                                                   ^^^^
AssertionError
Unhandled exception in client_connected_cb
transport: <asyncio.sslproto._SSLProtocolTransport object at 0x102793140>
Traceback (most recent call last):
  File "/Users/divyanshgolyan/.codex/worktrees/4511/onepage/research/transport-memory/asymmetric_server.py", line 39, in accept
    data=await reader.read(min(left,16384));assert data;hasher.update(data);left-=len(data);request_bytes+=len(data)
                                                   ^^^^
AssertionError
Unhandled exception in client_connected_cb
transport: <asyncio.sslproto._SSLProtocolTransport object at 0x1027930b0>
Traceback (most recent call last):
  File "/Users/divyanshgolyan/.codex/worktrees/4511/onepage/research/transport-memory/asymmetric_server.py", line 39, in accept
    data=await reader.read(min(left,16384));assert data;hasher.update(data);left-=len(data);request_bytes+=len(data)
                                                   ^^^^
AssertionError
Unhandled exception in client_connected_cb
transport: <asyncio.sslproto._SSLProtocolTransport object at 0x102793020>
Traceback (most recent call last):
  File "/Users/divyanshgolyan/.codex/worktrees/4511/onepage/research/transport-memory/asymmetric_server.py", line 39, in accept
    data=await reader.read(min(left,16384));assert data;hasher.update(data);left-=len(data);request_bytes+=len(data)
                                                   ^^^^
AssertionError
Unhandled exception in client_connected_cb
transport: <asyncio.sslproto._SSLProtocolTransport object at 0x102792f90>
Traceback (most recent call last):
  File "/Users/divyanshgolyan/.codex/worktrees/4511/onepage/research/transport-memory/asymmetric_server.py", line 39, in accept
    data=await reader.read(min(left,16384));assert data;hasher.update(data);left-=len(data);request_bytes+=len(data)
                                                   ^^^^
AssertionError
Unhandled exception in client_connected_cb
transport: <asyncio.sslproto._SSLProtocolTransport object at 0x102792f00>
Traceback (most recent call last):
  File "/Users/divyanshgolyan/.codex/worktrees/4511/onepage/research/transport-memory/asymmetric_server.py", line 39, in accept
    data=await reader.read(min(left,16384));assert data;hasher.update(data);left-=len(data);request_bytes+=len(data)
                                                   ^^^^
AssertionError
Unhandled exception in client_connected_cb
transport: <asyncio.sslproto._SSLProtocolTransport object at 0x102792e70>
Traceback (most recent call last):
  File "/Users/divyanshgolyan/.codex/worktrees/4511/onepage/research/transport-memory/asymmetric_server.py", line 39, in accept
    data=await reader.read(min(left,16384));assert data;hasher.update(data);left-=len(data);request_bytes+=len(data)
                                                   ^^^^
AssertionError
Unhandled exception in client_connected_cb
transport: <asyncio.sslproto._SSLProtocolTransport object at 0x102792de0>
Traceback (most recent call last):
  File "/Users/divyanshgolyan/.codex/worktrees/4511/onepage/research/transport-memory/asymmetric_server.py", line 39, in accept
    data=await reader.read(min(left,16384));assert data;hasher.update(data);left-=len(data);request_bytes+=len(data)
                                                   ^^^^
AssertionError
Unhandled exception in client_connected_cb
transport: <asyncio.sslproto._SSLProtocolTransport object at 0x102792d50>
Traceback (most recent call last):
  File "/Users/divyanshgolyan/.codex/worktrees/4511/onepage/research/transport-memory/asymmetric_server.py", line 39, in accept
    data=await reader.read(min(left,16384));assert data;hasher.update(data);left-=len(data);request_bytes+=len(data)
                                                   ^^^^
AssertionError
Unhandled exception in client_connected_cb
transport: <asyncio.sslproto._SSLProtocolTransport object at 0x102792cc0>
Traceback (most recent call last):
  File "/Users/divyanshgolyan/.codex/worktrees/4511/onepage/research/transport-memory/asymmetric_server.py", line 39, in accept
    data=await reader.read(min(left,16384));assert data;hasher.update(data);left-=len(data);request_bytes+=len(data)
                                                   ^^^^
AssertionError
Unhandled exception in client_connected_cb
transport: <asyncio.sslproto._SSLProtocolTransport object at 0x102792c30>
Traceback (most recent call last):
  File "/Users/divyanshgolyan/.codex/worktrees/4511/onepage/research/transport-memory/asymmetric_server.py", line 39, in accept
    data=await reader.read(min(left,16384));assert data;hasher.update(data);left-=len(data);request_bytes+=len(data)
                                                   ^^^^
AssertionError
Unhandled exception in client_connected_cb
transport: <asyncio.sslproto._SSLProtocolTransport object at 0x102792ba0>
Traceback (most recent call last):
  File "/Users/divyanshgolyan/.codex/worktrees/4511/onepage/research/transport-memory/asymmetric_server.py", line 39, in accept
    data=await reader.read(min(left,16384));assert data;hasher.update(data);left-=len(data);request_bytes+=len(data)
                                                   ^^^^
AssertionError
Unhandled exception in client_connected_cb
transport: <asyncio.sslproto._SSLProtocolTransport object at 0x102792b10>
Traceback (most recent call last):
  File "/Users/divyanshgolyan/.codex/worktrees/4511/onepage/research/transport-memory/asymmetric_server.py", line 39, in accept
    data=await reader.read(min(left,16384));assert data;hasher.update(data);left-=len(data);request_bytes+=len(data)
                                                   ^^^^
AssertionError
Unhandled exception in client_connected_cb
transport: <asyncio.sslproto._SSLProtocolTransport object at 0x102792a80>
Traceback (most recent call last):
  File "/Users/divyanshgolyan/.codex/worktrees/4511/onepage/research/transport-memory/asymmetric_server.py", line 39, in accept
    data=await reader.read(min(left,16384));assert data;hasher.update(data);left-=len(data);request_bytes+=len(data)
                                                   ^^^^
AssertionError
Unhandled exception in client_connected_cb
transport: <asyncio.sslproto._SSLProtocolTransport object at 0x1027929f0>
Traceback (most recent call last):
  File "/Users/divyanshgolyan/.codex/worktrees/4511/onepage/research/transport-memory/asymmetric_server.py", line 39, in accept
    data=await reader.read(min(left,16384));assert data;hasher.update(data);left-=len(data);request_bytes+=len(data)
                                                   ^^^^
AssertionError
Unhandled exception in client_connected_cb
transport: <asyncio.sslproto._SSLProtocolTransport object at 0x102792960>
Traceback (most recent call last):
  File "/Users/divyanshgolyan/.codex/worktrees/4511/onepage/research/transport-memory/asymmetric_server.py", line 39, in accept
    data=await reader.read(min(left,16384));assert data;hasher.update(data);left-=len(data);request_bytes+=len(data)
                                                   ^^^^
AssertionError
Unhandled exception in client_connected_cb
transport: <asyncio.sslproto._SSLProtocolTransport object at 0x1027928d0>
Traceback (most recent call last):
  File "/Users/divyanshgolyan/.codex/worktrees/4511/onepage/research/transport-memory/asymmetric_server.py", line 39, in accept
    data=await reader.read(min(left,16384));assert data;hasher.update(data);left-=len(data);request_bytes+=len(data)
                                                   ^^^^
AssertionError
Unhandled exception in client_connected_cb
transport: <asyncio.sslproto._SSLProtocolTransport object at 0x102792840>
Traceback (most recent call last):
  File "/Users/divyanshgolyan/.codex/worktrees/4511/onepage/research/transport-memory/asymmetric_server.py", line 39, in accept
    data=await reader.read(min(left,16384));assert data;hasher.update(data);left-=len(data);request_bytes+=len(data)
                                                   ^^^^
AssertionError
Unhandled exception in client_connected_cb
transport: <asyncio.sslproto._SSLProtocolTransport object at 0x1027927b0>
Traceback (most recent call last):
  File "/Users/divyanshgolyan/.codex/worktrees/4511/onepage/research/transport-memory/asymmetric_server.py", line 39, in accept
    data=await reader.read(min(left,16384));assert data;hasher.update(data);left-=len(data);request_bytes+=len(data)
                                                   ^^^^
AssertionError
Unhandled exception in client_connected_cb
transport: <asyncio.sslproto._SSLProtocolTransport object at 0x102792720>
Traceback (most recent call last):
  File "/Users/divyanshgolyan/.codex/worktrees/4511/onepage/research/transport-memory/asymmetric_server.py", line 39, in accept
    data=await reader.read(min(left,16384));assert data;hasher.update(data);left-=len(data);request_bytes+=len(data)
                                                   ^^^^
AssertionError
Unhandled exception in client_connected_cb
transport: <asyncio.sslproto._SSLProtocolTransport object at 0x102792690>
Traceback (most recent call last):
  File "/Users/divyanshgolyan/.codex/worktrees/4511/onepage/research/transport-memory/asymmetric_server.py", line 39, in accept
    data=await reader.read(min(left,16384));assert data;hasher.update(data);left-=len(data);request_bytes+=len(data)
                                                   ^^^^
AssertionError
Unhandled exception in client_connected_cb
transport: <asyncio.sslproto._SSLProtocolTransport object at 0x102792600>
Traceback (most recent call last):
  File "/Users/divyanshgolyan/.codex/worktrees/4511/onepage/research/transport-memory/asymmetric_server.py", line 39, in accept
    data=await reader.read(min(left,16384));assert data;hasher.update(data);left-=len(data);request_bytes+=len(data)
                                                   ^^^^
AssertionError
Unhandled exception in client_connected_cb
transport: <asyncio.sslproto._SSLProtocolTransport object at 0x102792570>
Traceback (most recent call last):
  File "/Users/divyanshgolyan/.codex/worktrees/4511/onepage/research/transport-memory/asymmetric_server.py", line 39, in accept
    data=await reader.read(min(left,16384));assert data;hasher.update(data);left-=len(data);request_bytes+=len(data)
                                                   ^^^^
AssertionError
Unhandled exception in client_connected_cb
transport: <asyncio.sslproto._SSLProtocolTransport object at 0x1027924e0>
Traceback (most recent call last):
  File "/Users/divyanshgolyan/.codex/worktrees/4511/onepage/research/transport-memory/asymmetric_server.py", line 39, in accept
    data=await reader.read(min(left,16384));assert data;hasher.update(data);left-=len(data);request_bytes+=len(data)
                                                   ^^^^
AssertionError
Unhandled exception in client_connected_cb
transport: <asyncio.sslproto._SSLProtocolTransport object at 0x102792450>
Traceback (most recent call last):
  File "/Users/divyanshgolyan/.codex/worktrees/4511/onepage/research/transport-memory/asymmetric_server.py", line 39, in accept
    data=await reader.read(min(left,16384));assert data;hasher.update(data);left-=len(data);request_bytes+=len(data)
                                                   ^^^^
AssertionError
Unhandled exception in client_connected_cb
transport: <asyncio.sslproto._SSLProtocolTransport object at 0x1027923c0>
Traceback (most recent call last):
  File "/Users/divyanshgolyan/.codex/worktrees/4511/onepage/research/transport-memory/asymmetric_server.py", line 39, in accept
    data=await reader.read(min(left,16384));assert data;hasher.update(data);left-=len(data);request_bytes+=len(data)
                                                   ^^^^
AssertionError
Unhandled exception in client_connected_cb
transport: <asyncio.sslproto._SSLProtocolTransport object at 0x102792330>
Traceback (most recent call last):
  File "/Users/divyanshgolyan/.codex/worktrees/4511/onepage/research/transport-memory/asymmetric_server.py", line 39, in accept
    data=await reader.read(min(left,16384));assert data;hasher.update(data);left-=len(data);request_bytes+=len(data)
                                                   ^^^^
AssertionError
Unhandled exception in client_connected_cb
transport: <asyncio.sslproto._SSLProtocolTransport object at 0x1027922a0>
Traceback (most recent call last):
  File "/Users/divyanshgolyan/.codex/worktrees/4511/onepage/research/transport-memory/asymmetric_server.py", line 39, in accept
    data=await reader.read(min(left,16384));assert data;hasher.update(data);left-=len(data);request_bytes+=len(data)
                                                   ^^^^
AssertionError
Unhandled exception in client_connected_cb
transport: <asyncio.sslproto._SSLProtocolTransport object at 0x102792210>
Traceback (most recent call last):
  File "/Users/divyanshgolyan/.codex/worktrees/4511/onepage/research/transport-memory/asymmetric_server.py", line 39, in accept
    data=await reader.read(min(left,16384));assert data;hasher.update(data);left-=len(data);request_bytes+=len(data)
                                                   ^^^^
AssertionError
Unhandled exception in client_connected_cb
transport: <asyncio.sslproto._SSLProtocolTransport object at 0x102792180>
Traceback (most recent call last):
  File "/Users/divyanshgolyan/.codex/worktrees/4511/onepage/research/transport-memory/asymmetric_server.py", line 39, in accept
    data=await reader.read(min(left,16384));assert data;hasher.update(data);left-=len(data);request_bytes+=len(data)
                                                   ^^^^
AssertionError
Unhandled exception in client_connected_cb
transport: <asyncio.sslproto._SSLProtocolTransport object at 0x102792060>
Traceback (most recent call last):
  File "/Users/divyanshgolyan/.codex/worktrees/4511/onepage/research/transport-memory/asymmetric_server.py", line 39, in accept
    data=await reader.read(min(left,16384));assert data;hasher.update(data);left-=len(data);request_bytes+=len(data)
                                                   ^^^^
AssertionError
Unhandled exception in client_connected_cb
transport: <asyncio.sslproto._SSLProtocolTransport object at 0x102791fd0>
Traceback (most recent call last):
  File "/Users/divyanshgolyan/.codex/worktrees/4511/onepage/research/transport-memory/asymmetric_server.py", line 39, in accept
    data=await reader.read(min(left,16384));assert data;hasher.update(data);left-=len(data);request_bytes+=len(data)
                                                   ^^^^
AssertionError
Unhandled exception in client_connected_cb
transport: <asyncio.sslproto._SSLProtocolTransport object at 0x102791f40>
Traceback (most recent call last):
  File "/Users/divyanshgolyan/.codex/worktrees/4511/onepage/research/transport-memory/asymmetric_server.py", line 39, in accept
    data=await reader.read(min(left,16384));assert data;hasher.update(data);left-=len(data);request_bytes+=len(data)
                                                   ^^^^
AssertionError
Unhandled exception in client_connected_cb
transport: <asyncio.sslproto._SSLProtocolTransport object at 0x102791eb0>
Traceback (most recent call last):
  File "/Users/divyanshgolyan/.codex/worktrees/4511/onepage/research/transport-memory/asymmetric_server.py", line 39, in accept
    data=await reader.read(min(left,16384));assert data;hasher.update(data);left-=len(data);request_bytes+=len(data)
                                                   ^^^^
AssertionError
Unhandled exception in client_connected_cb
transport: <asyncio.sslproto._SSLProtocolTransport object at 0x102791e20>
Traceback (most recent call last):
  File "/Users/divyanshgolyan/.codex/worktrees/4511/onepage/research/transport-memory/asymmetric_server.py", line 39, in accept
    data=await reader.read(min(left,16384));assert data;hasher.update(data);left-=len(data);request_bytes+=len(data)
                                                   ^^^^
AssertionError
Unhandled exception in client_connected_cb
transport: <asyncio.sslproto._SSLProtocolTransport object at 0x102791d90>
Traceback (most recent call last):
  File "/Users/divyanshgolyan/.codex/worktrees/4511/onepage/research/transport-memory/asymmetric_server.py", line 39, in accept
    data=await reader.read(min(left,16384));assert data;hasher.update(data);left-=len(data);request_bytes+=len(data)
                                                   ^^^^
AssertionError
Unhandled exception in client_connected_cb
transport: <asyncio.sslproto._SSLProtocolTransport object at 0x102791d00>
Traceback (most recent call last):
  File "/Users/divyanshgolyan/.codex/worktrees/4511/onepage/research/transport-memory/asymmetric_server.py", line 39, in accept
    data=await reader.read(min(left,16384));assert data;hasher.update(data);left-=len(data);request_bytes+=len(data)
                                                   ^^^^
AssertionError
Unhandled exception in client_connected_cb
transport: <asyncio.sslproto._SSLProtocolTransport object at 0x102791c70>
Traceback (most recent call last):
  File "/Users/divyanshgolyan/.codex/worktrees/4511/onepage/research/transport-memory/asymmetric_server.py", line 39, in accept
    data=await reader.read(min(left,16384));assert data;hasher.update(data);left-=len(data);request_bytes+=len(data)
                                                   ^^^^
AssertionError
Unhandled exception in client_connected_cb
transport: <asyncio.sslproto._SSLProtocolTransport object at 0x102791be0>
Traceback (most recent call last):
  File "/Users/divyanshgolyan/.codex/worktrees/4511/onepage/research/transport-memory/asymmetric_server.py", line 39, in accept
    data=await reader.read(min(left,16384));assert data;hasher.update(data);left-=len(data);request_bytes+=len(data)
                                                   ^^^^
AssertionError
Unhandled exception in client_connected_cb
transport: <asyncio.sslproto._SSLProtocolTransport object at 0x102791b50>
Traceback (most recent call last):
  File "/Users/divyanshgolyan/.codex/worktrees/4511/onepage/research/transport-memory/asymmetric_server.py", line 39, in accept
    data=await reader.read(min(left,16384));assert data;hasher.update(data);left-=len(data);request_bytes+=len(data)
                                                   ^^^^
AssertionError
Unhandled exception in client_connected_cb
transport: <asyncio.sslproto._SSLProtocolTransport object at 0x102791ac0>
Traceback (most recent call last):
  File "/Users/divyanshgolyan/.codex/worktrees/4511/onepage/research/transport-memory/asymmetric_server.py", line 39, in accept
    data=await reader.read(min(left,16384));assert data;hasher.update(data);left-=len(data);request_bytes+=len(data)
                                                   ^^^^
AssertionError
Unhandled exception in client_connected_cb
transport: <asyncio.sslproto._SSLProtocolTransport object at 0x102791a30>
Traceback (most recent call last):
  File "/Users/divyanshgolyan/.codex/worktrees/4511/onepage/research/transport-memory/asymmetric_server.py", line 39, in accept
    data=await reader.read(min(left,16384));assert data;hasher.update(data);left-=len(data);request_bytes+=len(data)
                                                   ^^^^
AssertionError
Unhandled exception in client_connected_cb
transport: <asyncio.sslproto._SSLProtocolTransport object at 0x1027919a0>
Traceback (most recent call last):
  File "/Users/divyanshgolyan/.codex/worktrees/4511/onepage/research/transport-memory/asymmetric_server.py", line 39, in accept
    data=await reader.read(min(left,16384));assert data;hasher.update(data);left-=len(data);request_bytes+=len(data)
                                                   ^^^^
AssertionError
Unhandled exception in client_connected_cb
transport: <asyncio.sslproto._SSLProtocolTransport object at 0x102791910>
Traceback (most recent call last):
  File "/Users/divyanshgolyan/.codex/worktrees/4511/onepage/research/transport-memory/asymmetric_server.py", line 39, in accept
    data=await reader.read(min(left,16384));assert data;hasher.update(data);left-=len(data);request_bytes+=len(data)
                                                   ^^^^
AssertionError
Unhandled exception in client_connected_cb
transport: <asyncio.sslproto._SSLProtocolTransport object at 0x102791880>
Traceback (most recent call last):
  File "/Users/divyanshgolyan/.codex/worktrees/4511/onepage/research/transport-memory/asymmetric_server.py", line 39, in accept
    data=await reader.read(min(left,16384));assert data;hasher.update(data);left-=len(data);request_bytes+=len(data)
                                                   ^^^^
AssertionError
Unhandled exception in client_connected_cb
transport: <asyncio.sslproto._SSLProtocolTransport object at 0x1027917f0>
Traceback (most recent call last):
  File "/Users/divyanshgolyan/.codex/worktrees/4511/onepage/research/transport-memory/asymmetric_server.py", line 39, in accept
    data=await reader.read(min(left,16384));assert data;hasher.update(data);left-=len(data);request_bytes+=len(data)
                                                   ^^^^
AssertionError
Unhandled exception in client_connected_cb
transport: <asyncio.sslproto._SSLProtocolTransport object at 0x102791760>
Traceback (most recent call last):
  File "/Users/divyanshgolyan/.codex/worktrees/4511/onepage/research/transport-memory/asymmetric_server.py", line 39, in accept
    data=await reader.read(min(left,16384));assert data;hasher.update(data);left-=len(data);request_bytes+=len(data)
                                                   ^^^^
AssertionError
Unhandled exception in client_connected_cb
transport: <asyncio.sslproto._SSLProtocolTransport object at 0x1027916d0>
Traceback (most recent call last):
  File "/Users/divyanshgolyan/.codex/worktrees/4511/onepage/research/transport-memory/asymmetric_server.py", line 39, in accept
    data=await reader.read(min(left,16384));assert data;hasher.update(data);left-=len(data);request_bytes+=len(data)
                                                   ^^^^
AssertionError
Unhandled exception in client_connected_cb
transport: <asyncio.sslproto._SSLProtocolTransport object at 0x102791640>
Traceback (most recent call last):
  File "/Users/divyanshgolyan/.codex/worktrees/4511/onepage/research/transport-memory/asymmetric_server.py", line 39, in accept
    data=await reader.read(min(left,16384));assert data;hasher.update(data);left-=len(data);request_bytes+=len(data)
                                                   ^^^^
AssertionError
Unhandled exception in client_connected_cb
transport: <asyncio.sslproto._SSLProtocolTransport object at 0x1027915b0>
Traceback (most recent call last):
  File "/Users/divyanshgolyan/.codex/worktrees/4511/onepage/research/transport-memory/asymmetric_server.py", line 39, in accept
    data=await reader.read(min(left,16384));assert data;hasher.update(data);left-=len(data);request_bytes+=len(data)
                                                   ^^^^
AssertionError
Unhandled exception in client_connected_cb
transport: <asyncio.sslproto._SSLProtocolTransport object at 0x102791520>
Traceback (most recent call last):
  File "/Users/divyanshgolyan/.codex/worktrees/4511/onepage/research/transport-memory/asymmetric_server.py", line 39, in accept
    data=await reader.read(min(left,16384));assert data;hasher.update(data);left-=len(data);request_bytes+=len(data)
                                                   ^^^^
AssertionError
Unhandled exception in client_connected_cb
transport: <asyncio.sslproto._SSLProtocolTransport object at 0x102791490>
Traceback (most recent call last):
  File "/Users/divyanshgolyan/.codex/worktrees/4511/onepage/research/transport-memory/asymmetric_server.py", line 39, in accept
    data=await reader.read(min(left,16384));assert data;hasher.update(data);left-=len(data);request_bytes+=len(data)
                                                   ^^^^
AssertionError
Unhandled exception in client_connected_cb
transport: <asyncio.sslproto._SSLProtocolTransport object at 0x102791400>
Traceback (most recent call last):
  File "/Users/divyanshgolyan/.codex/worktrees/4511/onepage/research/transport-memory/asymmetric_server.py", line 39, in accept
    data=await reader.read(min(left,16384));assert data;hasher.update(data);left-=len(data);request_bytes+=len(data)
                                                   ^^^^
AssertionError
Unhandled exception in client_connected_cb
transport: <asyncio.sslproto._SSLProtocolTransport object at 0x102791370>
Traceback (most recent call last):
  File "/Users/divyanshgolyan/.codex/worktrees/4511/onepage/research/transport-memory/asymmetric_server.py", line 39, in accept
    data=await reader.read(min(left,16384));assert data;hasher.update(data);left-=len(data);request_bytes+=len(data)
                                                   ^^^^
AssertionError
Unhandled exception in client_connected_cb
transport: <asyncio.sslproto._SSLProtocolTransport object at 0x1027912e0>
Traceback (most recent call last):
  File "/Users/divyanshgolyan/.codex/worktrees/4511/onepage/research/transport-memory/asymmetric_server.py", line 39, in accept
    data=await reader.read(min(left,16384));assert data;hasher.update(data);left-=len(data);request_bytes+=len(data)
                                                   ^^^^
AssertionError
Unhandled exception in client_connected_cb
transport: <asyncio.sslproto._SSLProtocolTransport object at 0x102791250>
Traceback (most recent call last):
  File "/Users/divyanshgolyan/.codex/worktrees/4511/onepage/research/transport-memory/asymmetric_server.py", line 39, in accept
    data=await reader.read(min(left,16384));assert data;hasher.update(data);left-=len(data);request_bytes+=len(data)
                                                   ^^^^
AssertionError
Unhandled exception in client_connected_cb
transport: <asyncio.sslproto._SSLProtocolTransport object at 0x1027911c0>
Traceback (most recent call last):
  File "/Users/divyanshgolyan/.codex/worktrees/4511/onepage/research/transport-memory/asymmetric_server.py", line 39, in accept
    data=await reader.read(min(left,16384));assert data;hasher.update(data);left-=len(data);request_bytes+=len(data)
                                                   ^^^^
AssertionError
Unhandled exception in client_connected_cb
transport: <asyncio.sslproto._SSLProtocolTransport object at 0x102791130>
Traceback (most recent call last):
  File "/Users/divyanshgolyan/.codex/worktrees/4511/onepage/research/transport-memory/asymmetric_server.py", line 39, in accept
    data=await reader.read(min(left,16384));assert data;hasher.update(data);left-=len(data);request_bytes+=len(data)
                                                   ^^^^
AssertionError
Unhandled exception in client_connected_cb
transport: <asyncio.sslproto._SSLProtocolTransport object at 0x1027910a0>
Traceback (most recent call last):
  File "/Users/divyanshgolyan/.codex/worktrees/4511/onepage/research/transport-memory/asymmetric_server.py", line 39, in accept
    data=await reader.read(min(left,16384));assert data;hasher.update(data);left-=len(data);request_bytes+=len(data)
                                                   ^^^^
AssertionError
Unhandled exception in client_connected_cb
transport: <asyncio.sslproto._SSLProtocolTransport object at 0x102791010>
Traceback (most recent call last):
  File "/Users/divyanshgolyan/.codex/worktrees/4511/onepage/research/transport-memory/asymmetric_server.py", line 39, in accept
    data=await reader.read(min(left,16384));assert data;hasher.update(data);left-=len(data);request_bytes+=len(data)
                                                   ^^^^
AssertionError
Unhandled exception in client_connected_cb
transport: <asyncio.sslproto._SSLProtocolTransport object at 0x102790f80>
Traceback (most recent call last):
  File "/Users/divyanshgolyan/.codex/worktrees/4511/onepage/research/transport-memory/asymmetric_server.py", line 39, in accept
    data=await reader.read(min(left,16384));assert data;hasher.update(data);left-=len(data);request_bytes+=len(data)
                                                   ^^^^
AssertionError
Unhandled exception in client_connected_cb
transport: <asyncio.sslproto._SSLProtocolTransport object at 0x102790ef0>
Traceback (most recent call last):
  File "/Users/divyanshgolyan/.codex/worktrees/4511/onepage/research/transport-memory/asymmetric_server.py", line 39, in accept
    data=await reader.read(min(left,16384));assert data;hasher.update(data);left-=len(data);request_bytes+=len(data)
                                                   ^^^^
AssertionError
Unhandled exception in client_connected_cb
transport: <asyncio.sslproto._SSLProtocolTransport object at 0x102790e60>
Traceback (most recent call last):
  File "/Users/divyanshgolyan/.codex/worktrees/4511/onepage/research/transport-memory/asymmetric_server.py", line 39, in accept
    data=await reader.read(min(left,16384));assert data;hasher.update(data);left-=len(data);request_bytes+=len(data)
                                                   ^^^^
AssertionError
Unhandled exception in client_connected_cb
transport: <asyncio.sslproto._SSLProtocolTransport object at 0x102790dd0>
Traceback (most recent call last):
  File "/Users/divyanshgolyan/.codex/worktrees/4511/onepage/research/transport-memory/asymmetric_server.py", line 39, in accept
    data=await reader.read(min(left,16384));assert data;hasher.update(data);left-=len(data);request_bytes+=len(data)
                                                   ^^^^
AssertionError
Unhandled exception in client_connected_cb
transport: <asyncio.sslproto._SSLProtocolTransport object at 0x102790d40>
Traceback (most recent call last):
  File "/Users/divyanshgolyan/.codex/worktrees/4511/onepage/research/transport-memory/asymmetric_server.py", line 39, in accept
    data=await reader.read(min(left,16384));assert data;hasher.update(data);left-=len(data);request_bytes+=len(data)
                                                   ^^^^
AssertionError
Unhandled exception in client_connected_cb
transport: <asyncio.sslproto._SSLProtocolTransport object at 0x102790cb0>
Traceback (most recent call last):
  File "/Users/divyanshgolyan/.codex/worktrees/4511/onepage/research/transport-memory/asymmetric_server.py", line 39, in accept
    data=await reader.read(min(left,16384));assert data;hasher.update(data);left-=len(data);request_bytes+=len(data)
                                                   ^^^^
AssertionError
Unhandled exception in client_connected_cb
transport: <asyncio.sslproto._SSLProtocolTransport object at 0x102790c20>
Traceback (most recent call last):
  File "/Users/divyanshgolyan/.codex/worktrees/4511/onepage/research/transport-memory/asymmetric_server.py", line 39, in accept
    data=await reader.read(min(left,16384));assert data;hasher.update(data);left-=len(data);request_bytes+=len(data)
                                                   ^^^^
AssertionError
Unhandled exception in client_connected_cb
transport: <asyncio.sslproto._SSLProtocolTransport object at 0x102790b90>
Traceback (most recent call last):
  File "/Users/divyanshgolyan/.codex/worktrees/4511/onepage/research/transport-memory/asymmetric_server.py", line 39, in accept
    data=await reader.read(min(left,16384));assert data;hasher.update(data);left-=len(data);request_bytes+=len(data)
                                                   ^^^^
AssertionError
Unhandled exception in client_connected_cb
transport: <asyncio.sslproto._SSLProtocolTransport object at 0x102790b00>
Traceback (most recent call last):
  File "/Users/divyanshgolyan/.codex/worktrees/4511/onepage/research/transport-memory/asymmetric_server.py", line 39, in accept
    data=await reader.read(min(left,16384));assert data;hasher.update(data);left-=len(data);request_bytes+=len(data)
                                                   ^^^^
AssertionError
Unhandled exception in client_connected_cb
transport: <asyncio.sslproto._SSLProtocolTransport object at 0x102790a70>
Traceback (most recent call last):
  File "/Users/divyanshgolyan/.codex/worktrees/4511/onepage/research/transport-memory/asymmetric_server.py", line 39, in accept
    data=await reader.read(min(left,16384));assert data;hasher.update(data);left-=len(data);request_bytes+=len(data)
                                                   ^^^^
AssertionError
Unhandled exception in client_connected_cb
transport: <asyncio.sslproto._SSLProtocolTransport object at 0x1027909e0>
Traceback (most recent call last):
  File "/Users/divyanshgolyan/.codex/worktrees/4511/onepage/research/transport-memory/asymmetric_server.py", line 39, in accept
    data=await reader.read(min(left,16384));assert data;hasher.update(data);left-=len(data);request_bytes+=len(data)
                                                   ^^^^
AssertionError
Unhandled exception in client_connected_cb
transport: <asyncio.sslproto._SSLProtocolTransport object at 0x102790950>
Traceback (most recent call last):
  File "/Users/divyanshgolyan/.codex/worktrees/4511/onepage/research/transport-memory/asymmetric_server.py", line 39, in accept
    data=await reader.read(min(left,16384));assert data;hasher.update(data);left-=len(data);request_bytes+=len(data)
                                                   ^^^^
AssertionError
Unhandled exception in client_connected_cb
transport: <asyncio.sslproto._SSLProtocolTransport object at 0x1027908c0>
Traceback (most recent call last):
  File "/Users/divyanshgolyan/.codex/worktrees/4511/onepage/research/transport-memory/asymmetric_server.py", line 39, in accept
    data=await reader.read(min(left,16384));assert data;hasher.update(data);left-=len(data);request_bytes+=len(data)
                                                   ^^^^
AssertionError
Unhandled exception in client_connected_cb
transport: <asyncio.sslproto._SSLProtocolTransport object at 0x102790830>
Traceback (most recent call last):
  File "/Users/divyanshgolyan/.codex/worktrees/4511/onepage/research/transport-memory/asymmetric_server.py", line 39, in accept
    data=await reader.read(min(left,16384));assert data;hasher.update(data);left-=len(data);request_bytes+=len(data)
                                                   ^^^^
AssertionError
Unhandled exception in client_connected_cb
transport: <asyncio.sslproto._SSLProtocolTransport object at 0x1027907a0>
Traceback (most recent call last):
  File "/Users/divyanshgolyan/.codex/worktrees/4511/onepage/research/transport-memory/asymmetric_server.py", line 39, in accept
    data=await reader.read(min(left,16384));assert data;hasher.update(data);left-=len(data);request_bytes+=len(data)
                                                   ^^^^
AssertionError
Unhandled exception in client_connected_cb
transport: <asyncio.sslproto._SSLProtocolTransport object at 0x102790710>
Traceback (most recent call last):
  File "/Users/divyanshgolyan/.codex/worktrees/4511/onepage/research/transport-memory/asymmetric_server.py", line 39, in accept
    data=await reader.read(min(left,16384));assert data;hasher.update(data);left-=len(data);request_bytes+=len(data)
                                                   ^^^^
AssertionError
Unhandled exception in client_connected_cb
transport: <asyncio.sslproto._SSLProtocolTransport object at 0x102790680>
Traceback (most recent call last):
  File "/Users/divyanshgolyan/.codex/worktrees/4511/onepage/research/transport-memory/asymmetric_server.py", line 39, in accept
    data=await reader.read(min(left,16384));assert data;hasher.update(data);left-=len(data);request_bytes+=len(data)
                                                   ^^^^
AssertionError
Unhandled exception in client_connected_cb
transport: <asyncio.sslproto._SSLProtocolTransport object at 0x1027905f0>
Traceback (most recent call last):
  File "/Users/divyanshgolyan/.codex/worktrees/4511/onepage/research/transport-memory/asymmetric_server.py", line 39, in accept
    data=await reader.read(min(left,16384));assert data;hasher.update(data);left-=len(data);request_bytes+=len(data)
                                                   ^^^^
AssertionError
Unhandled exception in client_connected_cb
transport: <asyncio.sslproto._SSLProtocolTransport object at 0x102790560>
Traceback (most recent call last):
  File "/Users/divyanshgolyan/.codex/worktrees/4511/onepage/research/transport-memory/asymmetric_server.py", line 39, in accept
    data=await reader.read(min(left,16384));assert data;hasher.update(data);left-=len(data);request_bytes+=len(data)
                                                   ^^^^
AssertionError
Unhandled exception in client_connected_cb
transport: <asyncio.sslproto._SSLProtocolTransport object at 0x1027904d0>
Traceback (most recent call last):
  File "/Users/divyanshgolyan/.codex/worktrees/4511/onepage/research/transport-memory/asymmetric_server.py", line 39, in accept
    data=await reader.read(min(left,16384));assert data;hasher.update(data);left-=len(data);request_bytes+=len(data)
                                                   ^^^^
AssertionError
Unhandled exception in client_connected_cb
transport: <asyncio.sslproto._SSLProtocolTransport object at 0x102790440>
Traceback (most recent call last):
  File "/Users/divyanshgolyan/.codex/worktrees/4511/onepage/research/transport-memory/asymmetric_server.py", line 39, in accept
    data=await reader.read(min(left,16384));assert data;hasher.update(data);left-=len(data);request_bytes+=len(data)
                                                   ^^^^
AssertionError
Unhandled exception in client_connected_cb
transport: <asyncio.sslproto._SSLProtocolTransport object at 0x1027903b0>
Traceback (most recent call last):
  File "/Users/divyanshgolyan/.codex/worktrees/4511/onepage/research/transport-memory/asymmetric_server.py", line 39, in accept
    data=await reader.read(min(left,16384));assert data;hasher.update(data);left-=len(data);request_bytes+=len(data)
                                                   ^^^^
AssertionError
Unhandled exception in client_connected_cb
transport: <asyncio.sslproto._SSLProtocolTransport object at 0x102790320>
Traceback (most recent call last):
  File "/Users/divyanshgolyan/.codex/worktrees/4511/onepage/research/transport-memory/asymmetric_server.py", line 39, in accept
    data=await reader.read(min(left,16384));assert data;hasher.update(data);left-=len(data);request_bytes+=len(data)
                                                   ^^^^
AssertionError
Unhandled exception in client_connected_cb
transport: <asyncio.sslproto._SSLProtocolTransport object at 0x102790290>
Traceback (most recent call last):
  File "/Users/divyanshgolyan/.codex/worktrees/4511/onepage/research/transport-memory/asymmetric_server.py", line 39, in accept
    data=await reader.read(min(left,16384));assert data;hasher.update(data);left-=len(data);request_bytes+=len(data)
                                                   ^^^^
AssertionError
Unhandled exception in client_connected_cb
transport: <asyncio.sslproto._SSLProtocolTransport object at 0x102790200>
Traceback (most recent call last):
  File "/Users/divyanshgolyan/.codex/worktrees/4511/onepage/research/transport-memory/asymmetric_server.py", line 39, in accept
    data=await reader.read(min(left,16384));assert data;hasher.update(data);left-=len(data);request_bytes+=len(data)
                                                   ^^^^
AssertionError
Unhandled exception in client_connected_cb
transport: <asyncio.sslproto._SSLProtocolTransport object at 0x102790170>
Traceback (most recent call last):
  File "/Users/divyanshgolyan/.codex/worktrees/4511/onepage/research/transport-memory/asymmetric_server.py", line 39, in accept
    data=await reader.read(min(left,16384));assert data;hasher.update(data);left-=len(data);request_bytes+=len(data)
                                                   ^^^^
AssertionError
Unhandled exception in client_connected_cb
transport: <asyncio.sslproto._SSLProtocolTransport object at 0x1027900e0>
Traceback (most recent call last):
  File "/Users/divyanshgolyan/.codex/worktrees/4511/onepage/research/transport-memory/asymmetric_server.py", line 39, in accept
    data=await reader.read(min(left,16384));assert data;hasher.update(data);left-=len(data);request_bytes+=len(data)
                                                   ^^^^
AssertionError
Unhandled exception in client_connected_cb
transport: <asyncio.sslproto._SSLProtocolTransport object at 0x102790050>
Traceback (most recent call last):
  File "/Users/divyanshgolyan/.codex/worktrees/4511/onepage/research/transport-memory/asymmetric_server.py", line 39, in accept
    data=await reader.read(min(left,16384));assert data;hasher.update(data);left-=len(data);request_bytes+=len(data)
                                                   ^^^^
AssertionError
Unhandled exception in client_connected_cb
transport: <asyncio.sslproto._SSLProtocolTransport object at 0x1026e7f50>
Traceback (most recent call last):
  File "/Users/divyanshgolyan/.codex/worktrees/4511/onepage/research/transport-memory/asymmetric_server.py", line 39, in accept
    data=await reader.read(min(left,16384));assert data;hasher.update(data);left-=len(data);request_bytes+=len(data)
                                                   ^^^^
AssertionError
Unhandled exception in client_connected_cb
transport: <asyncio.sslproto._SSLProtocolTransport object at 0x1026e7ec0>
Traceback (most recent call last):
  File "/Users/divyanshgolyan/.codex/worktrees/4511/onepage/research/transport-memory/asymmetric_server.py", line 39, in accept
    data=await reader.read(min(left,16384));assert data;hasher.update(data);left-=len(data);request_bytes+=len(data)
                                                   ^^^^
AssertionError
Unhandled exception in client_connected_cb
transport: <asyncio.sslproto._SSLProtocolTransport object at 0x1026e7e30>
Traceback (most recent call last):
  File "/Users/divyanshgolyan/.codex/worktrees/4511/onepage/research/transport-memory/asymmetric_server.py", line 39, in accept
    data=await reader.read(min(left,16384));assert data;hasher.update(data);left-=len(data);request_bytes+=len(data)
                                                   ^^^^
AssertionError
Unhandled exception in client_connected_cb
transport: <asyncio.sslproto._SSLProtocolTransport object at 0x1026e7da0>
Traceback (most recent call last):
  File "/Users/divyanshgolyan/.codex/worktrees/4511/onepage/research/transport-memory/asymmetric_server.py", line 39, in accept
    data=await reader.read(min(left,16384));assert data;hasher.update(data);left-=len(data);request_bytes+=len(data)
                                                   ^^^^
AssertionError
Unhandled exception in client_connected_cb
transport: <asyncio.sslproto._SSLProtocolTransport object at 0x1026e7d10>
Traceback (most recent call last):
  File "/Users/divyanshgolyan/.codex/worktrees/4511/onepage/research/transport-memory/asymmetric_server.py", line 39, in accept
    data=await reader.read(min(left,16384));assert data;hasher.update(data);left-=len(data);request_bytes+=len(data)
                                                   ^^^^
AssertionError
Unhandled exception in client_connected_cb
transport: <asyncio.sslproto._SSLProtocolTransport object at 0x1026e7c80>
Traceback (most recent call last):
  File "/Users/divyanshgolyan/.codex/worktrees/4511/onepage/research/transport-memory/asymmetric_server.py", line 39, in accept
    data=await reader.read(min(left,16384));assert data;hasher.update(data);left-=len(data);request_bytes+=len(data)
                                                   ^^^^
AssertionError
Unhandled exception in client_connected_cb
transport: <asyncio.sslproto._SSLProtocolTransport object at 0x1026e7bf0>
Traceback (most recent call last):
  File "/Users/divyanshgolyan/.codex/worktrees/4511/onepage/research/transport-memory/asymmetric_server.py", line 39, in accept
    data=await reader.read(min(left,16384));assert data;hasher.update(data);left-=len(data);request_bytes+=len(data)
                                                   ^^^^
AssertionError
Unhandled exception in client_connected_cb
transport: <asyncio.sslproto._SSLProtocolTransport object at 0x1026e7b60>
Traceback (most recent call last):
  File "/Users/divyanshgolyan/.codex/worktrees/4511/onepage/research/transport-memory/asymmetric_server.py", line 39, in accept
    data=await reader.read(min(left,16384));assert data;hasher.update(data);left-=len(data);request_bytes+=len(data)
                                                   ^^^^
AssertionError
Unhandled exception in client_connected_cb
transport: <asyncio.sslproto._SSLProtocolTransport object at 0x1026e7ad0>
Traceback (most recent call last):
  File "/Users/divyanshgolyan/.codex/worktrees/4511/onepage/research/transport-memory/asymmetric_server.py", line 39, in accept
    data=await reader.read(min(left,16384));assert data;hasher.update(data);left-=len(data);request_bytes+=len(data)
                                                   ^^^^
AssertionError
Unhandled exception in client_connected_cb
transport: <asyncio.sslproto._SSLProtocolTransport object at 0x1026e7a40>
Traceback (most recent call last):
  File "/Users/divyanshgolyan/.codex/worktrees/4511/onepage/research/transport-memory/asymmetric_server.py", line 39, in accept
    data=await reader.read(min(left,16384));assert data;hasher.update(data);left-=len(data);request_bytes+=len(data)
                                                   ^^^^
AssertionError
Unhandled exception in client_connected_cb
transport: <asyncio.sslproto._SSLProtocolTransport object at 0x1026e79b0>
Traceback (most recent call last):
  File "/Users/divyanshgolyan/.codex/worktrees/4511/onepage/research/transport-memory/asymmetric_server.py", line 39, in accept
    data=await reader.read(min(left,16384));assert data;hasher.update(data);left-=len(data);request_bytes+=len(data)
                                                   ^^^^
AssertionError
Unhandled exception in client_connected_cb
transport: <asyncio.sslproto._SSLProtocolTransport object at 0x1026e7920>
Traceback (most recent call last):
  File "/Users/divyanshgolyan/.codex/worktrees/4511/onepage/research/transport-memory/asymmetric_server.py", line 39, in accept
    data=await reader.read(min(left,16384));assert data;hasher.update(data);left-=len(data);request_bytes+=len(data)
                                                   ^^^^
AssertionError
Unhandled exception in client_connected_cb
transport: <asyncio.sslproto._SSLProtocolTransport object at 0x1026e7890>
Traceback (most recent call last):
  File "/Users/divyanshgolyan/.codex/worktrees/4511/onepage/research/transport-memory/asymmetric_server.py", line 39, in accept
    data=await reader.read(min(left,16384));assert data;hasher.update(data);left-=len(data);request_bytes+=len(data)
                                                   ^^^^
AssertionError
Unhandled exception in client_connected_cb
transport: <asyncio.sslproto._SSLProtocolTransport object at 0x1026e7800>
Traceback (most recent call last):
  File "/Users/divyanshgolyan/.codex/worktrees/4511/onepage/research/transport-memory/asymmetric_server.py", line 39, in accept
    data=await reader.read(min(left,16384));assert data;hasher.update(data);left-=len(data);request_bytes+=len(data)
                                                   ^^^^
AssertionError
Unhandled exception in client_connected_cb
transport: <asyncio.sslproto._SSLProtocolTransport object at 0x1026e7770>
Traceback (most recent call last):
  File "/Users/divyanshgolyan/.codex/worktrees/4511/onepage/research/transport-memory/asymmetric_server.py", line 39, in accept
    data=await reader.read(min(left,16384));assert data;hasher.update(data);left-=len(data);request_bytes+=len(data)
                                                   ^^^^
AssertionError
Unhandled exception in client_connected_cb
transport: <asyncio.sslproto._SSLProtocolTransport object at 0x1026e76e0>
Traceback (most recent call last):
  File "/Users/divyanshgolyan/.codex/worktrees/4511/onepage/research/transport-memory/asymmetric_server.py", line 39, in accept
    data=await reader.read(min(left,16384));assert data;hasher.update(data);left-=len(data);request_bytes+=len(data)
                                                   ^^^^
AssertionError
Unhandled exception in client_connected_cb
transport: <asyncio.sslproto._SSLProtocolTransport object at 0x1026e7650>
Traceback (most recent call last):
  File "/Users/divyanshgolyan/.codex/worktrees/4511/onepage/research/transport-memory/asymmetric_server.py", line 39, in accept
    data=await reader.read(min(left,16384));assert data;hasher.update(data);left-=len(data);request_bytes+=len(data)
                                                   ^^^^
AssertionError
Unhandled exception in client_connected_cb
transport: <asyncio.sslproto._SSLProtocolTransport object at 0x1026e75c0>
Traceback (most recent call last):
  File "/Users/divyanshgolyan/.codex/worktrees/4511/onepage/research/transport-memory/asymmetric_server.py", line 39, in accept
    data=await reader.read(min(left,16384));assert data;hasher.update(data);left-=len(data);request_bytes+=len(data)
                                                   ^^^^
AssertionError
Unhandled exception in client_connected_cb
transport: <asyncio.sslproto._SSLProtocolTransport object at 0x1026e7530>
Traceback (most recent call last):
  File "/Users/divyanshgolyan/.codex/worktrees/4511/onepage/research/transport-memory/asymmetric_server.py", line 39, in accept
    data=await reader.read(min(left,16384));assert data;hasher.update(data);left-=len(data);request_bytes+=len(data)
                                                   ^^^^
AssertionError
Unhandled exception in client_connected_cb
transport: <asyncio.sslproto._SSLProtocolTransport object at 0x1026e74a0>
Traceback (most recent call last):
  File "/Users/divyanshgolyan/.codex/worktrees/4511/onepage/research/transport-memory/asymmetric_server.py", line 39, in accept
    data=await reader.read(min(left,16384));assert data;hasher.update(data);left-=len(data);request_bytes+=len(data)
                                                   ^^^^
AssertionError
Unhandled exception in client_connected_cb
transport: <asyncio.sslproto._SSLProtocolTransport object at 0x1026e7410>
Traceback (most recent call last):
  File "/Users/divyanshgolyan/.codex/worktrees/4511/onepage/research/transport-memory/asymmetric_server.py", line 39, in accept
    data=await reader.read(min(left,16384));assert data;hasher.update(data);left-=len(data);request_bytes+=len(data)
                                                   ^^^^
AssertionError
Unhandled exception in client_connected_cb
transport: <asyncio.sslproto._SSLProtocolTransport object at 0x1026e7380>
Traceback (most recent call last):
  File "/Users/divyanshgolyan/.codex/worktrees/4511/onepage/research/transport-memory/asymmetric_server.py", line 39, in accept
    data=await reader.read(min(left,16384));assert data;hasher.update(data);left-=len(data);request_bytes+=len(data)
                                                   ^^^^
AssertionError
Unhandled exception in client_connected_cb
transport: <asyncio.sslproto._SSLProtocolTransport object at 0x1026e72f0>
Traceback (most recent call last):
  File "/Users/divyanshgolyan/.codex/worktrees/4511/onepage/research/transport-memory/asymmetric_server.py", line 39, in accept
    data=await reader.read(min(left,16384));assert data;hasher.update(data);left-=len(data);request_bytes+=len(data)
                                                   ^^^^
AssertionError
Unhandled exception in client_connected_cb
transport: <asyncio.sslproto._SSLProtocolTransport object at 0x1026e7260>
Traceback (most recent call last):
  File "/Users/divyanshgolyan/.codex/worktrees/4511/onepage/research/transport-memory/asymmetric_server.py", line 39, in accept
    data=await reader.read(min(left,16384));assert data;hasher.update(data);left-=len(data);request_bytes+=len(data)
                                                   ^^^^
AssertionError
Unhandled exception in client_connected_cb
transport: <asyncio.sslproto._SSLProtocolTransport object at 0x1026e71d0>
Traceback (most recent call last):
  File "/Users/divyanshgolyan/.codex/worktrees/4511/onepage/research/transport-memory/asymmetric_server.py", line 39, in accept
    data=await reader.read(min(left,16384));assert data;hasher.update(data);left-=len(data);request_bytes+=len(data)
                                                   ^^^^
AssertionError
Unhandled exception in client_connected_cb
transport: <asyncio.sslproto._SSLProtocolTransport object at 0x1026e7140>
Traceback (most recent call last):
  File "/Users/divyanshgolyan/.codex/worktrees/4511/onepage/research/transport-memory/asymmetric_server.py", line 39, in accept
    data=await reader.read(min(left,16384));assert data;hasher.update(data);left-=len(data);request_bytes+=len(data)
                                                   ^^^^
AssertionError
Unhandled exception in client_connected_cb
transport: <asyncio.sslproto._SSLProtocolTransport object at 0x1026e70b0>
Traceback (most recent call last):
  File "/Users/divyanshgolyan/.codex/worktrees/4511/onepage/research/transport-memory/asymmetric_server.py", line 39, in accept
    data=await reader.read(min(left,16384));assert data;hasher.update(data);left-=len(data);request_bytes+=len(data)
                                                   ^^^^
AssertionError
Unhandled exception in client_connected_cb
transport: <asyncio.sslproto._SSLProtocolTransport object at 0x1026e7020>
Traceback (most recent call last):
  File "/Users/divyanshgolyan/.codex/worktrees/4511/onepage/research/transport-memory/asymmetric_server.py", line 39, in accept
    data=await reader.read(min(left,16384));assert data;hasher.update(data);left-=len(data);request_bytes+=len(data)
                                                   ^^^^
AssertionError
Unhandled exception in client_connected_cb
transport: <asyncio.sslproto._SSLProtocolTransport object at 0x1026e6f90>
Traceback (most recent call last):
  File "/Users/divyanshgolyan/.codex/worktrees/4511/onepage/research/transport-memory/asymmetric_server.py", line 39, in accept
    data=await reader.read(min(left,16384));assert data;hasher.update(data);left-=len(data);request_bytes+=len(data)
                                                   ^^^^
AssertionError
Unhandled exception in client_connected_cb
transport: <asyncio.sslproto._SSLProtocolTransport object at 0x1026e6f00>
Traceback (most recent call last):
  File "/Users/divyanshgolyan/.codex/worktrees/4511/onepage/research/transport-memory/asymmetric_server.py", line 39, in accept
    data=await reader.read(min(left,16384));assert data;hasher.update(data);left-=len(data);request_bytes+=len(data)
                                                   ^^^^
AssertionError
Unhandled exception in client_connected_cb
transport: <asyncio.sslproto._SSLProtocolTransport object at 0x1026e6e70>
Traceback (most recent call last):
  File "/Users/divyanshgolyan/.codex/worktrees/4511/onepage/research/transport-memory/asymmetric_server.py", line 39, in accept
    data=await reader.read(min(left,16384));assert data;hasher.update(data);left-=len(data);request_bytes+=len(data)
                                                   ^^^^
AssertionError
Unhandled exception in client_connected_cb
transport: <asyncio.sslproto._SSLProtocolTransport object at 0x1026e6de0>
Traceback (most recent call last):
  File "/Users/divyanshgolyan/.codex/worktrees/4511/onepage/research/transport-memory/asymmetric_server.py", line 39, in accept
    data=await reader.read(min(left,16384));assert data;hasher.update(data);left-=len(data);request_bytes+=len(data)
                                                   ^^^^
AssertionError
Unhandled exception in client_connected_cb
transport: <asyncio.sslproto._SSLProtocolTransport object at 0x1026e6d50>
Traceback (most recent call last):
  File "/Users/divyanshgolyan/.codex/worktrees/4511/onepage/research/transport-memory/asymmetric_server.py", line 39, in accept
    data=await reader.read(min(left,16384));assert data;hasher.update(data);left-=len(data);request_bytes+=len(data)
                                                   ^^^^
AssertionError
Unhandled exception in client_connected_cb
transport: <asyncio.sslproto._SSLProtocolTransport object at 0x1026e6cc0>
Traceback (most recent call last):
  File "/Users/divyanshgolyan/.codex/worktrees/4511/onepage/research/transport-memory/asymmetric_server.py", line 39, in accept
    data=await reader.read(min(left,16384));assert data;hasher.update(data);left-=len(data);request_bytes+=len(data)
                                                   ^^^^
AssertionError
Unhandled exception in client_connected_cb
transport: <asyncio.sslproto._SSLProtocolTransport object at 0x1026e6c30>
Traceback (most recent call last):
  File "/Users/divyanshgolyan/.codex/worktrees/4511/onepage/research/transport-memory/asymmetric_server.py", line 39, in accept
    data=await reader.read(min(left,16384));assert data;hasher.update(data);left-=len(data);request_bytes+=len(data)
                                                   ^^^^
AssertionError
Unhandled exception in client_connected_cb
transport: <asyncio.sslproto._SSLProtocolTransport object at 0x1026e6ba0>
Traceback (most recent call last):
  File "/Users/divyanshgolyan/.codex/worktrees/4511/onepage/research/transport-memory/asymmetric_server.py", line 39, in accept
    data=await reader.read(min(left,16384));assert data;hasher.update(data);left-=len(data);request_bytes+=len(data)
                                                   ^^^^
AssertionError
Unhandled exception in client_connected_cb
transport: <asyncio.sslproto._SSLProtocolTransport object at 0x1026e6b10>
Traceback (most recent call last):
  File "/Users/divyanshgolyan/.codex/worktrees/4511/onepage/research/transport-memory/asymmetric_server.py", line 39, in accept
    data=await reader.read(min(left,16384));assert data;hasher.update(data);left-=len(data);request_bytes+=len(data)
                                                   ^^^^
AssertionError
Unhandled exception in client_connected_cb
transport: <asyncio.sslproto._SSLProtocolTransport object at 0x1026e6a80>
Traceback (most recent call last):
  File "/Users/divyanshgolyan/.codex/worktrees/4511/onepage/research/transport-memory/asymmetric_server.py", line 39, in accept
    data=await reader.read(min(left,16384));assert data;hasher.update(data);left-=len(data);request_bytes+=len(data)
                                                   ^^^^
AssertionError
Unhandled exception in client_connected_cb
transport: <asyncio.sslproto._SSLProtocolTransport object at 0x1026e69f0>
Traceback (most recent call last):
  File "/Users/divyanshgolyan/.codex/worktrees/4511/onepage/research/transport-memory/asymmetric_server.py", line 39, in accept
    data=await reader.read(min(left,16384));assert data;hasher.update(data);left-=len(data);request_bytes+=len(data)
                                                   ^^^^
AssertionError
Unhandled exception in client_connected_cb
transport: <asyncio.sslproto._SSLProtocolTransport object at 0x1026e6960>
Traceback (most recent call last):
  File "/Users/divyanshgolyan/.codex/worktrees/4511/onepage/research/transport-memory/asymmetric_server.py", line 39, in accept
    data=await reader.read(min(left,16384));assert data;hasher.update(data);left-=len(data);request_bytes+=len(data)
                                                   ^^^^
AssertionError
Unhandled exception in client_connected_cb
transport: <asyncio.sslproto._SSLProtocolTransport object at 0x1026e68d0>
Traceback (most recent call last):
  File "/Users/divyanshgolyan/.codex/worktrees/4511/onepage/research/transport-memory/asymmetric_server.py", line 39, in accept
    data=await reader.read(min(left,16384));assert data;hasher.update(data);left-=len(data);request_bytes+=len(data)
                                                   ^^^^
AssertionError
Unhandled exception in client_connected_cb
transport: <asyncio.sslproto._SSLProtocolTransport object at 0x1026e6840>
Traceback (most recent call last):
  File "/Users/divyanshgolyan/.codex/worktrees/4511/onepage/research/transport-memory/asymmetric_server.py", line 39, in accept
    data=await reader.read(min(left,16384));assert data;hasher.update(data);left-=len(data);request_bytes+=len(data)
                                                   ^^^^
AssertionError
Unhandled exception in client_connected_cb
transport: <asyncio.sslproto._SSLProtocolTransport object at 0x1026e67b0>
Traceback (most recent call last):
  File "/Users/divyanshgolyan/.codex/worktrees/4511/onepage/research/transport-memory/asymmetric_server.py", line 39, in accept
    data=await reader.read(min(left,16384));assert data;hasher.update(data);left-=len(data);request_bytes+=len(data)
                                                   ^^^^
AssertionError
Unhandled exception in client_connected_cb
transport: <asyncio.sslproto._SSLProtocolTransport object at 0x1026e6720>
Traceback (most recent call last):
  File "/Users/divyanshgolyan/.codex/worktrees/4511/onepage/research/transport-memory/asymmetric_server.py", line 39, in accept
    data=await reader.read(min(left,16384));assert data;hasher.update(data);left-=len(data);request_bytes+=len(data)
                                                   ^^^^
AssertionError
Unhandled exception in client_connected_cb
transport: <asyncio.sslproto._SSLProtocolTransport object at 0x1026e6690>
Traceback (most recent call last):
  File "/Users/divyanshgolyan/.codex/worktrees/4511/onepage/research/transport-memory/asymmetric_server.py", line 39, in accept
    data=await reader.read(min(left,16384));assert data;hasher.update(data);left-=len(data);request_bytes+=len(data)
                                                   ^^^^
AssertionError
Unhandled exception in client_connected_cb
transport: <asyncio.sslproto._SSLProtocolTransport object at 0x1026e6600>
Traceback (most recent call last):
  File "/Users/divyanshgolyan/.codex/worktrees/4511/onepage/research/transport-memory/asymmetric_server.py", line 39, in accept
    data=await reader.read(min(left,16384));assert data;hasher.update(data);left-=len(data);request_bytes+=len(data)
                                                   ^^^^
AssertionError
Unhandled exception in client_connected_cb
transport: <asyncio.sslproto._SSLProtocolTransport object at 0x1026e6570>
Traceback (most recent call last):
  File "/Users/divyanshgolyan/.codex/worktrees/4511/onepage/research/transport-memory/asymmetric_server.py", line 39, in accept
    data=await reader.read(min(left,16384));assert data;hasher.update(data);left-=len(data);request_bytes+=len(data)
                                                   ^^^^
AssertionError
Unhandled exception in client_connected_cb
transport: <asyncio.sslproto._SSLProtocolTransport object at 0x1026e64e0>
Traceback (most recent call last):
  File "/Users/divyanshgolyan/.codex/worktrees/4511/onepage/research/transport-memory/asymmetric_server.py", line 39, in accept
    data=await reader.read(min(left,16384));assert data;hasher.update(data);left-=len(data);request_bytes+=len(data)
                                                   ^^^^
AssertionError
Unhandled exception in client_connected_cb
transport: <asyncio.sslproto._SSLProtocolTransport object at 0x1026e6450>
Traceback (most recent call last):
  File "/Users/divyanshgolyan/.codex/worktrees/4511/onepage/research/transport-memory/asymmetric_server.py", line 39, in accept
    data=await reader.read(min(left,16384));assert data;hasher.update(data);left-=len(data);request_bytes+=len(data)
                                                   ^^^^
AssertionError
Unhandled exception in client_connected_cb
transport: <asyncio.sslproto._SSLProtocolTransport object at 0x1026e63c0>
Traceback (most recent call last):
  File "/Users/divyanshgolyan/.codex/worktrees/4511/onepage/research/transport-memory/asymmetric_server.py", line 39, in accept
    data=await reader.read(min(left,16384));assert data;hasher.update(data);left-=len(data);request_bytes+=len(data)
                                                   ^^^^
AssertionError
Unhandled exception in client_connected_cb
transport: <asyncio.sslproto._SSLProtocolTransport object at 0x1026e6330>
Traceback (most recent call last):
  File "/Users/divyanshgolyan/.codex/worktrees/4511/onepage/research/transport-memory/asymmetric_server.py", line 39, in accept
    data=await reader.read(min(left,16384));assert data;hasher.update(data);left-=len(data);request_bytes+=len(data)
                                                   ^^^^
AssertionError
Unhandled exception in client_connected_cb
transport: <asyncio.sslproto._SSLProtocolTransport object at 0x1026e62a0>
Traceback (most recent call last):
  File "/Users/divyanshgolyan/.codex/worktrees/4511/onepage/research/transport-memory/asymmetric_server.py", line 39, in accept
    data=await reader.read(min(left,16384));assert data;hasher.update(data);left-=len(data);request_bytes+=len(data)
                                                   ^^^^
AssertionError
Unhandled exception in client_connected_cb
transport: <asyncio.sslproto._SSLProtocolTransport object at 0x1026e6210>
Traceback (most recent call last):
  File "/Users/divyanshgolyan/.codex/worktrees/4511/onepage/research/transport-memory/asymmetric_server.py", line 39, in accept
    data=await reader.read(min(left,16384));assert data;hasher.update(data);left-=len(data);request_bytes+=len(data)
                                                   ^^^^
AssertionError
Unhandled exception in client_connected_cb
transport: <asyncio.sslproto._SSLProtocolTransport object at 0x1026e6180>
Traceback (most recent call last):
  File "/Users/divyanshgolyan/.codex/worktrees/4511/onepage/research/transport-memory/asymmetric_server.py", line 39, in accept
    data=await reader.read(min(left,16384));assert data;hasher.update(data);left-=len(data);request_bytes+=len(data)
                                                   ^^^^
AssertionError
Unhandled exception in client_connected_cb
transport: <asyncio.sslproto._SSLProtocolTransport object at 0x1026e60f0>
Traceback (most recent call last):
  File "/Users/divyanshgolyan/.codex/worktrees/4511/onepage/research/transport-memory/asymmetric_server.py", line 39, in accept
    data=await reader.read(min(left,16384));assert data;hasher.update(data);left-=len(data);request_bytes+=len(data)
                                                   ^^^^
AssertionError
Unhandled exception in client_connected_cb
transport: <asyncio.sslproto._SSLProtocolTransport object at 0x1026e6060>
Traceback (most recent call last):
  File "/Users/divyanshgolyan/.codex/worktrees/4511/onepage/research/transport-memory/asymmetric_server.py", line 39, in accept
    data=await reader.read(min(left,16384));assert data;hasher.update(data);left-=len(data);request_bytes+=len(data)
                                                   ^^^^
AssertionError
Unhandled exception in client_connected_cb
transport: <asyncio.sslproto._SSLProtocolTransport object at 0x1026e5fd0>
Traceback (most recent call last):
  File "/Users/divyanshgolyan/.codex/worktrees/4511/onepage/research/transport-memory/asymmetric_server.py", line 39, in accept
    data=await reader.read(min(left,16384));assert data;hasher.update(data);left-=len(data);request_bytes+=len(data)
                                                   ^^^^
AssertionError
Unhandled exception in client_connected_cb
transport: <asyncio.sslproto._SSLProtocolTransport object at 0x1026e5f40>
Traceback (most recent call last):
  File "/Users/divyanshgolyan/.codex/worktrees/4511/onepage/research/transport-memory/asymmetric_server.py", line 39, in accept
    data=await reader.read(min(left,16384));assert data;hasher.update(data);left-=len(data);request_bytes+=len(data)
                                                   ^^^^
AssertionError
Unhandled exception in client_connected_cb
transport: <asyncio.sslproto._SSLProtocolTransport object at 0x1026e5eb0>
Traceback (most recent call last):
  File "/Users/divyanshgolyan/.codex/worktrees/4511/onepage/research/transport-memory/asymmetric_server.py", line 39, in accept
    data=await reader.read(min(left,16384));assert data;hasher.update(data);left-=len(data);request_bytes+=len(data)
                                                   ^^^^
AssertionError
Unhandled exception in client_connected_cb
transport: <asyncio.sslproto._SSLProtocolTransport object at 0x1026e5e20>
Traceback (most recent call last):
  File "/Users/divyanshgolyan/.codex/worktrees/4511/onepage/research/transport-memory/asymmetric_server.py", line 39, in accept
    data=await reader.read(min(left,16384));assert data;hasher.update(data);left-=len(data);request_bytes+=len(data)
                                                   ^^^^
AssertionError
Unhandled exception in client_connected_cb
transport: <asyncio.sslproto._SSLProtocolTransport object at 0x1026e5d90>
Traceback (most recent call last):
  File "/Users/divyanshgolyan/.codex/worktrees/4511/onepage/research/transport-memory/asymmetric_server.py", line 39, in accept
    data=await reader.read(min(left,16384));assert data;hasher.update(data);left-=len(data);request_bytes+=len(data)
                                                   ^^^^
AssertionError
Unhandled exception in client_connected_cb
transport: <asyncio.sslproto._SSLProtocolTransport object at 0x1026e5d00>
Traceback (most recent call last):
  File "/Users/divyanshgolyan/.codex/worktrees/4511/onepage/research/transport-memory/asymmetric_server.py", line 39, in accept
    data=await reader.read(min(left,16384));assert data;hasher.update(data);left-=len(data);request_bytes+=len(data)
                                                   ^^^^
AssertionError
Unhandled exception in client_connected_cb
transport: <asyncio.sslproto._SSLProtocolTransport object at 0x1026e5c70>
Traceback (most recent call last):
  File "/Users/divyanshgolyan/.codex/worktrees/4511/onepage/research/transport-memory/asymmetric_server.py", line 39, in accept
    data=await reader.read(min(left,16384));assert data;hasher.update(data);left-=len(data);request_bytes+=len(data)
                                                   ^^^^
AssertionError
Unhandled exception in client_connected_cb
transport: <asyncio.sslproto._SSLProtocolTransport object at 0x1026e5be0>
Traceback (most recent call last):
  File "/Users/divyanshgolyan/.codex/worktrees/4511/onepage/research/transport-memory/asymmetric_server.py", line 39, in accept
    data=await reader.read(min(left,16384));assert data;hasher.update(data);left-=len(data);request_bytes+=len(data)
                                                   ^^^^
AssertionError
Unhandled exception in client_connected_cb
transport: <asyncio.sslproto._SSLProtocolTransport object at 0x1026e5b50>
Traceback (most recent call last):
  File "/Users/divyanshgolyan/.codex/worktrees/4511/onepage/research/transport-memory/asymmetric_server.py", line 39, in accept
    data=await reader.read(min(left,16384));assert data;hasher.update(data);left-=len(data);request_bytes+=len(data)
                                                   ^^^^
AssertionError
Unhandled exception in client_connected_cb
transport: <asyncio.sslproto._SSLProtocolTransport object at 0x1026e5ac0>
Traceback (most recent call last):
  File "/Users/divyanshgolyan/.codex/worktrees/4511/onepage/research/transport-memory/asymmetric_server.py", line 39, in accept
    data=await reader.read(min(left,16384));assert data;hasher.update(data);left-=len(data);request_bytes+=len(data)
                                                   ^^^^
AssertionError
Unhandled exception in client_connected_cb
transport: <asyncio.sslproto._SSLProtocolTransport object at 0x1026e5a30>
Traceback (most recent call last):
  File "/Users/divyanshgolyan/.codex/worktrees/4511/onepage/research/transport-memory/asymmetric_server.py", line 39, in accept
    data=await reader.read(min(left,16384));assert data;hasher.update(data);left-=len(data);request_bytes+=len(data)
                                                   ^^^^
AssertionError
Unhandled exception in client_connected_cb
transport: <asyncio.sslproto._SSLProtocolTransport object at 0x1026e59a0>
Traceback (most recent call last):
  File "/Users/divyanshgolyan/.codex/worktrees/4511/onepage/research/transport-memory/asymmetric_server.py", line 39, in accept
    data=await reader.read(min(left,16384));assert data;hasher.update(data);left-=len(data);request_bytes+=len(data)
                                                   ^^^^
AssertionError
Unhandled exception in client_connected_cb
transport: <asyncio.sslproto._SSLProtocolTransport object at 0x1026e5910>
Traceback (most recent call last):
  File "/Users/divyanshgolyan/.codex/worktrees/4511/onepage/research/transport-memory/asymmetric_server.py", line 39, in accept
    data=await reader.read(min(left,16384));assert data;hasher.update(data);left-=len(data);request_bytes+=len(data)
                                                   ^^^^
AssertionError
Unhandled exception in client_connected_cb
transport: <asyncio.sslproto._SSLProtocolTransport object at 0x1026e5880>
Traceback (most recent call last):
  File "/Users/divyanshgolyan/.codex/worktrees/4511/onepage/research/transport-memory/asymmetric_server.py", line 39, in accept
    data=await reader.read(min(left,16384));assert data;hasher.update(data);left-=len(data);request_bytes+=len(data)
                                                   ^^^^
AssertionError
Unhandled exception in client_connected_cb
transport: <asyncio.sslproto._SSLProtocolTransport object at 0x1026e57f0>
Traceback (most recent call last):
  File "/Users/divyanshgolyan/.codex/worktrees/4511/onepage/research/transport-memory/asymmetric_server.py", line 39, in accept
    data=await reader.read(min(left,16384));assert data;hasher.update(data);left-=len(data);request_bytes+=len(data)
                                                   ^^^^
AssertionError
Unhandled exception in client_connected_cb
transport: <asyncio.sslproto._SSLProtocolTransport object at 0x1026e5760>
Traceback (most recent call last):
  File "/Users/divyanshgolyan/.codex/worktrees/4511/onepage/research/transport-memory/asymmetric_server.py", line 39, in accept
    data=await reader.read(min(left,16384));assert data;hasher.update(data);left-=len(data);request_bytes+=len(data)
                                                   ^^^^
AssertionError
Unhandled exception in client_connected_cb
transport: <asyncio.sslproto._SSLProtocolTransport object at 0x1026e56d0>
Traceback (most recent call last):
  File "/Users/divyanshgolyan/.codex/worktrees/4511/onepage/research/transport-memory/asymmetric_server.py", line 39, in accept
    data=await reader.read(min(left,16384));assert data;hasher.update(data);left-=len(data);request_bytes+=len(data)
                                                   ^^^^
AssertionError
Unhandled exception in client_connected_cb
transport: <asyncio.sslproto._SSLProtocolTransport object at 0x1026e5640>
Traceback (most recent call last):
  File "/Users/divyanshgolyan/.codex/worktrees/4511/onepage/research/transport-memory/asymmetric_server.py", line 39, in accept
    data=await reader.read(min(left,16384));assert data;hasher.update(data);left-=len(data);request_bytes+=len(data)
                                                   ^^^^
AssertionError
Unhandled exception in client_connected_cb
transport: <asyncio.sslproto._SSLProtocolTransport object at 0x1026e55b0>
Traceback (most recent call last):
  File "/Users/divyanshgolyan/.codex/worktrees/4511/onepage/research/transport-memory/asymmetric_server.py", line 39, in accept
    data=await reader.read(min(left,16384));assert data;hasher.update(data);left-=len(data);request_bytes+=len(data)
                                                   ^^^^
AssertionError
Unhandled exception in client_connected_cb
transport: <asyncio.sslproto._SSLProtocolTransport object at 0x1026e5520>
Traceback (most recent call last):
  File "/Users/divyanshgolyan/.codex/worktrees/4511/onepage/research/transport-memory/asymmetric_server.py", line 39, in accept
    data=await reader.read(min(left,16384));assert data;hasher.update(data);left-=len(data);request_bytes+=len(data)
                                                   ^^^^
AssertionError
Unhandled exception in client_connected_cb
transport: <asyncio.sslproto._SSLProtocolTransport object at 0x1026e5490>
Traceback (most recent call last):
  File "/Users/divyanshgolyan/.codex/worktrees/4511/onepage/research/transport-memory/asymmetric_server.py", line 39, in accept
    data=await reader.read(min(left,16384));assert data;hasher.update(data);left-=len(data);request_bytes+=len(data)
                                                   ^^^^
AssertionError
Unhandled exception in client_connected_cb
transport: <asyncio.sslproto._SSLProtocolTransport object at 0x1026e5400>
Traceback (most recent call last):
  File "/Users/divyanshgolyan/.codex/worktrees/4511/onepage/research/transport-memory/asymmetric_server.py", line 39, in accept
    data=await reader.read(min(left,16384));assert data;hasher.update(data);left-=len(data);request_bytes+=len(data)
                                                   ^^^^
AssertionError
Unhandled exception in client_connected_cb
transport: <asyncio.sslproto._SSLProtocolTransport object at 0x1026e5370>
Traceback (most recent call last):
  File "/Users/divyanshgolyan/.codex/worktrees/4511/onepage/research/transport-memory/asymmetric_server.py", line 39, in accept
    data=await reader.read(min(left,16384));assert data;hasher.update(data);left-=len(data);request_bytes+=len(data)
                                                   ^^^^
AssertionError
Unhandled exception in client_connected_cb
transport: <asyncio.sslproto._SSLProtocolTransport object at 0x1026e52e0>
Traceback (most recent call last):
  File "/Users/divyanshgolyan/.codex/worktrees/4511/onepage/research/transport-memory/asymmetric_server.py", line 39, in accept
    data=await reader.read(min(left,16384));assert data;hasher.update(data);left-=len(data);request_bytes+=len(data)
                                                   ^^^^
AssertionError
Unhandled exception in client_connected_cb
transport: <asyncio.sslproto._SSLProtocolTransport object at 0x1026e5250>
Traceback (most recent call last):
  File "/Users/divyanshgolyan/.codex/worktrees/4511/onepage/research/transport-memory/asymmetric_server.py", line 39, in accept
    data=await reader.read(min(left,16384));assert data;hasher.update(data);left-=len(data);request_bytes+=len(data)
                                                   ^^^^
AssertionError
Unhandled exception in client_connected_cb
transport: <asyncio.sslproto._SSLProtocolTransport object at 0x1026e51c0>
Traceback (most recent call last):
  File "/Users/divyanshgolyan/.codex/worktrees/4511/onepage/research/transport-memory/asymmetric_server.py", line 39, in accept
    data=await reader.read(min(left,16384));assert data;hasher.update(data);left-=len(data);request_bytes+=len(data)
                                                   ^^^^
AssertionError
Unhandled exception in client_connected_cb
transport: <asyncio.sslproto._SSLProtocolTransport object at 0x1026e5130>
Traceback (most recent call last):
  File "/Users/divyanshgolyan/.codex/worktrees/4511/onepage/research/transport-memory/asymmetric_server.py", line 39, in accept
    data=await reader.read(min(left,16384));assert data;hasher.update(data);left-=len(data);request_bytes+=len(data)
                                                   ^^^^
AssertionError
Unhandled exception in client_connected_cb
transport: <asyncio.sslproto._SSLProtocolTransport object at 0x1026e50a0>
Traceback (most recent call last):
  File "/Users/divyanshgolyan/.codex/worktrees/4511/onepage/research/transport-memory/asymmetric_server.py", line 39, in accept
    data=await reader.read(min(left,16384));assert data;hasher.update(data);left-=len(data);request_bytes+=len(data)
                                                   ^^^^
AssertionError
Unhandled exception in client_connected_cb
transport: <asyncio.sslproto._SSLProtocolTransport object at 0x1026e5010>
Traceback (most recent call last):
  File "/Users/divyanshgolyan/.codex/worktrees/4511/onepage/research/transport-memory/asymmetric_server.py", line 39, in accept
    data=await reader.read(min(left,16384));assert data;hasher.update(data);left-=len(data);request_bytes+=len(data)
                                                   ^^^^
AssertionError
Unhandled exception in client_connected_cb
transport: <asyncio.sslproto._SSLProtocolTransport object at 0x1026e4f80>
Traceback (most recent call last):
  File "/Users/divyanshgolyan/.codex/worktrees/4511/onepage/research/transport-memory/asymmetric_server.py", line 39, in accept
    data=await reader.read(min(left,16384));assert data;hasher.update(data);left-=len(data);request_bytes+=len(data)
                                                   ^^^^
AssertionError
Unhandled exception in client_connected_cb
transport: <asyncio.sslproto._SSLProtocolTransport object at 0x1026e4ef0>
Traceback (most recent call last):
  File "/Users/divyanshgolyan/.codex/worktrees/4511/onepage/research/transport-memory/asymmetric_server.py", line 39, in accept
    data=await reader.read(min(left,16384));assert data;hasher.update(data);left-=len(data);request_bytes+=len(data)
                                                   ^^^^
AssertionError
Unhandled exception in client_connected_cb
transport: <asyncio.sslproto._SSLProtocolTransport object at 0x1026e4e60>
Traceback (most recent call last):
  File "/Users/divyanshgolyan/.codex/worktrees/4511/onepage/research/transport-memory/asymmetric_server.py", line 39, in accept
    data=await reader.read(min(left,16384));assert data;hasher.update(data);left-=len(data);request_bytes+=len(data)
                                                   ^^^^
AssertionError
Unhandled exception in client_connected_cb
transport: <asyncio.sslproto._SSLProtocolTransport object at 0x1026e4dd0>
Traceback (most recent call last):
  File "/Users/divyanshgolyan/.codex/worktrees/4511/onepage/research/transport-memory/asymmetric_server.py", line 39, in accept
    data=await reader.read(min(left,16384));assert data;hasher.update(data);left-=len(data);request_bytes+=len(data)
                                                   ^^^^
AssertionError
Unhandled exception in client_connected_cb
transport: <asyncio.sslproto._SSLProtocolTransport object at 0x1026e4d40>
Traceback (most recent call last):
  File "/Users/divyanshgolyan/.codex/worktrees/4511/onepage/research/transport-memory/asymmetric_server.py", line 39, in accept
    data=await reader.read(min(left,16384));assert data;hasher.update(data);left-=len(data);request_bytes+=len(data)
                                                   ^^^^
AssertionError
Unhandled exception in client_connected_cb
transport: <asyncio.sslproto._SSLProtocolTransport object at 0x1026e4cb0>
Traceback (most recent call last):
  File "/Users/divyanshgolyan/.codex/worktrees/4511/onepage/research/transport-memory/asymmetric_server.py", line 39, in accept
    data=await reader.read(min(left,16384));assert data;hasher.update(data);left-=len(data);request_bytes+=len(data)
                                                   ^^^^
AssertionError
Unhandled exception in client_connected_cb
transport: <asyncio.sslproto._SSLProtocolTransport object at 0x1026e4c20>
Traceback (most recent call last):
  File "/Users/divyanshgolyan/.codex/worktrees/4511/onepage/research/transport-memory/asymmetric_server.py", line 39, in accept
    data=await reader.read(min(left,16384));assert data;hasher.update(data);left-=len(data);request_bytes+=len(data)
                                                   ^^^^
AssertionError
Unhandled exception in client_connected_cb
transport: <asyncio.sslproto._SSLProtocolTransport object at 0x1026e4b90>
Traceback (most recent call last):
  File "/Users/divyanshgolyan/.codex/worktrees/4511/onepage/research/transport-memory/asymmetric_server.py", line 39, in accept
    data=await reader.read(min(left,16384));assert data;hasher.update(data);left-=len(data);request_bytes+=len(data)
                                                   ^^^^
AssertionError
Unhandled exception in client_connected_cb
transport: <asyncio.sslproto._SSLProtocolTransport object at 0x1026e4b00>
Traceback (most recent call last):
  File "/Users/divyanshgolyan/.codex/worktrees/4511/onepage/research/transport-memory/asymmetric_server.py", line 39, in accept
    data=await reader.read(min(left,16384));assert data;hasher.update(data);left-=len(data);request_bytes+=len(data)
                                                   ^^^^
AssertionError
Unhandled exception in client_connected_cb
transport: <asyncio.sslproto._SSLProtocolTransport object at 0x1026e4a70>
Traceback (most recent call last):
  File "/Users/divyanshgolyan/.codex/worktrees/4511/onepage/research/transport-memory/asymmetric_server.py", line 39, in accept
    data=await reader.read(min(left,16384));assert data;hasher.update(data);left-=len(data);request_bytes+=len(data)
                                                   ^^^^
AssertionError
Unhandled exception in client_connected_cb
transport: <asyncio.sslproto._SSLProtocolTransport object at 0x1026e49e0>
Traceback (most recent call last):
  File "/Users/divyanshgolyan/.codex/worktrees/4511/onepage/research/transport-memory/asymmetric_server.py", line 39, in accept
    data=await reader.read(min(left,16384));assert data;hasher.update(data);left-=len(data);request_bytes+=len(data)
                                                   ^^^^
AssertionError
Unhandled exception in client_connected_cb
transport: <asyncio.sslproto._SSLProtocolTransport object at 0x1026e4950>
Traceback (most recent call last):
  File "/Users/divyanshgolyan/.codex/worktrees/4511/onepage/research/transport-memory/asymmetric_server.py", line 39, in accept
    data=await reader.read(min(left,16384));assert data;hasher.update(data);left-=len(data);request_bytes+=len(data)
                                                   ^^^^
AssertionError
Unhandled exception in client_connected_cb
transport: <asyncio.sslproto._SSLProtocolTransport object at 0x1026e48c0>
Traceback (most recent call last):
  File "/Users/divyanshgolyan/.codex/worktrees/4511/onepage/research/transport-memory/asymmetric_server.py", line 39, in accept
    data=await reader.read(min(left,16384));assert data;hasher.update(data);left-=len(data);request_bytes+=len(data)
                                                   ^^^^
AssertionError
Unhandled exception in client_connected_cb
transport: <asyncio.sslproto._SSLProtocolTransport object at 0x1026e4830>
Traceback (most recent call last):
  File "/Users/divyanshgolyan/.codex/worktrees/4511/onepage/research/transport-memory/asymmetric_server.py", line 39, in accept
    data=await reader.read(min(left,16384));assert data;hasher.update(data);left-=len(data);request_bytes+=len(data)
                                                   ^^^^
AssertionError
Unhandled exception in client_connected_cb
transport: <asyncio.sslproto._SSLProtocolTransport object at 0x1026e47a0>
Traceback (most recent call last):
  File "/Users/divyanshgolyan/.codex/worktrees/4511/onepage/research/transport-memory/asymmetric_server.py", line 39, in accept
    data=await reader.read(min(left,16384));assert data;hasher.update(data);left-=len(data);request_bytes+=len(data)
                                                   ^^^^
AssertionError
Unhandled exception in client_connected_cb
transport: <asyncio.sslproto._SSLProtocolTransport object at 0x1026e4710>
Traceback (most recent call last):
  File "/Users/divyanshgolyan/.codex/worktrees/4511/onepage/research/transport-memory/asymmetric_server.py", line 39, in accept
    data=await reader.read(min(left,16384));assert data;hasher.update(data);left-=len(data);request_bytes+=len(data)
                                                   ^^^^
AssertionError
Unhandled exception in client_connected_cb
transport: <asyncio.sslproto._SSLProtocolTransport object at 0x1026e4680>
Traceback (most recent call last):
  File "/Users/divyanshgolyan/.codex/worktrees/4511/onepage/research/transport-memory/asymmetric_server.py", line 39, in accept
    data=await reader.read(min(left,16384));assert data;hasher.update(data);left-=len(data);request_bytes+=len(data)
                                                   ^^^^
AssertionError
Unhandled exception in client_connected_cb
transport: <asyncio.sslproto._SSLProtocolTransport object at 0x1026e45f0>
Traceback (most recent call last):
  File "/Users/divyanshgolyan/.codex/worktrees/4511/onepage/research/transport-memory/asymmetric_server.py", line 39, in accept
    data=await reader.read(min(left,16384));assert data;hasher.update(data);left-=len(data);request_bytes+=len(data)
                                                   ^^^^
AssertionError
Unhandled exception in client_connected_cb
transport: <asyncio.sslproto._SSLProtocolTransport object at 0x1026e4560>
Traceback (most recent call last):
  File "/Users/divyanshgolyan/.codex/worktrees/4511/onepage/research/transport-memory/asymmetric_server.py", line 39, in accept
    data=await reader.read(min(left,16384));assert data;hasher.update(data);left-=len(data);request_bytes+=len(data)
                                                   ^^^^
AssertionError
Unhandled exception in client_connected_cb
transport: <asyncio.sslproto._SSLProtocolTransport object at 0x1026e44d0>
Traceback (most recent call last):
  File "/Users/divyanshgolyan/.codex/worktrees/4511/onepage/research/transport-memory/asymmetric_server.py", line 39, in accept
    data=await reader.read(min(left,16384));assert data;hasher.update(data);left-=len(data);request_bytes+=len(data)
                                                   ^^^^
AssertionError
Unhandled exception in client_connected_cb
transport: <asyncio.sslproto._SSLProtocolTransport object at 0x1026e4440>
Traceback (most recent call last):
  File "/Users/divyanshgolyan/.codex/worktrees/4511/onepage/research/transport-memory/asymmetric_server.py", line 39, in accept
    data=await reader.read(min(left,16384));assert data;hasher.update(data);left-=len(data);request_bytes+=len(data)
                                                   ^^^^
AssertionError
Unhandled exception in client_connected_cb
transport: <asyncio.sslproto._SSLProtocolTransport object at 0x1026e43b0>
Traceback (most recent call last):
  File "/Users/divyanshgolyan/.codex/worktrees/4511/onepage/research/transport-memory/asymmetric_server.py", line 39, in accept
    data=await reader.read(min(left,16384));assert data;hasher.update(data);left-=len(data);request_bytes+=len(data)
                                                   ^^^^
AssertionError
Unhandled exception in client_connected_cb
transport: <asyncio.sslproto._SSLProtocolTransport object at 0x1026e4320>
Traceback (most recent call last):
  File "/Users/divyanshgolyan/.codex/worktrees/4511/onepage/research/transport-memory/asymmetric_server.py", line 39, in accept
    data=await reader.read(min(left,16384));assert data;hasher.update(data);left-=len(data);request_bytes+=len(data)
                                                   ^^^^
AssertionError
Unhandled exception in client_connected_cb
transport: <asyncio.sslproto._SSLProtocolTransport object at 0x1026e4290>
Traceback (most recent call last):
  File "/Users/divyanshgolyan/.codex/worktrees/4511/onepage/research/transport-memory/asymmetric_server.py", line 39, in accept
    data=await reader.read(min(left,16384));assert data;hasher.update(data);left-=len(data);request_bytes+=len(data)
                                                   ^^^^
AssertionError
Unhandled exception in client_connected_cb
transport: <asyncio.sslproto._SSLProtocolTransport object at 0x1026e4200>
Traceback (most recent call last):
  File "/Users/divyanshgolyan/.codex/worktrees/4511/onepage/research/transport-memory/asymmetric_server.py", line 39, in accept
    data=await reader.read(min(left,16384));assert data;hasher.update(data);left-=len(data);request_bytes+=len(data)
                                                   ^^^^
AssertionError
Unhandled exception in client_connected_cb
transport: <asyncio.sslproto._SSLProtocolTransport object at 0x1026e4170>
Traceback (most recent call last):
  File "/Users/divyanshgolyan/.codex/worktrees/4511/onepage/research/transport-memory/asymmetric_server.py", line 39, in accept
    data=await reader.read(min(left,16384));assert data;hasher.update(data);left-=len(data);request_bytes+=len(data)
                                                   ^^^^
AssertionError
Unhandled exception in client_connected_cb
transport: <asyncio.sslproto._SSLProtocolTransport object at 0x1026e40e0>
Traceback (most recent call last):
  File "/Users/divyanshgolyan/.codex/worktrees/4511/onepage/research/transport-memory/asymmetric_server.py", line 39, in accept
    data=await reader.read(min(left,16384));assert data;hasher.update(data);left-=len(data);request_bytes+=len(data)
                                                   ^^^^
AssertionError
Unhandled exception in client_connected_cb
transport: <asyncio.sslproto._SSLProtocolTransport object at 0x1026e4050>
Traceback (most recent call last):
  File "/Users/divyanshgolyan/.codex/worktrees/4511/onepage/research/transport-memory/asymmetric_server.py", line 39, in accept
    data=await reader.read(min(left,16384));assert data;hasher.update(data);left-=len(data);request_bytes+=len(data)
                                                   ^^^^
AssertionError
Unhandled exception in client_connected_cb
transport: <asyncio.sslproto._SSLProtocolTransport object at 0x10264ff50>
Traceback (most recent call last):
  File "/Users/divyanshgolyan/.codex/worktrees/4511/onepage/research/transport-memory/asymmetric_server.py", line 39, in accept
    data=await reader.read(min(left,16384));assert data;hasher.update(data);left-=len(data);request_bytes+=len(data)
                                                   ^^^^
AssertionError
Unhandled exception in client_connected_cb
transport: <asyncio.sslproto._SSLProtocolTransport object at 0x10264fec0>
Traceback (most recent call last):
  File "/Users/divyanshgolyan/.codex/worktrees/4511/onepage/research/transport-memory/asymmetric_server.py", line 39, in accept
    data=await reader.read(min(left,16384));assert data;hasher.update(data);left-=len(data);request_bytes+=len(data)
                                                   ^^^^
AssertionError
Unhandled exception in client_connected_cb
transport: <asyncio.sslproto._SSLProtocolTransport object at 0x10264fe30>
Traceback (most recent call last):
  File "/Users/divyanshgolyan/.codex/worktrees/4511/onepage/research/transport-memory/asymmetric_server.py", line 39, in accept
    data=await reader.read(min(left,16384));assert data;hasher.update(data);left-=len(data);request_bytes+=len(data)
                                                   ^^^^
AssertionError
Unhandled exception in client_connected_cb
transport: <asyncio.sslproto._SSLProtocolTransport object at 0x10264fda0>
Traceback (most recent call last):
  File "/Users/divyanshgolyan/.codex/worktrees/4511/onepage/research/transport-memory/asymmetric_server.py", line 39, in accept
    data=await reader.read(min(left,16384));assert data;hasher.update(data);left-=len(data);request_bytes+=len(data)
                                                   ^^^^
AssertionError
Unhandled exception in client_connected_cb
transport: <asyncio.sslproto._SSLProtocolTransport object at 0x10264fd10>
Traceback (most recent call last):
  File "/Users/divyanshgolyan/.codex/worktrees/4511/onepage/research/transport-memory/asymmetric_server.py", line 39, in accept
    data=await reader.read(min(left,16384));assert data;hasher.update(data);left-=len(data);request_bytes+=len(data)
                                                   ^^^^
AssertionError
Unhandled exception in client_connected_cb
transport: <asyncio.sslproto._SSLProtocolTransport object at 0x10264fc80>
Traceback (most recent call last):
  File "/Users/divyanshgolyan/.codex/worktrees/4511/onepage/research/transport-memory/asymmetric_server.py", line 39, in accept
    data=await reader.read(min(left,16384));assert data;hasher.update(data);left-=len(data);request_bytes+=len(data)
                                                   ^^^^
AssertionError
Unhandled exception in client_connected_cb
transport: <asyncio.sslproto._SSLProtocolTransport object at 0x10264fbf0>
Traceback (most recent call last):
  File "/Users/divyanshgolyan/.codex/worktrees/4511/onepage/research/transport-memory/asymmetric_server.py", line 39, in accept
    data=await reader.read(min(left,16384));assert data;hasher.update(data);left-=len(data);request_bytes+=len(data)
                                                   ^^^^
AssertionError
Unhandled exception in client_connected_cb
transport: <asyncio.sslproto._SSLProtocolTransport object at 0x10264fb60>
Traceback (most recent call last):
  File "/Users/divyanshgolyan/.codex/worktrees/4511/onepage/research/transport-memory/asymmetric_server.py", line 39, in accept
    data=await reader.read(min(left,16384));assert data;hasher.update(data);left-=len(data);request_bytes+=len(data)
                                                   ^^^^
AssertionError
Unhandled exception in client_connected_cb
transport: <asyncio.sslproto._SSLProtocolTransport object at 0x10264fad0>
Traceback (most recent call last):
  File "/Users/divyanshgolyan/.codex/worktrees/4511/onepage/research/transport-memory/asymmetric_server.py", line 39, in accept
    data=await reader.read(min(left,16384));assert data;hasher.update(data);left-=len(data);request_bytes+=len(data)
                                                   ^^^^
AssertionError
Unhandled exception in client_connected_cb
transport: <asyncio.sslproto._SSLProtocolTransport object at 0x10264fa40>
Traceback (most recent call last):
  File "/Users/divyanshgolyan/.codex/worktrees/4511/onepage/research/transport-memory/asymmetric_server.py", line 39, in accept
    data=await reader.read(min(left,16384));assert data;hasher.update(data);left-=len(data);request_bytes+=len(data)
                                                   ^^^^
AssertionError
Unhandled exception in client_connected_cb
transport: <asyncio.sslproto._SSLProtocolTransport object at 0x10264f9b0>
Traceback (most recent call last):
  File "/Users/divyanshgolyan/.codex/worktrees/4511/onepage/research/transport-memory/asymmetric_server.py", line 39, in accept
    data=await reader.read(min(left,16384));assert data;hasher.update(data);left-=len(data);request_bytes+=len(data)
                                                   ^^^^
AssertionError
Unhandled exception in client_connected_cb
transport: <asyncio.sslproto._SSLProtocolTransport object at 0x10264f920>
Traceback (most recent call last):
  File "/Users/divyanshgolyan/.codex/worktrees/4511/onepage/research/transport-memory/asymmetric_server.py", line 39, in accept
    data=await reader.read(min(left,16384));assert data;hasher.update(data);left-=len(data);request_bytes+=len(data)
                                                   ^^^^
AssertionError
Unhandled exception in client_connected_cb
transport: <asyncio.sslproto._SSLProtocolTransport object at 0x10264f890>
Traceback (most recent call last):
  File "/Users/divyanshgolyan/.codex/worktrees/4511/onepage/research/transport-memory/asymmetric_server.py", line 39, in accept
    data=await reader.read(min(left,16384));assert data;hasher.update(data);left-=len(data);request_bytes+=len(data)
                                                   ^^^^
AssertionError
Unhandled exception in client_connected_cb
transport: <asyncio.sslproto._SSLProtocolTransport object at 0x10264f800>
Traceback (most recent call last):
  File "/Users/divyanshgolyan/.codex/worktrees/4511/onepage/research/transport-memory/asymmetric_server.py", line 39, in accept
    data=await reader.read(min(left,16384));assert data;hasher.update(data);left-=len(data);request_bytes+=len(data)
                                                   ^^^^
AssertionError
Unhandled exception in client_connected_cb
transport: <asyncio.sslproto._SSLProtocolTransport object at 0x10264f770>
Traceback (most recent call last):
  File "/Users/divyanshgolyan/.codex/worktrees/4511/onepage/research/transport-memory/asymmetric_server.py", line 39, in accept
    data=await reader.read(min(left,16384));assert data;hasher.update(data);left-=len(data);request_bytes+=len(data)
                                                   ^^^^
AssertionError
Unhandled exception in client_connected_cb
transport: <asyncio.sslproto._SSLProtocolTransport object at 0x10264f6e0>
Traceback (most recent call last):
  File "/Users/divyanshgolyan/.codex/worktrees/4511/onepage/research/transport-memory/asymmetric_server.py", line 39, in accept
    data=await reader.read(min(left,16384));assert data;hasher.update(data);left-=len(data);request_bytes+=len(data)
                                                   ^^^^
AssertionError
Unhandled exception in client_connected_cb
transport: <asyncio.sslproto._SSLProtocolTransport object at 0x10264f650>
Traceback (most recent call last):
  File "/Users/divyanshgolyan/.codex/worktrees/4511/onepage/research/transport-memory/asymmetric_server.py", line 39, in accept
    data=await reader.read(min(left,16384));assert data;hasher.update(data);left-=len(data);request_bytes+=len(data)
                                                   ^^^^
AssertionError
Unhandled exception in client_connected_cb
transport: <asyncio.sslproto._SSLProtocolTransport object at 0x10264f5c0>
Traceback (most recent call last):
  File "/Users/divyanshgolyan/.codex/worktrees/4511/onepage/research/transport-memory/asymmetric_server.py", line 39, in accept
    data=await reader.read(min(left,16384));assert data;hasher.update(data);left-=len(data);request_bytes+=len(data)
                                                   ^^^^
AssertionError
Unhandled exception in client_connected_cb
transport: <asyncio.sslproto._SSLProtocolTransport object at 0x10264f530>
Traceback (most recent call last):
  File "/Users/divyanshgolyan/.codex/worktrees/4511/onepage/research/transport-memory/asymmetric_server.py", line 39, in accept
    data=await reader.read(min(left,16384));assert data;hasher.update(data);left-=len(data);request_bytes+=len(data)
                                                   ^^^^
AssertionError
Unhandled exception in client_connected_cb
transport: <asyncio.sslproto._SSLProtocolTransport object at 0x10264f4a0>
Traceback (most recent call last):
  File "/Users/divyanshgolyan/.codex/worktrees/4511/onepage/research/transport-memory/asymmetric_server.py", line 39, in accept
    data=await reader.read(min(left,16384));assert data;hasher.update(data);left-=len(data);request_bytes+=len(data)
                                                   ^^^^
AssertionError
Unhandled exception in client_connected_cb
transport: <asyncio.sslproto._SSLProtocolTransport object at 0x10264f410>
Traceback (most recent call last):
  File "/Users/divyanshgolyan/.codex/worktrees/4511/onepage/research/transport-memory/asymmetric_server.py", line 39, in accept
    data=await reader.read(min(left,16384));assert data;hasher.update(data);left-=len(data);request_bytes+=len(data)
                                                   ^^^^
AssertionError
Unhandled exception in client_connected_cb
transport: <asyncio.sslproto._SSLProtocolTransport object at 0x10264f380>
Traceback (most recent call last):
  File "/Users/divyanshgolyan/.codex/worktrees/4511/onepage/research/transport-memory/asymmetric_server.py", line 39, in accept
    data=await reader.read(min(left,16384));assert data;hasher.update(data);left-=len(data);request_bytes+=len(data)
                                                   ^^^^
AssertionError
Unhandled exception in client_connected_cb
transport: <asyncio.sslproto._SSLProtocolTransport object at 0x10264f2f0>
Traceback (most recent call last):
  File "/Users/divyanshgolyan/.codex/worktrees/4511/onepage/research/transport-memory/asymmetric_server.py", line 39, in accept
    data=await reader.read(min(left,16384));assert data;hasher.update(data);left-=len(data);request_bytes+=len(data)
                                                   ^^^^
AssertionError
Unhandled exception in client_connected_cb
transport: <asyncio.sslproto._SSLProtocolTransport object at 0x10264f260>
Traceback (most recent call last):
  File "/Users/divyanshgolyan/.codex/worktrees/4511/onepage/research/transport-memory/asymmetric_server.py", line 39, in accept
    data=await reader.read(min(left,16384));assert data;hasher.update(data);left-=len(data);request_bytes+=len(data)
                                                   ^^^^
AssertionError
Unhandled exception in client_connected_cb
transport: <asyncio.sslproto._SSLProtocolTransport object at 0x10264f1d0>
Traceback (most recent call last):
  File "/Users/divyanshgolyan/.codex/worktrees/4511/onepage/research/transport-memory/asymmetric_server.py", line 39, in accept
    data=await reader.read(min(left,16384));assert data;hasher.update(data);left-=len(data);request_bytes+=len(data)
                                                   ^^^^
AssertionError
Unhandled exception in client_connected_cb
transport: <asyncio.sslproto._SSLProtocolTransport object at 0x10264f140>
Traceback (most recent call last):
  File "/Users/divyanshgolyan/.codex/worktrees/4511/onepage/research/transport-memory/asymmetric_server.py", line 39, in accept
    data=await reader.read(min(left,16384));assert data;hasher.update(data);left-=len(data);request_bytes+=len(data)
                                                   ^^^^
AssertionError
Unhandled exception in client_connected_cb
transport: <asyncio.sslproto._SSLProtocolTransport object at 0x10264f0b0>
Traceback (most recent call last):
  File "/Users/divyanshgolyan/.codex/worktrees/4511/onepage/research/transport-memory/asymmetric_server.py", line 39, in accept
    data=await reader.read(min(left,16384));assert data;hasher.update(data);left-=len(data);request_bytes+=len(data)
                                                   ^^^^
AssertionError
Unhandled exception in client_connected_cb
transport: <asyncio.sslproto._SSLProtocolTransport object at 0x10264f020>
Traceback (most recent call last):
  File "/Users/divyanshgolyan/.codex/worktrees/4511/onepage/research/transport-memory/asymmetric_server.py", line 39, in accept
    data=await reader.read(min(left,16384));assert data;hasher.update(data);left-=len(data);request_bytes+=len(data)
                                                   ^^^^
AssertionError
Unhandled exception in client_connected_cb
transport: <asyncio.sslproto._SSLProtocolTransport object at 0x10264ef90>
Traceback (most recent call last):
  File "/Users/divyanshgolyan/.codex/worktrees/4511/onepage/research/transport-memory/asymmetric_server.py", line 39, in accept
    data=await reader.read(min(left,16384));assert data;hasher.update(data);left-=len(data);request_bytes+=len(data)
                                                   ^^^^
AssertionError
Unhandled exception in client_connected_cb
transport: <asyncio.sslproto._SSLProtocolTransport object at 0x10264ef00>
Traceback (most recent call last):
  File "/Users/divyanshgolyan/.codex/worktrees/4511/onepage/research/transport-memory/asymmetric_server.py", line 39, in accept
    data=await reader.read(min(left,16384));assert data;hasher.update(data);left-=len(data);request_bytes+=len(data)
                                                   ^^^^
AssertionError
Unhandled exception in client_connected_cb
transport: <asyncio.sslproto._SSLProtocolTransport object at 0x10264ee70>
Traceback (most recent call last):
  File "/Users/divyanshgolyan/.codex/worktrees/4511/onepage/research/transport-memory/asymmetric_server.py", line 39, in accept
    data=await reader.read(min(left,16384));assert data;hasher.update(data);left-=len(data);request_bytes+=len(data)
                                                   ^^^^
AssertionError
Unhandled exception in client_connected_cb
transport: <asyncio.sslproto._SSLProtocolTransport object at 0x10264ede0>
Traceback (most recent call last):
  File "/Users/divyanshgolyan/.codex/worktrees/4511/onepage/research/transport-memory/asymmetric_server.py", line 39, in accept
    data=await reader.read(min(left,16384));assert data;hasher.update(data);left-=len(data);request_bytes+=len(data)
                                                   ^^^^
AssertionError
Unhandled exception in client_connected_cb
transport: <asyncio.sslproto._SSLProtocolTransport object at 0x10264ed50>
Traceback (most recent call last):
  File "/Users/divyanshgolyan/.codex/worktrees/4511/onepage/research/transport-memory/asymmetric_server.py", line 39, in accept
    data=await reader.read(min(left,16384));assert data;hasher.update(data);left-=len(data);request_bytes+=len(data)
                                                   ^^^^
AssertionError
Unhandled exception in client_connected_cb
transport: <asyncio.sslproto._SSLProtocolTransport object at 0x10264ecc0>
Traceback (most recent call last):
  File "/Users/divyanshgolyan/.codex/worktrees/4511/onepage/research/transport-memory/asymmetric_server.py", line 39, in accept
    data=await reader.read(min(left,16384));assert data;hasher.update(data);left-=len(data);request_bytes+=len(data)
                                                   ^^^^
AssertionError
Unhandled exception in client_connected_cb
transport: <asyncio.sslproto._SSLProtocolTransport object at 0x10264ec30>
Traceback (most recent call last):
  File "/Users/divyanshgolyan/.codex/worktrees/4511/onepage/research/transport-memory/asymmetric_server.py", line 39, in accept
    data=await reader.read(min(left,16384));assert data;hasher.update(data);left-=len(data);request_bytes+=len(data)
                                                   ^^^^
AssertionError
Unhandled exception in client_connected_cb
transport: <asyncio.sslproto._SSLProtocolTransport object at 0x10264eba0>
Traceback (most recent call last):
  File "/Users/divyanshgolyan/.codex/worktrees/4511/onepage/research/transport-memory/asymmetric_server.py", line 39, in accept
    data=await reader.read(min(left,16384));assert data;hasher.update(data);left-=len(data);request_bytes+=len(data)
                                                   ^^^^
AssertionError
Unhandled exception in client_connected_cb
transport: <asyncio.sslproto._SSLProtocolTransport object at 0x10264eb10>
Traceback (most recent call last):
  File "/Users/divyanshgolyan/.codex/worktrees/4511/onepage/research/transport-memory/asymmetric_server.py", line 39, in accept
    data=await reader.read(min(left,16384));assert data;hasher.update(data);left-=len(data);request_bytes+=len(data)
                                                   ^^^^
AssertionError
Unhandled exception in client_connected_cb
transport: <asyncio.sslproto._SSLProtocolTransport object at 0x10264ea80>
Traceback (most recent call last):
  File "/Users/divyanshgolyan/.codex/worktrees/4511/onepage/research/transport-memory/asymmetric_server.py", line 39, in accept
    data=await reader.read(min(left,16384));assert data;hasher.update(data);left-=len(data);request_bytes+=len(data)
                                                   ^^^^
AssertionError
Unhandled exception in client_connected_cb
transport: <asyncio.sslproto._SSLProtocolTransport object at 0x10264e9f0>
Traceback (most recent call last):
  File "/Users/divyanshgolyan/.codex/worktrees/4511/onepage/research/transport-memory/asymmetric_server.py", line 39, in accept
    data=await reader.read(min(left,16384));assert data;hasher.update(data);left-=len(data);request_bytes+=len(data)
                                                   ^^^^
AssertionError
Unhandled exception in client_connected_cb
transport: <asyncio.sslproto._SSLProtocolTransport object at 0x10264e960>
Traceback (most recent call last):
  File "/Users/divyanshgolyan/.codex/worktrees/4511/onepage/research/transport-memory/asymmetric_server.py", line 39, in accept
    data=await reader.read(min(left,16384));assert data;hasher.update(data);left-=len(data);request_bytes+=len(data)
                                                   ^^^^
AssertionError
Unhandled exception in client_connected_cb
transport: <asyncio.sslproto._SSLProtocolTransport object at 0x10264e8d0>
Traceback (most recent call last):
  File "/Users/divyanshgolyan/.codex/worktrees/4511/onepage/research/transport-memory/asymmetric_server.py", line 39, in accept
    data=await reader.read(min(left,16384));assert data;hasher.update(data);left-=len(data);request_bytes+=len(data)
                                                   ^^^^
AssertionError
Unhandled exception in client_connected_cb
transport: <asyncio.sslproto._SSLProtocolTransport object at 0x10264e840>
Traceback (most recent call last):
  File "/Users/divyanshgolyan/.codex/worktrees/4511/onepage/research/transport-memory/asymmetric_server.py", line 39, in accept
    data=await reader.read(min(left,16384));assert data;hasher.update(data);left-=len(data);request_bytes+=len(data)
                                                   ^^^^
AssertionError
Unhandled exception in client_connected_cb
transport: <asyncio.sslproto._SSLProtocolTransport object at 0x10264e7b0>
Traceback (most recent call last):
  File "/Users/divyanshgolyan/.codex/worktrees/4511/onepage/research/transport-memory/asymmetric_server.py", line 39, in accept
    data=await reader.read(min(left,16384));assert data;hasher.update(data);left-=len(data);request_bytes+=len(data)
                                                   ^^^^
AssertionError
Unhandled exception in client_connected_cb
transport: <asyncio.sslproto._SSLProtocolTransport object at 0x10264e720>
Traceback (most recent call last):
  File "/Users/divyanshgolyan/.codex/worktrees/4511/onepage/research/transport-memory/asymmetric_server.py", line 39, in accept
    data=await reader.read(min(left,16384));assert data;hasher.update(data);left-=len(data);request_bytes+=len(data)
                                                   ^^^^
AssertionError
Unhandled exception in client_connected_cb
transport: <asyncio.sslproto._SSLProtocolTransport object at 0x10264e690>
Traceback (most recent call last):
  File "/Users/divyanshgolyan/.codex/worktrees/4511/onepage/research/transport-memory/asymmetric_server.py", line 39, in accept
    data=await reader.read(min(left,16384));assert data;hasher.update(data);left-=len(data);request_bytes+=len(data)
                                                   ^^^^
AssertionError
Unhandled exception in client_connected_cb
transport: <asyncio.sslproto._SSLProtocolTransport object at 0x10264e600>
Traceback (most recent call last):
  File "/Users/divyanshgolyan/.codex/worktrees/4511/onepage/research/transport-memory/asymmetric_server.py", line 39, in accept
    data=await reader.read(min(left,16384));assert data;hasher.update(data);left-=len(data);request_bytes+=len(data)
                                                   ^^^^
AssertionError
Unhandled exception in client_connected_cb
transport: <asyncio.sslproto._SSLProtocolTransport object at 0x10264e570>
Traceback (most recent call last):
  File "/Users/divyanshgolyan/.codex/worktrees/4511/onepage/research/transport-memory/asymmetric_server.py", line 39, in accept
    data=await reader.read(min(left,16384));assert data;hasher.update(data);left-=len(data);request_bytes+=len(data)
                                                   ^^^^
AssertionError
Unhandled exception in client_connected_cb
transport: <asyncio.sslproto._SSLProtocolTransport object at 0x10264e4e0>
Traceback (most recent call last):
  File "/Users/divyanshgolyan/.codex/worktrees/4511/onepage/research/transport-memory/asymmetric_server.py", line 39, in accept
    data=await reader.read(min(left,16384));assert data;hasher.update(data);left-=len(data);request_bytes+=len(data)
                                                   ^^^^
AssertionError
Unhandled exception in client_connected_cb
transport: <asyncio.sslproto._SSLProtocolTransport object at 0x10264e450>
Traceback (most recent call last):
  File "/Users/divyanshgolyan/.codex/worktrees/4511/onepage/research/transport-memory/asymmetric_server.py", line 39, in accept
    data=await reader.read(min(left,16384));assert data;hasher.update(data);left-=len(data);request_bytes+=len(data)
                                                   ^^^^
AssertionError
Unhandled exception in client_connected_cb
transport: <asyncio.sslproto._SSLProtocolTransport object at 0x10264e3c0>
Traceback (most recent call last):
  File "/Users/divyanshgolyan/.codex/worktrees/4511/onepage/research/transport-memory/asymmetric_server.py", line 39, in accept
    data=await reader.read(min(left,16384));assert data;hasher.update(data);left-=len(data);request_bytes+=len(data)
                                                   ^^^^
AssertionError
Unhandled exception in client_connected_cb
transport: <asyncio.sslproto._SSLProtocolTransport object at 0x10264e330>
Traceback (most recent call last):
  File "/Users/divyanshgolyan/.codex/worktrees/4511/onepage/research/transport-memory/asymmetric_server.py", line 39, in accept
    data=await reader.read(min(left,16384));assert data;hasher.update(data);left-=len(data);request_bytes+=len(data)
                                                   ^^^^
AssertionError
Unhandled exception in client_connected_cb
transport: <asyncio.sslproto._SSLProtocolTransport object at 0x10264e2a0>
Traceback (most recent call last):
  File "/Users/divyanshgolyan/.codex/worktrees/4511/onepage/research/transport-memory/asymmetric_server.py", line 39, in accept
    data=await reader.read(min(left,16384));assert data;hasher.update(data);left-=len(data);request_bytes+=len(data)
                                                   ^^^^
AssertionError
Unhandled exception in client_connected_cb
transport: <asyncio.sslproto._SSLProtocolTransport object at 0x10264e210>
Traceback (most recent call last):
  File "/Users/divyanshgolyan/.codex/worktrees/4511/onepage/research/transport-memory/asymmetric_server.py", line 39, in accept
    data=await reader.read(min(left,16384));assert data;hasher.update(data);left-=len(data);request_bytes+=len(data)
                                                   ^^^^
AssertionError
Unhandled exception in client_connected_cb
transport: <asyncio.sslproto._SSLProtocolTransport object at 0x10264e180>
Traceback (most recent call last):
  File "/Users/divyanshgolyan/.codex/worktrees/4511/onepage/research/transport-memory/asymmetric_server.py", line 39, in accept
    data=await reader.read(min(left,16384));assert data;hasher.update(data);left-=len(data);request_bytes+=len(data)
                                                   ^^^^
AssertionError
Unhandled exception in client_connected_cb
transport: <asyncio.sslproto._SSLProtocolTransport object at 0x10264e0f0>
Traceback (most recent call last):
  File "/Users/divyanshgolyan/.codex/worktrees/4511/onepage/research/transport-memory/asymmetric_server.py", line 39, in accept
    data=await reader.read(min(left,16384));assert data;hasher.update(data);left-=len(data);request_bytes+=len(data)
                                                   ^^^^
AssertionError
Unhandled exception in client_connected_cb
transport: <asyncio.sslproto._SSLProtocolTransport object at 0x10264e060>
Traceback (most recent call last):
  File "/Users/divyanshgolyan/.codex/worktrees/4511/onepage/research/transport-memory/asymmetric_server.py", line 39, in accept
    data=await reader.read(min(left,16384));assert data;hasher.update(data);left-=len(data);request_bytes+=len(data)
                                                   ^^^^
AssertionError
Unhandled exception in client_connected_cb
transport: <asyncio.sslproto._SSLProtocolTransport object at 0x10264dfd0>
Traceback (most recent call last):
  File "/Users/divyanshgolyan/.codex/worktrees/4511/onepage/research/transport-memory/asymmetric_server.py", line 39, in accept
    data=await reader.read(min(left,16384));assert data;hasher.update(data);left-=len(data);request_bytes+=len(data)
                                                   ^^^^
AssertionError
Unhandled exception in client_connected_cb
transport: <asyncio.sslproto._SSLProtocolTransport object at 0x10264df40>
Traceback (most recent call last):
  File "/Users/divyanshgolyan/.codex/worktrees/4511/onepage/research/transport-memory/asymmetric_server.py", line 39, in accept
    data=await reader.read(min(left,16384));assert data;hasher.update(data);left-=len(data);request_bytes+=len(data)
                                                   ^^^^
AssertionError
Unhandled exception in client_connected_cb
transport: <asyncio.sslproto._SSLProtocolTransport object at 0x10264deb0>
Traceback (most recent call last):
  File "/Users/divyanshgolyan/.codex/worktrees/4511/onepage/research/transport-memory/asymmetric_server.py", line 39, in accept
    data=await reader.read(min(left,16384));assert data;hasher.update(data);left-=len(data);request_bytes+=len(data)
                                                   ^^^^
AssertionError
Unhandled exception in client_connected_cb
transport: <asyncio.sslproto._SSLProtocolTransport object at 0x10264de20>
Traceback (most recent call last):
  File "/Users/divyanshgolyan/.codex/worktrees/4511/onepage/research/transport-memory/asymmetric_server.py", line 39, in accept
    data=await reader.read(min(left,16384));assert data;hasher.update(data);left-=len(data);request_bytes+=len(data)
                                                   ^^^^
AssertionError
Unhandled exception in client_connected_cb
transport: <asyncio.sslproto._SSLProtocolTransport object at 0x10264dd90>
Traceback (most recent call last):
  File "/Users/divyanshgolyan/.codex/worktrees/4511/onepage/research/transport-memory/asymmetric_server.py", line 39, in accept
    data=await reader.read(min(left,16384));assert data;hasher.update(data);left-=len(data);request_bytes+=len(data)
                                                   ^^^^
AssertionError
Unhandled exception in client_connected_cb
transport: <asyncio.sslproto._SSLProtocolTransport object at 0x10264dd00>
Traceback (most recent call last):
  File "/Users/divyanshgolyan/.codex/worktrees/4511/onepage/research/transport-memory/asymmetric_server.py", line 39, in accept
    data=await reader.read(min(left,16384));assert data;hasher.update(data);left-=len(data);request_bytes+=len(data)
                                                   ^^^^
AssertionError
Unhandled exception in client_connected_cb
transport: <asyncio.sslproto._SSLProtocolTransport object at 0x10264dc70>
Traceback (most recent call last):
  File "/Users/divyanshgolyan/.codex/worktrees/4511/onepage/research/transport-memory/asymmetric_server.py", line 39, in accept
    data=await reader.read(min(left,16384));assert data;hasher.update(data);left-=len(data);request_bytes+=len(data)
                                                   ^^^^
AssertionError
Unhandled exception in client_connected_cb
transport: <asyncio.sslproto._SSLProtocolTransport object at 0x10264dbe0>
Traceback (most recent call last):
  File "/Users/divyanshgolyan/.codex/worktrees/4511/onepage/research/transport-memory/asymmetric_server.py", line 39, in accept
    data=await reader.read(min(left,16384));assert data;hasher.update(data);left-=len(data);request_bytes+=len(data)
                                                   ^^^^
AssertionError
Unhandled exception in client_connected_cb
transport: <asyncio.sslproto._SSLProtocolTransport object at 0x10264db50>
Traceback (most recent call last):
  File "/Users/divyanshgolyan/.codex/worktrees/4511/onepage/research/transport-memory/asymmetric_server.py", line 39, in accept
    data=await reader.read(min(left,16384));assert data;hasher.update(data);left-=len(data);request_bytes+=len(data)
                                                   ^^^^
AssertionError
Unhandled exception in client_connected_cb
transport: <asyncio.sslproto._SSLProtocolTransport object at 0x10264dac0>
Traceback (most recent call last):
  File "/Users/divyanshgolyan/.codex/worktrees/4511/onepage/research/transport-memory/asymmetric_server.py", line 39, in accept
    data=await reader.read(min(left,16384));assert data;hasher.update(data);left-=len(data);request_bytes+=len(data)
                                                   ^^^^
AssertionError
Unhandled exception in client_connected_cb
transport: <asyncio.sslproto._SSLProtocolTransport object at 0x10264da30>
Traceback (most recent call last):
  File "/Users/divyanshgolyan/.codex/worktrees/4511/onepage/research/transport-memory/asymmetric_server.py", line 39, in accept
    data=await reader.read(min(left,16384));assert data;hasher.update(data);left-=len(data);request_bytes+=len(data)
                                                   ^^^^
AssertionError
Unhandled exception in client_connected_cb
transport: <asyncio.sslproto._SSLProtocolTransport object at 0x10264d9a0>
Traceback (most recent call last):
  File "/Users/divyanshgolyan/.codex/worktrees/4511/onepage/research/transport-memory/asymmetric_server.py", line 39, in accept
    data=await reader.read(min(left,16384));assert data;hasher.update(data);left-=len(data);request_bytes+=len(data)
                                                   ^^^^
AssertionError
Unhandled exception in client_connected_cb
transport: <asyncio.sslproto._SSLProtocolTransport object at 0x10264d910>
Traceback (most recent call last):
  File "/Users/divyanshgolyan/.codex/worktrees/4511/onepage/research/transport-memory/asymmetric_server.py", line 39, in accept
    data=await reader.read(min(left,16384));assert data;hasher.update(data);left-=len(data);request_bytes+=len(data)
                                                   ^^^^
AssertionError
Unhandled exception in client_connected_cb
transport: <asyncio.sslproto._SSLProtocolTransport object at 0x10264d880>
Traceback (most recent call last):
  File "/Users/divyanshgolyan/.codex/worktrees/4511/onepage/research/transport-memory/asymmetric_server.py", line 39, in accept
    data=await reader.read(min(left,16384));assert data;hasher.update(data);left-=len(data);request_bytes+=len(data)
                                                   ^^^^
AssertionError
Unhandled exception in client_connected_cb
transport: <asyncio.sslproto._SSLProtocolTransport object at 0x10264d7f0>
Traceback (most recent call last):
  File "/Users/divyanshgolyan/.codex/worktrees/4511/onepage/research/transport-memory/asymmetric_server.py", line 39, in accept
    data=await reader.read(min(left,16384));assert data;hasher.update(data);left-=len(data);request_bytes+=len(data)
                                                   ^^^^
AssertionError
Unhandled exception in client_connected_cb
transport: <asyncio.sslproto._SSLProtocolTransport object at 0x10264d760>
Traceback (most recent call last):
  File "/Users/divyanshgolyan/.codex/worktrees/4511/onepage/research/transport-memory/asymmetric_server.py", line 39, in accept
    data=await reader.read(min(left,16384));assert data;hasher.update(data);left-=len(data);request_bytes+=len(data)
                                                   ^^^^
AssertionError
Unhandled exception in client_connected_cb
transport: <asyncio.sslproto._SSLProtocolTransport object at 0x10264d6d0>
Traceback (most recent call last):
  File "/Users/divyanshgolyan/.codex/worktrees/4511/onepage/research/transport-memory/asymmetric_server.py", line 39, in accept
    data=await reader.read(min(left,16384));assert data;hasher.update(data);left-=len(data);request_bytes+=len(data)
                                                   ^^^^
AssertionError
Unhandled exception in client_connected_cb
transport: <asyncio.sslproto._SSLProtocolTransport object at 0x10264d640>
Traceback (most recent call last):
  File "/Users/divyanshgolyan/.codex/worktrees/4511/onepage/research/transport-memory/asymmetric_server.py", line 39, in accept
    data=await reader.read(min(left,16384));assert data;hasher.update(data);left-=len(data);request_bytes+=len(data)
                                                   ^^^^
AssertionError
Unhandled exception in client_connected_cb
transport: <asyncio.sslproto._SSLProtocolTransport object at 0x10264d5b0>
Traceback (most recent call last):
  File "/Users/divyanshgolyan/.codex/worktrees/4511/onepage/research/transport-memory/asymmetric_server.py", line 39, in accept
    data=await reader.read(min(left,16384));assert data;hasher.update(data);left-=len(data);request_bytes+=len(data)
                                                   ^^^^
AssertionError
Unhandled exception in client_connected_cb
transport: <asyncio.sslproto._SSLProtocolTransport object at 0x10264d520>
Traceback (most recent call last):
  File "/Users/divyanshgolyan/.codex/worktrees/4511/onepage/research/transport-memory/asymmetric_server.py", line 39, in accept
    data=await reader.read(min(left,16384));assert data;hasher.update(data);left-=len(data);request_bytes+=len(data)
                                                   ^^^^
AssertionError
Unhandled exception in client_connected_cb
transport: <asyncio.sslproto._SSLProtocolTransport object at 0x10264d490>
Traceback (most recent call last):
  File "/Users/divyanshgolyan/.codex/worktrees/4511/onepage/research/transport-memory/asymmetric_server.py", line 39, in accept
    data=await reader.read(min(left,16384));assert data;hasher.update(data);left-=len(data);request_bytes+=len(data)
                                                   ^^^^
AssertionError
Unhandled exception in client_connected_cb
transport: <asyncio.sslproto._SSLProtocolTransport object at 0x10264d400>
Traceback (most recent call last):
  File "/Users/divyanshgolyan/.codex/worktrees/4511/onepage/research/transport-memory/asymmetric_server.py", line 39, in accept
    data=await reader.read(min(left,16384));assert data;hasher.update(data);left-=len(data);request_bytes+=len(data)
                                                   ^^^^
AssertionError
Unhandled exception in client_connected_cb
transport: <asyncio.sslproto._SSLProtocolTransport object at 0x10264d370>
Traceback (most recent call last):
  File "/Users/divyanshgolyan/.codex/worktrees/4511/onepage/research/transport-memory/asymmetric_server.py", line 39, in accept
    data=await reader.read(min(left,16384));assert data;hasher.update(data);left-=len(data);request_bytes+=len(data)
                                                   ^^^^
AssertionError
Unhandled exception in client_connected_cb
transport: <asyncio.sslproto._SSLProtocolTransport object at 0x10264d2e0>
Traceback (most recent call last):
  File "/Users/divyanshgolyan/.codex/worktrees/4511/onepage/research/transport-memory/asymmetric_server.py", line 39, in accept
    data=await reader.read(min(left,16384));assert data;hasher.update(data);left-=len(data);request_bytes+=len(data)
                                                   ^^^^
AssertionError
Unhandled exception in client_connected_cb
transport: <asyncio.sslproto._SSLProtocolTransport object at 0x10264d250>
Traceback (most recent call last):
  File "/Users/divyanshgolyan/.codex/worktrees/4511/onepage/research/transport-memory/asymmetric_server.py", line 39, in accept
    data=await reader.read(min(left,16384));assert data;hasher.update(data);left-=len(data);request_bytes+=len(data)
                                                   ^^^^
AssertionError
Unhandled exception in client_connected_cb
transport: <asyncio.sslproto._SSLProtocolTransport object at 0x10264d1c0>
Traceback (most recent call last):
  File "/Users/divyanshgolyan/.codex/worktrees/4511/onepage/research/transport-memory/asymmetric_server.py", line 39, in accept
    data=await reader.read(min(left,16384));assert data;hasher.update(data);left-=len(data);request_bytes+=len(data)
                                                   ^^^^
AssertionError
Unhandled exception in client_connected_cb
transport: <asyncio.sslproto._SSLProtocolTransport object at 0x10264d130>
Traceback (most recent call last):
  File "/Users/divyanshgolyan/.codex/worktrees/4511/onepage/research/transport-memory/asymmetric_server.py", line 39, in accept
    data=await reader.read(min(left,16384));assert data;hasher.update(data);left-=len(data);request_bytes+=len(data)
                                                   ^^^^
AssertionError
Unhandled exception in client_connected_cb
transport: <asyncio.sslproto._SSLProtocolTransport object at 0x10264d0a0>
Traceback (most recent call last):
  File "/Users/divyanshgolyan/.codex/worktrees/4511/onepage/research/transport-memory/asymmetric_server.py", line 39, in accept
    data=await reader.read(min(left,16384));assert data;hasher.update(data);left-=len(data);request_bytes+=len(data)
                                                   ^^^^
AssertionError
Unhandled exception in client_connected_cb
transport: <asyncio.sslproto._SSLProtocolTransport object at 0x10264d010>
Traceback (most recent call last):
  File "/Users/divyanshgolyan/.codex/worktrees/4511/onepage/research/transport-memory/asymmetric_server.py", line 39, in accept
    data=await reader.read(min(left,16384));assert data;hasher.update(data);left-=len(data);request_bytes+=len(data)
                                                   ^^^^
AssertionError
Unhandled exception in client_connected_cb
transport: <asyncio.sslproto._SSLProtocolTransport object at 0x10264cf80>
Traceback (most recent call last):
  File "/Users/divyanshgolyan/.codex/worktrees/4511/onepage/research/transport-memory/asymmetric_server.py", line 39, in accept
    data=await reader.read(min(left,16384));assert data;hasher.update(data);left-=len(data);request_bytes+=len(data)
                                                   ^^^^
AssertionError
Unhandled exception in client_connected_cb
transport: <asyncio.sslproto._SSLProtocolTransport object at 0x10264cef0>
Traceback (most recent call last):
  File "/Users/divyanshgolyan/.codex/worktrees/4511/onepage/research/transport-memory/asymmetric_server.py", line 39, in accept
    data=await reader.read(min(left,16384));assert data;hasher.update(data);left-=len(data);request_bytes+=len(data)
                                                   ^^^^
AssertionError
Unhandled exception in client_connected_cb
transport: <asyncio.sslproto._SSLProtocolTransport object at 0x10264ce60>
Traceback (most recent call last):
  File "/Users/divyanshgolyan/.codex/worktrees/4511/onepage/research/transport-memory/asymmetric_server.py", line 39, in accept
    data=await reader.read(min(left,16384));assert data;hasher.update(data);left-=len(data);request_bytes+=len(data)
                                                   ^^^^
AssertionError
Unhandled exception in client_connected_cb
transport: <asyncio.sslproto._SSLProtocolTransport object at 0x10264cdd0>
Traceback (most recent call last):
  File "/Users/divyanshgolyan/.codex/worktrees/4511/onepage/research/transport-memory/asymmetric_server.py", line 39, in accept
    data=await reader.read(min(left,16384));assert data;hasher.update(data);left-=len(data);request_bytes+=len(data)
                                                   ^^^^
AssertionError
Unhandled exception in client_connected_cb
transport: <asyncio.sslproto._SSLProtocolTransport object at 0x10264cd40>
Traceback (most recent call last):
  File "/Users/divyanshgolyan/.codex/worktrees/4511/onepage/research/transport-memory/asymmetric_server.py", line 39, in accept
    data=await reader.read(min(left,16384));assert data;hasher.update(data);left-=len(data);request_bytes+=len(data)
                                                   ^^^^
AssertionError
Unhandled exception in client_connected_cb
transport: <asyncio.sslproto._SSLProtocolTransport object at 0x10264ccb0>
Traceback (most recent call last):
  File "/Users/divyanshgolyan/.codex/worktrees/4511/onepage/research/transport-memory/asymmetric_server.py", line 39, in accept
    data=await reader.read(min(left,16384));assert data;hasher.update(data);left-=len(data);request_bytes+=len(data)
                                                   ^^^^
AssertionError
Unhandled exception in client_connected_cb
transport: <asyncio.sslproto._SSLProtocolTransport object at 0x10264cc20>
Traceback (most recent call last):
  File "/Users/divyanshgolyan/.codex/worktrees/4511/onepage/research/transport-memory/asymmetric_server.py", line 39, in accept
    data=await reader.read(min(left,16384));assert data;hasher.update(data);left-=len(data);request_bytes+=len(data)
                                                   ^^^^
AssertionError
Unhandled exception in client_connected_cb
transport: <asyncio.sslproto._SSLProtocolTransport object at 0x10264cb90>
Traceback (most recent call last):
  File "/Users/divyanshgolyan/.codex/worktrees/4511/onepage/research/transport-memory/asymmetric_server.py", line 39, in accept
    data=await reader.read(min(left,16384));assert data;hasher.update(data);left-=len(data);request_bytes+=len(data)
                                                   ^^^^
AssertionError
Unhandled exception in client_connected_cb
transport: <asyncio.sslproto._SSLProtocolTransport object at 0x10264cb00>
Traceback (most recent call last):
  File "/Users/divyanshgolyan/.codex/worktrees/4511/onepage/research/transport-memory/asymmetric_server.py", line 39, in accept
    data=await reader.read(min(left,16384));assert data;hasher.update(data);left-=len(data);request_bytes+=len(data)
                                                   ^^^^
AssertionError
Unhandled exception in client_connected_cb
transport: <asyncio.sslproto._SSLProtocolTransport object at 0x10264ca70>
Traceback (most recent call last):
  File "/Users/divyanshgolyan/.codex/worktrees/4511/onepage/research/transport-memory/asymmetric_server.py", line 39, in accept
    data=await reader.read(min(left,16384));assert data;hasher.update(data);left-=len(data);request_bytes+=len(data)
                                                   ^^^^
AssertionError
Unhandled exception in client_connected_cb
transport: <asyncio.sslproto._SSLProtocolTransport object at 0x10264c9e0>
Traceback (most recent call last):
  File "/Users/divyanshgolyan/.codex/worktrees/4511/onepage/research/transport-memory/asymmetric_server.py", line 39, in accept
    data=await reader.read(min(left,16384));assert data;hasher.update(data);left-=len(data);request_bytes+=len(data)
                                                   ^^^^
AssertionError
Unhandled exception in client_connected_cb
transport: <asyncio.sslproto._SSLProtocolTransport object at 0x10264c950>
Traceback (most recent call last):
  File "/Users/divyanshgolyan/.codex/worktrees/4511/onepage/research/transport-memory/asymmetric_server.py", line 39, in accept
    data=await reader.read(min(left,16384));assert data;hasher.update(data);left-=len(data);request_bytes+=len(data)
                                                   ^^^^
AssertionError
Unhandled exception in client_connected_cb
transport: <asyncio.sslproto._SSLProtocolTransport object at 0x10264c8c0>
Traceback (most recent call last):
  File "/Users/divyanshgolyan/.codex/worktrees/4511/onepage/research/transport-memory/asymmetric_server.py", line 39, in accept
    data=await reader.read(min(left,16384));assert data;hasher.update(data);left-=len(data);request_bytes+=len(data)
                                                   ^^^^
AssertionError
Unhandled exception in client_connected_cb
transport: <asyncio.sslproto._SSLProtocolTransport object at 0x10264c830>
Traceback (most recent call last):
  File "/Users/divyanshgolyan/.codex/worktrees/4511/onepage/research/transport-memory/asymmetric_server.py", line 39, in accept
    data=await reader.read(min(left,16384));assert data;hasher.update(data);left-=len(data);request_bytes+=len(data)
                                                   ^^^^
AssertionError
Unhandled exception in client_connected_cb
transport: <asyncio.sslproto._SSLProtocolTransport object at 0x10264c7a0>
Traceback (most recent call last):
  File "/Users/divyanshgolyan/.codex/worktrees/4511/onepage/research/transport-memory/asymmetric_server.py", line 39, in accept
    data=await reader.read(min(left,16384));assert data;hasher.update(data);left-=len(data);request_bytes+=len(data)
                                                   ^^^^
AssertionError
Unhandled exception in client_connected_cb
transport: <asyncio.sslproto._SSLProtocolTransport object at 0x10264c710>
Traceback (most recent call last):
  File "/Users/divyanshgolyan/.codex/worktrees/4511/onepage/research/transport-memory/asymmetric_server.py", line 39, in accept
    data=await reader.read(min(left,16384));assert data;hasher.update(data);left-=len(data);request_bytes+=len(data)
                                                   ^^^^
AssertionError
Unhandled exception in client_connected_cb
transport: <asyncio.sslproto._SSLProtocolTransport object at 0x10264c680>
Traceback (most recent call last):
  File "/Users/divyanshgolyan/.codex/worktrees/4511/onepage/research/transport-memory/asymmetric_server.py", line 39, in accept
    data=await reader.read(min(left,16384));assert data;hasher.update(data);left-=len(data);request_bytes+=len(data)
                                                   ^^^^
AssertionError
Unhandled exception in client_connected_cb
transport: <asyncio.sslproto._SSLProtocolTransport object at 0x10264c5f0>
Traceback (most recent call last):
  File "/Users/divyanshgolyan/.codex/worktrees/4511/onepage/research/transport-memory/asymmetric_server.py", line 39, in accept
    data=await reader.read(min(left,16384));assert data;hasher.update(data);left-=len(data);request_bytes+=len(data)
                                                   ^^^^
AssertionError
Unhandled exception in client_connected_cb
transport: <asyncio.sslproto._SSLProtocolTransport object at 0x10264c560>
Traceback (most recent call last):
  File "/Users/divyanshgolyan/.codex/worktrees/4511/onepage/research/transport-memory/asymmetric_server.py", line 39, in accept
    data=await reader.read(min(left,16384));assert data;hasher.update(data);left-=len(data);request_bytes+=len(data)
                                                   ^^^^
AssertionError
Unhandled exception in client_connected_cb
transport: <asyncio.sslproto._SSLProtocolTransport object at 0x10264c4d0>
Traceback (most recent call last):
  File "/Users/divyanshgolyan/.codex/worktrees/4511/onepage/research/transport-memory/asymmetric_server.py", line 39, in accept
    data=await reader.read(min(left,16384));assert data;hasher.update(data);left-=len(data);request_bytes+=len(data)
                                                   ^^^^
AssertionError
Unhandled exception in client_connected_cb
transport: <asyncio.sslproto._SSLProtocolTransport object at 0x10264c440>
Traceback (most recent call last):
  File "/Users/divyanshgolyan/.codex/worktrees/4511/onepage/research/transport-memory/asymmetric_server.py", line 39, in accept
    data=await reader.read(min(left,16384));assert data;hasher.update(data);left-=len(data);request_bytes+=len(data)
                                                   ^^^^
AssertionError
Unhandled exception in client_connected_cb
transport: <asyncio.sslproto._SSLProtocolTransport object at 0x10264c3b0>
Traceback (most recent call last):
  File "/Users/divyanshgolyan/.codex/worktrees/4511/onepage/research/transport-memory/asymmetric_server.py", line 39, in accept
    data=await reader.read(min(left,16384));assert data;hasher.update(data);left-=len(data);request_bytes+=len(data)
                                                   ^^^^
AssertionError
Unhandled exception in client_connected_cb
transport: <asyncio.sslproto._SSLProtocolTransport object at 0x10264c320>
Traceback (most recent call last):
  File "/Users/divyanshgolyan/.codex/worktrees/4511/onepage/research/transport-memory/asymmetric_server.py", line 39, in accept
    data=await reader.read(min(left,16384));assert data;hasher.update(data);left-=len(data);request_bytes+=len(data)
                                                   ^^^^
AssertionError
Unhandled exception in client_connected_cb
transport: <asyncio.sslproto._SSLProtocolTransport object at 0x10264c290>
Traceback (most recent call last):
  File "/Users/divyanshgolyan/.codex/worktrees/4511/onepage/research/transport-memory/asymmetric_server.py", line 39, in accept
    data=await reader.read(min(left,16384));assert data;hasher.update(data);left-=len(data);request_bytes+=len(data)
                                                   ^^^^
AssertionError
Unhandled exception in client_connected_cb
transport: <asyncio.sslproto._SSLProtocolTransport object at 0x10264c200>
Traceback (most recent call last):
  File "/Users/divyanshgolyan/.codex/worktrees/4511/onepage/research/transport-memory/asymmetric_server.py", line 39, in accept
    data=await reader.read(min(left,16384));assert data;hasher.update(data);left-=len(data);request_bytes+=len(data)
                                                   ^^^^
AssertionError
Unhandled exception in client_connected_cb
transport: <asyncio.sslproto._SSLProtocolTransport object at 0x10264c170>
Traceback (most recent call last):
  File "/Users/divyanshgolyan/.codex/worktrees/4511/onepage/research/transport-memory/asymmetric_server.py", line 39, in accept
    data=await reader.read(min(left,16384));assert data;hasher.update(data);left-=len(data);request_bytes+=len(data)
                                                   ^^^^
AssertionError
Unhandled exception in client_connected_cb
transport: <asyncio.sslproto._SSLProtocolTransport object at 0x10264c0e0>
Traceback (most recent call last):
  File "/Users/divyanshgolyan/.codex/worktrees/4511/onepage/research/transport-memory/asymmetric_server.py", line 39, in accept
    data=await reader.read(min(left,16384));assert data;hasher.update(data);left-=len(data);request_bytes+=len(data)
                                                   ^^^^
AssertionError
Unhandled exception in client_connected_cb
transport: <asyncio.sslproto._SSLProtocolTransport object at 0x10264c050>
Traceback (most recent call last):
  File "/Users/divyanshgolyan/.codex/worktrees/4511/onepage/research/transport-memory/asymmetric_server.py", line 39, in accept
    data=await reader.read(min(left,16384));assert data;hasher.update(data);left-=len(data);request_bytes+=len(data)
                                                   ^^^^
AssertionError
Unhandled exception in client_connected_cb
transport: <asyncio.sslproto._SSLProtocolTransport object at 0x1025aff50>
Traceback (most recent call last):
  File "/Users/divyanshgolyan/.codex/worktrees/4511/onepage/research/transport-memory/asymmetric_server.py", line 39, in accept
    data=await reader.read(min(left,16384));assert data;hasher.update(data);left-=len(data);request_bytes+=len(data)
                                                   ^^^^
AssertionError
Unhandled exception in client_connected_cb
transport: <asyncio.sslproto._SSLProtocolTransport object at 0x1025afec0>
Traceback (most recent call last):
  File "/Users/divyanshgolyan/.codex/worktrees/4511/onepage/research/transport-memory/asymmetric_server.py", line 39, in accept
    data=await reader.read(min(left,16384));assert data;hasher.update(data);left-=len(data);request_bytes+=len(data)
                                                   ^^^^
AssertionError
Unhandled exception in client_connected_cb
transport: <asyncio.sslproto._SSLProtocolTransport object at 0x1025afe30>
Traceback (most recent call last):
  File "/Users/divyanshgolyan/.codex/worktrees/4511/onepage/research/transport-memory/asymmetric_server.py", line 39, in accept
    data=await reader.read(min(left,16384));assert data;hasher.update(data);left-=len(data);request_bytes+=len(data)
                                                   ^^^^
AssertionError
Unhandled exception in client_connected_cb
transport: <asyncio.sslproto._SSLProtocolTransport object at 0x1025afda0>
Traceback (most recent call last):
  File "/Users/divyanshgolyan/.codex/worktrees/4511/onepage/research/transport-memory/asymmetric_server.py", line 39, in accept
    data=await reader.read(min(left,16384));assert data;hasher.update(data);left-=len(data);request_bytes+=len(data)
                                                   ^^^^
AssertionError
Unhandled exception in client_connected_cb
transport: <asyncio.sslproto._SSLProtocolTransport object at 0x1025afd10>
Traceback (most recent call last):
  File "/Users/divyanshgolyan/.codex/worktrees/4511/onepage/research/transport-memory/asymmetric_server.py", line 39, in accept
    data=await reader.read(min(left,16384));assert data;hasher.update(data);left-=len(data);request_bytes+=len(data)
                                                   ^^^^
AssertionError
Unhandled exception in client_connected_cb
transport: <asyncio.sslproto._SSLProtocolTransport object at 0x1025afc80>
Traceback (most recent call last):
  File "/Users/divyanshgolyan/.codex/worktrees/4511/onepage/research/transport-memory/asymmetric_server.py", line 39, in accept
    data=await reader.read(min(left,16384));assert data;hasher.update(data);left-=len(data);request_bytes+=len(data)
                                                   ^^^^
AssertionError
Unhandled exception in client_connected_cb
transport: <asyncio.sslproto._SSLProtocolTransport object at 0x1025afbf0>
Traceback (most recent call last):
  File "/Users/divyanshgolyan/.codex/worktrees/4511/onepage/research/transport-memory/asymmetric_server.py", line 39, in accept
    data=await reader.read(min(left,16384));assert data;hasher.update(data);left-=len(data);request_bytes+=len(data)
                                                   ^^^^
AssertionError
Unhandled exception in client_connected_cb
transport: <asyncio.sslproto._SSLProtocolTransport object at 0x1025afb60>
Traceback (most recent call last):
  File "/Users/divyanshgolyan/.codex/worktrees/4511/onepage/research/transport-memory/asymmetric_server.py", line 39, in accept
    data=await reader.read(min(left,16384));assert data;hasher.update(data);left-=len(data);request_bytes+=len(data)
                                                   ^^^^
AssertionError
Unhandled exception in client_connected_cb
transport: <asyncio.sslproto._SSLProtocolTransport object at 0x1025afad0>
Traceback (most recent call last):
  File "/Users/divyanshgolyan/.codex/worktrees/4511/onepage/research/transport-memory/asymmetric_server.py", line 39, in accept
    data=await reader.read(min(left,16384));assert data;hasher.update(data);left-=len(data);request_bytes+=len(data)
                                                   ^^^^
AssertionError
Unhandled exception in client_connected_cb
transport: <asyncio.sslproto._SSLProtocolTransport object at 0x1025afa40>
Traceback (most recent call last):
  File "/Users/divyanshgolyan/.codex/worktrees/4511/onepage/research/transport-memory/asymmetric_server.py", line 39, in accept
    data=await reader.read(min(left,16384));assert data;hasher.update(data);left-=len(data);request_bytes+=len(data)
                                                   ^^^^
AssertionError
Unhandled exception in client_connected_cb
transport: <asyncio.sslproto._SSLProtocolTransport object at 0x1025af9b0>
Traceback (most recent call last):
  File "/Users/divyanshgolyan/.codex/worktrees/4511/onepage/research/transport-memory/asymmetric_server.py", line 39, in accept
    data=await reader.read(min(left,16384));assert data;hasher.update(data);left-=len(data);request_bytes+=len(data)
                                                   ^^^^
AssertionError
Unhandled exception in client_connected_cb
transport: <asyncio.sslproto._SSLProtocolTransport object at 0x1025af920>
Traceback (most recent call last):
  File "/Users/divyanshgolyan/.codex/worktrees/4511/onepage/research/transport-memory/asymmetric_server.py", line 39, in accept
    data=await reader.read(min(left,16384));assert data;hasher.update(data);left-=len(data);request_bytes+=len(data)
                                                   ^^^^
AssertionError
Unhandled exception in client_connected_cb
transport: <asyncio.sslproto._SSLProtocolTransport object at 0x1025af890>
Traceback (most recent call last):
  File "/Users/divyanshgolyan/.codex/worktrees/4511/onepage/research/transport-memory/asymmetric_server.py", line 39, in accept
    data=await reader.read(min(left,16384));assert data;hasher.update(data);left-=len(data);request_bytes+=len(data)
                                                   ^^^^
AssertionError
Unhandled exception in client_connected_cb
transport: <asyncio.sslproto._SSLProtocolTransport object at 0x1025af800>
Traceback (most recent call last):
  File "/Users/divyanshgolyan/.codex/worktrees/4511/onepage/research/transport-memory/asymmetric_server.py", line 39, in accept
    data=await reader.read(min(left,16384));assert data;hasher.update(data);left-=len(data);request_bytes+=len(data)
                                                   ^^^^
AssertionError
Unhandled exception in client_connected_cb
transport: <asyncio.sslproto._SSLProtocolTransport object at 0x1025af770>
Traceback (most recent call last):
  File "/Users/divyanshgolyan/.codex/worktrees/4511/onepage/research/transport-memory/asymmetric_server.py", line 39, in accept
    data=await reader.read(min(left,16384));assert data;hasher.update(data);left-=len(data);request_bytes+=len(data)
                                                   ^^^^
AssertionError
Unhandled exception in client_connected_cb
transport: <asyncio.sslproto._SSLProtocolTransport object at 0x1025af6e0>
Traceback (most recent call last):
  File "/Users/divyanshgolyan/.codex/worktrees/4511/onepage/research/transport-memory/asymmetric_server.py", line 39, in accept
    data=await reader.read(min(left,16384));assert data;hasher.update(data);left-=len(data);request_bytes+=len(data)
                                                   ^^^^
AssertionError
Unhandled exception in client_connected_cb
transport: <asyncio.sslproto._SSLProtocolTransport object at 0x1025af650>
Traceback (most recent call last):
  File "/Users/divyanshgolyan/.codex/worktrees/4511/onepage/research/transport-memory/asymmetric_server.py", line 39, in accept
    data=await reader.read(min(left,16384));assert data;hasher.update(data);left-=len(data);request_bytes+=len(data)
                                                   ^^^^
AssertionError
Unhandled exception in client_connected_cb
transport: <asyncio.sslproto._SSLProtocolTransport object at 0x1025af5c0>
Traceback (most recent call last):
  File "/Users/divyanshgolyan/.codex/worktrees/4511/onepage/research/transport-memory/asymmetric_server.py", line 39, in accept
    data=await reader.read(min(left,16384));assert data;hasher.update(data);left-=len(data);request_bytes+=len(data)
                                                   ^^^^
AssertionError
Unhandled exception in client_connected_cb
transport: <asyncio.sslproto._SSLProtocolTransport object at 0x1025af530>
Traceback (most recent call last):
  File "/Users/divyanshgolyan/.codex/worktrees/4511/onepage/research/transport-memory/asymmetric_server.py", line 39, in accept
    data=await reader.read(min(left,16384));assert data;hasher.update(data);left-=len(data);request_bytes+=len(data)
                                                   ^^^^
AssertionError
Unhandled exception in client_connected_cb
transport: <asyncio.sslproto._SSLProtocolTransport object at 0x1025af4a0>
Traceback (most recent call last):
  File "/Users/divyanshgolyan/.codex/worktrees/4511/onepage/research/transport-memory/asymmetric_server.py", line 39, in accept
    data=await reader.read(min(left,16384));assert data;hasher.update(data);left-=len(data);request_bytes+=len(data)
                                                   ^^^^
AssertionError
Unhandled exception in client_connected_cb
transport: <asyncio.sslproto._SSLProtocolTransport object at 0x1025af410>
Traceback (most recent call last):
  File "/Users/divyanshgolyan/.codex/worktrees/4511/onepage/research/transport-memory/asymmetric_server.py", line 39, in accept
    data=await reader.read(min(left,16384));assert data;hasher.update(data);left-=len(data);request_bytes+=len(data)
                                                   ^^^^
AssertionError
Unhandled exception in client_connected_cb
transport: <asyncio.sslproto._SSLProtocolTransport object at 0x1025af380>
Traceback (most recent call last):
  File "/Users/divyanshgolyan/.codex/worktrees/4511/onepage/research/transport-memory/asymmetric_server.py", line 39, in accept
    data=await reader.read(min(left,16384));assert data;hasher.update(data);left-=len(data);request_bytes+=len(data)
                                                   ^^^^
AssertionError
Unhandled exception in client_connected_cb
transport: <asyncio.sslproto._SSLProtocolTransport object at 0x1025af2f0>
Traceback (most recent call last):
  File "/Users/divyanshgolyan/.codex/worktrees/4511/onepage/research/transport-memory/asymmetric_server.py", line 39, in accept
    data=await reader.read(min(left,16384));assert data;hasher.update(data);left-=len(data);request_bytes+=len(data)
                                                   ^^^^
AssertionError
Unhandled exception in client_connected_cb
transport: <asyncio.sslproto._SSLProtocolTransport object at 0x1025af260>
Traceback (most recent call last):
  File "/Users/divyanshgolyan/.codex/worktrees/4511/onepage/research/transport-memory/asymmetric_server.py", line 39, in accept
    data=await reader.read(min(left,16384));assert data;hasher.update(data);left-=len(data);request_bytes+=len(data)
                                                   ^^^^
AssertionError
Unhandled exception in client_connected_cb
transport: <asyncio.sslproto._SSLProtocolTransport object at 0x1025af1d0>
Traceback (most recent call last):
  File "/Users/divyanshgolyan/.codex/worktrees/4511/onepage/research/transport-memory/asymmetric_server.py", line 39, in accept
    data=await reader.read(min(left,16384));assert data;hasher.update(data);left-=len(data);request_bytes+=len(data)
                                                   ^^^^
AssertionError
Unhandled exception in client_connected_cb
transport: <asyncio.sslproto._SSLProtocolTransport object at 0x1025af140>
Traceback (most recent call last):
  File "/Users/divyanshgolyan/.codex/worktrees/4511/onepage/research/transport-memory/asymmetric_server.py", line 39, in accept
    data=await reader.read(min(left,16384));assert data;hasher.update(data);left-=len(data);request_bytes+=len(data)
                                                   ^^^^
AssertionError
Unhandled exception in client_connected_cb
transport: <asyncio.sslproto._SSLProtocolTransport object at 0x1025af0b0>
Traceback (most recent call last):
  File "/Users/divyanshgolyan/.codex/worktrees/4511/onepage/research/transport-memory/asymmetric_server.py", line 39, in accept
    data=await reader.read(min(left,16384));assert data;hasher.update(data);left-=len(data);request_bytes+=len(data)
                                                   ^^^^
AssertionError
Unhandled exception in client_connected_cb
transport: <asyncio.sslproto._SSLProtocolTransport object at 0x1025af020>
Traceback (most recent call last):
  File "/Users/divyanshgolyan/.codex/worktrees/4511/onepage/research/transport-memory/asymmetric_server.py", line 39, in accept
    data=await reader.read(min(left,16384));assert data;hasher.update(data);left-=len(data);request_bytes+=len(data)
                                                   ^^^^
AssertionError
Unhandled exception in client_connected_cb
transport: <asyncio.sslproto._SSLProtocolTransport object at 0x1025aef90>
Traceback (most recent call last):
  File "/Users/divyanshgolyan/.codex/worktrees/4511/onepage/research/transport-memory/asymmetric_server.py", line 39, in accept
    data=await reader.read(min(left,16384));assert data;hasher.update(data);left-=len(data);request_bytes+=len(data)
                                                   ^^^^
AssertionError
Unhandled exception in client_connected_cb
transport: <asyncio.sslproto._SSLProtocolTransport object at 0x1025aef00>
Traceback (most recent call last):
  File "/Users/divyanshgolyan/.codex/worktrees/4511/onepage/research/transport-memory/asymmetric_server.py", line 39, in accept
    data=await reader.read(min(left,16384));assert data;hasher.update(data);left-=len(data);request_bytes+=len(data)
                                                   ^^^^
AssertionError
Unhandled exception in client_connected_cb
transport: <asyncio.sslproto._SSLProtocolTransport object at 0x1025aee70>
Traceback (most recent call last):
  File "/Users/divyanshgolyan/.codex/worktrees/4511/onepage/research/transport-memory/asymmetric_server.py", line 39, in accept
    data=await reader.read(min(left,16384));assert data;hasher.update(data);left-=len(data);request_bytes+=len(data)
                                                   ^^^^
AssertionError
Unhandled exception in client_connected_cb
transport: <asyncio.sslproto._SSLProtocolTransport object at 0x1025aede0>
Traceback (most recent call last):
  File "/Users/divyanshgolyan/.codex/worktrees/4511/onepage/research/transport-memory/asymmetric_server.py", line 39, in accept
    data=await reader.read(min(left,16384));assert data;hasher.update(data);left-=len(data);request_bytes+=len(data)
                                                   ^^^^
AssertionError
Unhandled exception in client_connected_cb
transport: <asyncio.sslproto._SSLProtocolTransport object at 0x1025aed50>
Traceback (most recent call last):
  File "/Users/divyanshgolyan/.codex/worktrees/4511/onepage/research/transport-memory/asymmetric_server.py", line 39, in accept
    data=await reader.read(min(left,16384));assert data;hasher.update(data);left-=len(data);request_bytes+=len(data)
                                                   ^^^^
AssertionError
Unhandled exception in client_connected_cb
transport: <asyncio.sslproto._SSLProtocolTransport object at 0x1025aecc0>
Traceback (most recent call last):
  File "/Users/divyanshgolyan/.codex/worktrees/4511/onepage/research/transport-memory/asymmetric_server.py", line 39, in accept
    data=await reader.read(min(left,16384));assert data;hasher.update(data);left-=len(data);request_bytes+=len(data)
                                                   ^^^^
AssertionError
Unhandled exception in client_connected_cb
transport: <asyncio.sslproto._SSLProtocolTransport object at 0x1025aec30>
Traceback (most recent call last):
  File "/Users/divyanshgolyan/.codex/worktrees/4511/onepage/research/transport-memory/asymmetric_server.py", line 39, in accept
    data=await reader.read(min(left,16384));assert data;hasher.update(data);left-=len(data);request_bytes+=len(data)
                                                   ^^^^
AssertionError
Unhandled exception in client_connected_cb
transport: <asyncio.sslproto._SSLProtocolTransport object at 0x1025aeba0>
Traceback (most recent call last):
  File "/Users/divyanshgolyan/.codex/worktrees/4511/onepage/research/transport-memory/asymmetric_server.py", line 39, in accept
    data=await reader.read(min(left,16384));assert data;hasher.update(data);left-=len(data);request_bytes+=len(data)
                                                   ^^^^
AssertionError
Unhandled exception in client_connected_cb
transport: <asyncio.sslproto._SSLProtocolTransport object at 0x1025aeb10>
Traceback (most recent call last):
  File "/Users/divyanshgolyan/.codex/worktrees/4511/onepage/research/transport-memory/asymmetric_server.py", line 39, in accept
    data=await reader.read(min(left,16384));assert data;hasher.update(data);left-=len(data);request_bytes+=len(data)
                                                   ^^^^
AssertionError
Unhandled exception in client_connected_cb
transport: <asyncio.sslproto._SSLProtocolTransport object at 0x1025aea80>
Traceback (most recent call last):
  File "/Users/divyanshgolyan/.codex/worktrees/4511/onepage/research/transport-memory/asymmetric_server.py", line 39, in accept
    data=await reader.read(min(left,16384));assert data;hasher.update(data);left-=len(data);request_bytes+=len(data)
                                                   ^^^^
AssertionError
Unhandled exception in client_connected_cb
transport: <asyncio.sslproto._SSLProtocolTransport object at 0x1025ae9f0>
Traceback (most recent call last):
  File "/Users/divyanshgolyan/.codex/worktrees/4511/onepage/research/transport-memory/asymmetric_server.py", line 39, in accept
    data=await reader.read(min(left,16384));assert data;hasher.update(data);left-=len(data);request_bytes+=len(data)
                                                   ^^^^
AssertionError
Unhandled exception in client_connected_cb
transport: <asyncio.sslproto._SSLProtocolTransport object at 0x1025ae960>
Traceback (most recent call last):
  File "/Users/divyanshgolyan/.codex/worktrees/4511/onepage/research/transport-memory/asymmetric_server.py", line 39, in accept
    data=await reader.read(min(left,16384));assert data;hasher.update(data);left-=len(data);request_bytes+=len(data)
                                                   ^^^^
AssertionError
Unhandled exception in client_connected_cb
transport: <asyncio.sslproto._SSLProtocolTransport object at 0x1025ae8d0>
Traceback (most recent call last):
  File "/Users/divyanshgolyan/.codex/worktrees/4511/onepage/research/transport-memory/asymmetric_server.py", line 39, in accept
    data=await reader.read(min(left,16384));assert data;hasher.update(data);left-=len(data);request_bytes+=len(data)
                                                   ^^^^
AssertionError
Unhandled exception in client_connected_cb
transport: <asyncio.sslproto._SSLProtocolTransport object at 0x1025ae840>
Traceback (most recent call last):
  File "/Users/divyanshgolyan/.codex/worktrees/4511/onepage/research/transport-memory/asymmetric_server.py", line 39, in accept
    data=await reader.read(min(left,16384));assert data;hasher.update(data);left-=len(data);request_bytes+=len(data)
                                                   ^^^^
AssertionError
Unhandled exception in client_connected_cb
transport: <asyncio.sslproto._SSLProtocolTransport object at 0x1025ae7b0>
Traceback (most recent call last):
  File "/Users/divyanshgolyan/.codex/worktrees/4511/onepage/research/transport-memory/asymmetric_server.py", line 39, in accept
    data=await reader.read(min(left,16384));assert data;hasher.update(data);left-=len(data);request_bytes+=len(data)
                                                   ^^^^
AssertionError
Unhandled exception in client_connected_cb
transport: <asyncio.sslproto._SSLProtocolTransport object at 0x1025ae720>
Traceback (most recent call last):
  File "/Users/divyanshgolyan/.codex/worktrees/4511/onepage/research/transport-memory/asymmetric_server.py", line 39, in accept
    data=await reader.read(min(left,16384));assert data;hasher.update(data);left-=len(data);request_bytes+=len(data)
                                                   ^^^^
AssertionError
Unhandled exception in client_connected_cb
transport: <asyncio.sslproto._SSLProtocolTransport object at 0x1025ae690>
Traceback (most recent call last):
  File "/Users/divyanshgolyan/.codex/worktrees/4511/onepage/research/transport-memory/asymmetric_server.py", line 39, in accept
    data=await reader.read(min(left,16384));assert data;hasher.update(data);left-=len(data);request_bytes+=len(data)
                                                   ^^^^
AssertionError
Unhandled exception in client_connected_cb
transport: <asyncio.sslproto._SSLProtocolTransport object at 0x1025ae600>
Traceback (most recent call last):
  File "/Users/divyanshgolyan/.codex/worktrees/4511/onepage/research/transport-memory/asymmetric_server.py", line 39, in accept
    data=await reader.read(min(left,16384));assert data;hasher.update(data);left-=len(data);request_bytes+=len(data)
                                                   ^^^^
AssertionError
Unhandled exception in client_connected_cb
transport: <asyncio.sslproto._SSLProtocolTransport object at 0x1025ae570>
Traceback (most recent call last):
  File "/Users/divyanshgolyan/.codex/worktrees/4511/onepage/research/transport-memory/asymmetric_server.py", line 39, in accept
    data=await reader.read(min(left,16384));assert data;hasher.update(data);left-=len(data);request_bytes+=len(data)
                                                   ^^^^
AssertionError
Unhandled exception in client_connected_cb
transport: <asyncio.sslproto._SSLProtocolTransport object at 0x1025ae4e0>
Traceback (most recent call last):
  File "/Users/divyanshgolyan/.codex/worktrees/4511/onepage/research/transport-memory/asymmetric_server.py", line 39, in accept
    data=await reader.read(min(left,16384));assert data;hasher.update(data);left-=len(data);request_bytes+=len(data)
                                                   ^^^^
AssertionError
Unhandled exception in client_connected_cb
transport: <asyncio.sslproto._SSLProtocolTransport object at 0x1025ae450>
Traceback (most recent call last):
  File "/Users/divyanshgolyan/.codex/worktrees/4511/onepage/research/transport-memory/asymmetric_server.py", line 39, in accept
    data=await reader.read(min(left,16384));assert data;hasher.update(data);left-=len(data);request_bytes+=len(data)
                                                   ^^^^
AssertionError
Unhandled exception in client_connected_cb
transport: <asyncio.sslproto._SSLProtocolTransport object at 0x1025ae3c0>
Traceback (most recent call last):
  File "/Users/divyanshgolyan/.codex/worktrees/4511/onepage/research/transport-memory/asymmetric_server.py", line 39, in accept
    data=await reader.read(min(left,16384));assert data;hasher.update(data);left-=len(data);request_bytes+=len(data)
                                                   ^^^^
AssertionError
Unhandled exception in client_connected_cb
transport: <asyncio.sslproto._SSLProtocolTransport object at 0x1025ae330>
Traceback (most recent call last):
  File "/Users/divyanshgolyan/.codex/worktrees/4511/onepage/research/transport-memory/asymmetric_server.py", line 39, in accept
    data=await reader.read(min(left,16384));assert data;hasher.update(data);left-=len(data);request_bytes+=len(data)
                                                   ^^^^
AssertionError
Unhandled exception in client_connected_cb
transport: <asyncio.sslproto._SSLProtocolTransport object at 0x1025ae2a0>
Traceback (most recent call last):
  File "/Users/divyanshgolyan/.codex/worktrees/4511/onepage/research/transport-memory/asymmetric_server.py", line 39, in accept
    data=await reader.read(min(left,16384));assert data;hasher.update(data);left-=len(data);request_bytes+=len(data)
                                                   ^^^^
AssertionError
Unhandled exception in client_connected_cb
transport: <asyncio.sslproto._SSLProtocolTransport object at 0x1025ae210>
Traceback (most recent call last):
  File "/Users/divyanshgolyan/.codex/worktrees/4511/onepage/research/transport-memory/asymmetric_server.py", line 39, in accept
    data=await reader.read(min(left,16384));assert data;hasher.update(data);left-=len(data);request_bytes+=len(data)
                                                   ^^^^
AssertionError
Unhandled exception in client_connected_cb
transport: <asyncio.sslproto._SSLProtocolTransport object at 0x1025ae180>
Traceback (most recent call last):
  File "/Users/divyanshgolyan/.codex/worktrees/4511/onepage/research/transport-memory/asymmetric_server.py", line 39, in accept
    data=await reader.read(min(left,16384));assert data;hasher.update(data);left-=len(data);request_bytes+=len(data)
                                                   ^^^^
AssertionError
Unhandled exception in client_connected_cb
transport: <asyncio.sslproto._SSLProtocolTransport object at 0x1025ae0f0>
Traceback (most recent call last):
  File "/Users/divyanshgolyan/.codex/worktrees/4511/onepage/research/transport-memory/asymmetric_server.py", line 39, in accept
    data=await reader.read(min(left,16384));assert data;hasher.update(data);left-=len(data);request_bytes+=len(data)
                                                   ^^^^
AssertionError
Unhandled exception in client_connected_cb
transport: <asyncio.sslproto._SSLProtocolTransport object at 0x1025ae060>
Traceback (most recent call last):
  File "/Users/divyanshgolyan/.codex/worktrees/4511/onepage/research/transport-memory/asymmetric_server.py", line 39, in accept
    data=await reader.read(min(left,16384));assert data;hasher.update(data);left-=len(data);request_bytes+=len(data)
                                                   ^^^^
AssertionError
Unhandled exception in client_connected_cb
transport: <asyncio.sslproto._SSLProtocolTransport object at 0x1025adfd0>
Traceback (most recent call last):
  File "/Users/divyanshgolyan/.codex/worktrees/4511/onepage/research/transport-memory/asymmetric_server.py", line 39, in accept
    data=await reader.read(min(left,16384));assert data;hasher.update(data);left-=len(data);request_bytes+=len(data)
                                                   ^^^^
AssertionError
Unhandled exception in client_connected_cb
transport: <asyncio.sslproto._SSLProtocolTransport object at 0x1025adf40>
Traceback (most recent call last):
  File "/Users/divyanshgolyan/.codex/worktrees/4511/onepage/research/transport-memory/asymmetric_server.py", line 39, in accept
    data=await reader.read(min(left,16384));assert data;hasher.update(data);left-=len(data);request_bytes+=len(data)
                                                   ^^^^
AssertionError
Unhandled exception in client_connected_cb
transport: <asyncio.sslproto._SSLProtocolTransport object at 0x1025adeb0>
Traceback (most recent call last):
  File "/Users/divyanshgolyan/.codex/worktrees/4511/onepage/research/transport-memory/asymmetric_server.py", line 39, in accept
    data=await reader.read(min(left,16384));assert data;hasher.update(data);left-=len(data);request_bytes+=len(data)
                                                   ^^^^
AssertionError
Unhandled exception in client_connected_cb
transport: <asyncio.sslproto._SSLProtocolTransport object at 0x1025ade20>
Traceback (most recent call last):
  File "/Users/divyanshgolyan/.codex/worktrees/4511/onepage/research/transport-memory/asymmetric_server.py", line 39, in accept
    data=await reader.read(min(left,16384));assert data;hasher.update(data);left-=len(data);request_bytes+=len(data)
                                                   ^^^^
AssertionError
Unhandled exception in client_connected_cb
transport: <asyncio.sslproto._SSLProtocolTransport object at 0x1025add90>
Traceback (most recent call last):
  File "/Users/divyanshgolyan/.codex/worktrees/4511/onepage/research/transport-memory/asymmetric_server.py", line 39, in accept
    data=await reader.read(min(left,16384));assert data;hasher.update(data);left-=len(data);request_bytes+=len(data)
                                                   ^^^^
AssertionError
Unhandled exception in client_connected_cb
transport: <asyncio.sslproto._SSLProtocolTransport object at 0x1025add00>
Traceback (most recent call last):
  File "/Users/divyanshgolyan/.codex/worktrees/4511/onepage/research/transport-memory/asymmetric_server.py", line 39, in accept
    data=await reader.read(min(left,16384));assert data;hasher.update(data);left-=len(data);request_bytes+=len(data)
                                                   ^^^^
AssertionError
Unhandled exception in client_connected_cb
transport: <asyncio.sslproto._SSLProtocolTransport object at 0x1025adc70>
Traceback (most recent call last):
  File "/Users/divyanshgolyan/.codex/worktrees/4511/onepage/research/transport-memory/asymmetric_server.py", line 39, in accept
    data=await reader.read(min(left,16384));assert data;hasher.update(data);left-=len(data);request_bytes+=len(data)
                                                   ^^^^
AssertionError
Unhandled exception in client_connected_cb
transport: <asyncio.sslproto._SSLProtocolTransport object at 0x1025adbe0>
Traceback (most recent call last):
  File "/Users/divyanshgolyan/.codex/worktrees/4511/onepage/research/transport-memory/asymmetric_server.py", line 39, in accept
    data=await reader.read(min(left,16384));assert data;hasher.update(data);left-=len(data);request_bytes+=len(data)
                                                   ^^^^
AssertionError
Unhandled exception in client_connected_cb
transport: <asyncio.sslproto._SSLProtocolTransport object at 0x1025adb50>
Traceback (most recent call last):
  File "/Users/divyanshgolyan/.codex/worktrees/4511/onepage/research/transport-memory/asymmetric_server.py", line 39, in accept
    data=await reader.read(min(left,16384));assert data;hasher.update(data);left-=len(data);request_bytes+=len(data)
                                                   ^^^^
AssertionError
Unhandled exception in client_connected_cb
transport: <asyncio.sslproto._SSLProtocolTransport object at 0x1025adac0>
Traceback (most recent call last):
  File "/Users/divyanshgolyan/.codex/worktrees/4511/onepage/research/transport-memory/asymmetric_server.py", line 39, in accept
    data=await reader.read(min(left,16384));assert data;hasher.update(data);left-=len(data);request_bytes+=len(data)
                                                   ^^^^
AssertionError
Unhandled exception in client_connected_cb
transport: <asyncio.sslproto._SSLProtocolTransport object at 0x1025ada30>
Traceback (most recent call last):
  File "/Users/divyanshgolyan/.codex/worktrees/4511/onepage/research/transport-memory/asymmetric_server.py", line 39, in accept
    data=await reader.read(min(left,16384));assert data;hasher.update(data);left-=len(data);request_bytes+=len(data)
                                                   ^^^^
AssertionError
Unhandled exception in client_connected_cb
transport: <asyncio.sslproto._SSLProtocolTransport object at 0x1025ad9a0>
Traceback (most recent call last):
  File "/Users/divyanshgolyan/.codex/worktrees/4511/onepage/research/transport-memory/asymmetric_server.py", line 39, in accept
    data=await reader.read(min(left,16384));assert data;hasher.update(data);left-=len(data);request_bytes+=len(data)
                                                   ^^^^
AssertionError
Unhandled exception in client_connected_cb
transport: <asyncio.sslproto._SSLProtocolTransport object at 0x1025ad910>
Traceback (most recent call last):
  File "/Users/divyanshgolyan/.codex/worktrees/4511/onepage/research/transport-memory/asymmetric_server.py", line 39, in accept
    data=await reader.read(min(left,16384));assert data;hasher.update(data);left-=len(data);request_bytes+=len(data)
                                                   ^^^^
AssertionError
Unhandled exception in client_connected_cb
transport: <asyncio.sslproto._SSLProtocolTransport object at 0x1025ad880>
Traceback (most recent call last):
  File "/Users/divyanshgolyan/.codex/worktrees/4511/onepage/research/transport-memory/asymmetric_server.py", line 39, in accept
    data=await reader.read(min(left,16384));assert data;hasher.update(data);left-=len(data);request_bytes+=len(data)
                                                   ^^^^
AssertionError
Unhandled exception in client_connected_cb
transport: <asyncio.sslproto._SSLProtocolTransport object at 0x1025ad7f0>
Traceback (most recent call last):
  File "/Users/divyanshgolyan/.codex/worktrees/4511/onepage/research/transport-memory/asymmetric_server.py", line 39, in accept
    data=await reader.read(min(left,16384));assert data;hasher.update(data);left-=len(data);request_bytes+=len(data)
                                                   ^^^^
AssertionError
Unhandled exception in client_connected_cb
transport: <asyncio.sslproto._SSLProtocolTransport object at 0x1025ad760>
Traceback (most recent call last):
  File "/Users/divyanshgolyan/.codex/worktrees/4511/onepage/research/transport-memory/asymmetric_server.py", line 39, in accept
    data=await reader.read(min(left,16384));assert data;hasher.update(data);left-=len(data);request_bytes+=len(data)
                                                   ^^^^
AssertionError
Unhandled exception in client_connected_cb
transport: <asyncio.sslproto._SSLProtocolTransport object at 0x1025ad6d0>
Traceback (most recent call last):
  File "/Users/divyanshgolyan/.codex/worktrees/4511/onepage/research/transport-memory/asymmetric_server.py", line 39, in accept
    data=await reader.read(min(left,16384));assert data;hasher.update(data);left-=len(data);request_bytes+=len(data)
                                                   ^^^^
AssertionError
Unhandled exception in client_connected_cb
transport: <asyncio.sslproto._SSLProtocolTransport object at 0x1025ad640>
Traceback (most recent call last):
  File "/Users/divyanshgolyan/.codex/worktrees/4511/onepage/research/transport-memory/asymmetric_server.py", line 39, in accept
    data=await reader.read(min(left,16384));assert data;hasher.update(data);left-=len(data);request_bytes+=len(data)
                                                   ^^^^
AssertionError
Unhandled exception in client_connected_cb
transport: <asyncio.sslproto._SSLProtocolTransport object at 0x1025ad5b0>
Traceback (most recent call last):
  File "/Users/divyanshgolyan/.codex/worktrees/4511/onepage/research/transport-memory/asymmetric_server.py", line 39, in accept
    data=await reader.read(min(left,16384));assert data;hasher.update(data);left-=len(data);request_bytes+=len(data)
                                                   ^^^^
AssertionError
Unhandled exception in client_connected_cb
transport: <asyncio.sslproto._SSLProtocolTransport object at 0x1025ad520>
Traceback (most recent call last):
  File "/Users/divyanshgolyan/.codex/worktrees/4511/onepage/research/transport-memory/asymmetric_server.py", line 39, in accept
    data=await reader.read(min(left,16384));assert data;hasher.update(data);left-=len(data);request_bytes+=len(data)
                                                   ^^^^
AssertionError
Unhandled exception in client_connected_cb
transport: <asyncio.sslproto._SSLProtocolTransport object at 0x1025ad490>
Traceback (most recent call last):
  File "/Users/divyanshgolyan/.codex/worktrees/4511/onepage/research/transport-memory/asymmetric_server.py", line 39, in accept
    data=await reader.read(min(left,16384));assert data;hasher.update(data);left-=len(data);request_bytes+=len(data)
                                                   ^^^^
AssertionError
Unhandled exception in client_connected_cb
transport: <asyncio.sslproto._SSLProtocolTransport object at 0x1025ad400>
Traceback (most recent call last):
  File "/Users/divyanshgolyan/.codex/worktrees/4511/onepage/research/transport-memory/asymmetric_server.py", line 39, in accept
    data=await reader.read(min(left,16384));assert data;hasher.update(data);left-=len(data);request_bytes+=len(data)
                                                   ^^^^
AssertionError
Unhandled exception in client_connected_cb
transport: <asyncio.sslproto._SSLProtocolTransport object at 0x1025ad370>
Traceback (most recent call last):
  File "/Users/divyanshgolyan/.codex/worktrees/4511/onepage/research/transport-memory/asymmetric_server.py", line 39, in accept
    data=await reader.read(min(left,16384));assert data;hasher.update(data);left-=len(data);request_bytes+=len(data)
                                                   ^^^^
AssertionError
Unhandled exception in client_connected_cb
transport: <asyncio.sslproto._SSLProtocolTransport object at 0x1025ad2e0>
Traceback (most recent call last):
  File "/Users/divyanshgolyan/.codex/worktrees/4511/onepage/research/transport-memory/asymmetric_server.py", line 39, in accept
    data=await reader.read(min(left,16384));assert data;hasher.update(data);left-=len(data);request_bytes+=len(data)
                                                   ^^^^
AssertionError
Unhandled exception in client_connected_cb
transport: <asyncio.sslproto._SSLProtocolTransport object at 0x1025ad250>
Traceback (most recent call last):
  File "/Users/divyanshgolyan/.codex/worktrees/4511/onepage/research/transport-memory/asymmetric_server.py", line 39, in accept
    data=await reader.read(min(left,16384));assert data;hasher.update(data);left-=len(data);request_bytes+=len(data)
                                                   ^^^^
AssertionError
Unhandled exception in client_connected_cb
transport: <asyncio.sslproto._SSLProtocolTransport object at 0x1025ad1c0>
Traceback (most recent call last):
  File "/Users/divyanshgolyan/.codex/worktrees/4511/onepage/research/transport-memory/asymmetric_server.py", line 39, in accept
    data=await reader.read(min(left,16384));assert data;hasher.update(data);left-=len(data);request_bytes+=len(data)
                                                   ^^^^
AssertionError
Unhandled exception in client_connected_cb
transport: <asyncio.sslproto._SSLProtocolTransport object at 0x1025ad130>
Traceback (most recent call last):
  File "/Users/divyanshgolyan/.codex/worktrees/4511/onepage/research/transport-memory/asymmetric_server.py", line 39, in accept
    data=await reader.read(min(left,16384));assert data;hasher.update(data);left-=len(data);request_bytes+=len(data)
                                                   ^^^^
AssertionError
Unhandled exception in client_connected_cb
transport: <asyncio.sslproto._SSLProtocolTransport object at 0x1025ad0a0>
Traceback (most recent call last):
  File "/Users/divyanshgolyan/.codex/worktrees/4511/onepage/research/transport-memory/asymmetric_server.py", line 39, in accept
    data=await reader.read(min(left,16384));assert data;hasher.update(data);left-=len(data);request_bytes+=len(data)
                                                   ^^^^
AssertionError
Unhandled exception in client_connected_cb
transport: <asyncio.sslproto._SSLProtocolTransport object at 0x1025ad010>
Traceback (most recent call last):
  File "/Users/divyanshgolyan/.codex/worktrees/4511/onepage/research/transport-memory/asymmetric_server.py", line 39, in accept
    data=await reader.read(min(left,16384));assert data;hasher.update(data);left-=len(data);request_bytes+=len(data)
                                                   ^^^^
AssertionError
Unhandled exception in client_connected_cb
transport: <asyncio.sslproto._SSLProtocolTransport object at 0x1025acf80>
Traceback (most recent call last):
  File "/Users/divyanshgolyan/.codex/worktrees/4511/onepage/research/transport-memory/asymmetric_server.py", line 39, in accept
    data=await reader.read(min(left,16384));assert data;hasher.update(data);left-=len(data);request_bytes+=len(data)
                                                   ^^^^
AssertionError
Unhandled exception in client_connected_cb
transport: <asyncio.sslproto._SSLProtocolTransport object at 0x1025acef0>
Traceback (most recent call last):
  File "/Users/divyanshgolyan/.codex/worktrees/4511/onepage/research/transport-memory/asymmetric_server.py", line 39, in accept
    data=await reader.read(min(left,16384));assert data;hasher.update(data);left-=len(data);request_bytes+=len(data)
                                                   ^^^^
AssertionError
Unhandled exception in client_connected_cb
transport: <asyncio.sslproto._SSLProtocolTransport object at 0x1025ace60>
Traceback (most recent call last):
  File "/Users/divyanshgolyan/.codex/worktrees/4511/onepage/research/transport-memory/asymmetric_server.py", line 39, in accept
    data=await reader.read(min(left,16384));assert data;hasher.update(data);left-=len(data);request_bytes+=len(data)
                                                   ^^^^
AssertionError
Unhandled exception in client_connected_cb
transport: <asyncio.sslproto._SSLProtocolTransport object at 0x1025acdd0>
Traceback (most recent call last):
  File "/Users/divyanshgolyan/.codex/worktrees/4511/onepage/research/transport-memory/asymmetric_server.py", line 39, in accept
    data=await reader.read(min(left,16384));assert data;hasher.update(data);left-=len(data);request_bytes+=len(data)
                                                   ^^^^
AssertionError
Unhandled exception in client_connected_cb
transport: <asyncio.sslproto._SSLProtocolTransport object at 0x1025acd40>
Traceback (most recent call last):
  File "/Users/divyanshgolyan/.codex/worktrees/4511/onepage/research/transport-memory/asymmetric_server.py", line 39, in accept
    data=await reader.read(min(left,16384));assert data;hasher.update(data);left-=len(data);request_bytes+=len(data)
                                                   ^^^^
AssertionError
Unhandled exception in client_connected_cb
transport: <asyncio.sslproto._SSLProtocolTransport object at 0x1025accb0>
Traceback (most recent call last):
  File "/Users/divyanshgolyan/.codex/worktrees/4511/onepage/research/transport-memory/asymmetric_server.py", line 39, in accept
    data=await reader.read(min(left,16384));assert data;hasher.update(data);left-=len(data);request_bytes+=len(data)
                                                   ^^^^
AssertionError
Unhandled exception in client_connected_cb
transport: <asyncio.sslproto._SSLProtocolTransport object at 0x1025acc20>
Traceback (most recent call last):
  File "/Users/divyanshgolyan/.codex/worktrees/4511/onepage/research/transport-memory/asymmetric_server.py", line 39, in accept
    data=await reader.read(min(left,16384));assert data;hasher.update(data);left-=len(data);request_bytes+=len(data)
                                                   ^^^^
AssertionError
Unhandled exception in client_connected_cb
transport: <asyncio.sslproto._SSLProtocolTransport object at 0x1025acb90>
Traceback (most recent call last):
  File "/Users/divyanshgolyan/.codex/worktrees/4511/onepage/research/transport-memory/asymmetric_server.py", line 39, in accept
    data=await reader.read(min(left,16384));assert data;hasher.update(data);left-=len(data);request_bytes+=len(data)
                                                   ^^^^
AssertionError
Unhandled exception in client_connected_cb
transport: <asyncio.sslproto._SSLProtocolTransport object at 0x1025acb00>
Traceback (most recent call last):
  File "/Users/divyanshgolyan/.codex/worktrees/4511/onepage/research/transport-memory/asymmetric_server.py", line 39, in accept
    data=await reader.read(min(left,16384));assert data;hasher.update(data);left-=len(data);request_bytes+=len(data)
                                                   ^^^^
AssertionError
Unhandled exception in client_connected_cb
transport: <asyncio.sslproto._SSLProtocolTransport object at 0x1025aca70>
Traceback (most recent call last):
  File "/Users/divyanshgolyan/.codex/worktrees/4511/onepage/research/transport-memory/asymmetric_server.py", line 39, in accept
    data=await reader.read(min(left,16384));assert data;hasher.update(data);left-=len(data);request_bytes+=len(data)
                                                   ^^^^
AssertionError
Unhandled exception in client_connected_cb
transport: <asyncio.sslproto._SSLProtocolTransport object at 0x1025ac9e0>
Traceback (most recent call last):
  File "/Users/divyanshgolyan/.codex/worktrees/4511/onepage/research/transport-memory/asymmetric_server.py", line 39, in accept
    data=await reader.read(min(left,16384));assert data;hasher.update(data);left-=len(data);request_bytes+=len(data)
                                                   ^^^^
AssertionError
Unhandled exception in client_connected_cb
transport: <asyncio.sslproto._SSLProtocolTransport object at 0x1025ac950>
Traceback (most recent call last):
  File "/Users/divyanshgolyan/.codex/worktrees/4511/onepage/research/transport-memory/asymmetric_server.py", line 39, in accept
    data=await reader.read(min(left,16384));assert data;hasher.update(data);left-=len(data);request_bytes+=len(data)
                                                   ^^^^
AssertionError
Unhandled exception in client_connected_cb
transport: <asyncio.sslproto._SSLProtocolTransport object at 0x1025ac8c0>
Traceback (most recent call last):
  File "/Users/divyanshgolyan/.codex/worktrees/4511/onepage/research/transport-memory/asymmetric_server.py", line 39, in accept
    data=await reader.read(min(left,16384));assert data;hasher.update(data);left-=len(data);request_bytes+=len(data)
                                                   ^^^^
AssertionError
Unhandled exception in client_connected_cb
transport: <asyncio.sslproto._SSLProtocolTransport object at 0x1025ac830>
Traceback (most recent call last):
  File "/Users/divyanshgolyan/.codex/worktrees/4511/onepage/research/transport-memory/asymmetric_server.py", line 39, in accept
    data=await reader.read(min(left,16384));assert data;hasher.update(data);left-=len(data);request_bytes+=len(data)
                                                   ^^^^
AssertionError
Unhandled exception in client_connected_cb
transport: <asyncio.sslproto._SSLProtocolTransport object at 0x1025ac7a0>
Traceback (most recent call last):
  File "/Users/divyanshgolyan/.codex/worktrees/4511/onepage/research/transport-memory/asymmetric_server.py", line 39, in accept
    data=await reader.read(min(left,16384));assert data;hasher.update(data);left-=len(data);request_bytes+=len(data)
                                                   ^^^^
AssertionError
Unhandled exception in client_connected_cb
transport: <asyncio.sslproto._SSLProtocolTransport object at 0x1025ac710>
Traceback (most recent call last):
  File "/Users/divyanshgolyan/.codex/worktrees/4511/onepage/research/transport-memory/asymmetric_server.py", line 39, in accept
    data=await reader.read(min(left,16384));assert data;hasher.update(data);left-=len(data);request_bytes+=len(data)
                                                   ^^^^
AssertionError
Unhandled exception in client_connected_cb
transport: <asyncio.sslproto._SSLProtocolTransport object at 0x1025ac680>
Traceback (most recent call last):
  File "/Users/divyanshgolyan/.codex/worktrees/4511/onepage/research/transport-memory/asymmetric_server.py", line 39, in accept
    data=await reader.read(min(left,16384));assert data;hasher.update(data);left-=len(data);request_bytes+=len(data)
                                                   ^^^^
AssertionError
Unhandled exception in client_connected_cb
transport: <asyncio.sslproto._SSLProtocolTransport object at 0x1025ac5f0>
Traceback (most recent call last):
  File "/Users/divyanshgolyan/.codex/worktrees/4511/onepage/research/transport-memory/asymmetric_server.py", line 39, in accept
    data=await reader.read(min(left,16384));assert data;hasher.update(data);left-=len(data);request_bytes+=len(data)
                                                   ^^^^
AssertionError
Unhandled exception in client_connected_cb
transport: <asyncio.sslproto._SSLProtocolTransport object at 0x1025ac560>
Traceback (most recent call last):
  File "/Users/divyanshgolyan/.codex/worktrees/4511/onepage/research/transport-memory/asymmetric_server.py", line 39, in accept
    data=await reader.read(min(left,16384));assert data;hasher.update(data);left-=len(data);request_bytes+=len(data)
                                                   ^^^^
AssertionError
Unhandled exception in client_connected_cb
transport: <asyncio.sslproto._SSLProtocolTransport object at 0x1025ac4d0>
Traceback (most recent call last):
  File "/Users/divyanshgolyan/.codex/worktrees/4511/onepage/research/transport-memory/asymmetric_server.py", line 39, in accept
    data=await reader.read(min(left,16384));assert data;hasher.update(data);left-=len(data);request_bytes+=len(data)
                                                   ^^^^
AssertionError
Unhandled exception in client_connected_cb
transport: <asyncio.sslproto._SSLProtocolTransport object at 0x1025ac440>
Traceback (most recent call last):
  File "/Users/divyanshgolyan/.codex/worktrees/4511/onepage/research/transport-memory/asymmetric_server.py", line 39, in accept
    data=await reader.read(min(left,16384));assert data;hasher.update(data);left-=len(data);request_bytes+=len(data)
                                                   ^^^^
AssertionError
Unhandled exception in client_connected_cb
transport: <asyncio.sslproto._SSLProtocolTransport object at 0x1025ac3b0>
Traceback (most recent call last):
  File "/Users/divyanshgolyan/.codex/worktrees/4511/onepage/research/transport-memory/asymmetric_server.py", line 39, in accept
    data=await reader.read(min(left,16384));assert data;hasher.update(data);left-=len(data);request_bytes+=len(data)
                                                   ^^^^
AssertionError
Unhandled exception in client_connected_cb
transport: <asyncio.sslproto._SSLProtocolTransport object at 0x1025ac320>
Traceback (most recent call last):
  File "/Users/divyanshgolyan/.codex/worktrees/4511/onepage/research/transport-memory/asymmetric_server.py", line 39, in accept
    data=await reader.read(min(left,16384));assert data;hasher.update(data);left-=len(data);request_bytes+=len(data)
                                                   ^^^^
AssertionError
Unhandled exception in client_connected_cb
transport: <asyncio.sslproto._SSLProtocolTransport object at 0x1025ac290>
Traceback (most recent call last):
  File "/Users/divyanshgolyan/.codex/worktrees/4511/onepage/research/transport-memory/asymmetric_server.py", line 39, in accept
    data=await reader.read(min(left,16384));assert data;hasher.update(data);left-=len(data);request_bytes+=len(data)
                                                   ^^^^
AssertionError
Unhandled exception in client_connected_cb
transport: <asyncio.sslproto._SSLProtocolTransport object at 0x1025ac200>
Traceback (most recent call last):
  File "/Users/divyanshgolyan/.codex/worktrees/4511/onepage/research/transport-memory/asymmetric_server.py", line 39, in accept
    data=await reader.read(min(left,16384));assert data;hasher.update(data);left-=len(data);request_bytes+=len(data)
                                                   ^^^^
AssertionError
Unhandled exception in client_connected_cb
transport: <asyncio.sslproto._SSLProtocolTransport object at 0x1025ac170>
Traceback (most recent call last):
  File "/Users/divyanshgolyan/.codex/worktrees/4511/onepage/research/transport-memory/asymmetric_server.py", line 39, in accept
    data=await reader.read(min(left,16384));assert data;hasher.update(data);left-=len(data);request_bytes+=len(data)
                                                   ^^^^
AssertionError
Unhandled exception in client_connected_cb
transport: <asyncio.sslproto._SSLProtocolTransport object at 0x1025ac0e0>
Traceback (most recent call last):
  File "/Users/divyanshgolyan/.codex/worktrees/4511/onepage/research/transport-memory/asymmetric_server.py", line 39, in accept
    data=await reader.read(min(left,16384));assert data;hasher.update(data);left-=len(data);request_bytes+=len(data)
                                                   ^^^^
AssertionError
Unhandled exception in client_connected_cb
transport: <asyncio.sslproto._SSLProtocolTransport object at 0x1025ac050>
Traceback (most recent call last):
  File "/Users/divyanshgolyan/.codex/worktrees/4511/onepage/research/transport-memory/asymmetric_server.py", line 39, in accept
    data=await reader.read(min(left,16384));assert data;hasher.update(data);left-=len(data);request_bytes+=len(data)
                                                   ^^^^
AssertionError
Unhandled exception in client_connected_cb
transport: <asyncio.sslproto._SSLProtocolTransport object at 0x102507f50>
Traceback (most recent call last):
  File "/Users/divyanshgolyan/.codex/worktrees/4511/onepage/research/transport-memory/asymmetric_server.py", line 39, in accept
    data=await reader.read(min(left,16384));assert data;hasher.update(data);left-=len(data);request_bytes+=len(data)
                                                   ^^^^
AssertionError
Unhandled exception in client_connected_cb
transport: <asyncio.sslproto._SSLProtocolTransport object at 0x102507ec0>
Traceback (most recent call last):
  File "/Users/divyanshgolyan/.codex/worktrees/4511/onepage/research/transport-memory/asymmetric_server.py", line 39, in accept
    data=await reader.read(min(left,16384));assert data;hasher.update(data);left-=len(data);request_bytes+=len(data)
                                                   ^^^^
AssertionError
Unhandled exception in client_connected_cb
transport: <asyncio.sslproto._SSLProtocolTransport object at 0x102507e30>
Traceback (most recent call last):
  File "/Users/divyanshgolyan/.codex/worktrees/4511/onepage/research/transport-memory/asymmetric_server.py", line 39, in accept
    data=await reader.read(min(left,16384));assert data;hasher.update(data);left-=len(data);request_bytes+=len(data)
                                                   ^^^^
AssertionError
Unhandled exception in client_connected_cb
transport: <asyncio.sslproto._SSLProtocolTransport object at 0x102507da0>
Traceback (most recent call last):
  File "/Users/divyanshgolyan/.codex/worktrees/4511/onepage/research/transport-memory/asymmetric_server.py", line 39, in accept
    data=await reader.read(min(left,16384));assert data;hasher.update(data);left-=len(data);request_bytes+=len(data)
                                                   ^^^^
AssertionError
Unhandled exception in client_connected_cb
transport: <asyncio.sslproto._SSLProtocolTransport object at 0x102507d10>
Traceback (most recent call last):
  File "/Users/divyanshgolyan/.codex/worktrees/4511/onepage/research/transport-memory/asymmetric_server.py", line 39, in accept
    data=await reader.read(min(left,16384));assert data;hasher.update(data);left-=len(data);request_bytes+=len(data)
                                                   ^^^^
AssertionError
Unhandled exception in client_connected_cb
transport: <asyncio.sslproto._SSLProtocolTransport object at 0x102507c80>
Traceback (most recent call last):
  File "/Users/divyanshgolyan/.codex/worktrees/4511/onepage/research/transport-memory/asymmetric_server.py", line 39, in accept
    data=await reader.read(min(left,16384));assert data;hasher.update(data);left-=len(data);request_bytes+=len(data)
                                                   ^^^^
AssertionError
Unhandled exception in client_connected_cb
transport: <asyncio.sslproto._SSLProtocolTransport object at 0x102507bf0>
Traceback (most recent call last):
  File "/Users/divyanshgolyan/.codex/worktrees/4511/onepage/research/transport-memory/asymmetric_server.py", line 39, in accept
    data=await reader.read(min(left,16384));assert data;hasher.update(data);left-=len(data);request_bytes+=len(data)
                                                   ^^^^
AssertionError
Unhandled exception in client_connected_cb
transport: <asyncio.sslproto._SSLProtocolTransport object at 0x102507b60>
Traceback (most recent call last):
  File "/Users/divyanshgolyan/.codex/worktrees/4511/onepage/research/transport-memory/asymmetric_server.py", line 39, in accept
    data=await reader.read(min(left,16384));assert data;hasher.update(data);left-=len(data);request_bytes+=len(data)
                                                   ^^^^
AssertionError
Unhandled exception in client_connected_cb
transport: <asyncio.sslproto._SSLProtocolTransport object at 0x102507ad0>
Traceback (most recent call last):
  File "/Users/divyanshgolyan/.codex/worktrees/4511/onepage/research/transport-memory/asymmetric_server.py", line 39, in accept
    data=await reader.read(min(left,16384));assert data;hasher.update(data);left-=len(data);request_bytes+=len(data)
                                                   ^^^^
AssertionError
Unhandled exception in client_connected_cb
transport: <asyncio.sslproto._SSLProtocolTransport object at 0x102507a40>
Traceback (most recent call last):
  File "/Users/divyanshgolyan/.codex/worktrees/4511/onepage/research/transport-memory/asymmetric_server.py", line 39, in accept
    data=await reader.read(min(left,16384));assert data;hasher.update(data);left-=len(data);request_bytes+=len(data)
                                                   ^^^^
AssertionError
Unhandled exception in client_connected_cb
transport: <asyncio.sslproto._SSLProtocolTransport object at 0x1025079b0>
Traceback (most recent call last):
  File "/Users/divyanshgolyan/.codex/worktrees/4511/onepage/research/transport-memory/asymmetric_server.py", line 39, in accept
    data=await reader.read(min(left,16384));assert data;hasher.update(data);left-=len(data);request_bytes+=len(data)
                                                   ^^^^
AssertionError
Unhandled exception in client_connected_cb
transport: <asyncio.sslproto._SSLProtocolTransport object at 0x102507920>
Traceback (most recent call last):
  File "/Users/divyanshgolyan/.codex/worktrees/4511/onepage/research/transport-memory/asymmetric_server.py", line 39, in accept
    data=await reader.read(min(left,16384));assert data;hasher.update(data);left-=len(data);request_bytes+=len(data)
                                                   ^^^^
AssertionError
Unhandled exception in client_connected_cb
transport: <asyncio.sslproto._SSLProtocolTransport object at 0x102507890>
Traceback (most recent call last):
  File "/Users/divyanshgolyan/.codex/worktrees/4511/onepage/research/transport-memory/asymmetric_server.py", line 39, in accept
    data=await reader.read(min(left,16384));assert data;hasher.update(data);left-=len(data);request_bytes+=len(data)
                                                   ^^^^
AssertionError
Unhandled exception in client_connected_cb
transport: <asyncio.sslproto._SSLProtocolTransport object at 0x102507800>
Traceback (most recent call last):
  File "/Users/divyanshgolyan/.codex/worktrees/4511/onepage/research/transport-memory/asymmetric_server.py", line 39, in accept
    data=await reader.read(min(left,16384));assert data;hasher.update(data);left-=len(data);request_bytes+=len(data)
                                                   ^^^^
AssertionError
Unhandled exception in client_connected_cb
transport: <asyncio.sslproto._SSLProtocolTransport object at 0x102507770>
Traceback (most recent call last):
  File "/Users/divyanshgolyan/.codex/worktrees/4511/onepage/research/transport-memory/asymmetric_server.py", line 39, in accept
    data=await reader.read(min(left,16384));assert data;hasher.update(data);left-=len(data);request_bytes+=len(data)
                                                   ^^^^
AssertionError
Unhandled exception in client_connected_cb
transport: <asyncio.sslproto._SSLProtocolTransport object at 0x1025076e0>
Traceback (most recent call last):
  File "/Users/divyanshgolyan/.codex/worktrees/4511/onepage/research/transport-memory/asymmetric_server.py", line 39, in accept
    data=await reader.read(min(left,16384));assert data;hasher.update(data);left-=len(data);request_bytes+=len(data)
                                                   ^^^^
AssertionError
Unhandled exception in client_connected_cb
transport: <asyncio.sslproto._SSLProtocolTransport object at 0x102507650>
Traceback (most recent call last):
  File "/Users/divyanshgolyan/.codex/worktrees/4511/onepage/research/transport-memory/asymmetric_server.py", line 39, in accept
    data=await reader.read(min(left,16384));assert data;hasher.update(data);left-=len(data);request_bytes+=len(data)
                                                   ^^^^
AssertionError
Unhandled exception in client_connected_cb
transport: <asyncio.sslproto._SSLProtocolTransport object at 0x1025075c0>
Traceback (most recent call last):
  File "/Users/divyanshgolyan/.codex/worktrees/4511/onepage/research/transport-memory/asymmetric_server.py", line 39, in accept
    data=await reader.read(min(left,16384));assert data;hasher.update(data);left-=len(data);request_bytes+=len(data)
                                                   ^^^^
AssertionError
Unhandled exception in client_connected_cb
transport: <asyncio.sslproto._SSLProtocolTransport object at 0x102507530>
Traceback (most recent call last):
  File "/Users/divyanshgolyan/.codex/worktrees/4511/onepage/research/transport-memory/asymmetric_server.py", line 39, in accept
    data=await reader.read(min(left,16384));assert data;hasher.update(data);left-=len(data);request_bytes+=len(data)
                                                   ^^^^
AssertionError
Unhandled exception in client_connected_cb
transport: <asyncio.sslproto._SSLProtocolTransport object at 0x1025074a0>
Traceback (most recent call last):
  File "/Users/divyanshgolyan/.codex/worktrees/4511/onepage/research/transport-memory/asymmetric_server.py", line 39, in accept
    data=await reader.read(min(left,16384));assert data;hasher.update(data);left-=len(data);request_bytes+=len(data)
                                                   ^^^^
AssertionError
Unhandled exception in client_connected_cb
transport: <asyncio.sslproto._SSLProtocolTransport object at 0x102507410>
Traceback (most recent call last):
  File "/Users/divyanshgolyan/.codex/worktrees/4511/onepage/research/transport-memory/asymmetric_server.py", line 39, in accept
    data=await reader.read(min(left,16384));assert data;hasher.update(data);left-=len(data);request_bytes+=len(data)
                                                   ^^^^
AssertionError
Unhandled exception in client_connected_cb
transport: <asyncio.sslproto._SSLProtocolTransport object at 0x102507380>
Traceback (most recent call last):
  File "/Users/divyanshgolyan/.codex/worktrees/4511/onepage/research/transport-memory/asymmetric_server.py", line 39, in accept
    data=await reader.read(min(left,16384));assert data;hasher.update(data);left-=len(data);request_bytes+=len(data)
                                                   ^^^^
AssertionError
Unhandled exception in client_connected_cb
transport: <asyncio.sslproto._SSLProtocolTransport object at 0x1025072f0>
Traceback (most recent call last):
  File "/Users/divyanshgolyan/.codex/worktrees/4511/onepage/research/transport-memory/asymmetric_server.py", line 39, in accept
    data=await reader.read(min(left,16384));assert data;hasher.update(data);left-=len(data);request_bytes+=len(data)
                                                   ^^^^
AssertionError
Unhandled exception in client_connected_cb
transport: <asyncio.sslproto._SSLProtocolTransport object at 0x102507260>
Traceback (most recent call last):
  File "/Users/divyanshgolyan/.codex/worktrees/4511/onepage/research/transport-memory/asymmetric_server.py", line 39, in accept
    data=await reader.read(min(left,16384));assert data;hasher.update(data);left-=len(data);request_bytes+=len(data)
                                                   ^^^^
AssertionError
Unhandled exception in client_connected_cb
transport: <asyncio.sslproto._SSLProtocolTransport object at 0x1025071d0>
Traceback (most recent call last):
  File "/Users/divyanshgolyan/.codex/worktrees/4511/onepage/research/transport-memory/asymmetric_server.py", line 39, in accept
    data=await reader.read(min(left,16384));assert data;hasher.update(data);left-=len(data);request_bytes+=len(data)
                                                   ^^^^
AssertionError
Unhandled exception in client_connected_cb
transport: <asyncio.sslproto._SSLProtocolTransport object at 0x102507140>
Traceback (most recent call last):
  File "/Users/divyanshgolyan/.codex/worktrees/4511/onepage/research/transport-memory/asymmetric_server.py", line 39, in accept
    data=await reader.read(min(left,16384));assert data;hasher.update(data);left-=len(data);request_bytes+=len(data)
                                                   ^^^^
AssertionError
Unhandled exception in client_connected_cb
transport: <asyncio.sslproto._SSLProtocolTransport object at 0x1025070b0>
Traceback (most recent call last):
  File "/Users/divyanshgolyan/.codex/worktrees/4511/onepage/research/transport-memory/asymmetric_server.py", line 39, in accept
    data=await reader.read(min(left,16384));assert data;hasher.update(data);left-=len(data);request_bytes+=len(data)
                                                   ^^^^
AssertionError
Unhandled exception in client_connected_cb
transport: <asyncio.sslproto._SSLProtocolTransport object at 0x102507020>
Traceback (most recent call last):
  File "/Users/divyanshgolyan/.codex/worktrees/4511/onepage/research/transport-memory/asymmetric_server.py", line 39, in accept
    data=await reader.read(min(left,16384));assert data;hasher.update(data);left-=len(data);request_bytes+=len(data)
                                                   ^^^^
AssertionError
Unhandled exception in client_connected_cb
transport: <asyncio.sslproto._SSLProtocolTransport object at 0x102506f90>
Traceback (most recent call last):
  File "/Users/divyanshgolyan/.codex/worktrees/4511/onepage/research/transport-memory/asymmetric_server.py", line 39, in accept
    data=await reader.read(min(left,16384));assert data;hasher.update(data);left-=len(data);request_bytes+=len(data)
                                                   ^^^^
AssertionError
Unhandled exception in client_connected_cb
transport: <asyncio.sslproto._SSLProtocolTransport object at 0x102506f00>
Traceback (most recent call last):
  File "/Users/divyanshgolyan/.codex/worktrees/4511/onepage/research/transport-memory/asymmetric_server.py", line 39, in accept
    data=await reader.read(min(left,16384));assert data;hasher.update(data);left-=len(data);request_bytes+=len(data)
                                                   ^^^^
AssertionError
Unhandled exception in client_connected_cb
transport: <asyncio.sslproto._SSLProtocolTransport object at 0x102506e70>
Traceback (most recent call last):
  File "/Users/divyanshgolyan/.codex/worktrees/4511/onepage/research/transport-memory/asymmetric_server.py", line 39, in accept
    data=await reader.read(min(left,16384));assert data;hasher.update(data);left-=len(data);request_bytes+=len(data)
                                                   ^^^^
AssertionError
Unhandled exception in client_connected_cb
transport: <asyncio.sslproto._SSLProtocolTransport object at 0x102506de0>
Traceback (most recent call last):
  File "/Users/divyanshgolyan/.codex/worktrees/4511/onepage/research/transport-memory/asymmetric_server.py", line 39, in accept
    data=await reader.read(min(left,16384));assert data;hasher.update(data);left-=len(data);request_bytes+=len(data)
                                                   ^^^^
AssertionError
Unhandled exception in client_connected_cb
transport: <asyncio.sslproto._SSLProtocolTransport object at 0x102506d50>
Traceback (most recent call last):
  File "/Users/divyanshgolyan/.codex/worktrees/4511/onepage/research/transport-memory/asymmetric_server.py", line 39, in accept
    data=await reader.read(min(left,16384));assert data;hasher.update(data);left-=len(data);request_bytes+=len(data)
                                                   ^^^^
AssertionError
Unhandled exception in client_connected_cb
transport: <asyncio.sslproto._SSLProtocolTransport object at 0x102506cc0>
Traceback (most recent call last):
  File "/Users/divyanshgolyan/.codex/worktrees/4511/onepage/research/transport-memory/asymmetric_server.py", line 39, in accept
    data=await reader.read(min(left,16384));assert data;hasher.update(data);left-=len(data);request_bytes+=len(data)
                                                   ^^^^
AssertionError
Unhandled exception in client_connected_cb
transport: <asyncio.sslproto._SSLProtocolTransport object at 0x102506c30>
Traceback (most recent call last):
  File "/Users/divyanshgolyan/.codex/worktrees/4511/onepage/research/transport-memory/asymmetric_server.py", line 39, in accept
    data=await reader.read(min(left,16384));assert data;hasher.update(data);left-=len(data);request_bytes+=len(data)
                                                   ^^^^
AssertionError
Unhandled exception in client_connected_cb
transport: <asyncio.sslproto._SSLProtocolTransport object at 0x102506ba0>
Traceback (most recent call last):
  File "/Users/divyanshgolyan/.codex/worktrees/4511/onepage/research/transport-memory/asymmetric_server.py", line 39, in accept
    data=await reader.read(min(left,16384));assert data;hasher.update(data);left-=len(data);request_bytes+=len(data)
                                                   ^^^^
AssertionError
Unhandled exception in client_connected_cb
transport: <asyncio.sslproto._SSLProtocolTransport object at 0x102506b10>
Traceback (most recent call last):
  File "/Users/divyanshgolyan/.codex/worktrees/4511/onepage/research/transport-memory/asymmetric_server.py", line 39, in accept
    data=await reader.read(min(left,16384));assert data;hasher.update(data);left-=len(data);request_bytes+=len(data)
                                                   ^^^^
AssertionError
Unhandled exception in client_connected_cb
transport: <asyncio.sslproto._SSLProtocolTransport object at 0x102506a80>
Traceback (most recent call last):
  File "/Users/divyanshgolyan/.codex/worktrees/4511/onepage/research/transport-memory/asymmetric_server.py", line 39, in accept
    data=await reader.read(min(left,16384));assert data;hasher.update(data);left-=len(data);request_bytes+=len(data)
                                                   ^^^^
AssertionError
Unhandled exception in client_connected_cb
transport: <asyncio.sslproto._SSLProtocolTransport object at 0x1025069f0>
Traceback (most recent call last):
  File "/Users/divyanshgolyan/.codex/worktrees/4511/onepage/research/transport-memory/asymmetric_server.py", line 39, in accept
    data=await reader.read(min(left,16384));assert data;hasher.update(data);left-=len(data);request_bytes+=len(data)
                                                   ^^^^
AssertionError
Unhandled exception in client_connected_cb
transport: <asyncio.sslproto._SSLProtocolTransport object at 0x102506960>
Traceback (most recent call last):
  File "/Users/divyanshgolyan/.codex/worktrees/4511/onepage/research/transport-memory/asymmetric_server.py", line 39, in accept
    data=await reader.read(min(left,16384));assert data;hasher.update(data);left-=len(data);request_bytes+=len(data)
                                                   ^^^^
AssertionError
Unhandled exception in client_connected_cb
transport: <asyncio.sslproto._SSLProtocolTransport object at 0x1025068d0>
Traceback (most recent call last):
  File "/Users/divyanshgolyan/.codex/worktrees/4511/onepage/research/transport-memory/asymmetric_server.py", line 39, in accept
    data=await reader.read(min(left,16384));assert data;hasher.update(data);left-=len(data);request_bytes+=len(data)
                                                   ^^^^
AssertionError
Unhandled exception in client_connected_cb
transport: <asyncio.sslproto._SSLProtocolTransport object at 0x102506840>
Traceback (most recent call last):
  File "/Users/divyanshgolyan/.codex/worktrees/4511/onepage/research/transport-memory/asymmetric_server.py", line 39, in accept
    data=await reader.read(min(left,16384));assert data;hasher.update(data);left-=len(data);request_bytes+=len(data)
                                                   ^^^^
AssertionError
Unhandled exception in client_connected_cb
transport: <asyncio.sslproto._SSLProtocolTransport object at 0x1025067b0>
Traceback (most recent call last):
  File "/Users/divyanshgolyan/.codex/worktrees/4511/onepage/research/transport-memory/asymmetric_server.py", line 39, in accept
    data=await reader.read(min(left,16384));assert data;hasher.update(data);left-=len(data);request_bytes+=len(data)
                                                   ^^^^
AssertionError
Unhandled exception in client_connected_cb
transport: <asyncio.sslproto._SSLProtocolTransport object at 0x102506720>
Traceback (most recent call last):
  File "/Users/divyanshgolyan/.codex/worktrees/4511/onepage/research/transport-memory/asymmetric_server.py", line 39, in accept
    data=await reader.read(min(left,16384));assert data;hasher.update(data);left-=len(data);request_bytes+=len(data)
                                                   ^^^^
AssertionError
Unhandled exception in client_connected_cb
transport: <asyncio.sslproto._SSLProtocolTransport object at 0x102506690>
Traceback (most recent call last):
  File "/Users/divyanshgolyan/.codex/worktrees/4511/onepage/research/transport-memory/asymmetric_server.py", line 39, in accept
    data=await reader.read(min(left,16384));assert data;hasher.update(data);left-=len(data);request_bytes+=len(data)
                                                   ^^^^
AssertionError
Unhandled exception in client_connected_cb
transport: <asyncio.sslproto._SSLProtocolTransport object at 0x102506600>
Traceback (most recent call last):
  File "/Users/divyanshgolyan/.codex/worktrees/4511/onepage/research/transport-memory/asymmetric_server.py", line 39, in accept
    data=await reader.read(min(left,16384));assert data;hasher.update(data);left-=len(data);request_bytes+=len(data)
                                                   ^^^^
AssertionError
Unhandled exception in client_connected_cb
transport: <asyncio.sslproto._SSLProtocolTransport object at 0x102506570>
Traceback (most recent call last):
  File "/Users/divyanshgolyan/.codex/worktrees/4511/onepage/research/transport-memory/asymmetric_server.py", line 39, in accept
    data=await reader.read(min(left,16384));assert data;hasher.update(data);left-=len(data);request_bytes+=len(data)
                                                   ^^^^
AssertionError
Unhandled exception in client_connected_cb
transport: <asyncio.sslproto._SSLProtocolTransport object at 0x1025064e0>
Traceback (most recent call last):
  File "/Users/divyanshgolyan/.codex/worktrees/4511/onepage/research/transport-memory/asymmetric_server.py", line 39, in accept
    data=await reader.read(min(left,16384));assert data;hasher.update(data);left-=len(data);request_bytes+=len(data)
                                                   ^^^^
AssertionError
Unhandled exception in client_connected_cb
transport: <asyncio.sslproto._SSLProtocolTransport object at 0x102506450>
Traceback (most recent call last):
  File "/Users/divyanshgolyan/.codex/worktrees/4511/onepage/research/transport-memory/asymmetric_server.py", line 39, in accept
    data=await reader.read(min(left,16384));assert data;hasher.update(data);left-=len(data);request_bytes+=len(data)
                                                   ^^^^
AssertionError
Unhandled exception in client_connected_cb
transport: <asyncio.sslproto._SSLProtocolTransport object at 0x1025063c0>
Traceback (most recent call last):
  File "/Users/divyanshgolyan/.codex/worktrees/4511/onepage/research/transport-memory/asymmetric_server.py", line 39, in accept
    data=await reader.read(min(left,16384));assert data;hasher.update(data);left-=len(data);request_bytes+=len(data)
                                                   ^^^^
AssertionError
Unhandled exception in client_connected_cb
transport: <asyncio.sslproto._SSLProtocolTransport object at 0x102506330>
Traceback (most recent call last):
  File "/Users/divyanshgolyan/.codex/worktrees/4511/onepage/research/transport-memory/asymmetric_server.py", line 39, in accept
    data=await reader.read(min(left,16384));assert data;hasher.update(data);left-=len(data);request_bytes+=len(data)
                                                   ^^^^
AssertionError
Unhandled exception in client_connected_cb
transport: <asyncio.sslproto._SSLProtocolTransport object at 0x1025062a0>
Traceback (most recent call last):
  File "/Users/divyanshgolyan/.codex/worktrees/4511/onepage/research/transport-memory/asymmetric_server.py", line 39, in accept
    data=await reader.read(min(left,16384));assert data;hasher.update(data);left-=len(data);request_bytes+=len(data)
                                                   ^^^^
AssertionError
Unhandled exception in client_connected_cb
transport: <asyncio.sslproto._SSLProtocolTransport object at 0x102506210>
Traceback (most recent call last):
  File "/Users/divyanshgolyan/.codex/worktrees/4511/onepage/research/transport-memory/asymmetric_server.py", line 39, in accept
    data=await reader.read(min(left,16384));assert data;hasher.update(data);left-=len(data);request_bytes+=len(data)
                                                   ^^^^
AssertionError
Unhandled exception in client_connected_cb
transport: <asyncio.sslproto._SSLProtocolTransport object at 0x102506180>
Traceback (most recent call last):
  File "/Users/divyanshgolyan/.codex/worktrees/4511/onepage/research/transport-memory/asymmetric_server.py", line 39, in accept
    data=await reader.read(min(left,16384));assert data;hasher.update(data);left-=len(data);request_bytes+=len(data)
                                                   ^^^^
AssertionError
Unhandled exception in client_connected_cb
transport: <asyncio.sslproto._SSLProtocolTransport object at 0x1025060f0>
Traceback (most recent call last):
  File "/Users/divyanshgolyan/.codex/worktrees/4511/onepage/research/transport-memory/asymmetric_server.py", line 39, in accept
    data=await reader.read(min(left,16384));assert data;hasher.update(data);left-=len(data);request_bytes+=len(data)
                                                   ^^^^
AssertionError
Unhandled exception in client_connected_cb
transport: <asyncio.sslproto._SSLProtocolTransport object at 0x102506060>
Traceback (most recent call last):
  File "/Users/divyanshgolyan/.codex/worktrees/4511/onepage/research/transport-memory/asymmetric_server.py", line 39, in accept
    data=await reader.read(min(left,16384));assert data;hasher.update(data);left-=len(data);request_bytes+=len(data)
                                                   ^^^^
AssertionError
Unhandled exception in client_connected_cb
transport: <asyncio.sslproto._SSLProtocolTransport object at 0x102505fd0>
Traceback (most recent call last):
  File "/Users/divyanshgolyan/.codex/worktrees/4511/onepage/research/transport-memory/asymmetric_server.py", line 39, in accept
    data=await reader.read(min(left,16384));assert data;hasher.update(data);left-=len(data);request_bytes+=len(data)
                                                   ^^^^
AssertionError
Unhandled exception in client_connected_cb
transport: <asyncio.sslproto._SSLProtocolTransport object at 0x102505f40>
Traceback (most recent call last):
  File "/Users/divyanshgolyan/.codex/worktrees/4511/onepage/research/transport-memory/asymmetric_server.py", line 39, in accept
    data=await reader.read(min(left,16384));assert data;hasher.update(data);left-=len(data);request_bytes+=len(data)
                                                   ^^^^
AssertionError
Unhandled exception in client_connected_cb
transport: <asyncio.sslproto._SSLProtocolTransport object at 0x102505eb0>
Traceback (most recent call last):
  File "/Users/divyanshgolyan/.codex/worktrees/4511/onepage/research/transport-memory/asymmetric_server.py", line 39, in accept
    data=await reader.read(min(left,16384));assert data;hasher.update(data);left-=len(data);request_bytes+=len(data)
                                                   ^^^^
AssertionError
Unhandled exception in client_connected_cb
transport: <asyncio.sslproto._SSLProtocolTransport object at 0x102505e20>
Traceback (most recent call last):
  File "/Users/divyanshgolyan/.codex/worktrees/4511/onepage/research/transport-memory/asymmetric_server.py", line 39, in accept
    data=await reader.read(min(left,16384));assert data;hasher.update(data);left-=len(data);request_bytes+=len(data)
                                                   ^^^^
AssertionError
Unhandled exception in client_connected_cb
transport: <asyncio.sslproto._SSLProtocolTransport object at 0x102505d90>
Traceback (most recent call last):
  File "/Users/divyanshgolyan/.codex/worktrees/4511/onepage/research/transport-memory/asymmetric_server.py", line 39, in accept
    data=await reader.read(min(left,16384));assert data;hasher.update(data);left-=len(data);request_bytes+=len(data)
                                                   ^^^^
AssertionError
Unhandled exception in client_connected_cb
transport: <asyncio.sslproto._SSLProtocolTransport object at 0x102505d00>
Traceback (most recent call last):
  File "/Users/divyanshgolyan/.codex/worktrees/4511/onepage/research/transport-memory/asymmetric_server.py", line 39, in accept
    data=await reader.read(min(left,16384));assert data;hasher.update(data);left-=len(data);request_bytes+=len(data)
                                                   ^^^^
AssertionError
Unhandled exception in client_connected_cb
transport: <asyncio.sslproto._SSLProtocolTransport object at 0x102505c70>
Traceback (most recent call last):
  File "/Users/divyanshgolyan/.codex/worktrees/4511/onepage/research/transport-memory/asymmetric_server.py", line 39, in accept
    data=await reader.read(min(left,16384));assert data;hasher.update(data);left-=len(data);request_bytes+=len(data)
                                                   ^^^^
AssertionError
Unhandled exception in client_connected_cb
transport: <asyncio.sslproto._SSLProtocolTransport object at 0x102505be0>
Traceback (most recent call last):
  File "/Users/divyanshgolyan/.codex/worktrees/4511/onepage/research/transport-memory/asymmetric_server.py", line 39, in accept
    data=await reader.read(min(left,16384));assert data;hasher.update(data);left-=len(data);request_bytes+=len(data)
                                                   ^^^^
AssertionError
Unhandled exception in client_connected_cb
transport: <asyncio.sslproto._SSLProtocolTransport object at 0x102505b50>
Traceback (most recent call last):
  File "/Users/divyanshgolyan/.codex/worktrees/4511/onepage/research/transport-memory/asymmetric_server.py", line 39, in accept
    data=await reader.read(min(left,16384));assert data;hasher.update(data);left-=len(data);request_bytes+=len(data)
                                                   ^^^^
AssertionError
Unhandled exception in client_connected_cb
transport: <asyncio.sslproto._SSLProtocolTransport object at 0x102505ac0>
Traceback (most recent call last):
  File "/Users/divyanshgolyan/.codex/worktrees/4511/onepage/research/transport-memory/asymmetric_server.py", line 39, in accept
    data=await reader.read(min(left,16384));assert data;hasher.update(data);left-=len(data);request_bytes+=len(data)
                                                   ^^^^
AssertionError
Unhandled exception in client_connected_cb
transport: <asyncio.sslproto._SSLProtocolTransport object at 0x102505a30>
Traceback (most recent call last):
  File "/Users/divyanshgolyan/.codex/worktrees/4511/onepage/research/transport-memory/asymmetric_server.py", line 39, in accept
    data=await reader.read(min(left,16384));assert data;hasher.update(data);left-=len(data);request_bytes+=len(data)
                                                   ^^^^
AssertionError
Unhandled exception in client_connected_cb
transport: <asyncio.sslproto._SSLProtocolTransport object at 0x1025059a0>
Traceback (most recent call last):
  File "/Users/divyanshgolyan/.codex/worktrees/4511/onepage/research/transport-memory/asymmetric_server.py", line 39, in accept
    data=await reader.read(min(left,16384));assert data;hasher.update(data);left-=len(data);request_bytes+=len(data)
                                                   ^^^^
AssertionError
Unhandled exception in client_connected_cb
transport: <asyncio.sslproto._SSLProtocolTransport object at 0x102505910>
Traceback (most recent call last):
  File "/Users/divyanshgolyan/.codex/worktrees/4511/onepage/research/transport-memory/asymmetric_server.py", line 39, in accept
    data=await reader.read(min(left,16384));assert data;hasher.update(data);left-=len(data);request_bytes+=len(data)
                                                   ^^^^
AssertionError
Unhandled exception in client_connected_cb
transport: <asyncio.sslproto._SSLProtocolTransport object at 0x102505880>
Traceback (most recent call last):
  File "/Users/divyanshgolyan/.codex/worktrees/4511/onepage/research/transport-memory/asymmetric_server.py", line 39, in accept
    data=await reader.read(min(left,16384));assert data;hasher.update(data);left-=len(data);request_bytes+=len(data)
                                                   ^^^^
AssertionError
Unhandled exception in client_connected_cb
transport: <asyncio.sslproto._SSLProtocolTransport object at 0x1025057f0>
Traceback (most recent call last):
  File "/Users/divyanshgolyan/.codex/worktrees/4511/onepage/research/transport-memory/asymmetric_server.py", line 39, in accept
    data=await reader.read(min(left,16384));assert data;hasher.update(data);left-=len(data);request_bytes+=len(data)
                                                   ^^^^
AssertionError
Unhandled exception in client_connected_cb
transport: <asyncio.sslproto._SSLProtocolTransport object at 0x102505760>
Traceback (most recent call last):
  File "/Users/divyanshgolyan/.codex/worktrees/4511/onepage/research/transport-memory/asymmetric_server.py", line 39, in accept
    data=await reader.read(min(left,16384));assert data;hasher.update(data);left-=len(data);request_bytes+=len(data)
                                                   ^^^^
AssertionError
Unhandled exception in client_connected_cb
transport: <asyncio.sslproto._SSLProtocolTransport object at 0x1025056d0>
Traceback (most recent call last):
  File "/Users/divyanshgolyan/.codex/worktrees/4511/onepage/research/transport-memory/asymmetric_server.py", line 39, in accept
    data=await reader.read(min(left,16384));assert data;hasher.update(data);left-=len(data);request_bytes+=len(data)
                                                   ^^^^
AssertionError
Unhandled exception in client_connected_cb
transport: <asyncio.sslproto._SSLProtocolTransport object at 0x102505640>
Traceback (most recent call last):
  File "/Users/divyanshgolyan/.codex/worktrees/4511/onepage/research/transport-memory/asymmetric_server.py", line 39, in accept
    data=await reader.read(min(left,16384));assert data;hasher.update(data);left-=len(data);request_bytes+=len(data)
                                                   ^^^^
AssertionError
Unhandled exception in client_connected_cb
transport: <asyncio.sslproto._SSLProtocolTransport object at 0x1025055b0>
Traceback (most recent call last):
  File "/Users/divyanshgolyan/.codex/worktrees/4511/onepage/research/transport-memory/asymmetric_server.py", line 39, in accept
    data=await reader.read(min(left,16384));assert data;hasher.update(data);left-=len(data);request_bytes+=len(data)
                                                   ^^^^
AssertionError
Unhandled exception in client_connected_cb
transport: <asyncio.sslproto._SSLProtocolTransport object at 0x102505520>
Traceback (most recent call last):
  File "/Users/divyanshgolyan/.codex/worktrees/4511/onepage/research/transport-memory/asymmetric_server.py", line 39, in accept
    data=await reader.read(min(left,16384));assert data;hasher.update(data);left-=len(data);request_bytes+=len(data)
                                                   ^^^^
AssertionError
Unhandled exception in client_connected_cb
transport: <asyncio.sslproto._SSLProtocolTransport object at 0x102505490>
Traceback (most recent call last):
  File "/Users/divyanshgolyan/.codex/worktrees/4511/onepage/research/transport-memory/asymmetric_server.py", line 39, in accept
    data=await reader.read(min(left,16384));assert data;hasher.update(data);left-=len(data);request_bytes+=len(data)
                                                   ^^^^
AssertionError
Unhandled exception in client_connected_cb
transport: <asyncio.sslproto._SSLProtocolTransport object at 0x102505400>
Traceback (most recent call last):
  File "/Users/divyanshgolyan/.codex/worktrees/4511/onepage/research/transport-memory/asymmetric_server.py", line 39, in accept
    data=await reader.read(min(left,16384));assert data;hasher.update(data);left-=len(data);request_bytes+=len(data)
                                                   ^^^^
AssertionError
Unhandled exception in client_connected_cb
transport: <asyncio.sslproto._SSLProtocolTransport object at 0x102505370>
Traceback (most recent call last):
  File "/Users/divyanshgolyan/.codex/worktrees/4511/onepage/research/transport-memory/asymmetric_server.py", line 39, in accept
    data=await reader.read(min(left,16384));assert data;hasher.update(data);left-=len(data);request_bytes+=len(data)
                                                   ^^^^
AssertionError
Unhandled exception in client_connected_cb
transport: <asyncio.sslproto._SSLProtocolTransport object at 0x1025052e0>
Traceback (most recent call last):
  File "/Users/divyanshgolyan/.codex/worktrees/4511/onepage/research/transport-memory/asymmetric_server.py", line 39, in accept
    data=await reader.read(min(left,16384));assert data;hasher.update(data);left-=len(data);request_bytes+=len(data)
                                                   ^^^^
AssertionError
Unhandled exception in client_connected_cb
transport: <asyncio.sslproto._SSLProtocolTransport object at 0x102505250>
Traceback (most recent call last):
  File "/Users/divyanshgolyan/.codex/worktrees/4511/onepage/research/transport-memory/asymmetric_server.py", line 39, in accept
    data=await reader.read(min(left,16384));assert data;hasher.update(data);left-=len(data);request_bytes+=len(data)
                                                   ^^^^
AssertionError
Unhandled exception in client_connected_cb
transport: <asyncio.sslproto._SSLProtocolTransport object at 0x1025051c0>
Traceback (most recent call last):
  File "/Users/divyanshgolyan/.codex/worktrees/4511/onepage/research/transport-memory/asymmetric_server.py", line 39, in accept
    data=await reader.read(min(left,16384));assert data;hasher.update(data);left-=len(data);request_bytes+=len(data)
                                                   ^^^^
AssertionError
Unhandled exception in client_connected_cb
transport: <asyncio.sslproto._SSLProtocolTransport object at 0x102505130>
Traceback (most recent call last):
  File "/Users/divyanshgolyan/.codex/worktrees/4511/onepage/research/transport-memory/asymmetric_server.py", line 39, in accept
    data=await reader.read(min(left,16384));assert data;hasher.update(data);left-=len(data);request_bytes+=len(data)
                                                   ^^^^
AssertionError
Unhandled exception in client_connected_cb
transport: <asyncio.sslproto._SSLProtocolTransport object at 0x1025050a0>
Traceback (most recent call last):
  File "/Users/divyanshgolyan/.codex/worktrees/4511/onepage/research/transport-memory/asymmetric_server.py", line 39, in accept
    data=await reader.read(min(left,16384));assert data;hasher.update(data);left-=len(data);request_bytes+=len(data)
                                                   ^^^^
AssertionError
Unhandled exception in client_connected_cb
transport: <asyncio.sslproto._SSLProtocolTransport object at 0x102505010>
Traceback (most recent call last):
  File "/Users/divyanshgolyan/.codex/worktrees/4511/onepage/research/transport-memory/asymmetric_server.py", line 39, in accept
    data=await reader.read(min(left,16384));assert data;hasher.update(data);left-=len(data);request_bytes+=len(data)
                                                   ^^^^
AssertionError
Unhandled exception in client_connected_cb
transport: <asyncio.sslproto._SSLProtocolTransport object at 0x102504f80>
Traceback (most recent call last):
  File "/Users/divyanshgolyan/.codex/worktrees/4511/onepage/research/transport-memory/asymmetric_server.py", line 39, in accept
    data=await reader.read(min(left,16384));assert data;hasher.update(data);left-=len(data);request_bytes+=len(data)
                                                   ^^^^
AssertionError
Unhandled exception in client_connected_cb
transport: <asyncio.sslproto._SSLProtocolTransport object at 0x102504ef0>
Traceback (most recent call last):
  File "/Users/divyanshgolyan/.codex/worktrees/4511/onepage/research/transport-memory/asymmetric_server.py", line 39, in accept
    data=await reader.read(min(left,16384));assert data;hasher.update(data);left-=len(data);request_bytes+=len(data)
                                                   ^^^^
AssertionError
Unhandled exception in client_connected_cb
transport: <asyncio.sslproto._SSLProtocolTransport object at 0x102504e60>
Traceback (most recent call last):
  File "/Users/divyanshgolyan/.codex/worktrees/4511/onepage/research/transport-memory/asymmetric_server.py", line 39, in accept
    data=await reader.read(min(left,16384));assert data;hasher.update(data);left-=len(data);request_bytes+=len(data)
                                                   ^^^^
AssertionError
Unhandled exception in client_connected_cb
transport: <asyncio.sslproto._SSLProtocolTransport object at 0x102504dd0>
Traceback (most recent call last):
  File "/Users/divyanshgolyan/.codex/worktrees/4511/onepage/research/transport-memory/asymmetric_server.py", line 39, in accept
    data=await reader.read(min(left,16384));assert data;hasher.update(data);left-=len(data);request_bytes+=len(data)
                                                   ^^^^
AssertionError
Unhandled exception in client_connected_cb
transport: <asyncio.sslproto._SSLProtocolTransport object at 0x102504d40>
Traceback (most recent call last):
  File "/Users/divyanshgolyan/.codex/worktrees/4511/onepage/research/transport-memory/asymmetric_server.py", line 39, in accept
    data=await reader.read(min(left,16384));assert data;hasher.update(data);left-=len(data);request_bytes+=len(data)
                                                   ^^^^
AssertionError
Unhandled exception in client_connected_cb
transport: <asyncio.sslproto._SSLProtocolTransport object at 0x102504cb0>
Traceback (most recent call last):
  File "/Users/divyanshgolyan/.codex/worktrees/4511/onepage/research/transport-memory/asymmetric_server.py", line 39, in accept
    data=await reader.read(min(left,16384));assert data;hasher.update(data);left-=len(data);request_bytes+=len(data)
                                                   ^^^^
AssertionError
Unhandled exception in client_connected_cb
transport: <asyncio.sslproto._SSLProtocolTransport object at 0x102504c20>
Traceback (most recent call last):
  File "/Users/divyanshgolyan/.codex/worktrees/4511/onepage/research/transport-memory/asymmetric_server.py", line 39, in accept
    data=await reader.read(min(left,16384));assert data;hasher.update(data);left-=len(data);request_bytes+=len(data)
                                                   ^^^^
AssertionError
Unhandled exception in client_connected_cb
transport: <asyncio.sslproto._SSLProtocolTransport object at 0x102504b90>
Traceback (most recent call last):
  File "/Users/divyanshgolyan/.codex/worktrees/4511/onepage/research/transport-memory/asymmetric_server.py", line 39, in accept
    data=await reader.read(min(left,16384));assert data;hasher.update(data);left-=len(data);request_bytes+=len(data)
                                                   ^^^^
AssertionError
Unhandled exception in client_connected_cb
transport: <asyncio.sslproto._SSLProtocolTransport object at 0x102504b00>
Traceback (most recent call last):
  File "/Users/divyanshgolyan/.codex/worktrees/4511/onepage/research/transport-memory/asymmetric_server.py", line 39, in accept
    data=await reader.read(min(left,16384));assert data;hasher.update(data);left-=len(data);request_bytes+=len(data)
                                                   ^^^^
AssertionError
Unhandled exception in client_connected_cb
transport: <asyncio.sslproto._SSLProtocolTransport object at 0x102504a70>
Traceback (most recent call last):
  File "/Users/divyanshgolyan/.codex/worktrees/4511/onepage/research/transport-memory/asymmetric_server.py", line 39, in accept
    data=await reader.read(min(left,16384));assert data;hasher.update(data);left-=len(data);request_bytes+=len(data)
                                                   ^^^^
AssertionError
Unhandled exception in client_connected_cb
transport: <asyncio.sslproto._SSLProtocolTransport object at 0x1025049e0>
Traceback (most recent call last):
  File "/Users/divyanshgolyan/.codex/worktrees/4511/onepage/research/transport-memory/asymmetric_server.py", line 39, in accept
    data=await reader.read(min(left,16384));assert data;hasher.update(data);left-=len(data);request_bytes+=len(data)
                                                   ^^^^
AssertionError
Unhandled exception in client_connected_cb
transport: <asyncio.sslproto._SSLProtocolTransport object at 0x102504950>
Traceback (most recent call last):
  File "/Users/divyanshgolyan/.codex/worktrees/4511/onepage/research/transport-memory/asymmetric_server.py", line 39, in accept
    data=await reader.read(min(left,16384));assert data;hasher.update(data);left-=len(data);request_bytes+=len(data)
                                                   ^^^^
AssertionError
Unhandled exception in client_connected_cb
transport: <asyncio.sslproto._SSLProtocolTransport object at 0x1025048c0>
Traceback (most recent call last):
  File "/Users/divyanshgolyan/.codex/worktrees/4511/onepage/research/transport-memory/asymmetric_server.py", line 39, in accept
    data=await reader.read(min(left,16384));assert data;hasher.update(data);left-=len(data);request_bytes+=len(data)
                                                   ^^^^
AssertionError
Unhandled exception in client_connected_cb
transport: <asyncio.sslproto._SSLProtocolTransport object at 0x102504830>
Traceback (most recent call last):
  File "/Users/divyanshgolyan/.codex/worktrees/4511/onepage/research/transport-memory/asymmetric_server.py", line 39, in accept
    data=await reader.read(min(left,16384));assert data;hasher.update(data);left-=len(data);request_bytes+=len(data)
                                                   ^^^^
AssertionError
Unhandled exception in client_connected_cb
transport: <asyncio.sslproto._SSLProtocolTransport object at 0x1025047a0>
Traceback (most recent call last):
  File "/Users/divyanshgolyan/.codex/worktrees/4511/onepage/research/transport-memory/asymmetric_server.py", line 39, in accept
    data=await reader.read(min(left,16384));assert data;hasher.update(data);left-=len(data);request_bytes+=len(data)
                                                   ^^^^
AssertionError
Unhandled exception in client_connected_cb
transport: <asyncio.sslproto._SSLProtocolTransport object at 0x102504710>
Traceback (most recent call last):
  File "/Users/divyanshgolyan/.codex/worktrees/4511/onepage/research/transport-memory/asymmetric_server.py", line 39, in accept
    data=await reader.read(min(left,16384));assert data;hasher.update(data);left-=len(data);request_bytes+=len(data)
                                                   ^^^^
AssertionError
Unhandled exception in client_connected_cb
transport: <asyncio.sslproto._SSLProtocolTransport object at 0x102504680>
Traceback (most recent call last):
  File "/Users/divyanshgolyan/.codex/worktrees/4511/onepage/research/transport-memory/asymmetric_server.py", line 39, in accept
    data=await reader.read(min(left,16384));assert data;hasher.update(data);left-=len(data);request_bytes+=len(data)
                                                   ^^^^
AssertionError
Unhandled exception in client_connected_cb
transport: <asyncio.sslproto._SSLProtocolTransport object at 0x1025045f0>
Traceback (most recent call last):
  File "/Users/divyanshgolyan/.codex/worktrees/4511/onepage/research/transport-memory/asymmetric_server.py", line 39, in accept
    data=await reader.read(min(left,16384));assert data;hasher.update(data);left-=len(data);request_bytes+=len(data)
                                                   ^^^^
AssertionError
Unhandled exception in client_connected_cb
transport: <asyncio.sslproto._SSLProtocolTransport object at 0x102504560>
Traceback (most recent call last):
  File "/Users/divyanshgolyan/.codex/worktrees/4511/onepage/research/transport-memory/asymmetric_server.py", line 39, in accept
    data=await reader.read(min(left,16384));assert data;hasher.update(data);left-=len(data);request_bytes+=len(data)
                                                   ^^^^
AssertionError
Unhandled exception in client_connected_cb
transport: <asyncio.sslproto._SSLProtocolTransport object at 0x1025044d0>
Traceback (most recent call last):
  File "/Users/divyanshgolyan/.codex/worktrees/4511/onepage/research/transport-memory/asymmetric_server.py", line 39, in accept
    data=await reader.read(min(left,16384));assert data;hasher.update(data);left-=len(data);request_bytes+=len(data)
                                                   ^^^^
AssertionError
Unhandled exception in client_connected_cb
transport: <asyncio.sslproto._SSLProtocolTransport object at 0x102504440>
Traceback (most recent call last):
  File "/Users/divyanshgolyan/.codex/worktrees/4511/onepage/research/transport-memory/asymmetric_server.py", line 39, in accept
    data=await reader.read(min(left,16384));assert data;hasher.update(data);left-=len(data);request_bytes+=len(data)
                                                   ^^^^
AssertionError
Unhandled exception in client_connected_cb
transport: <asyncio.sslproto._SSLProtocolTransport object at 0x1025043b0>
Traceback (most recent call last):
  File "/Users/divyanshgolyan/.codex/worktrees/4511/onepage/research/transport-memory/asymmetric_server.py", line 39, in accept
    data=await reader.read(min(left,16384));assert data;hasher.update(data);left-=len(data);request_bytes+=len(data)
                                                   ^^^^
AssertionError
Unhandled exception in client_connected_cb
transport: <asyncio.sslproto._SSLProtocolTransport object at 0x102504320>
Traceback (most recent call last):
  File "/Users/divyanshgolyan/.codex/worktrees/4511/onepage/research/transport-memory/asymmetric_server.py", line 39, in accept
    data=await reader.read(min(left,16384));assert data;hasher.update(data);left-=len(data);request_bytes+=len(data)
                                                   ^^^^
AssertionError
Unhandled exception in client_connected_cb
transport: <asyncio.sslproto._SSLProtocolTransport object at 0x102504290>
Traceback (most recent call last):
  File "/Users/divyanshgolyan/.codex/worktrees/4511/onepage/research/transport-memory/asymmetric_server.py", line 39, in accept
    data=await reader.read(min(left,16384));assert data;hasher.update(data);left-=len(data);request_bytes+=len(data)
                                                   ^^^^
AssertionError
Unhandled exception in client_connected_cb
transport: <asyncio.sslproto._SSLProtocolTransport object at 0x102504200>
Traceback (most recent call last):
  File "/Users/divyanshgolyan/.codex/worktrees/4511/onepage/research/transport-memory/asymmetric_server.py", line 39, in accept
    data=await reader.read(min(left,16384));assert data;hasher.update(data);left-=len(data);request_bytes+=len(data)
                                                   ^^^^
AssertionError
Unhandled exception in client_connected_cb
transport: <asyncio.sslproto._SSLProtocolTransport object at 0x102504170>
Traceback (most recent call last):
  File "/Users/divyanshgolyan/.codex/worktrees/4511/onepage/research/transport-memory/asymmetric_server.py", line 39, in accept
    data=await reader.read(min(left,16384));assert data;hasher.update(data);left-=len(data);request_bytes+=len(data)
                                                   ^^^^
AssertionError
Unhandled exception in client_connected_cb
transport: <asyncio.sslproto._SSLProtocolTransport object at 0x1025040e0>
Traceback (most recent call last):
  File "/Users/divyanshgolyan/.codex/worktrees/4511/onepage/research/transport-memory/asymmetric_server.py", line 39, in accept
    data=await reader.read(min(left,16384));assert data;hasher.update(data);left-=len(data);request_bytes+=len(data)
                                                   ^^^^
AssertionError
Unhandled exception in client_connected_cb
transport: <asyncio.sslproto._SSLProtocolTransport object at 0x102504050>
Traceback (most recent call last):
  File "/Users/divyanshgolyan/.codex/worktrees/4511/onepage/research/transport-memory/asymmetric_server.py", line 39, in accept
    data=await reader.read(min(left,16384));assert data;hasher.update(data);left-=len(data);request_bytes+=len(data)
                                                   ^^^^
AssertionError
Unhandled exception in client_connected_cb
transport: <asyncio.sslproto._SSLProtocolTransport object at 0x101f07f50>
Traceback (most recent call last):
  File "/Users/divyanshgolyan/.codex/worktrees/4511/onepage/research/transport-memory/asymmetric_server.py", line 39, in accept
    data=await reader.read(min(left,16384));assert data;hasher.update(data);left-=len(data);request_bytes+=len(data)
                                                   ^^^^
AssertionError
Unhandled exception in client_connected_cb
transport: <asyncio.sslproto._SSLProtocolTransport object at 0x101f07ec0>
Traceback (most recent call last):
  File "/Users/divyanshgolyan/.codex/worktrees/4511/onepage/research/transport-memory/asymmetric_server.py", line 39, in accept
    data=await reader.read(min(left,16384));assert data;hasher.update(data);left-=len(data);request_bytes+=len(data)
                                                   ^^^^
AssertionError
Unhandled exception in client_connected_cb
transport: <asyncio.sslproto._SSLProtocolTransport object at 0x101f07e30>
Traceback (most recent call last):
  File "/Users/divyanshgolyan/.codex/worktrees/4511/onepage/research/transport-memory/asymmetric_server.py", line 39, in accept
    data=await reader.read(min(left,16384));assert data;hasher.update(data);left-=len(data);request_bytes+=len(data)
                                                   ^^^^
AssertionError
Unhandled exception in client_connected_cb
transport: <asyncio.sslproto._SSLProtocolTransport object at 0x101f07da0>
Traceback (most recent call last):
  File "/Users/divyanshgolyan/.codex/worktrees/4511/onepage/research/transport-memory/asymmetric_server.py", line 39, in accept
    data=await reader.read(min(left,16384));assert data;hasher.update(data);left-=len(data);request_bytes+=len(data)
                                                   ^^^^
AssertionError
Unhandled exception in client_connected_cb
transport: <asyncio.sslproto._SSLProtocolTransport object at 0x101f07d10>
Traceback (most recent call last):
  File "/Users/divyanshgolyan/.codex/worktrees/4511/onepage/research/transport-memory/asymmetric_server.py", line 39, in accept
    data=await reader.read(min(left,16384));assert data;hasher.update(data);left-=len(data);request_bytes+=len(data)
                                                   ^^^^
AssertionError
Unhandled exception in client_connected_cb
transport: <asyncio.sslproto._SSLProtocolTransport object at 0x101f07c80>
Traceback (most recent call last):
  File "/Users/divyanshgolyan/.codex/worktrees/4511/onepage/research/transport-memory/asymmetric_server.py", line 39, in accept
    data=await reader.read(min(left,16384));assert data;hasher.update(data);left-=len(data);request_bytes+=len(data)
                                                   ^^^^
AssertionError
Unhandled exception in client_connected_cb
transport: <asyncio.sslproto._SSLProtocolTransport object at 0x101f07bf0>
Traceback (most recent call last):
  File "/Users/divyanshgolyan/.codex/worktrees/4511/onepage/research/transport-memory/asymmetric_server.py", line 39, in accept
    data=await reader.read(min(left,16384));assert data;hasher.update(data);left-=len(data);request_bytes+=len(data)
                                                   ^^^^
AssertionError
Unhandled exception in client_connected_cb
transport: <asyncio.sslproto._SSLProtocolTransport object at 0x101f07b60>
Traceback (most recent call last):
  File "/Users/divyanshgolyan/.codex/worktrees/4511/onepage/research/transport-memory/asymmetric_server.py", line 39, in accept
    data=await reader.read(min(left,16384));assert data;hasher.update(data);left-=len(data);request_bytes+=len(data)
                                                   ^^^^
AssertionError
Unhandled exception in client_connected_cb
transport: <asyncio.sslproto._SSLProtocolTransport object at 0x101f07ad0>
Traceback (most recent call last):
  File "/Users/divyanshgolyan/.codex/worktrees/4511/onepage/research/transport-memory/asymmetric_server.py", line 39, in accept
    data=await reader.read(min(left,16384));assert data;hasher.update(data);left-=len(data);request_bytes+=len(data)
                                                   ^^^^
AssertionError
Unhandled exception in client_connected_cb
transport: <asyncio.sslproto._SSLProtocolTransport object at 0x101f07a40>
Traceback (most recent call last):
  File "/Users/divyanshgolyan/.codex/worktrees/4511/onepage/research/transport-memory/asymmetric_server.py", line 39, in accept
    data=await reader.read(min(left,16384));assert data;hasher.update(data);left-=len(data);request_bytes+=len(data)
                                                   ^^^^
AssertionError
Unhandled exception in client_connected_cb
transport: <asyncio.sslproto._SSLProtocolTransport object at 0x101f079b0>
Traceback (most recent call last):
  File "/Users/divyanshgolyan/.codex/worktrees/4511/onepage/research/transport-memory/asymmetric_server.py", line 39, in accept
    data=await reader.read(min(left,16384));assert data;hasher.update(data);left-=len(data);request_bytes+=len(data)
                                                   ^^^^
AssertionError
Unhandled exception in client_connected_cb
transport: <asyncio.sslproto._SSLProtocolTransport object at 0x101f07920>
Traceback (most recent call last):
  File "/Users/divyanshgolyan/.codex/worktrees/4511/onepage/research/transport-memory/asymmetric_server.py", line 39, in accept
    data=await reader.read(min(left,16384));assert data;hasher.update(data);left-=len(data);request_bytes+=len(data)
                                                   ^^^^
AssertionError
Unhandled exception in client_connected_cb
transport: <asyncio.sslproto._SSLProtocolTransport object at 0x101f07890>
Traceback (most recent call last):
  File "/Users/divyanshgolyan/.codex/worktrees/4511/onepage/research/transport-memory/asymmetric_server.py", line 39, in accept
    data=await reader.read(min(left,16384));assert data;hasher.update(data);left-=len(data);request_bytes+=len(data)
                                                   ^^^^
AssertionError
Unhandled exception in client_connected_cb
transport: <asyncio.sslproto._SSLProtocolTransport object at 0x101f07800>
Traceback (most recent call last):
  File "/Users/divyanshgolyan/.codex/worktrees/4511/onepage/research/transport-memory/asymmetric_server.py", line 39, in accept
    data=await reader.read(min(left,16384));assert data;hasher.update(data);left-=len(data);request_bytes+=len(data)
                                                   ^^^^
AssertionError
Unhandled exception in client_connected_cb
transport: <asyncio.sslproto._SSLProtocolTransport object at 0x101f07770>
Traceback (most recent call last):
  File "/Users/divyanshgolyan/.codex/worktrees/4511/onepage/research/transport-memory/asymmetric_server.py", line 39, in accept
    data=await reader.read(min(left,16384));assert data;hasher.update(data);left-=len(data);request_bytes+=len(data)
                                                   ^^^^
AssertionError
Unhandled exception in client_connected_cb
transport: <asyncio.sslproto._SSLProtocolTransport object at 0x101f076e0>
Traceback (most recent call last):
  File "/Users/divyanshgolyan/.codex/worktrees/4511/onepage/research/transport-memory/asymmetric_server.py", line 39, in accept
    data=await reader.read(min(left,16384));assert data;hasher.update(data);left-=len(data);request_bytes+=len(data)
                                                   ^^^^
AssertionError
Unhandled exception in client_connected_cb
transport: <asyncio.sslproto._SSLProtocolTransport object at 0x101f07650>
Traceback (most recent call last):
  File "/Users/divyanshgolyan/.codex/worktrees/4511/onepage/research/transport-memory/asymmetric_server.py", line 39, in accept
    data=await reader.read(min(left,16384));assert data;hasher.update(data);left-=len(data);request_bytes+=len(data)
                                                   ^^^^
AssertionError
Unhandled exception in client_connected_cb
transport: <asyncio.sslproto._SSLProtocolTransport object at 0x101f075c0>
Traceback (most recent call last):
  File "/Users/divyanshgolyan/.codex/worktrees/4511/onepage/research/transport-memory/asymmetric_server.py", line 39, in accept
    data=await reader.read(min(left,16384));assert data;hasher.update(data);left-=len(data);request_bytes+=len(data)
                                                   ^^^^
AssertionError
Unhandled exception in client_connected_cb
transport: <asyncio.sslproto._SSLProtocolTransport object at 0x101f07530>
Traceback (most recent call last):
  File "/Users/divyanshgolyan/.codex/worktrees/4511/onepage/research/transport-memory/asymmetric_server.py", line 39, in accept
    data=await reader.read(min(left,16384));assert data;hasher.update(data);left-=len(data);request_bytes+=len(data)
                                                   ^^^^
AssertionError
Unhandled exception in client_connected_cb
transport: <asyncio.sslproto._SSLProtocolTransport object at 0x101f074a0>
Traceback (most recent call last):
  File "/Users/divyanshgolyan/.codex/worktrees/4511/onepage/research/transport-memory/asymmetric_server.py", line 39, in accept
    data=await reader.read(min(left,16384));assert data;hasher.update(data);left-=len(data);request_bytes+=len(data)
                                                   ^^^^
AssertionError
Unhandled exception in client_connected_cb
transport: <asyncio.sslproto._SSLProtocolTransport object at 0x101f07410>
Traceback (most recent call last):
  File "/Users/divyanshgolyan/.codex/worktrees/4511/onepage/research/transport-memory/asymmetric_server.py", line 39, in accept
    data=await reader.read(min(left,16384));assert data;hasher.update(data);left-=len(data);request_bytes+=len(data)
                                                   ^^^^
AssertionError
Unhandled exception in client_connected_cb
transport: <asyncio.sslproto._SSLProtocolTransport object at 0x101f07380>
Traceback (most recent call last):
  File "/Users/divyanshgolyan/.codex/worktrees/4511/onepage/research/transport-memory/asymmetric_server.py", line 39, in accept
    data=await reader.read(min(left,16384));assert data;hasher.update(data);left-=len(data);request_bytes+=len(data)
                                                   ^^^^
AssertionError
Unhandled exception in client_connected_cb
transport: <asyncio.sslproto._SSLProtocolTransport object at 0x101f072f0>
Traceback (most recent call last):
  File "/Users/divyanshgolyan/.codex/worktrees/4511/onepage/research/transport-memory/asymmetric_server.py", line 39, in accept
    data=await reader.read(min(left,16384));assert data;hasher.update(data);left-=len(data);request_bytes+=len(data)
                                                   ^^^^
AssertionError
Unhandled exception in client_connected_cb
transport: <asyncio.sslproto._SSLProtocolTransport object at 0x101f07260>
Traceback (most recent call last):
  File "/Users/divyanshgolyan/.codex/worktrees/4511/onepage/research/transport-memory/asymmetric_server.py", line 39, in accept
    data=await reader.read(min(left,16384));assert data;hasher.update(data);left-=len(data);request_bytes+=len(data)
                                                   ^^^^
AssertionError
Unhandled exception in client_connected_cb
transport: <asyncio.sslproto._SSLProtocolTransport object at 0x101f071d0>
Traceback (most recent call last):
  File "/Users/divyanshgolyan/.codex/worktrees/4511/onepage/research/transport-memory/asymmetric_server.py", line 39, in accept
    data=await reader.read(min(left,16384));assert data;hasher.update(data);left-=len(data);request_bytes+=len(data)
                                                   ^^^^
AssertionError
Unhandled exception in client_connected_cb
transport: <asyncio.sslproto._SSLProtocolTransport object at 0x101f07140>
Traceback (most recent call last):
  File "/Users/divyanshgolyan/.codex/worktrees/4511/onepage/research/transport-memory/asymmetric_server.py", line 39, in accept
    data=await reader.read(min(left,16384));assert data;hasher.update(data);left-=len(data);request_bytes+=len(data)
                                                   ^^^^
AssertionError
Unhandled exception in client_connected_cb
transport: <asyncio.sslproto._SSLProtocolTransport object at 0x101f070b0>
Traceback (most recent call last):
  File "/Users/divyanshgolyan/.codex/worktrees/4511/onepage/research/transport-memory/asymmetric_server.py", line 39, in accept
    data=await reader.read(min(left,16384));assert data;hasher.update(data);left-=len(data);request_bytes+=len(data)
                                                   ^^^^
AssertionError
Unhandled exception in client_connected_cb
transport: <asyncio.sslproto._SSLProtocolTransport object at 0x101f07020>
Traceback (most recent call last):
  File "/Users/divyanshgolyan/.codex/worktrees/4511/onepage/research/transport-memory/asymmetric_server.py", line 39, in accept
    data=await reader.read(min(left,16384));assert data;hasher.update(data);left-=len(data);request_bytes+=len(data)
                                                   ^^^^
AssertionError
Unhandled exception in client_connected_cb
transport: <asyncio.sslproto._SSLProtocolTransport object at 0x101f06f90>
Traceback (most recent call last):
  File "/Users/divyanshgolyan/.codex/worktrees/4511/onepage/research/transport-memory/asymmetric_server.py", line 39, in accept
    data=await reader.read(min(left,16384));assert data;hasher.update(data);left-=len(data);request_bytes+=len(data)
                                                   ^^^^
AssertionError
Unhandled exception in client_connected_cb
transport: <asyncio.sslproto._SSLProtocolTransport object at 0x101f06f00>
Traceback (most recent call last):
  File "/Users/divyanshgolyan/.codex/worktrees/4511/onepage/research/transport-memory/asymmetric_server.py", line 39, in accept
    data=await reader.read(min(left,16384));assert data;hasher.update(data);left-=len(data);request_bytes+=len(data)
                                                   ^^^^
AssertionError
Unhandled exception in client_connected_cb
transport: <asyncio.sslproto._SSLProtocolTransport object at 0x101f06e70>
Traceback (most recent call last):
  File "/Users/divyanshgolyan/.codex/worktrees/4511/onepage/research/transport-memory/asymmetric_server.py", line 39, in accept
    data=await reader.read(min(left,16384));assert data;hasher.update(data);left-=len(data);request_bytes+=len(data)
                                                   ^^^^
AssertionError
Unhandled exception in client_connected_cb
transport: <asyncio.sslproto._SSLProtocolTransport object at 0x101f06de0>
Traceback (most recent call last):
  File "/Users/divyanshgolyan/.codex/worktrees/4511/onepage/research/transport-memory/asymmetric_server.py", line 39, in accept
    data=await reader.read(min(left,16384));assert data;hasher.update(data);left-=len(data);request_bytes+=len(data)
                                                   ^^^^
AssertionError
Unhandled exception in client_connected_cb
transport: <asyncio.sslproto._SSLProtocolTransport object at 0x101f06d50>
Traceback (most recent call last):
  File "/Users/divyanshgolyan/.codex/worktrees/4511/onepage/research/transport-memory/asymmetric_server.py", line 39, in accept
    data=await reader.read(min(left,16384));assert data;hasher.update(data);left-=len(data);request_bytes+=len(data)
                                                   ^^^^
AssertionError
Unhandled exception in client_connected_cb
transport: <asyncio.sslproto._SSLProtocolTransport object at 0x101f06cc0>
Traceback (most recent call last):
  File "/Users/divyanshgolyan/.codex/worktrees/4511/onepage/research/transport-memory/asymmetric_server.py", line 39, in accept
    data=await reader.read(min(left,16384));assert data;hasher.update(data);left-=len(data);request_bytes+=len(data)
                                                   ^^^^
AssertionError
Unhandled exception in client_connected_cb
transport: <asyncio.sslproto._SSLProtocolTransport object at 0x101f06c30>
Traceback (most recent call last):
  File "/Users/divyanshgolyan/.codex/worktrees/4511/onepage/research/transport-memory/asymmetric_server.py", line 39, in accept
    data=await reader.read(min(left,16384));assert data;hasher.update(data);left-=len(data);request_bytes+=len(data)
                                                   ^^^^
AssertionError
Unhandled exception in client_connected_cb
transport: <asyncio.sslproto._SSLProtocolTransport object at 0x101f06ba0>
Traceback (most recent call last):
  File "/Users/divyanshgolyan/.codex/worktrees/4511/onepage/research/transport-memory/asymmetric_server.py", line 39, in accept
    data=await reader.read(min(left,16384));assert data;hasher.update(data);left-=len(data);request_bytes+=len(data)
                                                   ^^^^
AssertionError
Unhandled exception in client_connected_cb
transport: <asyncio.sslproto._SSLProtocolTransport object at 0x101f06b10>
Traceback (most recent call last):
  File "/Users/divyanshgolyan/.codex/worktrees/4511/onepage/research/transport-memory/asymmetric_server.py", line 39, in accept
    data=await reader.read(min(left,16384));assert data;hasher.update(data);left-=len(data);request_bytes+=len(data)
                                                   ^^^^
AssertionError
Unhandled exception in client_connected_cb
transport: <asyncio.sslproto._SSLProtocolTransport object at 0x101f06a80>
Traceback (most recent call last):
  File "/Users/divyanshgolyan/.codex/worktrees/4511/onepage/research/transport-memory/asymmetric_server.py", line 39, in accept
    data=await reader.read(min(left,16384));assert data;hasher.update(data);left-=len(data);request_bytes+=len(data)
                                                   ^^^^
AssertionError
Unhandled exception in client_connected_cb
transport: <asyncio.sslproto._SSLProtocolTransport object at 0x101f069f0>
Traceback (most recent call last):
  File "/Users/divyanshgolyan/.codex/worktrees/4511/onepage/research/transport-memory/asymmetric_server.py", line 39, in accept
    data=await reader.read(min(left,16384));assert data;hasher.update(data);left-=len(data);request_bytes+=len(data)
                                                   ^^^^
AssertionError
Unhandled exception in client_connected_cb
transport: <asyncio.sslproto._SSLProtocolTransport object at 0x101f06960>
Traceback (most recent call last):
  File "/Users/divyanshgolyan/.codex/worktrees/4511/onepage/research/transport-memory/asymmetric_server.py", line 39, in accept
    data=await reader.read(min(left,16384));assert data;hasher.update(data);left-=len(data);request_bytes+=len(data)
                                                   ^^^^
AssertionError
Unhandled exception in client_connected_cb
transport: <asyncio.sslproto._SSLProtocolTransport object at 0x101f068d0>
Traceback (most recent call last):
  File "/Users/divyanshgolyan/.codex/worktrees/4511/onepage/research/transport-memory/asymmetric_server.py", line 39, in accept
    data=await reader.read(min(left,16384));assert data;hasher.update(data);left-=len(data);request_bytes+=len(data)
                                                   ^^^^
AssertionError
Unhandled exception in client_connected_cb
transport: <asyncio.sslproto._SSLProtocolTransport object at 0x101f06840>
Traceback (most recent call last):
  File "/Users/divyanshgolyan/.codex/worktrees/4511/onepage/research/transport-memory/asymmetric_server.py", line 39, in accept
    data=await reader.read(min(left,16384));assert data;hasher.update(data);left-=len(data);request_bytes+=len(data)
                                                   ^^^^
AssertionError
Unhandled exception in client_connected_cb
transport: <asyncio.sslproto._SSLProtocolTransport object at 0x101f067b0>
Traceback (most recent call last):
  File "/Users/divyanshgolyan/.codex/worktrees/4511/onepage/research/transport-memory/asymmetric_server.py", line 39, in accept
    data=await reader.read(min(left,16384));assert data;hasher.update(data);left-=len(data);request_bytes+=len(data)
                                                   ^^^^
AssertionError
Unhandled exception in client_connected_cb
transport: <asyncio.sslproto._SSLProtocolTransport object at 0x101f06720>
Traceback (most recent call last):
  File "/Users/divyanshgolyan/.codex/worktrees/4511/onepage/research/transport-memory/asymmetric_server.py", line 39, in accept
    data=await reader.read(min(left,16384));assert data;hasher.update(data);left-=len(data);request_bytes+=len(data)
                                                   ^^^^
AssertionError
Unhandled exception in client_connected_cb
transport: <asyncio.sslproto._SSLProtocolTransport object at 0x101f06690>
Traceback (most recent call last):
  File "/Users/divyanshgolyan/.codex/worktrees/4511/onepage/research/transport-memory/asymmetric_server.py", line 39, in accept
    data=await reader.read(min(left,16384));assert data;hasher.update(data);left-=len(data);request_bytes+=len(data)
                                                   ^^^^
AssertionError
Unhandled exception in client_connected_cb
transport: <asyncio.sslproto._SSLProtocolTransport object at 0x101f06600>
Traceback (most recent call last):
  File "/Users/divyanshgolyan/.codex/worktrees/4511/onepage/research/transport-memory/asymmetric_server.py", line 39, in accept
    data=await reader.read(min(left,16384));assert data;hasher.update(data);left-=len(data);request_bytes+=len(data)
                                                   ^^^^
AssertionError
Unhandled exception in client_connected_cb
transport: <asyncio.sslproto._SSLProtocolTransport object at 0x101f06570>
Traceback (most recent call last):
  File "/Users/divyanshgolyan/.codex/worktrees/4511/onepage/research/transport-memory/asymmetric_server.py", line 39, in accept
    data=await reader.read(min(left,16384));assert data;hasher.update(data);left-=len(data);request_bytes+=len(data)
                                                   ^^^^
AssertionError
Unhandled exception in client_connected_cb
transport: <asyncio.sslproto._SSLProtocolTransport object at 0x101f064e0>
Traceback (most recent call last):
  File "/Users/divyanshgolyan/.codex/worktrees/4511/onepage/research/transport-memory/asymmetric_server.py", line 39, in accept
    data=await reader.read(min(left,16384));assert data;hasher.update(data);left-=len(data);request_bytes+=len(data)
                                                   ^^^^
AssertionError
Unhandled exception in client_connected_cb
transport: <asyncio.sslproto._SSLProtocolTransport object at 0x101f06450>
Traceback (most recent call last):
  File "/Users/divyanshgolyan/.codex/worktrees/4511/onepage/research/transport-memory/asymmetric_server.py", line 39, in accept
    data=await reader.read(min(left,16384));assert data;hasher.update(data);left-=len(data);request_bytes+=len(data)
                                                   ^^^^
AssertionError
Unhandled exception in client_connected_cb
transport: <asyncio.sslproto._SSLProtocolTransport object at 0x101f063c0>
Traceback (most recent call last):
  File "/Users/divyanshgolyan/.codex/worktrees/4511/onepage/research/transport-memory/asymmetric_server.py", line 39, in accept
    data=await reader.read(min(left,16384));assert data;hasher.update(data);left-=len(data);request_bytes+=len(data)
                                                   ^^^^
AssertionError
Unhandled exception in client_connected_cb
transport: <asyncio.sslproto._SSLProtocolTransport object at 0x101f06330>
Traceback (most recent call last):
  File "/Users/divyanshgolyan/.codex/worktrees/4511/onepage/research/transport-memory/asymmetric_server.py", line 39, in accept
    data=await reader.read(min(left,16384));assert data;hasher.update(data);left-=len(data);request_bytes+=len(data)
                                                   ^^^^
AssertionError
Unhandled exception in client_connected_cb
transport: <asyncio.sslproto._SSLProtocolTransport object at 0x101f062a0>
Traceback (most recent call last):
  File "/Users/divyanshgolyan/.codex/worktrees/4511/onepage/research/transport-memory/asymmetric_server.py", line 39, in accept
    data=await reader.read(min(left,16384));assert data;hasher.update(data);left-=len(data);request_bytes+=len(data)
                                                   ^^^^
AssertionError
Unhandled exception in client_connected_cb
transport: <asyncio.sslproto._SSLProtocolTransport object at 0x101f06210>
Traceback (most recent call last):
  File "/Users/divyanshgolyan/.codex/worktrees/4511/onepage/research/transport-memory/asymmetric_server.py", line 39, in accept
    data=await reader.read(min(left,16384));assert data;hasher.update(data);left-=len(data);request_bytes+=len(data)
                                                   ^^^^
AssertionError
Unhandled exception in client_connected_cb
transport: <asyncio.sslproto._SSLProtocolTransport object at 0x101f06180>
Traceback (most recent call last):
  File "/Users/divyanshgolyan/.codex/worktrees/4511/onepage/research/transport-memory/asymmetric_server.py", line 39, in accept
    data=await reader.read(min(left,16384));assert data;hasher.update(data);left-=len(data);request_bytes+=len(data)
                                                   ^^^^
AssertionError
Unhandled exception in client_connected_cb
transport: <asyncio.sslproto._SSLProtocolTransport object at 0x101f060f0>
Traceback (most recent call last):
  File "/Users/divyanshgolyan/.codex/worktrees/4511/onepage/research/transport-memory/asymmetric_server.py", line 39, in accept
    data=await reader.read(min(left,16384));assert data;hasher.update(data);left-=len(data);request_bytes+=len(data)
                                                   ^^^^
AssertionError
Unhandled exception in client_connected_cb
transport: <asyncio.sslproto._SSLProtocolTransport object at 0x101f06060>
Traceback (most recent call last):
  File "/Users/divyanshgolyan/.codex/worktrees/4511/onepage/research/transport-memory/asymmetric_server.py", line 39, in accept
    data=await reader.read(min(left,16384));assert data;hasher.update(data);left-=len(data);request_bytes+=len(data)
                                                   ^^^^
AssertionError
Unhandled exception in client_connected_cb
transport: <asyncio.sslproto._SSLProtocolTransport object at 0x101f05fd0>
Traceback (most recent call last):
  File "/Users/divyanshgolyan/.codex/worktrees/4511/onepage/research/transport-memory/asymmetric_server.py", line 39, in accept
    data=await reader.read(min(left,16384));assert data;hasher.update(data);left-=len(data);request_bytes+=len(data)
                                                   ^^^^
AssertionError
Unhandled exception in client_connected_cb
transport: <asyncio.sslproto._SSLProtocolTransport object at 0x101f05f40>
Traceback (most recent call last):
  File "/Users/divyanshgolyan/.codex/worktrees/4511/onepage/research/transport-memory/asymmetric_server.py", line 39, in accept
    data=await reader.read(min(left,16384));assert data;hasher.update(data);left-=len(data);request_bytes+=len(data)
                                                   ^^^^
AssertionError
Unhandled exception in client_connected_cb
transport: <asyncio.sslproto._SSLProtocolTransport object at 0x101f05eb0>
Traceback (most recent call last):
  File "/Users/divyanshgolyan/.codex/worktrees/4511/onepage/research/transport-memory/asymmetric_server.py", line 39, in accept
    data=await reader.read(min(left,16384));assert data;hasher.update(data);left-=len(data);request_bytes+=len(data)
                                                   ^^^^
AssertionError
Unhandled exception in client_connected_cb
transport: <asyncio.sslproto._SSLProtocolTransport object at 0x101f05e20>
Traceback (most recent call last):
  File "/Users/divyanshgolyan/.codex/worktrees/4511/onepage/research/transport-memory/asymmetric_server.py", line 39, in accept
    data=await reader.read(min(left,16384));assert data;hasher.update(data);left-=len(data);request_bytes+=len(data)
                                                   ^^^^
AssertionError
Unhandled exception in client_connected_cb
transport: <asyncio.sslproto._SSLProtocolTransport object at 0x101f05d90>
Traceback (most recent call last):
  File "/Users/divyanshgolyan/.codex/worktrees/4511/onepage/research/transport-memory/asymmetric_server.py", line 39, in accept
    data=await reader.read(min(left,16384));assert data;hasher.update(data);left-=len(data);request_bytes+=len(data)
                                                   ^^^^
AssertionError
Unhandled exception in client_connected_cb
transport: <asyncio.sslproto._SSLProtocolTransport object at 0x101f05d00>
Traceback (most recent call last):
  File "/Users/divyanshgolyan/.codex/worktrees/4511/onepage/research/transport-memory/asymmetric_server.py", line 39, in accept
    data=await reader.read(min(left,16384));assert data;hasher.update(data);left-=len(data);request_bytes+=len(data)
                                                   ^^^^
AssertionError
Unhandled exception in client_connected_cb
transport: <asyncio.sslproto._SSLProtocolTransport object at 0x101f05c70>
Traceback (most recent call last):
  File "/Users/divyanshgolyan/.codex/worktrees/4511/onepage/research/transport-memory/asymmetric_server.py", line 39, in accept
    data=await reader.read(min(left,16384));assert data;hasher.update(data);left-=len(data);request_bytes+=len(data)
                                                   ^^^^
AssertionError
Unhandled exception in client_connected_cb
transport: <asyncio.sslproto._SSLProtocolTransport object at 0x101f05be0>
Traceback (most recent call last):
  File "/Users/divyanshgolyan/.codex/worktrees/4511/onepage/research/transport-memory/asymmetric_server.py", line 39, in accept
    data=await reader.read(min(left,16384));assert data;hasher.update(data);left-=len(data);request_bytes+=len(data)
                                                   ^^^^
AssertionError
Unhandled exception in client_connected_cb
transport: <asyncio.sslproto._SSLProtocolTransport object at 0x101f05b50>
Traceback (most recent call last):
  File "/Users/divyanshgolyan/.codex/worktrees/4511/onepage/research/transport-memory/asymmetric_server.py", line 39, in accept
    data=await reader.read(min(left,16384));assert data;hasher.update(data);left-=len(data);request_bytes+=len(data)
                                                   ^^^^
AssertionError
Unhandled exception in client_connected_cb
transport: <asyncio.sslproto._SSLProtocolTransport object at 0x101f05ac0>
Traceback (most recent call last):
  File "/Users/divyanshgolyan/.codex/worktrees/4511/onepage/research/transport-memory/asymmetric_server.py", line 39, in accept
    data=await reader.read(min(left,16384));assert data;hasher.update(data);left-=len(data);request_bytes+=len(data)
                                                   ^^^^
AssertionError
Unhandled exception in client_connected_cb
transport: <asyncio.sslproto._SSLProtocolTransport object at 0x101f05a30>
Traceback (most recent call last):
  File "/Users/divyanshgolyan/.codex/worktrees/4511/onepage/research/transport-memory/asymmetric_server.py", line 39, in accept
    data=await reader.read(min(left,16384));assert data;hasher.update(data);left-=len(data);request_bytes+=len(data)
                                                   ^^^^
AssertionError
Unhandled exception in client_connected_cb
transport: <asyncio.sslproto._SSLProtocolTransport object at 0x101f059a0>
Traceback (most recent call last):
  File "/Users/divyanshgolyan/.codex/worktrees/4511/onepage/research/transport-memory/asymmetric_server.py", line 39, in accept
    data=await reader.read(min(left,16384));assert data;hasher.update(data);left-=len(data);request_bytes+=len(data)
                                                   ^^^^
AssertionError
Unhandled exception in client_connected_cb
transport: <asyncio.sslproto._SSLProtocolTransport object at 0x101f05910>
Traceback (most recent call last):
  File "/Users/divyanshgolyan/.codex/worktrees/4511/onepage/research/transport-memory/asymmetric_server.py", line 39, in accept
    data=await reader.read(min(left,16384));assert data;hasher.update(data);left-=len(data);request_bytes+=len(data)
                                                   ^^^^
AssertionError
Unhandled exception in client_connected_cb
transport: <asyncio.sslproto._SSLProtocolTransport object at 0x101f05880>
Traceback (most recent call last):
  File "/Users/divyanshgolyan/.codex/worktrees/4511/onepage/research/transport-memory/asymmetric_server.py", line 39, in accept
    data=await reader.read(min(left,16384));assert data;hasher.update(data);left-=len(data);request_bytes+=len(data)
                                                   ^^^^
AssertionError
Unhandled exception in client_connected_cb
transport: <asyncio.sslproto._SSLProtocolTransport object at 0x101f057f0>
Traceback (most recent call last):
  File "/Users/divyanshgolyan/.codex/worktrees/4511/onepage/research/transport-memory/asymmetric_server.py", line 39, in accept
    data=await reader.read(min(left,16384));assert data;hasher.update(data);left-=len(data);request_bytes+=len(data)
                                                   ^^^^
AssertionError
Unhandled exception in client_connected_cb
transport: <asyncio.sslproto._SSLProtocolTransport object at 0x101f05760>
Traceback (most recent call last):
  File "/Users/divyanshgolyan/.codex/worktrees/4511/onepage/research/transport-memory/asymmetric_server.py", line 39, in accept
    data=await reader.read(min(left,16384));assert data;hasher.update(data);left-=len(data);request_bytes+=len(data)
                                                   ^^^^
AssertionError
Unhandled exception in client_connected_cb
transport: <asyncio.sslproto._SSLProtocolTransport object at 0x101f056d0>
Traceback (most recent call last):
  File "/Users/divyanshgolyan/.codex/worktrees/4511/onepage/research/transport-memory/asymmetric_server.py", line 39, in accept
    data=await reader.read(min(left,16384));assert data;hasher.update(data);left-=len(data);request_bytes+=len(data)
                                                   ^^^^
AssertionError
Unhandled exception in client_connected_cb
transport: <asyncio.sslproto._SSLProtocolTransport object at 0x101f05640>
Traceback (most recent call last):
  File "/Users/divyanshgolyan/.codex/worktrees/4511/onepage/research/transport-memory/asymmetric_server.py", line 39, in accept
    data=await reader.read(min(left,16384));assert data;hasher.update(data);left-=len(data);request_bytes+=len(data)
                                                   ^^^^
AssertionError
Unhandled exception in client_connected_cb
transport: <asyncio.sslproto._SSLProtocolTransport object at 0x101f055b0>
Traceback (most recent call last):
  File "/Users/divyanshgolyan/.codex/worktrees/4511/onepage/research/transport-memory/asymmetric_server.py", line 39, in accept
    data=await reader.read(min(left,16384));assert data;hasher.update(data);left-=len(data);request_bytes+=len(data)
                                                   ^^^^
AssertionError
Unhandled exception in client_connected_cb
transport: <asyncio.sslproto._SSLProtocolTransport object at 0x101f05520>
Traceback (most recent call last):
  File "/Users/divyanshgolyan/.codex/worktrees/4511/onepage/research/transport-memory/asymmetric_server.py", line 39, in accept
    data=await reader.read(min(left,16384));assert data;hasher.update(data);left-=len(data);request_bytes+=len(data)
                                                   ^^^^
AssertionError
Unhandled exception in client_connected_cb
transport: <asyncio.sslproto._SSLProtocolTransport object at 0x101f05490>
Traceback (most recent call last):
  File "/Users/divyanshgolyan/.codex/worktrees/4511/onepage/research/transport-memory/asymmetric_server.py", line 39, in accept
    data=await reader.read(min(left,16384));assert data;hasher.update(data);left-=len(data);request_bytes+=len(data)
                                                   ^^^^
AssertionError
Unhandled exception in client_connected_cb
transport: <asyncio.sslproto._SSLProtocolTransport object at 0x101f05400>
Traceback (most recent call last):
  File "/Users/divyanshgolyan/.codex/worktrees/4511/onepage/research/transport-memory/asymmetric_server.py", line 39, in accept
    data=await reader.read(min(left,16384));assert data;hasher.update(data);left-=len(data);request_bytes+=len(data)
                                                   ^^^^
AssertionError
Unhandled exception in client_connected_cb
transport: <asyncio.sslproto._SSLProtocolTransport object at 0x101f05370>
Traceback (most recent call last):
  File "/Users/divyanshgolyan/.codex/worktrees/4511/onepage/research/transport-memory/asymmetric_server.py", line 39, in accept
    data=await reader.read(min(left,16384));assert data;hasher.update(data);left-=len(data);request_bytes+=len(data)
                                                   ^^^^
AssertionError
Unhandled exception in client_connected_cb
transport: <asyncio.sslproto._SSLProtocolTransport object at 0x101f052e0>
Traceback (most recent call last):
  File "/Users/divyanshgolyan/.codex/worktrees/4511/onepage/research/transport-memory/asymmetric_server.py", line 39, in accept
    data=await reader.read(min(left,16384));assert data;hasher.update(data);left-=len(data);request_bytes+=len(data)
                                                   ^^^^
AssertionError
Unhandled exception in client_connected_cb
transport: <asyncio.sslproto._SSLProtocolTransport object at 0x101f05250>
Traceback (most recent call last):
  File "/Users/divyanshgolyan/.codex/worktrees/4511/onepage/research/transport-memory/asymmetric_server.py", line 39, in accept
    data=await reader.read(min(left,16384));assert data;hasher.update(data);left-=len(data);request_bytes+=len(data)
                                                   ^^^^
AssertionError
Unhandled exception in client_connected_cb
transport: <asyncio.sslproto._SSLProtocolTransport object at 0x101f051c0>
Traceback (most recent call last):
  File "/Users/divyanshgolyan/.codex/worktrees/4511/onepage/research/transport-memory/asymmetric_server.py", line 39, in accept
    data=await reader.read(min(left,16384));assert data;hasher.update(data);left-=len(data);request_bytes+=len(data)
                                                   ^^^^
AssertionError
Unhandled exception in client_connected_cb
transport: <asyncio.sslproto._SSLProtocolTransport object at 0x101f05130>
Traceback (most recent call last):
  File "/Users/divyanshgolyan/.codex/worktrees/4511/onepage/research/transport-memory/asymmetric_server.py", line 39, in accept
    data=await reader.read(min(left,16384));assert data;hasher.update(data);left-=len(data);request_bytes+=len(data)
                                                   ^^^^
AssertionError
Unhandled exception in client_connected_cb
transport: <asyncio.sslproto._SSLProtocolTransport object at 0x101f050a0>
Traceback (most recent call last):
  File "/Users/divyanshgolyan/.codex/worktrees/4511/onepage/research/transport-memory/asymmetric_server.py", line 39, in accept
    data=await reader.read(min(left,16384));assert data;hasher.update(data);left-=len(data);request_bytes+=len(data)
                                                   ^^^^
AssertionError
Unhandled exception in client_connected_cb
transport: <asyncio.sslproto._SSLProtocolTransport object at 0x101f05010>
Traceback (most recent call last):
  File "/Users/divyanshgolyan/.codex/worktrees/4511/onepage/research/transport-memory/asymmetric_server.py", line 39, in accept
    data=await reader.read(min(left,16384));assert data;hasher.update(data);left-=len(data);request_bytes+=len(data)
                                                   ^^^^
AssertionError
Unhandled exception in client_connected_cb
transport: <asyncio.sslproto._SSLProtocolTransport object at 0x101f04f80>
Traceback (most recent call last):
  File "/Users/divyanshgolyan/.codex/worktrees/4511/onepage/research/transport-memory/asymmetric_server.py", line 39, in accept
    data=await reader.read(min(left,16384));assert data;hasher.update(data);left-=len(data);request_bytes+=len(data)
                                                   ^^^^
AssertionError
Unhandled exception in client_connected_cb
transport: <asyncio.sslproto._SSLProtocolTransport object at 0x101f04ef0>
Traceback (most recent call last):
  File "/Users/divyanshgolyan/.codex/worktrees/4511/onepage/research/transport-memory/asymmetric_server.py", line 39, in accept
    data=await reader.read(min(left,16384));assert data;hasher.update(data);left-=len(data);request_bytes+=len(data)
                                                   ^^^^
AssertionError
Unhandled exception in client_connected_cb
transport: <asyncio.sslproto._SSLProtocolTransport object at 0x101f04e60>
Traceback (most recent call last):
  File "/Users/divyanshgolyan/.codex/worktrees/4511/onepage/research/transport-memory/asymmetric_server.py", line 39, in accept
    data=await reader.read(min(left,16384));assert data;hasher.update(data);left-=len(data);request_bytes+=len(data)
                                                   ^^^^
AssertionError
Unhandled exception in client_connected_cb
transport: <asyncio.sslproto._SSLProtocolTransport object at 0x101f04dd0>
Traceback (most recent call last):
  File "/Users/divyanshgolyan/.codex/worktrees/4511/onepage/research/transport-memory/asymmetric_server.py", line 39, in accept
    data=await reader.read(min(left,16384));assert data;hasher.update(data);left-=len(data);request_bytes+=len(data)
                                                   ^^^^
AssertionError
Unhandled exception in client_connected_cb
transport: <asyncio.sslproto._SSLProtocolTransport object at 0x101f04d40>
Traceback (most recent call last):
  File "/Users/divyanshgolyan/.codex/worktrees/4511/onepage/research/transport-memory/asymmetric_server.py", line 39, in accept
    data=await reader.read(min(left,16384));assert data;hasher.update(data);left-=len(data);request_bytes+=len(data)
                                                   ^^^^
AssertionError
Unhandled exception in client_connected_cb
transport: <asyncio.sslproto._SSLProtocolTransport object at 0x101f04cb0>
Traceback (most recent call last):
  File "/Users/divyanshgolyan/.codex/worktrees/4511/onepage/research/transport-memory/asymmetric_server.py", line 39, in accept
    data=await reader.read(min(left,16384));assert data;hasher.update(data);left-=len(data);request_bytes+=len(data)
                                                   ^^^^
AssertionError
Unhandled exception in client_connected_cb
transport: <asyncio.sslproto._SSLProtocolTransport object at 0x101f04c20>
Traceback (most recent call last):
  File "/Users/divyanshgolyan/.codex/worktrees/4511/onepage/research/transport-memory/asymmetric_server.py", line 39, in accept
    data=await reader.read(min(left,16384));assert data;hasher.update(data);left-=len(data);request_bytes+=len(data)
                                                   ^^^^
AssertionError
Unhandled exception in client_connected_cb
transport: <asyncio.sslproto._SSLProtocolTransport object at 0x101f04b90>
Traceback (most recent call last):
  File "/Users/divyanshgolyan/.codex/worktrees/4511/onepage/research/transport-memory/asymmetric_server.py", line 39, in accept
    data=await reader.read(min(left,16384));assert data;hasher.update(data);left-=len(data);request_bytes+=len(data)
                                                   ^^^^
AssertionError
Unhandled exception in client_connected_cb
transport: <asyncio.sslproto._SSLProtocolTransport object at 0x101f04b00>
Traceback (most recent call last):
  File "/Users/divyanshgolyan/.codex/worktrees/4511/onepage/research/transport-memory/asymmetric_server.py", line 39, in accept
    data=await reader.read(min(left,16384));assert data;hasher.update(data);left-=len(data);request_bytes+=len(data)
                                                   ^^^^
AssertionError
Unhandled exception in client_connected_cb
transport: <asyncio.sslproto._SSLProtocolTransport object at 0x101f04a70>
Traceback (most recent call last):
  File "/Users/divyanshgolyan/.codex/worktrees/4511/onepage/research/transport-memory/asymmetric_server.py", line 39, in accept
    data=await reader.read(min(left,16384));assert data;hasher.update(data);left-=len(data);request_bytes+=len(data)
                                                   ^^^^
AssertionError
Unhandled exception in client_connected_cb
transport: <asyncio.sslproto._SSLProtocolTransport object at 0x101f049e0>
Traceback (most recent call last):
  File "/Users/divyanshgolyan/.codex/worktrees/4511/onepage/research/transport-memory/asymmetric_server.py", line 39, in accept
    data=await reader.read(min(left,16384));assert data;hasher.update(data);left-=len(data);request_bytes+=len(data)
                                                   ^^^^
AssertionError
Unhandled exception in client_connected_cb
transport: <asyncio.sslproto._SSLProtocolTransport object at 0x101f04950>
Traceback (most recent call last):
  File "/Users/divyanshgolyan/.codex/worktrees/4511/onepage/research/transport-memory/asymmetric_server.py", line 39, in accept
    data=await reader.read(min(left,16384));assert data;hasher.update(data);left-=len(data);request_bytes+=len(data)
                                                   ^^^^
AssertionError
Unhandled exception in client_connected_cb
transport: <asyncio.sslproto._SSLProtocolTransport object at 0x101f048c0>
Traceback (most recent call last):
  File "/Users/divyanshgolyan/.codex/worktrees/4511/onepage/research/transport-memory/asymmetric_server.py", line 39, in accept
    data=await reader.read(min(left,16384));assert data;hasher.update(data);left-=len(data);request_bytes+=len(data)
                                                   ^^^^
AssertionError
Unhandled exception in client_connected_cb
transport: <asyncio.sslproto._SSLProtocolTransport object at 0x101f04830>
Traceback (most recent call last):
  File "/Users/divyanshgolyan/.codex/worktrees/4511/onepage/research/transport-memory/asymmetric_server.py", line 39, in accept
    data=await reader.read(min(left,16384));assert data;hasher.update(data);left-=len(data);request_bytes+=len(data)
                                                   ^^^^
AssertionError
Unhandled exception in client_connected_cb
transport: <asyncio.sslproto._SSLProtocolTransport object at 0x101f047a0>
Traceback (most recent call last):
  File "/Users/divyanshgolyan/.codex/worktrees/4511/onepage/research/transport-memory/asymmetric_server.py", line 39, in accept
    data=await reader.read(min(left,16384));assert data;hasher.update(data);left-=len(data);request_bytes+=len(data)
                                                   ^^^^
AssertionError
Unhandled exception in client_connected_cb
transport: <asyncio.sslproto._SSLProtocolTransport object at 0x101f04710>
Traceback (most recent call last):
  File "/Users/divyanshgolyan/.codex/worktrees/4511/onepage/research/transport-memory/asymmetric_server.py", line 39, in accept
    data=await reader.read(min(left,16384));assert data;hasher.update(data);left-=len(data);request_bytes+=len(data)
                                                   ^^^^
AssertionError
Unhandled exception in client_connected_cb
transport: <asyncio.sslproto._SSLProtocolTransport object at 0x101f04680>
Traceback (most recent call last):
  File "/Users/divyanshgolyan/.codex/worktrees/4511/onepage/research/transport-memory/asymmetric_server.py", line 39, in accept
    data=await reader.read(min(left,16384));assert data;hasher.update(data);left-=len(data);request_bytes+=len(data)
                                                   ^^^^
AssertionError
Unhandled exception in client_connected_cb
transport: <asyncio.sslproto._SSLProtocolTransport object at 0x101f045f0>
Traceback (most recent call last):
  File "/Users/divyanshgolyan/.codex/worktrees/4511/onepage/research/transport-memory/asymmetric_server.py", line 39, in accept
    data=await reader.read(min(left,16384));assert data;hasher.update(data);left-=len(data);request_bytes+=len(data)
                                                   ^^^^
AssertionError
Unhandled exception in client_connected_cb
transport: <asyncio.sslproto._SSLProtocolTransport object at 0x101f04560>
Traceback (most recent call last):
  File "/Users/divyanshgolyan/.codex/worktrees/4511/onepage/research/transport-memory/asymmetric_server.py", line 39, in accept
    data=await reader.read(min(left,16384));assert data;hasher.update(data);left-=len(data);request_bytes+=len(data)
                                                   ^^^^
AssertionError
Unhandled exception in client_connected_cb
transport: <asyncio.sslproto._SSLProtocolTransport object at 0x101f044d0>
Traceback (most recent call last):
  File "/Users/divyanshgolyan/.codex/worktrees/4511/onepage/research/transport-memory/asymmetric_server.py", line 39, in accept
    data=await reader.read(min(left,16384));assert data;hasher.update(data);left-=len(data);request_bytes+=len(data)
                                                   ^^^^
AssertionError
Unhandled exception in client_connected_cb
transport: <asyncio.sslproto._SSLProtocolTransport object at 0x101f04440>
Traceback (most recent call last):
  File "/Users/divyanshgolyan/.codex/worktrees/4511/onepage/research/transport-memory/asymmetric_server.py", line 39, in accept
    data=await reader.read(min(left,16384));assert data;hasher.update(data);left-=len(data);request_bytes+=len(data)
                                                   ^^^^
AssertionError
Unhandled exception in client_connected_cb
transport: <asyncio.sslproto._SSLProtocolTransport object at 0x101f043b0>
Traceback (most recent call last):
  File "/Users/divyanshgolyan/.codex/worktrees/4511/onepage/research/transport-memory/asymmetric_server.py", line 39, in accept
    data=await reader.read(min(left,16384));assert data;hasher.update(data);left-=len(data);request_bytes+=len(data)
                                                   ^^^^
AssertionError
Unhandled exception in client_connected_cb
transport: <asyncio.sslproto._SSLProtocolTransport object at 0x101f04320>
Traceback (most recent call last):
  File "/Users/divyanshgolyan/.codex/worktrees/4511/onepage/research/transport-memory/asymmetric_server.py", line 39, in accept
    data=await reader.read(min(left,16384));assert data;hasher.update(data);left-=len(data);request_bytes+=len(data)
                                                   ^^^^
AssertionError
Unhandled exception in client_connected_cb
transport: <asyncio.sslproto._SSLProtocolTransport object at 0x101f04290>
Traceback (most recent call last):
  File "/Users/divyanshgolyan/.codex/worktrees/4511/onepage/research/transport-memory/asymmetric_server.py", line 39, in accept
    data=await reader.read(min(left,16384));assert data;hasher.update(data);left-=len(data);request_bytes+=len(data)
                                                   ^^^^
AssertionError
Unhandled exception in client_connected_cb
transport: <asyncio.sslproto._SSLProtocolTransport object at 0x101f04200>
Traceback (most recent call last):
  File "/Users/divyanshgolyan/.codex/worktrees/4511/onepage/research/transport-memory/asymmetric_server.py", line 39, in accept
    data=await reader.read(min(left,16384));assert data;hasher.update(data);left-=len(data);request_bytes+=len(data)
                                                   ^^^^
AssertionError
Unhandled exception in client_connected_cb
transport: <asyncio.sslproto._SSLProtocolTransport object at 0x101f04170>
Traceback (most recent call last):
  File "/Users/divyanshgolyan/.codex/worktrees/4511/onepage/research/transport-memory/asymmetric_server.py", line 39, in accept
    data=await reader.read(min(left,16384));assert data;hasher.update(data);left-=len(data);request_bytes+=len(data)
                                                   ^^^^
AssertionError
Unhandled exception in client_connected_cb
transport: <asyncio.sslproto._SSLProtocolTransport object at 0x101f040e0>
Traceback (most recent call last):
  File "/Users/divyanshgolyan/.codex/worktrees/4511/onepage/research/transport-memory/asymmetric_server.py", line 39, in accept
    data=await reader.read(min(left,16384));assert data;hasher.update(data);left-=len(data);request_bytes+=len(data)
                                                   ^^^^
AssertionError
Unhandled exception in client_connected_cb
transport: <asyncio.sslproto._SSLProtocolTransport object at 0x101f04050>
Traceback (most recent call last):
  File "/Users/divyanshgolyan/.codex/worktrees/4511/onepage/research/transport-memory/asymmetric_server.py", line 39, in accept
    data=await reader.read(min(left,16384));assert data;hasher.update(data);left-=len(data);request_bytes+=len(data)
                                                   ^^^^
AssertionError
Unhandled exception in client_connected_cb
transport: <asyncio.sslproto._SSLProtocolTransport object at 0x101e67f50>
Traceback (most recent call last):
  File "/Users/divyanshgolyan/.codex/worktrees/4511/onepage/research/transport-memory/asymmetric_server.py", line 39, in accept
    data=await reader.read(min(left,16384));assert data;hasher.update(data);left-=len(data);request_bytes+=len(data)
                                                   ^^^^
AssertionError
Unhandled exception in client_connected_cb
transport: <asyncio.sslproto._SSLProtocolTransport object at 0x101e67ec0>
Traceback (most recent call last):
  File "/Users/divyanshgolyan/.codex/worktrees/4511/onepage/research/transport-memory/asymmetric_server.py", line 39, in accept
    data=await reader.read(min(left,16384));assert data;hasher.update(data);left-=len(data);request_bytes+=len(data)
                                                   ^^^^
AssertionError
Unhandled exception in client_connected_cb
transport: <asyncio.sslproto._SSLProtocolTransport object at 0x101e67e30>
Traceback (most recent call last):
  File "/Users/divyanshgolyan/.codex/worktrees/4511/onepage/research/transport-memory/asymmetric_server.py", line 39, in accept
    data=await reader.read(min(left,16384));assert data;hasher.update(data);left-=len(data);request_bytes+=len(data)
                                                   ^^^^
AssertionError
Unhandled exception in client_connected_cb
transport: <asyncio.sslproto._SSLProtocolTransport object at 0x101e67da0>
Traceback (most recent call last):
  File "/Users/divyanshgolyan/.codex/worktrees/4511/onepage/research/transport-memory/asymmetric_server.py", line 39, in accept
    data=await reader.read(min(left,16384));assert data;hasher.update(data);left-=len(data);request_bytes+=len(data)
                                                   ^^^^
AssertionError
Unhandled exception in client_connected_cb
transport: <asyncio.sslproto._SSLProtocolTransport object at 0x101e67d10>
Traceback (most recent call last):
  File "/Users/divyanshgolyan/.codex/worktrees/4511/onepage/research/transport-memory/asymmetric_server.py", line 39, in accept
    data=await reader.read(min(left,16384));assert data;hasher.update(data);left-=len(data);request_bytes+=len(data)
                                                   ^^^^
AssertionError
Unhandled exception in client_connected_cb
transport: <asyncio.sslproto._SSLProtocolTransport object at 0x101e67c80>
Traceback (most recent call last):
  File "/Users/divyanshgolyan/.codex/worktrees/4511/onepage/research/transport-memory/asymmetric_server.py", line 39, in accept
    data=await reader.read(min(left,16384));assert data;hasher.update(data);left-=len(data);request_bytes+=len(data)
                                                   ^^^^
AssertionError
Unhandled exception in client_connected_cb
transport: <asyncio.sslproto._SSLProtocolTransport object at 0x101e67bf0>
Traceback (most recent call last):
  File "/Users/divyanshgolyan/.codex/worktrees/4511/onepage/research/transport-memory/asymmetric_server.py", line 39, in accept
    data=await reader.read(min(left,16384));assert data;hasher.update(data);left-=len(data);request_bytes+=len(data)
                                                   ^^^^
AssertionError
Unhandled exception in client_connected_cb
transport: <asyncio.sslproto._SSLProtocolTransport object at 0x101e67b60>
Traceback (most recent call last):
  File "/Users/divyanshgolyan/.codex/worktrees/4511/onepage/research/transport-memory/asymmetric_server.py", line 39, in accept
    data=await reader.read(min(left,16384));assert data;hasher.update(data);left-=len(data);request_bytes+=len(data)
                                                   ^^^^
AssertionError
Unhandled exception in client_connected_cb
transport: <asyncio.sslproto._SSLProtocolTransport object at 0x101e67ad0>
Traceback (most recent call last):
  File "/Users/divyanshgolyan/.codex/worktrees/4511/onepage/research/transport-memory/asymmetric_server.py", line 39, in accept
    data=await reader.read(min(left,16384));assert data;hasher.update(data);left-=len(data);request_bytes+=len(data)
                                                   ^^^^
AssertionError
Unhandled exception in client_connected_cb
transport: <asyncio.sslproto._SSLProtocolTransport object at 0x101e67a40>
Traceback (most recent call last):
  File "/Users/divyanshgolyan/.codex/worktrees/4511/onepage/research/transport-memory/asymmetric_server.py", line 39, in accept
    data=await reader.read(min(left,16384));assert data;hasher.update(data);left-=len(data);request_bytes+=len(data)
                                                   ^^^^
AssertionError
Unhandled exception in client_connected_cb
transport: <asyncio.sslproto._SSLProtocolTransport object at 0x101e679b0>
Traceback (most recent call last):
  File "/Users/divyanshgolyan/.codex/worktrees/4511/onepage/research/transport-memory/asymmetric_server.py", line 39, in accept
    data=await reader.read(min(left,16384));assert data;hasher.update(data);left-=len(data);request_bytes+=len(data)
                                                   ^^^^
AssertionError
Unhandled exception in client_connected_cb
transport: <asyncio.sslproto._SSLProtocolTransport object at 0x101e67920>
Traceback (most recent call last):
  File "/Users/divyanshgolyan/.codex/worktrees/4511/onepage/research/transport-memory/asymmetric_server.py", line 39, in accept
    data=await reader.read(min(left,16384));assert data;hasher.update(data);left-=len(data);request_bytes+=len(data)
                                                   ^^^^
AssertionError
Unhandled exception in client_connected_cb
transport: <asyncio.sslproto._SSLProtocolTransport object at 0x101e67890>
Traceback (most recent call last):
  File "/Users/divyanshgolyan/.codex/worktrees/4511/onepage/research/transport-memory/asymmetric_server.py", line 39, in accept
    data=await reader.read(min(left,16384));assert data;hasher.update(data);left-=len(data);request_bytes+=len(data)
                                                   ^^^^
AssertionError
Unhandled exception in client_connected_cb
transport: <asyncio.sslproto._SSLProtocolTransport object at 0x101e67800>
Traceback (most recent call last):
  File "/Users/divyanshgolyan/.codex/worktrees/4511/onepage/research/transport-memory/asymmetric_server.py", line 39, in accept
    data=await reader.read(min(left,16384));assert data;hasher.update(data);left-=len(data);request_bytes+=len(data)
                                                   ^^^^
AssertionError
Unhandled exception in client_connected_cb
transport: <asyncio.sslproto._SSLProtocolTransport object at 0x101e67770>
Traceback (most recent call last):
  File "/Users/divyanshgolyan/.codex/worktrees/4511/onepage/research/transport-memory/asymmetric_server.py", line 39, in accept
    data=await reader.read(min(left,16384));assert data;hasher.update(data);left-=len(data);request_bytes+=len(data)
                                                   ^^^^
AssertionError
Unhandled exception in client_connected_cb
transport: <asyncio.sslproto._SSLProtocolTransport object at 0x101e676e0>
Traceback (most recent call last):
  File "/Users/divyanshgolyan/.codex/worktrees/4511/onepage/research/transport-memory/asymmetric_server.py", line 39, in accept
    data=await reader.read(min(left,16384));assert data;hasher.update(data);left-=len(data);request_bytes+=len(data)
                                                   ^^^^
AssertionError
Unhandled exception in client_connected_cb
transport: <asyncio.sslproto._SSLProtocolTransport object at 0x101e67650>
Traceback (most recent call last):
  File "/Users/divyanshgolyan/.codex/worktrees/4511/onepage/research/transport-memory/asymmetric_server.py", line 39, in accept
    data=await reader.read(min(left,16384));assert data;hasher.update(data);left-=len(data);request_bytes+=len(data)
                                                   ^^^^
AssertionError
Unhandled exception in client_connected_cb
transport: <asyncio.sslproto._SSLProtocolTransport object at 0x101e675c0>
Traceback (most recent call last):
  File "/Users/divyanshgolyan/.codex/worktrees/4511/onepage/research/transport-memory/asymmetric_server.py", line 39, in accept
    data=await reader.read(min(left,16384));assert data;hasher.update(data);left-=len(data);request_bytes+=len(data)
                                                   ^^^^
AssertionError
Unhandled exception in client_connected_cb
transport: <asyncio.sslproto._SSLProtocolTransport object at 0x101e67530>
Traceback (most recent call last):
  File "/Users/divyanshgolyan/.codex/worktrees/4511/onepage/research/transport-memory/asymmetric_server.py", line 39, in accept
    data=await reader.read(min(left,16384));assert data;hasher.update(data);left-=len(data);request_bytes+=len(data)
                                                   ^^^^
AssertionError
Unhandled exception in client_connected_cb
transport: <asyncio.sslproto._SSLProtocolTransport object at 0x101e674a0>
Traceback (most recent call last):
  File "/Users/divyanshgolyan/.codex/worktrees/4511/onepage/research/transport-memory/asymmetric_server.py", line 39, in accept
    data=await reader.read(min(left,16384));assert data;hasher.update(data);left-=len(data);request_bytes+=len(data)
                                                   ^^^^
AssertionError
Unhandled exception in client_connected_cb
transport: <asyncio.sslproto._SSLProtocolTransport object at 0x101e67410>
Traceback (most recent call last):
  File "/Users/divyanshgolyan/.codex/worktrees/4511/onepage/research/transport-memory/asymmetric_server.py", line 39, in accept
    data=await reader.read(min(left,16384));assert data;hasher.update(data);left-=len(data);request_bytes+=len(data)
                                                   ^^^^
AssertionError
Unhandled exception in client_connected_cb
transport: <asyncio.sslproto._SSLProtocolTransport object at 0x101e67380>
Traceback (most recent call last):
  File "/Users/divyanshgolyan/.codex/worktrees/4511/onepage/research/transport-memory/asymmetric_server.py", line 39, in accept
    data=await reader.read(min(left,16384));assert data;hasher.update(data);left-=len(data);request_bytes+=len(data)
                                                   ^^^^
AssertionError
Unhandled exception in client_connected_cb
transport: <asyncio.sslproto._SSLProtocolTransport object at 0x101e672f0>
Traceback (most recent call last):
  File "/Users/divyanshgolyan/.codex/worktrees/4511/onepage/research/transport-memory/asymmetric_server.py", line 39, in accept
    data=await reader.read(min(left,16384));assert data;hasher.update(data);left-=len(data);request_bytes+=len(data)
                                                   ^^^^
AssertionError
Unhandled exception in client_connected_cb
transport: <asyncio.sslproto._SSLProtocolTransport object at 0x101e67260>
Traceback (most recent call last):
  File "/Users/divyanshgolyan/.codex/worktrees/4511/onepage/research/transport-memory/asymmetric_server.py", line 39, in accept
    data=await reader.read(min(left,16384));assert data;hasher.update(data);left-=len(data);request_bytes+=len(data)
                                                   ^^^^
AssertionError
Unhandled exception in client_connected_cb
transport: <asyncio.sslproto._SSLProtocolTransport object at 0x101e671d0>
Traceback (most recent call last):
  File "/Users/divyanshgolyan/.codex/worktrees/4511/onepage/research/transport-memory/asymmetric_server.py", line 39, in accept
    data=await reader.read(min(left,16384));assert data;hasher.update(data);left-=len(data);request_bytes+=len(data)
                                                   ^^^^
AssertionError
Unhandled exception in client_connected_cb
transport: <asyncio.sslproto._SSLProtocolTransport object at 0x101e67140>
Traceback (most recent call last):
  File "/Users/divyanshgolyan/.codex/worktrees/4511/onepage/research/transport-memory/asymmetric_server.py", line 39, in accept
    data=await reader.read(min(left,16384));assert data;hasher.update(data);left-=len(data);request_bytes+=len(data)
                                                   ^^^^
AssertionError
Unhandled exception in client_connected_cb
transport: <asyncio.sslproto._SSLProtocolTransport object at 0x101e670b0>
Traceback (most recent call last):
  File "/Users/divyanshgolyan/.codex/worktrees/4511/onepage/research/transport-memory/asymmetric_server.py", line 39, in accept
    data=await reader.read(min(left,16384));assert data;hasher.update(data);left-=len(data);request_bytes+=len(data)
                                                   ^^^^
AssertionError
Unhandled exception in client_connected_cb
transport: <asyncio.sslproto._SSLProtocolTransport object at 0x101e67020>
Traceback (most recent call last):
  File "/Users/divyanshgolyan/.codex/worktrees/4511/onepage/research/transport-memory/asymmetric_server.py", line 39, in accept
    data=await reader.read(min(left,16384));assert data;hasher.update(data);left-=len(data);request_bytes+=len(data)
                                                   ^^^^
AssertionError
Unhandled exception in client_connected_cb
transport: <asyncio.sslproto._SSLProtocolTransport object at 0x101e66f90>
Traceback (most recent call last):
  File "/Users/divyanshgolyan/.codex/worktrees/4511/onepage/research/transport-memory/asymmetric_server.py", line 39, in accept
    data=await reader.read(min(left,16384));assert data;hasher.update(data);left-=len(data);request_bytes+=len(data)
                                                   ^^^^
AssertionError
Unhandled exception in client_connected_cb
transport: <asyncio.sslproto._SSLProtocolTransport object at 0x101e66f00>
Traceback (most recent call last):
  File "/Users/divyanshgolyan/.codex/worktrees/4511/onepage/research/transport-memory/asymmetric_server.py", line 39, in accept
    data=await reader.read(min(left,16384));assert data;hasher.update(data);left-=len(data);request_bytes+=len(data)
                                                   ^^^^
AssertionError
Unhandled exception in client_connected_cb
transport: <asyncio.sslproto._SSLProtocolTransport object at 0x101e66e70>
Traceback (most recent call last):
  File "/Users/divyanshgolyan/.codex/worktrees/4511/onepage/research/transport-memory/asymmetric_server.py", line 39, in accept
    data=await reader.read(min(left,16384));assert data;hasher.update(data);left-=len(data);request_bytes+=len(data)
                                                   ^^^^
AssertionError
Unhandled exception in client_connected_cb
transport: <asyncio.sslproto._SSLProtocolTransport object at 0x101e66de0>
Traceback (most recent call last):
  File "/Users/divyanshgolyan/.codex/worktrees/4511/onepage/research/transport-memory/asymmetric_server.py", line 39, in accept
    data=await reader.read(min(left,16384));assert data;hasher.update(data);left-=len(data);request_bytes+=len(data)
                                                   ^^^^
AssertionError
Unhandled exception in client_connected_cb
transport: <asyncio.sslproto._SSLProtocolTransport object at 0x101e66d50>
Traceback (most recent call last):
  File "/Users/divyanshgolyan/.codex/worktrees/4511/onepage/research/transport-memory/asymmetric_server.py", line 39, in accept
    data=await reader.read(min(left,16384));assert data;hasher.update(data);left-=len(data);request_bytes+=len(data)
                                                   ^^^^
AssertionError
Unhandled exception in client_connected_cb
transport: <asyncio.sslproto._SSLProtocolTransport object at 0x101e66cc0>
Traceback (most recent call last):
  File "/Users/divyanshgolyan/.codex/worktrees/4511/onepage/research/transport-memory/asymmetric_server.py", line 39, in accept
    data=await reader.read(min(left,16384));assert data;hasher.update(data);left-=len(data);request_bytes+=len(data)
                                                   ^^^^
AssertionError
Unhandled exception in client_connected_cb
transport: <asyncio.sslproto._SSLProtocolTransport object at 0x101e66c30>
Traceback (most recent call last):
  File "/Users/divyanshgolyan/.codex/worktrees/4511/onepage/research/transport-memory/asymmetric_server.py", line 39, in accept
    data=await reader.read(min(left,16384));assert data;hasher.update(data);left-=len(data);request_bytes+=len(data)
                                                   ^^^^
AssertionError
Unhandled exception in client_connected_cb
transport: <asyncio.sslproto._SSLProtocolTransport object at 0x101e66ba0>
Traceback (most recent call last):
  File "/Users/divyanshgolyan/.codex/worktrees/4511/onepage/research/transport-memory/asymmetric_server.py", line 39, in accept
    data=await reader.read(min(left,16384));assert data;hasher.update(data);left-=len(data);request_bytes+=len(data)
                                                   ^^^^
AssertionError
Unhandled exception in client_connected_cb
transport: <asyncio.sslproto._SSLProtocolTransport object at 0x101e66b10>
Traceback (most recent call last):
  File "/Users/divyanshgolyan/.codex/worktrees/4511/onepage/research/transport-memory/asymmetric_server.py", line 39, in accept
    data=await reader.read(min(left,16384));assert data;hasher.update(data);left-=len(data);request_bytes+=len(data)
                                                   ^^^^
AssertionError
Unhandled exception in client_connected_cb
transport: <asyncio.sslproto._SSLProtocolTransport object at 0x101e66a80>
Traceback (most recent call last):
  File "/Users/divyanshgolyan/.codex/worktrees/4511/onepage/research/transport-memory/asymmetric_server.py", line 39, in accept
    data=await reader.read(min(left,16384));assert data;hasher.update(data);left-=len(data);request_bytes+=len(data)
                                                   ^^^^
AssertionError
Unhandled exception in client_connected_cb
transport: <asyncio.sslproto._SSLProtocolTransport object at 0x101e669f0>
Traceback (most recent call last):
  File "/Users/divyanshgolyan/.codex/worktrees/4511/onepage/research/transport-memory/asymmetric_server.py", line 39, in accept
    data=await reader.read(min(left,16384));assert data;hasher.update(data);left-=len(data);request_bytes+=len(data)
                                                   ^^^^
AssertionError
Unhandled exception in client_connected_cb
transport: <asyncio.sslproto._SSLProtocolTransport object at 0x101e66960>
Traceback (most recent call last):
  File "/Users/divyanshgolyan/.codex/worktrees/4511/onepage/research/transport-memory/asymmetric_server.py", line 39, in accept
    data=await reader.read(min(left,16384));assert data;hasher.update(data);left-=len(data);request_bytes+=len(data)
                                                   ^^^^
AssertionError
Unhandled exception in client_connected_cb
transport: <asyncio.sslproto._SSLProtocolTransport object at 0x101e668d0>
Traceback (most recent call last):
  File "/Users/divyanshgolyan/.codex/worktrees/4511/onepage/research/transport-memory/asymmetric_server.py", line 39, in accept
    data=await reader.read(min(left,16384));assert data;hasher.update(data);left-=len(data);request_bytes+=len(data)
                                                   ^^^^
AssertionError
Unhandled exception in client_connected_cb
transport: <asyncio.sslproto._SSLProtocolTransport object at 0x101e66840>
Traceback (most recent call last):
  File "/Users/divyanshgolyan/.codex/worktrees/4511/onepage/research/transport-memory/asymmetric_server.py", line 39, in accept
    data=await reader.read(min(left,16384));assert data;hasher.update(data);left-=len(data);request_bytes+=len(data)
                                                   ^^^^
AssertionError
Unhandled exception in client_connected_cb
transport: <asyncio.sslproto._SSLProtocolTransport object at 0x101e667b0>
Traceback (most recent call last):
  File "/Users/divyanshgolyan/.codex/worktrees/4511/onepage/research/transport-memory/asymmetric_server.py", line 39, in accept
    data=await reader.read(min(left,16384));assert data;hasher.update(data);left-=len(data);request_bytes+=len(data)
                                                   ^^^^
AssertionError
Unhandled exception in client_connected_cb
transport: <asyncio.sslproto._SSLProtocolTransport object at 0x101e66720>
Traceback (most recent call last):
  File "/Users/divyanshgolyan/.codex/worktrees/4511/onepage/research/transport-memory/asymmetric_server.py", line 39, in accept
    data=await reader.read(min(left,16384));assert data;hasher.update(data);left-=len(data);request_bytes+=len(data)
                                                   ^^^^
AssertionError
Unhandled exception in client_connected_cb
transport: <asyncio.sslproto._SSLProtocolTransport object at 0x101e66690>
Traceback (most recent call last):
  File "/Users/divyanshgolyan/.codex/worktrees/4511/onepage/research/transport-memory/asymmetric_server.py", line 39, in accept
    data=await reader.read(min(left,16384));assert data;hasher.update(data);left-=len(data);request_bytes+=len(data)
                                                   ^^^^
AssertionError
Unhandled exception in client_connected_cb
transport: <asyncio.sslproto._SSLProtocolTransport object at 0x101e66600>
Traceback (most recent call last):
  File "/Users/divyanshgolyan/.codex/worktrees/4511/onepage/research/transport-memory/asymmetric_server.py", line 39, in accept
    data=await reader.read(min(left,16384));assert data;hasher.update(data);left-=len(data);request_bytes+=len(data)
                                                   ^^^^
AssertionError
Unhandled exception in client_connected_cb
transport: <asyncio.sslproto._SSLProtocolTransport object at 0x101e66570>
Traceback (most recent call last):
  File "/Users/divyanshgolyan/.codex/worktrees/4511/onepage/research/transport-memory/asymmetric_server.py", line 39, in accept
    data=await reader.read(min(left,16384));assert data;hasher.update(data);left-=len(data);request_bytes+=len(data)
                                                   ^^^^
AssertionError
Unhandled exception in client_connected_cb
transport: <asyncio.sslproto._SSLProtocolTransport object at 0x101e664e0>
Traceback (most recent call last):
  File "/Users/divyanshgolyan/.codex/worktrees/4511/onepage/research/transport-memory/asymmetric_server.py", line 39, in accept
    data=await reader.read(min(left,16384));assert data;hasher.update(data);left-=len(data);request_bytes+=len(data)
                                                   ^^^^
AssertionError
Unhandled exception in client_connected_cb
transport: <asyncio.sslproto._SSLProtocolTransport object at 0x101e66450>
Traceback (most recent call last):
  File "/Users/divyanshgolyan/.codex/worktrees/4511/onepage/research/transport-memory/asymmetric_server.py", line 39, in accept
    data=await reader.read(min(left,16384));assert data;hasher.update(data);left-=len(data);request_bytes+=len(data)
                                                   ^^^^
AssertionError
Unhandled exception in client_connected_cb
transport: <asyncio.sslproto._SSLProtocolTransport object at 0x101e663c0>
Traceback (most recent call last):
  File "/Users/divyanshgolyan/.codex/worktrees/4511/onepage/research/transport-memory/asymmetric_server.py", line 39, in accept
    data=await reader.read(min(left,16384));assert data;hasher.update(data);left-=len(data);request_bytes+=len(data)
                                                   ^^^^
AssertionError
Unhandled exception in client_connected_cb
transport: <asyncio.sslproto._SSLProtocolTransport object at 0x101e66330>
Traceback (most recent call last):
  File "/Users/divyanshgolyan/.codex/worktrees/4511/onepage/research/transport-memory/asymmetric_server.py", line 39, in accept
    data=await reader.read(min(left,16384));assert data;hasher.update(data);left-=len(data);request_bytes+=len(data)
                                                   ^^^^
AssertionError
Unhandled exception in client_connected_cb
transport: <asyncio.sslproto._SSLProtocolTransport object at 0x101e662a0>
Traceback (most recent call last):
  File "/Users/divyanshgolyan/.codex/worktrees/4511/onepage/research/transport-memory/asymmetric_server.py", line 39, in accept
    data=await reader.read(min(left,16384));assert data;hasher.update(data);left-=len(data);request_bytes+=len(data)
                                                   ^^^^
AssertionError
Unhandled exception in client_connected_cb
transport: <asyncio.sslproto._SSLProtocolTransport object at 0x101e66210>
Traceback (most recent call last):
  File "/Users/divyanshgolyan/.codex/worktrees/4511/onepage/research/transport-memory/asymmetric_server.py", line 39, in accept
    data=await reader.read(min(left,16384));assert data;hasher.update(data);left-=len(data);request_bytes+=len(data)
                                                   ^^^^
AssertionError
Unhandled exception in client_connected_cb
transport: <asyncio.sslproto._SSLProtocolTransport object at 0x101e66180>
Traceback (most recent call last):
  File "/Users/divyanshgolyan/.codex/worktrees/4511/onepage/research/transport-memory/asymmetric_server.py", line 39, in accept
    data=await reader.read(min(left,16384));assert data;hasher.update(data);left-=len(data);request_bytes+=len(data)
                                                   ^^^^
AssertionError
Unhandled exception in client_connected_cb
transport: <asyncio.sslproto._SSLProtocolTransport object at 0x101e660f0>
Traceback (most recent call last):
  File "/Users/divyanshgolyan/.codex/worktrees/4511/onepage/research/transport-memory/asymmetric_server.py", line 39, in accept
    data=await reader.read(min(left,16384));assert data;hasher.update(data);left-=len(data);request_bytes+=len(data)
                                                   ^^^^
AssertionError
Unhandled exception in client_connected_cb
transport: <asyncio.sslproto._SSLProtocolTransport object at 0x101e66060>
Traceback (most recent call last):
  File "/Users/divyanshgolyan/.codex/worktrees/4511/onepage/research/transport-memory/asymmetric_server.py", line 39, in accept
    data=await reader.read(min(left,16384));assert data;hasher.update(data);left-=len(data);request_bytes+=len(data)
                                                   ^^^^
AssertionError
Unhandled exception in client_connected_cb
transport: <asyncio.sslproto._SSLProtocolTransport object at 0x101e65fd0>
Traceback (most recent call last):
  File "/Users/divyanshgolyan/.codex/worktrees/4511/onepage/research/transport-memory/asymmetric_server.py", line 39, in accept
    data=await reader.read(min(left,16384));assert data;hasher.update(data);left-=len(data);request_bytes+=len(data)
                                                   ^^^^
AssertionError
Unhandled exception in client_connected_cb
transport: <asyncio.sslproto._SSLProtocolTransport object at 0x101e65f40>
Traceback (most recent call last):
  File "/Users/divyanshgolyan/.codex/worktrees/4511/onepage/research/transport-memory/asymmetric_server.py", line 39, in accept
    data=await reader.read(min(left,16384));assert data;hasher.update(data);left-=len(data);request_bytes+=len(data)
                                                   ^^^^
AssertionError
Unhandled exception in client_connected_cb
transport: <asyncio.sslproto._SSLProtocolTransport object at 0x101e65eb0>
Traceback (most recent call last):
  File "/Users/divyanshgolyan/.codex/worktrees/4511/onepage/research/transport-memory/asymmetric_server.py", line 39, in accept
    data=await reader.read(min(left,16384));assert data;hasher.update(data);left-=len(data);request_bytes+=len(data)
                                                   ^^^^
AssertionError
Unhandled exception in client_connected_cb
transport: <asyncio.sslproto._SSLProtocolTransport object at 0x101e65e20>
Traceback (most recent call last):
  File "/Users/divyanshgolyan/.codex/worktrees/4511/onepage/research/transport-memory/asymmetric_server.py", line 39, in accept
    data=await reader.read(min(left,16384));assert data;hasher.update(data);left-=len(data);request_bytes+=len(data)
                                                   ^^^^
AssertionError
Unhandled exception in client_connected_cb
transport: <asyncio.sslproto._SSLProtocolTransport object at 0x101e65d90>
Traceback (most recent call last):
  File "/Users/divyanshgolyan/.codex/worktrees/4511/onepage/research/transport-memory/asymmetric_server.py", line 39, in accept
    data=await reader.read(min(left,16384));assert data;hasher.update(data);left-=len(data);request_bytes+=len(data)
                                                   ^^^^
AssertionError
Unhandled exception in client_connected_cb
transport: <asyncio.sslproto._SSLProtocolTransport object at 0x101e65d00>
Traceback (most recent call last):
  File "/Users/divyanshgolyan/.codex/worktrees/4511/onepage/research/transport-memory/asymmetric_server.py", line 39, in accept
    data=await reader.read(min(left,16384));assert data;hasher.update(data);left-=len(data);request_bytes+=len(data)
                                                   ^^^^
AssertionError
Unhandled exception in client_connected_cb
transport: <asyncio.sslproto._SSLProtocolTransport object at 0x101e65c70>
Traceback (most recent call last):
  File "/Users/divyanshgolyan/.codex/worktrees/4511/onepage/research/transport-memory/asymmetric_server.py", line 39, in accept
    data=await reader.read(min(left,16384));assert data;hasher.update(data);left-=len(data);request_bytes+=len(data)
                                                   ^^^^
AssertionError
Unhandled exception in client_connected_cb
transport: <asyncio.sslproto._SSLProtocolTransport object at 0x101e65be0>
Traceback (most recent call last):
  File "/Users/divyanshgolyan/.codex/worktrees/4511/onepage/research/transport-memory/asymmetric_server.py", line 39, in accept
    data=await reader.read(min(left,16384));assert data;hasher.update(data);left-=len(data);request_bytes+=len(data)
                                                   ^^^^
AssertionError
Unhandled exception in client_connected_cb
transport: <asyncio.sslproto._SSLProtocolTransport object at 0x101e65b50>
Traceback (most recent call last):
  File "/Users/divyanshgolyan/.codex/worktrees/4511/onepage/research/transport-memory/asymmetric_server.py", line 39, in accept
    data=await reader.read(min(left,16384));assert data;hasher.update(data);left-=len(data);request_bytes+=len(data)
                                                   ^^^^
AssertionError
Unhandled exception in client_connected_cb
transport: <asyncio.sslproto._SSLProtocolTransport object at 0x101e65ac0>
Traceback (most recent call last):
  File "/Users/divyanshgolyan/.codex/worktrees/4511/onepage/research/transport-memory/asymmetric_server.py", line 39, in accept
    data=await reader.read(min(left,16384));assert data;hasher.update(data);left-=len(data);request_bytes+=len(data)
                                                   ^^^^
AssertionError
Unhandled exception in client_connected_cb
transport: <asyncio.sslproto._SSLProtocolTransport object at 0x101e65a30>
Traceback (most recent call last):
  File "/Users/divyanshgolyan/.codex/worktrees/4511/onepage/research/transport-memory/asymmetric_server.py", line 39, in accept
    data=await reader.read(min(left,16384));assert data;hasher.update(data);left-=len(data);request_bytes+=len(data)
                                                   ^^^^
AssertionError
Unhandled exception in client_connected_cb
transport: <asyncio.sslproto._SSLProtocolTransport object at 0x101e659a0>
Traceback (most recent call last):
  File "/Users/divyanshgolyan/.codex/worktrees/4511/onepage/research/transport-memory/asymmetric_server.py", line 39, in accept
    data=await reader.read(min(left,16384));assert data;hasher.update(data);left-=len(data);request_bytes+=len(data)
                                                   ^^^^
AssertionError
Unhandled exception in client_connected_cb
transport: <asyncio.sslproto._SSLProtocolTransport object at 0x101e65910>
Traceback (most recent call last):
  File "/Users/divyanshgolyan/.codex/worktrees/4511/onepage/research/transport-memory/asymmetric_server.py", line 39, in accept
    data=await reader.read(min(left,16384));assert data;hasher.update(data);left-=len(data);request_bytes+=len(data)
                                                   ^^^^
AssertionError
Unhandled exception in client_connected_cb
transport: <asyncio.sslproto._SSLProtocolTransport object at 0x101e65880>
Traceback (most recent call last):
  File "/Users/divyanshgolyan/.codex/worktrees/4511/onepage/research/transport-memory/asymmetric_server.py", line 39, in accept
    data=await reader.read(min(left,16384));assert data;hasher.update(data);left-=len(data);request_bytes+=len(data)
                                                   ^^^^
AssertionError
Unhandled exception in client_connected_cb
transport: <asyncio.sslproto._SSLProtocolTransport object at 0x101e657f0>
Traceback (most recent call last):
  File "/Users/divyanshgolyan/.codex/worktrees/4511/onepage/research/transport-memory/asymmetric_server.py", line 39, in accept
    data=await reader.read(min(left,16384));assert data;hasher.update(data);left-=len(data);request_bytes+=len(data)
                                                   ^^^^
AssertionError
Unhandled exception in client_connected_cb
transport: <asyncio.sslproto._SSLProtocolTransport object at 0x101e65760>
Traceback (most recent call last):
  File "/Users/divyanshgolyan/.codex/worktrees/4511/onepage/research/transport-memory/asymmetric_server.py", line 39, in accept
    data=await reader.read(min(left,16384));assert data;hasher.update(data);left-=len(data);request_bytes+=len(data)
                                                   ^^^^
AssertionError
Unhandled exception in client_connected_cb
transport: <asyncio.sslproto._SSLProtocolTransport object at 0x101e656d0>
Traceback (most recent call last):
  File "/Users/divyanshgolyan/.codex/worktrees/4511/onepage/research/transport-memory/asymmetric_server.py", line 39, in accept
    data=await reader.read(min(left,16384));assert data;hasher.update(data);left-=len(data);request_bytes+=len(data)
                                                   ^^^^
AssertionError
Unhandled exception in client_connected_cb
transport: <asyncio.sslproto._SSLProtocolTransport object at 0x101e65640>
Traceback (most recent call last):
  File "/Users/divyanshgolyan/.codex/worktrees/4511/onepage/research/transport-memory/asymmetric_server.py", line 39, in accept
    data=await reader.read(min(left,16384));assert data;hasher.update(data);left-=len(data);request_bytes+=len(data)
                                                   ^^^^
AssertionError
Unhandled exception in client_connected_cb
transport: <asyncio.sslproto._SSLProtocolTransport object at 0x101e655b0>
Traceback (most recent call last):
  File "/Users/divyanshgolyan/.codex/worktrees/4511/onepage/research/transport-memory/asymmetric_server.py", line 39, in accept
    data=await reader.read(min(left,16384));assert data;hasher.update(data);left-=len(data);request_bytes+=len(data)
                                                   ^^^^
AssertionError
Unhandled exception in client_connected_cb
transport: <asyncio.sslproto._SSLProtocolTransport object at 0x101e65520>
Traceback (most recent call last):
  File "/Users/divyanshgolyan/.codex/worktrees/4511/onepage/research/transport-memory/asymmetric_server.py", line 39, in accept
    data=await reader.read(min(left,16384));assert data;hasher.update(data);left-=len(data);request_bytes+=len(data)
                                                   ^^^^
AssertionError
Unhandled exception in client_connected_cb
transport: <asyncio.sslproto._SSLProtocolTransport object at 0x101e65490>
Traceback (most recent call last):
  File "/Users/divyanshgolyan/.codex/worktrees/4511/onepage/research/transport-memory/asymmetric_server.py", line 39, in accept
    data=await reader.read(min(left,16384));assert data;hasher.update(data);left-=len(data);request_bytes+=len(data)
                                                   ^^^^
AssertionError
Unhandled exception in client_connected_cb
transport: <asyncio.sslproto._SSLProtocolTransport object at 0x101e65400>
Traceback (most recent call last):
  File "/Users/divyanshgolyan/.codex/worktrees/4511/onepage/research/transport-memory/asymmetric_server.py", line 39, in accept
    data=await reader.read(min(left,16384));assert data;hasher.update(data);left-=len(data);request_bytes+=len(data)
                                                   ^^^^
AssertionError
Unhandled exception in client_connected_cb
transport: <asyncio.sslproto._SSLProtocolTransport object at 0x101e65370>
Traceback (most recent call last):
  File "/Users/divyanshgolyan/.codex/worktrees/4511/onepage/research/transport-memory/asymmetric_server.py", line 39, in accept
    data=await reader.read(min(left,16384));assert data;hasher.update(data);left-=len(data);request_bytes+=len(data)
                                                   ^^^^
AssertionError
Unhandled exception in client_connected_cb
transport: <asyncio.sslproto._SSLProtocolTransport object at 0x101e652e0>
Traceback (most recent call last):
  File "/Users/divyanshgolyan/.codex/worktrees/4511/onepage/research/transport-memory/asymmetric_server.py", line 39, in accept
    data=await reader.read(min(left,16384));assert data;hasher.update(data);left-=len(data);request_bytes+=len(data)
                                                   ^^^^
AssertionError
Unhandled exception in client_connected_cb
transport: <asyncio.sslproto._SSLProtocolTransport object at 0x101e65250>
Traceback (most recent call last):
  File "/Users/divyanshgolyan/.codex/worktrees/4511/onepage/research/transport-memory/asymmetric_server.py", line 39, in accept
    data=await reader.read(min(left,16384));assert data;hasher.update(data);left-=len(data);request_bytes+=len(data)
                                                   ^^^^
AssertionError
Unhandled exception in client_connected_cb
transport: <asyncio.sslproto._SSLProtocolTransport object at 0x101e651c0>
Traceback (most recent call last):
  File "/Users/divyanshgolyan/.codex/worktrees/4511/onepage/research/transport-memory/asymmetric_server.py", line 39, in accept
    data=await reader.read(min(left,16384));assert data;hasher.update(data);left-=len(data);request_bytes+=len(data)
                                                   ^^^^
AssertionError
Unhandled exception in client_connected_cb
transport: <asyncio.sslproto._SSLProtocolTransport object at 0x101e65130>
Traceback (most recent call last):
  File "/Users/divyanshgolyan/.codex/worktrees/4511/onepage/research/transport-memory/asymmetric_server.py", line 39, in accept
    data=await reader.read(min(left,16384));assert data;hasher.update(data);left-=len(data);request_bytes+=len(data)
                                                   ^^^^
AssertionError
Unhandled exception in client_connected_cb
transport: <asyncio.sslproto._SSLProtocolTransport object at 0x101e650a0>
Traceback (most recent call last):
  File "/Users/divyanshgolyan/.codex/worktrees/4511/onepage/research/transport-memory/asymmetric_server.py", line 39, in accept
    data=await reader.read(min(left,16384));assert data;hasher.update(data);left-=len(data);request_bytes+=len(data)
                                                   ^^^^
AssertionError
Unhandled exception in client_connected_cb
transport: <asyncio.sslproto._SSLProtocolTransport object at 0x101e65010>
Traceback (most recent call last):
  File "/Users/divyanshgolyan/.codex/worktrees/4511/onepage/research/transport-memory/asymmetric_server.py", line 39, in accept
    data=await reader.read(min(left,16384));assert data;hasher.update(data);left-=len(data);request_bytes+=len(data)
                                                   ^^^^
AssertionError
Unhandled exception in client_connected_cb
transport: <asyncio.sslproto._SSLProtocolTransport object at 0x101e64f80>
Traceback (most recent call last):
  File "/Users/divyanshgolyan/.codex/worktrees/4511/onepage/research/transport-memory/asymmetric_server.py", line 39, in accept
    data=await reader.read(min(left,16384));assert data;hasher.update(data);left-=len(data);request_bytes+=len(data)
                                                   ^^^^
AssertionError
Unhandled exception in client_connected_cb
transport: <asyncio.sslproto._SSLProtocolTransport object at 0x101e64ef0>
Traceback (most recent call last):
  File "/Users/divyanshgolyan/.codex/worktrees/4511/onepage/research/transport-memory/asymmetric_server.py", line 39, in accept
    data=await reader.read(min(left,16384));assert data;hasher.update(data);left-=len(data);request_bytes+=len(data)
                                                   ^^^^
AssertionError
Unhandled exception in client_connected_cb
transport: <asyncio.sslproto._SSLProtocolTransport object at 0x101e64e60>
Traceback (most recent call last):
  File "/Users/divyanshgolyan/.codex/worktrees/4511/onepage/research/transport-memory/asymmetric_server.py", line 39, in accept
    data=await reader.read(min(left,16384));assert data;hasher.update(data);left-=len(data);request_bytes+=len(data)
                                                   ^^^^
AssertionError
Unhandled exception in client_connected_cb
transport: <asyncio.sslproto._SSLProtocolTransport object at 0x101e64dd0>
Traceback (most recent call last):
  File "/Users/divyanshgolyan/.codex/worktrees/4511/onepage/research/transport-memory/asymmetric_server.py", line 39, in accept
    data=await reader.read(min(left,16384));assert data;hasher.update(data);left-=len(data);request_bytes+=len(data)
                                                   ^^^^
AssertionError
Unhandled exception in client_connected_cb
transport: <asyncio.sslproto._SSLProtocolTransport object at 0x101e64d40>
Traceback (most recent call last):
  File "/Users/divyanshgolyan/.codex/worktrees/4511/onepage/research/transport-memory/asymmetric_server.py", line 39, in accept
    data=await reader.read(min(left,16384));assert data;hasher.update(data);left-=len(data);request_bytes+=len(data)
                                                   ^^^^
AssertionError
Unhandled exception in client_connected_cb
transport: <asyncio.sslproto._SSLProtocolTransport object at 0x101e64cb0>
Traceback (most recent call last):
  File "/Users/divyanshgolyan/.codex/worktrees/4511/onepage/research/transport-memory/asymmetric_server.py", line 39, in accept
    data=await reader.read(min(left,16384));assert data;hasher.update(data);left-=len(data);request_bytes+=len(data)
                                                   ^^^^
AssertionError
Unhandled exception in client_connected_cb
transport: <asyncio.sslproto._SSLProtocolTransport object at 0x101e64c20>
Traceback (most recent call last):
  File "/Users/divyanshgolyan/.codex/worktrees/4511/onepage/research/transport-memory/asymmetric_server.py", line 39, in accept
    data=await reader.read(min(left,16384));assert data;hasher.update(data);left-=len(data);request_bytes+=len(data)
                                                   ^^^^
AssertionError
Unhandled exception in client_connected_cb
transport: <asyncio.sslproto._SSLProtocolTransport object at 0x101e64b90>
Traceback (most recent call last):
  File "/Users/divyanshgolyan/.codex/worktrees/4511/onepage/research/transport-memory/asymmetric_server.py", line 39, in accept
    data=await reader.read(min(left,16384));assert data;hasher.update(data);left-=len(data);request_bytes+=len(data)
                                                   ^^^^
AssertionError
Unhandled exception in client_connected_cb
transport: <asyncio.sslproto._SSLProtocolTransport object at 0x101e64b00>
Traceback (most recent call last):
  File "/Users/divyanshgolyan/.codex/worktrees/4511/onepage/research/transport-memory/asymmetric_server.py", line 39, in accept
    data=await reader.read(min(left,16384));assert data;hasher.update(data);left-=len(data);request_bytes+=len(data)
                                                   ^^^^
AssertionError
Unhandled exception in client_connected_cb
transport: <asyncio.sslproto._SSLProtocolTransport object at 0x101e64a70>
Traceback (most recent call last):
  File "/Users/divyanshgolyan/.codex/worktrees/4511/onepage/research/transport-memory/asymmetric_server.py", line 39, in accept
    data=await reader.read(min(left,16384));assert data;hasher.update(data);left-=len(data);request_bytes+=len(data)
                                                   ^^^^
AssertionError
Unhandled exception in client_connected_cb
transport: <asyncio.sslproto._SSLProtocolTransport object at 0x101e649e0>
Traceback (most recent call last):
  File "/Users/divyanshgolyan/.codex/worktrees/4511/onepage/research/transport-memory/asymmetric_server.py", line 39, in accept
    data=await reader.read(min(left,16384));assert data;hasher.update(data);left-=len(data);request_bytes+=len(data)
                                                   ^^^^
AssertionError
Unhandled exception in client_connected_cb
transport: <asyncio.sslproto._SSLProtocolTransport object at 0x101e64950>
Traceback (most recent call last):
  File "/Users/divyanshgolyan/.codex/worktrees/4511/onepage/research/transport-memory/asymmetric_server.py", line 39, in accept
    data=await reader.read(min(left,16384));assert data;hasher.update(data);left-=len(data);request_bytes+=len(data)
                                                   ^^^^
AssertionError
Unhandled exception in client_connected_cb
transport: <asyncio.sslproto._SSLProtocolTransport object at 0x101e648c0>
Traceback (most recent call last):
  File "/Users/divyanshgolyan/.codex/worktrees/4511/onepage/research/transport-memory/asymmetric_server.py", line 39, in accept
    data=await reader.read(min(left,16384));assert data;hasher.update(data);left-=len(data);request_bytes+=len(data)
                                                   ^^^^
AssertionError
Unhandled exception in client_connected_cb
transport: <asyncio.sslproto._SSLProtocolTransport object at 0x101e64830>
Traceback (most recent call last):
  File "/Users/divyanshgolyan/.codex/worktrees/4511/onepage/research/transport-memory/asymmetric_server.py", line 39, in accept
    data=await reader.read(min(left,16384));assert data;hasher.update(data);left-=len(data);request_bytes+=len(data)
                                                   ^^^^
AssertionError
Unhandled exception in client_connected_cb
transport: <asyncio.sslproto._SSLProtocolTransport object at 0x101e647a0>
Traceback (most recent call last):
  File "/Users/divyanshgolyan/.codex/worktrees/4511/onepage/research/transport-memory/asymmetric_server.py", line 39, in accept
    data=await reader.read(min(left,16384));assert data;hasher.update(data);left-=len(data);request_bytes+=len(data)
                                                   ^^^^
AssertionError
Unhandled exception in client_connected_cb
transport: <asyncio.sslproto._SSLProtocolTransport object at 0x101e64710>
Traceback (most recent call last):
  File "/Users/divyanshgolyan/.codex/worktrees/4511/onepage/research/transport-memory/asymmetric_server.py", line 39, in accept
    data=await reader.read(min(left,16384));assert data;hasher.update(data);left-=len(data);request_bytes+=len(data)
                                                   ^^^^
AssertionError
Unhandled exception in client_connected_cb
transport: <asyncio.sslproto._SSLProtocolTransport object at 0x101e64680>
Traceback (most recent call last):
  File "/Users/divyanshgolyan/.codex/worktrees/4511/onepage/research/transport-memory/asymmetric_server.py", line 39, in accept
    data=await reader.read(min(left,16384));assert data;hasher.update(data);left-=len(data);request_bytes+=len(data)
                                                   ^^^^
AssertionError
Unhandled exception in client_connected_cb
transport: <asyncio.sslproto._SSLProtocolTransport object at 0x101e645f0>
Traceback (most recent call last):
  File "/Users/divyanshgolyan/.codex/worktrees/4511/onepage/research/transport-memory/asymmetric_server.py", line 39, in accept
    data=await reader.read(min(left,16384));assert data;hasher.update(data);left-=len(data);request_bytes+=len(data)
                                                   ^^^^
AssertionError
Unhandled exception in client_connected_cb
transport: <asyncio.sslproto._SSLProtocolTransport object at 0x101e64560>
Traceback (most recent call last):
  File "/Users/divyanshgolyan/.codex/worktrees/4511/onepage/research/transport-memory/asymmetric_server.py", line 39, in accept
    data=await reader.read(min(left,16384));assert data;hasher.update(data);left-=len(data);request_bytes+=len(data)
                                                   ^^^^
AssertionError
Unhandled exception in client_connected_cb
transport: <asyncio.sslproto._SSLProtocolTransport object at 0x101e644d0>
Traceback (most recent call last):
  File "/Users/divyanshgolyan/.codex/worktrees/4511/onepage/research/transport-memory/asymmetric_server.py", line 39, in accept
    data=await reader.read(min(left,16384));assert data;hasher.update(data);left-=len(data);request_bytes+=len(data)
                                                   ^^^^
AssertionError
Unhandled exception in client_connected_cb
transport: <asyncio.sslproto._SSLProtocolTransport object at 0x101e64440>
Traceback (most recent call last):
  File "/Users/divyanshgolyan/.codex/worktrees/4511/onepage/research/transport-memory/asymmetric_server.py", line 39, in accept
    data=await reader.read(min(left,16384));assert data;hasher.update(data);left-=len(data);request_bytes+=len(data)
                                                   ^^^^
AssertionError
Unhandled exception in client_connected_cb
transport: <asyncio.sslproto._SSLProtocolTransport object at 0x101e643b0>
Traceback (most recent call last):
  File "/Users/divyanshgolyan/.codex/worktrees/4511/onepage/research/transport-memory/asymmetric_server.py", line 39, in accept
    data=await reader.read(min(left,16384));assert data;hasher.update(data);left-=len(data);request_bytes+=len(data)
                                                   ^^^^
AssertionError
Unhandled exception in client_connected_cb
transport: <asyncio.sslproto._SSLProtocolTransport object at 0x101e64320>
Traceback (most recent call last):
  File "/Users/divyanshgolyan/.codex/worktrees/4511/onepage/research/transport-memory/asymmetric_server.py", line 39, in accept
    data=await reader.read(min(left,16384));assert data;hasher.update(data);left-=len(data);request_bytes+=len(data)
                                                   ^^^^
AssertionError
Unhandled exception in client_connected_cb
transport: <asyncio.sslproto._SSLProtocolTransport object at 0x101e64290>
Traceback (most recent call last):
  File "/Users/divyanshgolyan/.codex/worktrees/4511/onepage/research/transport-memory/asymmetric_server.py", line 39, in accept
    data=await reader.read(min(left,16384));assert data;hasher.update(data);left-=len(data);request_bytes+=len(data)
                                                   ^^^^
AssertionError
Unhandled exception in client_connected_cb
transport: <asyncio.sslproto._SSLProtocolTransport object at 0x101e64200>
Traceback (most recent call last):
  File "/Users/divyanshgolyan/.codex/worktrees/4511/onepage/research/transport-memory/asymmetric_server.py", line 39, in accept
    data=await reader.read(min(left,16384));assert data;hasher.update(data);left-=len(data);request_bytes+=len(data)
                                                   ^^^^
AssertionError
Unhandled exception in client_connected_cb
transport: <asyncio.sslproto._SSLProtocolTransport object at 0x101e64170>
Traceback (most recent call last):
  File "/Users/divyanshgolyan/.codex/worktrees/4511/onepage/research/transport-memory/asymmetric_server.py", line 39, in accept
    data=await reader.read(min(left,16384));assert data;hasher.update(data);left-=len(data);request_bytes+=len(data)
                                                   ^^^^
AssertionError
Unhandled exception in client_connected_cb
transport: <asyncio.sslproto._SSLProtocolTransport object at 0x101e640e0>
Traceback (most recent call last):
  File "/Users/divyanshgolyan/.codex/worktrees/4511/onepage/research/transport-memory/asymmetric_server.py", line 39, in accept
    data=await reader.read(min(left,16384));assert data;hasher.update(data);left-=len(data);request_bytes+=len(data)
                                                   ^^^^
AssertionError
Unhandled exception in client_connected_cb
transport: <asyncio.sslproto._SSLProtocolTransport object at 0x101e64050>
Traceback (most recent call last):
  File "/Users/divyanshgolyan/.codex/worktrees/4511/onepage/research/transport-memory/asymmetric_server.py", line 39, in accept
    data=await reader.read(min(left,16384));assert data;hasher.update(data);left-=len(data);request_bytes+=len(data)
                                                   ^^^^
AssertionError
Unhandled exception in client_connected_cb
transport: <asyncio.sslproto._SSLProtocolTransport object at 0x101dbff50>
Traceback (most recent call last):
  File "/Users/divyanshgolyan/.codex/worktrees/4511/onepage/research/transport-memory/asymmetric_server.py", line 39, in accept
    data=await reader.read(min(left,16384));assert data;hasher.update(data);left-=len(data);request_bytes+=len(data)
                                                   ^^^^
AssertionError
Unhandled exception in client_connected_cb
transport: <asyncio.sslproto._SSLProtocolTransport object at 0x101dbfec0>
Traceback (most recent call last):
  File "/Users/divyanshgolyan/.codex/worktrees/4511/onepage/research/transport-memory/asymmetric_server.py", line 39, in accept
    data=await reader.read(min(left,16384));assert data;hasher.update(data);left-=len(data);request_bytes+=len(data)
                                                   ^^^^
AssertionError
Unhandled exception in client_connected_cb
transport: <asyncio.sslproto._SSLProtocolTransport object at 0x101dbfe30>
Traceback (most recent call last):
  File "/Users/divyanshgolyan/.codex/worktrees/4511/onepage/research/transport-memory/asymmetric_server.py", line 39, in accept
    data=await reader.read(min(left,16384));assert data;hasher.update(data);left-=len(data);request_bytes+=len(data)
                                                   ^^^^
AssertionError
Unhandled exception in client_connected_cb
transport: <asyncio.sslproto._SSLProtocolTransport object at 0x101dbfd10>
Traceback (most recent call last):
  File "/Users/divyanshgolyan/.codex/worktrees/4511/onepage/research/transport-memory/asymmetric_server.py", line 39, in accept
    data=await reader.read(min(left,16384));assert data;hasher.update(data);left-=len(data);request_bytes+=len(data)
                                                   ^^^^
AssertionError
Unhandled exception in client_connected_cb
transport: <asyncio.sslproto._SSLProtocolTransport object at 0x101dbfc80>
Traceback (most recent call last):
  File "/Users/divyanshgolyan/.codex/worktrees/4511/onepage/research/transport-memory/asymmetric_server.py", line 39, in accept
    data=await reader.read(min(left,16384));assert data;hasher.update(data);left-=len(data);request_bytes+=len(data)
                                                   ^^^^
AssertionError
Unhandled exception in client_connected_cb
transport: <asyncio.sslproto._SSLProtocolTransport object at 0x101dbfbf0>
Traceback (most recent call last):
  File "/Users/divyanshgolyan/.codex/worktrees/4511/onepage/research/transport-memory/asymmetric_server.py", line 39, in accept
    data=await reader.read(min(left,16384));assert data;hasher.update(data);left-=len(data);request_bytes+=len(data)
                                                   ^^^^
AssertionError
Unhandled exception in client_connected_cb
transport: <asyncio.sslproto._SSLProtocolTransport object at 0x101dbfb60>
Traceback (most recent call last):
  File "/Users/divyanshgolyan/.codex/worktrees/4511/onepage/research/transport-memory/asymmetric_server.py", line 39, in accept
    data=await reader.read(min(left,16384));assert data;hasher.update(data);left-=len(data);request_bytes+=len(data)
                                                   ^^^^
AssertionError
Unhandled exception in client_connected_cb
transport: <asyncio.sslproto._SSLProtocolTransport object at 0x101dbfad0>
Traceback (most recent call last):
  File "/Users/divyanshgolyan/.codex/worktrees/4511/onepage/research/transport-memory/asymmetric_server.py", line 39, in accept
    data=await reader.read(min(left,16384));assert data;hasher.update(data);left-=len(data);request_bytes+=len(data)
                                                   ^^^^
AssertionError
Unhandled exception in client_connected_cb
transport: <asyncio.sslproto._SSLProtocolTransport object at 0x101dbfa40>
Traceback (most recent call last):
  File "/Users/divyanshgolyan/.codex/worktrees/4511/onepage/research/transport-memory/asymmetric_server.py", line 39, in accept
    data=await reader.read(min(left,16384));assert data;hasher.update(data);left-=len(data);request_bytes+=len(data)
                                                   ^^^^
AssertionError
Unhandled exception in client_connected_cb
transport: <asyncio.sslproto._SSLProtocolTransport object at 0x101dbf9b0>
Traceback (most recent call last):
  File "/Users/divyanshgolyan/.codex/worktrees/4511/onepage/research/transport-memory/asymmetric_server.py", line 39, in accept
    data=await reader.read(min(left,16384));assert data;hasher.update(data);left-=len(data);request_bytes+=len(data)
                                                   ^^^^
AssertionError
Unhandled exception in client_connected_cb
transport: <asyncio.sslproto._SSLProtocolTransport object at 0x101dbf920>
Traceback (most recent call last):
  File "/Users/divyanshgolyan/.codex/worktrees/4511/onepage/research/transport-memory/asymmetric_server.py", line 39, in accept
    data=await reader.read(min(left,16384));assert data;hasher.update(data);left-=len(data);request_bytes+=len(data)
                                                   ^^^^
AssertionError
Unhandled exception in client_connected_cb
transport: <asyncio.sslproto._SSLProtocolTransport object at 0x101dbf890>
Traceback (most recent call last):
  File "/Users/divyanshgolyan/.codex/worktrees/4511/onepage/research/transport-memory/asymmetric_server.py", line 39, in accept
    data=await reader.read(min(left,16384));assert data;hasher.update(data);left-=len(data);request_bytes+=len(data)
                                                   ^^^^
AssertionError
Unhandled exception in client_connected_cb
transport: <asyncio.sslproto._SSLProtocolTransport object at 0x101dbf800>
Traceback (most recent call last):
  File "/Users/divyanshgolyan/.codex/worktrees/4511/onepage/research/transport-memory/asymmetric_server.py", line 39, in accept
    data=await reader.read(min(left,16384));assert data;hasher.update(data);left-=len(data);request_bytes+=len(data)
                                                   ^^^^
AssertionError
Unhandled exception in client_connected_cb
transport: <asyncio.sslproto._SSLProtocolTransport object at 0x101dbf770>
Traceback (most recent call last):
  File "/Users/divyanshgolyan/.codex/worktrees/4511/onepage/research/transport-memory/asymmetric_server.py", line 39, in accept
    data=await reader.read(min(left,16384));assert data;hasher.update(data);left-=len(data);request_bytes+=len(data)
                                                   ^^^^
AssertionError
Unhandled exception in client_connected_cb
transport: <asyncio.sslproto._SSLProtocolTransport object at 0x101dbf6e0>
Traceback (most recent call last):
  File "/Users/divyanshgolyan/.codex/worktrees/4511/onepage/research/transport-memory/asymmetric_server.py", line 39, in accept
    data=await reader.read(min(left,16384));assert data;hasher.update(data);left-=len(data);request_bytes+=len(data)
                                                   ^^^^
AssertionError
Unhandled exception in client_connected_cb
transport: <asyncio.sslproto._SSLProtocolTransport object at 0x101dbf650>
Traceback (most recent call last):
  File "/Users/divyanshgolyan/.codex/worktrees/4511/onepage/research/transport-memory/asymmetric_server.py", line 39, in accept
    data=await reader.read(min(left,16384));assert data;hasher.update(data);left-=len(data);request_bytes+=len(data)
                                                   ^^^^
AssertionError
Unhandled exception in client_connected_cb
transport: <asyncio.sslproto._SSLProtocolTransport object at 0x101dbf5c0>
Traceback (most recent call last):
  File "/Users/divyanshgolyan/.codex/worktrees/4511/onepage/research/transport-memory/asymmetric_server.py", line 39, in accept
    data=await reader.read(min(left,16384));assert data;hasher.update(data);left-=len(data);request_bytes+=len(data)
                                                   ^^^^
AssertionError
Unhandled exception in client_connected_cb
transport: <asyncio.sslproto._SSLProtocolTransport object at 0x101dbf530>
Traceback (most recent call last):
  File "/Users/divyanshgolyan/.codex/worktrees/4511/onepage/research/transport-memory/asymmetric_server.py", line 39, in accept
    data=await reader.read(min(left,16384));assert data;hasher.update(data);left-=len(data);request_bytes+=len(data)
                                                   ^^^^
AssertionError
Unhandled exception in client_connected_cb
transport: <asyncio.sslproto._SSLProtocolTransport object at 0x101dbf4a0>
Traceback (most recent call last):
  File "/Users/divyanshgolyan/.codex/worktrees/4511/onepage/research/transport-memory/asymmetric_server.py", line 39, in accept
    data=await reader.read(min(left,16384));assert data;hasher.update(data);left-=len(data);request_bytes+=len(data)
                                                   ^^^^
AssertionError
Unhandled exception in client_connected_cb
transport: <asyncio.sslproto._SSLProtocolTransport object at 0x101dbf410>
Traceback (most recent call last):
  File "/Users/divyanshgolyan/.codex/worktrees/4511/onepage/research/transport-memory/asymmetric_server.py", line 39, in accept
    data=await reader.read(min(left,16384));assert data;hasher.update(data);left-=len(data);request_bytes+=len(data)
                                                   ^^^^
AssertionError
Unhandled exception in client_connected_cb
transport: <asyncio.sslproto._SSLProtocolTransport object at 0x101dbf380>
Traceback (most recent call last):
  File "/Users/divyanshgolyan/.codex/worktrees/4511/onepage/research/transport-memory/asymmetric_server.py", line 39, in accept
    data=await reader.read(min(left,16384));assert data;hasher.update(data);left-=len(data);request_bytes+=len(data)
                                                   ^^^^
AssertionError
Unhandled exception in client_connected_cb
transport: <asyncio.sslproto._SSLProtocolTransport object at 0x101dbf2f0>
Traceback (most recent call last):
  File "/Users/divyanshgolyan/.codex/worktrees/4511/onepage/research/transport-memory/asymmetric_server.py", line 39, in accept
    data=await reader.read(min(left,16384));assert data;hasher.update(data);left-=len(data);request_bytes+=len(data)
                                                   ^^^^
AssertionError
Unhandled exception in client_connected_cb
transport: <asyncio.sslproto._SSLProtocolTransport object at 0x101dbf260>
Traceback (most recent call last):
  File "/Users/divyanshgolyan/.codex/worktrees/4511/onepage/research/transport-memory/asymmetric_server.py", line 39, in accept
    data=await reader.read(min(left,16384));assert data;hasher.update(data);left-=len(data);request_bytes+=len(data)
                                                   ^^^^
AssertionError
Unhandled exception in client_connected_cb
transport: <asyncio.sslproto._SSLProtocolTransport object at 0x101dbf1d0>
Traceback (most recent call last):
  File "/Users/divyanshgolyan/.codex/worktrees/4511/onepage/research/transport-memory/asymmetric_server.py", line 39, in accept
    data=await reader.read(min(left,16384));assert data;hasher.update(data);left-=len(data);request_bytes+=len(data)
                                                   ^^^^
AssertionError
Unhandled exception in client_connected_cb
transport: <asyncio.sslproto._SSLProtocolTransport object at 0x101dbf140>
Traceback (most recent call last):
  File "/Users/divyanshgolyan/.codex/worktrees/4511/onepage/research/transport-memory/asymmetric_server.py", line 39, in accept
    data=await reader.read(min(left,16384));assert data;hasher.update(data);left-=len(data);request_bytes+=len(data)
                                                   ^^^^
AssertionError
Unhandled exception in client_connected_cb
transport: <asyncio.sslproto._SSLProtocolTransport object at 0x101dbf0b0>
Traceback (most recent call last):
  File "/Users/divyanshgolyan/.codex/worktrees/4511/onepage/research/transport-memory/asymmetric_server.py", line 39, in accept
    data=await reader.read(min(left,16384));assert data;hasher.update(data);left-=len(data);request_bytes+=len(data)
                                                   ^^^^
AssertionError
Unhandled exception in client_connected_cb
transport: <asyncio.sslproto._SSLProtocolTransport object at 0x101dbf020>
Traceback (most recent call last):
  File "/Users/divyanshgolyan/.codex/worktrees/4511/onepage/research/transport-memory/asymmetric_server.py", line 39, in accept
    data=await reader.read(min(left,16384));assert data;hasher.update(data);left-=len(data);request_bytes+=len(data)
                                                   ^^^^
AssertionError
Unhandled exception in client_connected_cb
transport: <asyncio.sslproto._SSLProtocolTransport object at 0x101dbef90>
Traceback (most recent call last):
  File "/Users/divyanshgolyan/.codex/worktrees/4511/onepage/research/transport-memory/asymmetric_server.py", line 39, in accept
    data=await reader.read(min(left,16384));assert data;hasher.update(data);left-=len(data);request_bytes+=len(data)
                                                   ^^^^
AssertionError
Unhandled exception in client_connected_cb
transport: <asyncio.sslproto._SSLProtocolTransport object at 0x101dbef00>
Traceback (most recent call last):
  File "/Users/divyanshgolyan/.codex/worktrees/4511/onepage/research/transport-memory/asymmetric_server.py", line 39, in accept
    data=await reader.read(min(left,16384));assert data;hasher.update(data);left-=len(data);request_bytes+=len(data)
                                                   ^^^^
AssertionError
Unhandled exception in client_connected_cb
transport: <asyncio.sslproto._SSLProtocolTransport object at 0x101dbee70>
Traceback (most recent call last):
  File "/Users/divyanshgolyan/.codex/worktrees/4511/onepage/research/transport-memory/asymmetric_server.py", line 39, in accept
    data=await reader.read(min(left,16384));assert data;hasher.update(data);left-=len(data);request_bytes+=len(data)
                                                   ^^^^
AssertionError
Unhandled exception in client_connected_cb
transport: <asyncio.sslproto._SSLProtocolTransport object at 0x101dbede0>
Traceback (most recent call last):
  File "/Users/divyanshgolyan/.codex/worktrees/4511/onepage/research/transport-memory/asymmetric_server.py", line 39, in accept
    data=await reader.read(min(left,16384));assert data;hasher.update(data);left-=len(data);request_bytes+=len(data)
                                                   ^^^^
AssertionError
Unhandled exception in client_connected_cb
transport: <asyncio.sslproto._SSLProtocolTransport object at 0x101dbecc0>
Traceback (most recent call last):
  File "/Users/divyanshgolyan/.codex/worktrees/4511/onepage/research/transport-memory/asymmetric_server.py", line 39, in accept
    data=await reader.read(min(left,16384));assert data;hasher.update(data);left-=len(data);request_bytes+=len(data)
                                                   ^^^^
AssertionError
Unhandled exception in client_connected_cb
transport: <asyncio.sslproto._SSLProtocolTransport object at 0x101dbec30>
Traceback (most recent call last):
  File "/Users/divyanshgolyan/.codex/worktrees/4511/onepage/research/transport-memory/asymmetric_server.py", line 39, in accept
    data=await reader.read(min(left,16384));assert data;hasher.update(data);left-=len(data);request_bytes+=len(data)
                                                   ^^^^
AssertionError
Unhandled exception in client_connected_cb
transport: <asyncio.sslproto._SSLProtocolTransport object at 0x101dbeba0>
Traceback (most recent call last):
  File "/Users/divyanshgolyan/.codex/worktrees/4511/onepage/research/transport-memory/asymmetric_server.py", line 39, in accept
    data=await reader.read(min(left,16384));assert data;hasher.update(data);left-=len(data);request_bytes+=len(data)
                                                   ^^^^
AssertionError
Unhandled exception in client_connected_cb
transport: <asyncio.sslproto._SSLProtocolTransport object at 0x101dbeb10>
Traceback (most recent call last):
  File "/Users/divyanshgolyan/.codex/worktrees/4511/onepage/research/transport-memory/asymmetric_server.py", line 39, in accept
    data=await reader.read(min(left,16384));assert data;hasher.update(data);left-=len(data);request_bytes+=len(data)
                                                   ^^^^
AssertionError
Unhandled exception in client_connected_cb
transport: <asyncio.sslproto._SSLProtocolTransport object at 0x101dbea80>
Traceback (most recent call last):
  File "/Users/divyanshgolyan/.codex/worktrees/4511/onepage/research/transport-memory/asymmetric_server.py", line 39, in accept
    data=await reader.read(min(left,16384));assert data;hasher.update(data);left-=len(data);request_bytes+=len(data)
                                                   ^^^^
AssertionError
Unhandled exception in client_connected_cb
transport: <asyncio.sslproto._SSLProtocolTransport object at 0x101dbe9f0>
Traceback (most recent call last):
  File "/Users/divyanshgolyan/.codex/worktrees/4511/onepage/research/transport-memory/asymmetric_server.py", line 39, in accept
    data=await reader.read(min(left,16384));assert data;hasher.update(data);left-=len(data);request_bytes+=len(data)
                                                   ^^^^
AssertionError
Unhandled exception in client_connected_cb
transport: <asyncio.sslproto._SSLProtocolTransport object at 0x101dbe960>
Traceback (most recent call last):
  File "/Users/divyanshgolyan/.codex/worktrees/4511/onepage/research/transport-memory/asymmetric_server.py", line 39, in accept
    data=await reader.read(min(left,16384));assert data;hasher.update(data);left-=len(data);request_bytes+=len(data)
                                                   ^^^^
AssertionError
Unhandled exception in client_connected_cb
transport: <asyncio.sslproto._SSLProtocolTransport object at 0x101dbe8d0>
Traceback (most recent call last):
  File "/Users/divyanshgolyan/.codex/worktrees/4511/onepage/research/transport-memory/asymmetric_server.py", line 39, in accept
    data=await reader.read(min(left,16384));assert data;hasher.update(data);left-=len(data);request_bytes+=len(data)
                                                   ^^^^
AssertionError
Unhandled exception in client_connected_cb
transport: <asyncio.sslproto._SSLProtocolTransport object at 0x101dbe840>
Traceback (most recent call last):
  File "/Users/divyanshgolyan/.codex/worktrees/4511/onepage/research/transport-memory/asymmetric_server.py", line 39, in accept
    data=await reader.read(min(left,16384));assert data;hasher.update(data);left-=len(data);request_bytes+=len(data)
                                                   ^^^^
AssertionError
Unhandled exception in client_connected_cb
transport: <asyncio.sslproto._SSLProtocolTransport object at 0x101dbe7b0>
Traceback (most recent call last):
  File "/Users/divyanshgolyan/.codex/worktrees/4511/onepage/research/transport-memory/asymmetric_server.py", line 39, in accept
    data=await reader.read(min(left,16384));assert data;hasher.update(data);left-=len(data);request_bytes+=len(data)
                                                   ^^^^
AssertionError
Unhandled exception in client_connected_cb
transport: <asyncio.sslproto._SSLProtocolTransport object at 0x101dbe720>
Traceback (most recent call last):
  File "/Users/divyanshgolyan/.codex/worktrees/4511/onepage/research/transport-memory/asymmetric_server.py", line 39, in accept
    data=await reader.read(min(left,16384));assert data;hasher.update(data);left-=len(data);request_bytes+=len(data)
                                                   ^^^^
AssertionError
Unhandled exception in client_connected_cb
transport: <asyncio.sslproto._SSLProtocolTransport object at 0x101dbe690>
Traceback (most recent call last):
  File "/Users/divyanshgolyan/.codex/worktrees/4511/onepage/research/transport-memory/asymmetric_server.py", line 39, in accept
    data=await reader.read(min(left,16384));assert data;hasher.update(data);left-=len(data);request_bytes+=len(data)
                                                   ^^^^
AssertionError
Unhandled exception in client_connected_cb
transport: <asyncio.sslproto._SSLProtocolTransport object at 0x101dbe600>
Traceback (most recent call last):
  File "/Users/divyanshgolyan/.codex/worktrees/4511/onepage/research/transport-memory/asymmetric_server.py", line 39, in accept
    data=await reader.read(min(left,16384));assert data;hasher.update(data);left-=len(data);request_bytes+=len(data)
                                                   ^^^^
AssertionError
Unhandled exception in client_connected_cb
transport: <asyncio.sslproto._SSLProtocolTransport object at 0x101dbe570>
Traceback (most recent call last):
  File "/Users/divyanshgolyan/.codex/worktrees/4511/onepage/research/transport-memory/asymmetric_server.py", line 39, in accept
    data=await reader.read(min(left,16384));assert data;hasher.update(data);left-=len(data);request_bytes+=len(data)
                                                   ^^^^
AssertionError
Unhandled exception in client_connected_cb
transport: <asyncio.sslproto._SSLProtocolTransport object at 0x101dbe4e0>
Traceback (most recent call last):
  File "/Users/divyanshgolyan/.codex/worktrees/4511/onepage/research/transport-memory/asymmetric_server.py", line 39, in accept
    data=await reader.read(min(left,16384));assert data;hasher.update(data);left-=len(data);request_bytes+=len(data)
                                                   ^^^^
AssertionError
Unhandled exception in client_connected_cb
transport: <asyncio.sslproto._SSLProtocolTransport object at 0x101dbe450>
Traceback (most recent call last):
  File "/Users/divyanshgolyan/.codex/worktrees/4511/onepage/research/transport-memory/asymmetric_server.py", line 39, in accept
    data=await reader.read(min(left,16384));assert data;hasher.update(data);left-=len(data);request_bytes+=len(data)
                                                   ^^^^
AssertionError
Unhandled exception in client_connected_cb
transport: <asyncio.sslproto._SSLProtocolTransport object at 0x101dbe3c0>
Traceback (most recent call last):
  File "/Users/divyanshgolyan/.codex/worktrees/4511/onepage/research/transport-memory/asymmetric_server.py", line 39, in accept
    data=await reader.read(min(left,16384));assert data;hasher.update(data);left-=len(data);request_bytes+=len(data)
                                                   ^^^^
AssertionError
Unhandled exception in client_connected_cb
transport: <asyncio.sslproto._SSLProtocolTransport object at 0x101dbe330>
Traceback (most recent call last):
  File "/Users/divyanshgolyan/.codex/worktrees/4511/onepage/research/transport-memory/asymmetric_server.py", line 39, in accept
    data=await reader.read(min(left,16384));assert data;hasher.update(data);left-=len(data);request_bytes+=len(data)
                                                   ^^^^
AssertionError
Unhandled exception in client_connected_cb
transport: <asyncio.sslproto._SSLProtocolTransport object at 0x101dbe2a0>
Traceback (most recent call last):
  File "/Users/divyanshgolyan/.codex/worktrees/4511/onepage/research/transport-memory/asymmetric_server.py", line 39, in accept
    data=await reader.read(min(left,16384));assert data;hasher.update(data);left-=len(data);request_bytes+=len(data)
                                                   ^^^^
AssertionError
Unhandled exception in client_connected_cb
transport: <asyncio.sslproto._SSLProtocolTransport object at 0x101dbe210>
Traceback (most recent call last):
  File "/Users/divyanshgolyan/.codex/worktrees/4511/onepage/research/transport-memory/asymmetric_server.py", line 39, in accept
    data=await reader.read(min(left,16384));assert data;hasher.update(data);left-=len(data);request_bytes+=len(data)
                                                   ^^^^
AssertionError
Unhandled exception in client_connected_cb
transport: <asyncio.sslproto._SSLProtocolTransport object at 0x101dbe180>
Traceback (most recent call last):
  File "/Users/divyanshgolyan/.codex/worktrees/4511/onepage/research/transport-memory/asymmetric_server.py", line 39, in accept
    data=await reader.read(min(left,16384));assert data;hasher.update(data);left-=len(data);request_bytes+=len(data)
                                                   ^^^^
AssertionError
Unhandled exception in client_connected_cb
transport: <asyncio.sslproto._SSLProtocolTransport object at 0x101dbe0f0>
Traceback (most recent call last):
  File "/Users/divyanshgolyan/.codex/worktrees/4511/onepage/research/transport-memory/asymmetric_server.py", line 39, in accept
    data=await reader.read(min(left,16384));assert data;hasher.update(data);left-=len(data);request_bytes+=len(data)
                                                   ^^^^
AssertionError
Unhandled exception in client_connected_cb
transport: <asyncio.sslproto._SSLProtocolTransport object at 0x101dbe060>
Traceback (most recent call last):
  File "/Users/divyanshgolyan/.codex/worktrees/4511/onepage/research/transport-memory/asymmetric_server.py", line 39, in accept
    data=await reader.read(min(left,16384));assert data;hasher.update(data);left-=len(data);request_bytes+=len(data)
                                                   ^^^^
AssertionError
Unhandled exception in client_connected_cb
transport: <asyncio.sslproto._SSLProtocolTransport object at 0x101dbdfd0>
Traceback (most recent call last):
  File "/Users/divyanshgolyan/.codex/worktrees/4511/onepage/research/transport-memory/asymmetric_server.py", line 39, in accept
    data=await reader.read(min(left,16384));assert data;hasher.update(data);left-=len(data);request_bytes+=len(data)
                                                   ^^^^
AssertionError
Unhandled exception in client_connected_cb
transport: <asyncio.sslproto._SSLProtocolTransport object at 0x101dbdf40>
Traceback (most recent call last):
  File "/Users/divyanshgolyan/.codex/worktrees/4511/onepage/research/transport-memory/asymmetric_server.py", line 39, in accept
    data=await reader.read(min(left,16384));assert data;hasher.update(data);left-=len(data);request_bytes+=len(data)
                                                   ^^^^
AssertionError
Unhandled exception in client_connected_cb
transport: <asyncio.sslproto._SSLProtocolTransport object at 0x101dbdeb0>
Traceback (most recent call last):
  File "/Users/divyanshgolyan/.codex/worktrees/4511/onepage/research/transport-memory/asymmetric_server.py", line 39, in accept
    data=await reader.read(min(left,16384));assert data;hasher.update(data);left-=len(data);request_bytes+=len(data)
                                                   ^^^^
AssertionError
Unhandled exception in client_connected_cb
transport: <asyncio.sslproto._SSLProtocolTransport object at 0x101dbde20>
Traceback (most recent call last):
  File "/Users/divyanshgolyan/.codex/worktrees/4511/onepage/research/transport-memory/asymmetric_server.py", line 39, in accept
    data=await reader.read(min(left,16384));assert data;hasher.update(data);left-=len(data);request_bytes+=len(data)
                                                   ^^^^
AssertionError
Unhandled exception in client_connected_cb
transport: <asyncio.sslproto._SSLProtocolTransport object at 0x101dbdd90>
Traceback (most recent call last):
  File "/Users/divyanshgolyan/.codex/worktrees/4511/onepage/research/transport-memory/asymmetric_server.py", line 39, in accept
    data=await reader.read(min(left,16384));assert data;hasher.update(data);left-=len(data);request_bytes+=len(data)
                                                   ^^^^
AssertionError
Unhandled exception in client_connected_cb
transport: <asyncio.sslproto._SSLProtocolTransport object at 0x101dbdd00>
Traceback (most recent call last):
  File "/Users/divyanshgolyan/.codex/worktrees/4511/onepage/research/transport-memory/asymmetric_server.py", line 39, in accept
    data=await reader.read(min(left,16384));assert data;hasher.update(data);left-=len(data);request_bytes+=len(data)
                                                   ^^^^
AssertionError
Unhandled exception in client_connected_cb
transport: <asyncio.sslproto._SSLProtocolTransport object at 0x101dbdc70>
Traceback (most recent call last):
  File "/Users/divyanshgolyan/.codex/worktrees/4511/onepage/research/transport-memory/asymmetric_server.py", line 39, in accept
    data=await reader.read(min(left,16384));assert data;hasher.update(data);left-=len(data);request_bytes+=len(data)
                                                   ^^^^
AssertionError
Unhandled exception in client_connected_cb
transport: <asyncio.sslproto._SSLProtocolTransport object at 0x101dbdbe0>
Traceback (most recent call last):
  File "/Users/divyanshgolyan/.codex/worktrees/4511/onepage/research/transport-memory/asymmetric_server.py", line 39, in accept
    data=await reader.read(min(left,16384));assert data;hasher.update(data);left-=len(data);request_bytes+=len(data)
                                                   ^^^^
AssertionError
Unhandled exception in client_connected_cb
transport: <asyncio.sslproto._SSLProtocolTransport object at 0x101dbdb50>
Traceback (most recent call last):
  File "/Users/divyanshgolyan/.codex/worktrees/4511/onepage/research/transport-memory/asymmetric_server.py", line 39, in accept
    data=await reader.read(min(left,16384));assert data;hasher.update(data);left-=len(data);request_bytes+=len(data)
                                                   ^^^^
AssertionError
Unhandled exception in client_connected_cb
transport: <asyncio.sslproto._SSLProtocolTransport object at 0x101dbdac0>
Traceback (most recent call last):
  File "/Users/divyanshgolyan/.codex/worktrees/4511/onepage/research/transport-memory/asymmetric_server.py", line 39, in accept
    data=await reader.read(min(left,16384));assert data;hasher.update(data);left-=len(data);request_bytes+=len(data)
                                                   ^^^^
AssertionError
Unhandled exception in client_connected_cb
transport: <asyncio.sslproto._SSLProtocolTransport object at 0x101dbda30>
Traceback (most recent call last):
  File "/Users/divyanshgolyan/.codex/worktrees/4511/onepage/research/transport-memory/asymmetric_server.py", line 39, in accept
    data=await reader.read(min(left,16384));assert data;hasher.update(data);left-=len(data);request_bytes+=len(data)
                                                   ^^^^
AssertionError
Unhandled exception in client_connected_cb
transport: <asyncio.sslproto._SSLProtocolTransport object at 0x101dbd9a0>
Traceback (most recent call last):
  File "/Users/divyanshgolyan/.codex/worktrees/4511/onepage/research/transport-memory/asymmetric_server.py", line 39, in accept
    data=await reader.read(min(left,16384));assert data;hasher.update(data);left-=len(data);request_bytes+=len(data)
                                                   ^^^^
AssertionError
Unhandled exception in client_connected_cb
transport: <asyncio.sslproto._SSLProtocolTransport object at 0x101dbd910>
Traceback (most recent call last):
  File "/Users/divyanshgolyan/.codex/worktrees/4511/onepage/research/transport-memory/asymmetric_server.py", line 39, in accept
    data=await reader.read(min(left,16384));assert data;hasher.update(data);left-=len(data);request_bytes+=len(data)
                                                   ^^^^
AssertionError
Unhandled exception in client_connected_cb
transport: <asyncio.sslproto._SSLProtocolTransport object at 0x101dbd880>
Traceback (most recent call last):
  File "/Users/divyanshgolyan/.codex/worktrees/4511/onepage/research/transport-memory/asymmetric_server.py", line 39, in accept
    data=await reader.read(min(left,16384));assert data;hasher.update(data);left-=len(data);request_bytes+=len(data)
                                                   ^^^^
AssertionError
Unhandled exception in client_connected_cb
transport: <asyncio.sslproto._SSLProtocolTransport object at 0x101dbd7f0>
Traceback (most recent call last):
  File "/Users/divyanshgolyan/.codex/worktrees/4511/onepage/research/transport-memory/asymmetric_server.py", line 39, in accept
    data=await reader.read(min(left,16384));assert data;hasher.update(data);left-=len(data);request_bytes+=len(data)
                                                   ^^^^
AssertionError
Unhandled exception in client_connected_cb
transport: <asyncio.sslproto._SSLProtocolTransport object at 0x101dbd760>
Traceback (most recent call last):
  File "/Users/divyanshgolyan/.codex/worktrees/4511/onepage/research/transport-memory/asymmetric_server.py", line 39, in accept
    data=await reader.read(min(left,16384));assert data;hasher.update(data);left-=len(data);request_bytes+=len(data)
                                                   ^^^^
AssertionError
Unhandled exception in client_connected_cb
transport: <asyncio.sslproto._SSLProtocolTransport object at 0x101dbd6d0>
Traceback (most recent call last):
  File "/Users/divyanshgolyan/.codex/worktrees/4511/onepage/research/transport-memory/asymmetric_server.py", line 39, in accept
    data=await reader.read(min(left,16384));assert data;hasher.update(data);left-=len(data);request_bytes+=len(data)
                                                   ^^^^
AssertionError
Unhandled exception in client_connected_cb
transport: <asyncio.sslproto._SSLProtocolTransport object at 0x101dbd640>
Traceback (most recent call last):
  File "/Users/divyanshgolyan/.codex/worktrees/4511/onepage/research/transport-memory/asymmetric_server.py", line 39, in accept
    data=await reader.read(min(left,16384));assert data;hasher.update(data);left-=len(data);request_bytes+=len(data)
                                                   ^^^^
AssertionError
Unhandled exception in client_connected_cb
transport: <asyncio.sslproto._SSLProtocolTransport object at 0x101dbd5b0>
Traceback (most recent call last):
  File "/Users/divyanshgolyan/.codex/worktrees/4511/onepage/research/transport-memory/asymmetric_server.py", line 39, in accept
    data=await reader.read(min(left,16384));assert data;hasher.update(data);left-=len(data);request_bytes+=len(data)
                                                   ^^^^
AssertionError
Unhandled exception in client_connected_cb
transport: <asyncio.sslproto._SSLProtocolTransport object at 0x101dbd520>
Traceback (most recent call last):
  File "/Users/divyanshgolyan/.codex/worktrees/4511/onepage/research/transport-memory/asymmetric_server.py", line 39, in accept
    data=await reader.read(min(left,16384));assert data;hasher.update(data);left-=len(data);request_bytes+=len(data)
                                                   ^^^^
AssertionError
Unhandled exception in client_connected_cb
transport: <asyncio.sslproto._SSLProtocolTransport object at 0x101dbd490>
Traceback (most recent call last):
  File "/Users/divyanshgolyan/.codex/worktrees/4511/onepage/research/transport-memory/asymmetric_server.py", line 39, in accept
    data=await reader.read(min(left,16384));assert data;hasher.update(data);left-=len(data);request_bytes+=len(data)
                                                   ^^^^
AssertionError
Unhandled exception in client_connected_cb
transport: <asyncio.sslproto._SSLProtocolTransport object at 0x101dbd400>
Traceback (most recent call last):
  File "/Users/divyanshgolyan/.codex/worktrees/4511/onepage/research/transport-memory/asymmetric_server.py", line 39, in accept
    data=await reader.read(min(left,16384));assert data;hasher.update(data);left-=len(data);request_bytes+=len(data)
                                                   ^^^^
AssertionError
Unhandled exception in client_connected_cb
transport: <asyncio.sslproto._SSLProtocolTransport object at 0x101dbd370>
Traceback (most recent call last):
  File "/Users/divyanshgolyan/.codex/worktrees/4511/onepage/research/transport-memory/asymmetric_server.py", line 39, in accept
    data=await reader.read(min(left,16384));assert data;hasher.update(data);left-=len(data);request_bytes+=len(data)
                                                   ^^^^
AssertionError
Unhandled exception in client_connected_cb
transport: <asyncio.sslproto._SSLProtocolTransport object at 0x101dbd2e0>
Traceback (most recent call last):
  File "/Users/divyanshgolyan/.codex/worktrees/4511/onepage/research/transport-memory/asymmetric_server.py", line 39, in accept
    data=await reader.read(min(left,16384));assert data;hasher.update(data);left-=len(data);request_bytes+=len(data)
                                                   ^^^^
AssertionError
Unhandled exception in client_connected_cb
transport: <asyncio.sslproto._SSLProtocolTransport object at 0x101dbd250>
Traceback (most recent call last):
  File "/Users/divyanshgolyan/.codex/worktrees/4511/onepage/research/transport-memory/asymmetric_server.py", line 39, in accept
    data=await reader.read(min(left,16384));assert data;hasher.update(data);left-=len(data);request_bytes+=len(data)
                                                   ^^^^
AssertionError
Unhandled exception in client_connected_cb
transport: <asyncio.sslproto._SSLProtocolTransport object at 0x101dbd1c0>
Traceback (most recent call last):
  File "/Users/divyanshgolyan/.codex/worktrees/4511/onepage/research/transport-memory/asymmetric_server.py", line 39, in accept
    data=await reader.read(min(left,16384));assert data;hasher.update(data);left-=len(data);request_bytes+=len(data)
                                                   ^^^^
AssertionError
Unhandled exception in client_connected_cb
transport: <asyncio.sslproto._SSLProtocolTransport object at 0x101dbd130>
Traceback (most recent call last):
  File "/Users/divyanshgolyan/.codex/worktrees/4511/onepage/research/transport-memory/asymmetric_server.py", line 39, in accept
    data=await reader.read(min(left,16384));assert data;hasher.update(data);left-=len(data);request_bytes+=len(data)
                                                   ^^^^
AssertionError
Unhandled exception in client_connected_cb
transport: <asyncio.sslproto._SSLProtocolTransport object at 0x101dbd0a0>
Traceback (most recent call last):
  File "/Users/divyanshgolyan/.codex/worktrees/4511/onepage/research/transport-memory/asymmetric_server.py", line 39, in accept
    data=await reader.read(min(left,16384));assert data;hasher.update(data);left-=len(data);request_bytes+=len(data)
                                                   ^^^^
AssertionError
Unhandled exception in client_connected_cb
transport: <asyncio.sslproto._SSLProtocolTransport object at 0x101dbd010>
Traceback (most recent call last):
  File "/Users/divyanshgolyan/.codex/worktrees/4511/onepage/research/transport-memory/asymmetric_server.py", line 39, in accept
    data=await reader.read(min(left,16384));assert data;hasher.update(data);left-=len(data);request_bytes+=len(data)
                                                   ^^^^
AssertionError
Unhandled exception in client_connected_cb
transport: <asyncio.sslproto._SSLProtocolTransport object at 0x101dbcf80>
Traceback (most recent call last):
  File "/Users/divyanshgolyan/.codex/worktrees/4511/onepage/research/transport-memory/asymmetric_server.py", line 39, in accept
    data=await reader.read(min(left,16384));assert data;hasher.update(data);left-=len(data);request_bytes+=len(data)
                                                   ^^^^
AssertionError
Unhandled exception in client_connected_cb
transport: <asyncio.sslproto._SSLProtocolTransport object at 0x101dbcef0>
Traceback (most recent call last):
  File "/Users/divyanshgolyan/.codex/worktrees/4511/onepage/research/transport-memory/asymmetric_server.py", line 39, in accept
    data=await reader.read(min(left,16384));assert data;hasher.update(data);left-=len(data);request_bytes+=len(data)
                                                   ^^^^
AssertionError
Unhandled exception in client_connected_cb
transport: <asyncio.sslproto._SSLProtocolTransport object at 0x101dbce60>
Traceback (most recent call last):
  File "/Users/divyanshgolyan/.codex/worktrees/4511/onepage/research/transport-memory/asymmetric_server.py", line 39, in accept
    data=await reader.read(min(left,16384));assert data;hasher.update(data);left-=len(data);request_bytes+=len(data)
                                                   ^^^^
AssertionError
Unhandled exception in client_connected_cb
transport: <asyncio.sslproto._SSLProtocolTransport object at 0x101dbcdd0>
Traceback (most recent call last):
  File "/Users/divyanshgolyan/.codex/worktrees/4511/onepage/research/transport-memory/asymmetric_server.py", line 39, in accept
    data=await reader.read(min(left,16384));assert data;hasher.update(data);left-=len(data);request_bytes+=len(data)
                                                   ^^^^
AssertionError
Unhandled exception in client_connected_cb
transport: <asyncio.sslproto._SSLProtocolTransport object at 0x101dbcd40>
Traceback (most recent call last):
  File "/Users/divyanshgolyan/.codex/worktrees/4511/onepage/research/transport-memory/asymmetric_server.py", line 39, in accept
    data=await reader.read(min(left,16384));assert data;hasher.update(data);left-=len(data);request_bytes+=len(data)
                                                   ^^^^
AssertionError
Unhandled exception in client_connected_cb
transport: <asyncio.sslproto._SSLProtocolTransport object at 0x101dbccb0>
Traceback (most recent call last):
  File "/Users/divyanshgolyan/.codex/worktrees/4511/onepage/research/transport-memory/asymmetric_server.py", line 39, in accept
    data=await reader.read(min(left,16384));assert data;hasher.update(data);left-=len(data);request_bytes+=len(data)
                                                   ^^^^
AssertionError
Unhandled exception in client_connected_cb
transport: <asyncio.sslproto._SSLProtocolTransport object at 0x101dbcc20>
Traceback (most recent call last):
  File "/Users/divyanshgolyan/.codex/worktrees/4511/onepage/research/transport-memory/asymmetric_server.py", line 39, in accept
    data=await reader.read(min(left,16384));assert data;hasher.update(data);left-=len(data);request_bytes+=len(data)
                                                   ^^^^
AssertionError
Unhandled exception in client_connected_cb
transport: <asyncio.sslproto._SSLProtocolTransport object at 0x101dbcb90>
Traceback (most recent call last):
  File "/Users/divyanshgolyan/.codex/worktrees/4511/onepage/research/transport-memory/asymmetric_server.py", line 39, in accept
    data=await reader.read(min(left,16384));assert data;hasher.update(data);left-=len(data);request_bytes+=len(data)
                                                   ^^^^
AssertionError
Unhandled exception in client_connected_cb
transport: <asyncio.sslproto._SSLProtocolTransport object at 0x101dbcb00>
Traceback (most recent call last):
  File "/Users/divyanshgolyan/.codex/worktrees/4511/onepage/research/transport-memory/asymmetric_server.py", line 39, in accept
    data=await reader.read(min(left,16384));assert data;hasher.update(data);left-=len(data);request_bytes+=len(data)
                                                   ^^^^
AssertionError
Unhandled exception in client_connected_cb
transport: <asyncio.sslproto._SSLProtocolTransport object at 0x101dbca70>
Traceback (most recent call last):
  File "/Users/divyanshgolyan/.codex/worktrees/4511/onepage/research/transport-memory/asymmetric_server.py", line 39, in accept
    data=await reader.read(min(left,16384));assert data;hasher.update(data);left-=len(data);request_bytes+=len(data)
                                                   ^^^^
AssertionError
Unhandled exception in client_connected_cb
transport: <asyncio.sslproto._SSLProtocolTransport object at 0x101dbc9e0>
Traceback (most recent call last):
  File "/Users/divyanshgolyan/.codex/worktrees/4511/onepage/research/transport-memory/asymmetric_server.py", line 39, in accept
    data=await reader.read(min(left,16384));assert data;hasher.update(data);left-=len(data);request_bytes+=len(data)
                                                   ^^^^
AssertionError
Unhandled exception in client_connected_cb
transport: <asyncio.sslproto._SSLProtocolTransport object at 0x101dbc950>
Traceback (most recent call last):
  File "/Users/divyanshgolyan/.codex/worktrees/4511/onepage/research/transport-memory/asymmetric_server.py", line 39, in accept
    data=await reader.read(min(left,16384));assert data;hasher.update(data);left-=len(data);request_bytes+=len(data)
                                                   ^^^^
AssertionError
Unhandled exception in client_connected_cb
transport: <asyncio.sslproto._SSLProtocolTransport object at 0x101dbc8c0>
Traceback (most recent call last):
  File "/Users/divyanshgolyan/.codex/worktrees/4511/onepage/research/transport-memory/asymmetric_server.py", line 39, in accept
    data=await reader.read(min(left,16384));assert data;hasher.update(data);left-=len(data);request_bytes+=len(data)
                                                   ^^^^
AssertionError
Unhandled exception in client_connected_cb
transport: <asyncio.sslproto._SSLProtocolTransport object at 0x101dbc830>
Traceback (most recent call last):
  File "/Users/divyanshgolyan/.codex/worktrees/4511/onepage/research/transport-memory/asymmetric_server.py", line 39, in accept
    data=await reader.read(min(left,16384));assert data;hasher.update(data);left-=len(data);request_bytes+=len(data)
                                                   ^^^^
AssertionError
Unhandled exception in client_connected_cb
transport: <asyncio.sslproto._SSLProtocolTransport object at 0x101dbc7a0>
Traceback (most recent call last):
  File "/Users/divyanshgolyan/.codex/worktrees/4511/onepage/research/transport-memory/asymmetric_server.py", line 39, in accept
    data=await reader.read(min(left,16384));assert data;hasher.update(data);left-=len(data);request_bytes+=len(data)
                                                   ^^^^
AssertionError
Unhandled exception in client_connected_cb
transport: <asyncio.sslproto._SSLProtocolTransport object at 0x101dbc710>
Traceback (most recent call last):
  File "/Users/divyanshgolyan/.codex/worktrees/4511/onepage/research/transport-memory/asymmetric_server.py", line 39, in accept
    data=await reader.read(min(left,16384));assert data;hasher.update(data);left-=len(data);request_bytes+=len(data)
                                                   ^^^^
AssertionError
Unhandled exception in client_connected_cb
transport: <asyncio.sslproto._SSLProtocolTransport object at 0x101dbc680>
Traceback (most recent call last):
  File "/Users/divyanshgolyan/.codex/worktrees/4511/onepage/research/transport-memory/asymmetric_server.py", line 39, in accept
    data=await reader.read(min(left,16384));assert data;hasher.update(data);left-=len(data);request_bytes+=len(data)
                                                   ^^^^
AssertionError
Unhandled exception in client_connected_cb
transport: <asyncio.sslproto._SSLProtocolTransport object at 0x101dbc5f0>
Traceback (most recent call last):
  File "/Users/divyanshgolyan/.codex/worktrees/4511/onepage/research/transport-memory/asymmetric_server.py", line 39, in accept
    data=await reader.read(min(left,16384));assert data;hasher.update(data);left-=len(data);request_bytes+=len(data)
                                                   ^^^^
AssertionError
Unhandled exception in client_connected_cb
transport: <asyncio.sslproto._SSLProtocolTransport object at 0x101dbc560>
Traceback (most recent call last):
  File "/Users/divyanshgolyan/.codex/worktrees/4511/onepage/research/transport-memory/asymmetric_server.py", line 39, in accept
    data=await reader.read(min(left,16384));assert data;hasher.update(data);left-=len(data);request_bytes+=len(data)
                                                   ^^^^
AssertionError
Unhandled exception in client_connected_cb
transport: <asyncio.sslproto._SSLProtocolTransport object at 0x101dbc4d0>
Traceback (most recent call last):
  File "/Users/divyanshgolyan/.codex/worktrees/4511/onepage/research/transport-memory/asymmetric_server.py", line 39, in accept
    data=await reader.read(min(left,16384));assert data;hasher.update(data);left-=len(data);request_bytes+=len(data)
                                                   ^^^^
AssertionError
Unhandled exception in client_connected_cb
transport: <asyncio.sslproto._SSLProtocolTransport object at 0x101dbc440>
Traceback (most recent call last):
  File "/Users/divyanshgolyan/.codex/worktrees/4511/onepage/research/transport-memory/asymmetric_server.py", line 39, in accept
    data=await reader.read(min(left,16384));assert data;hasher.update(data);left-=len(data);request_bytes+=len(data)
                                                   ^^^^
AssertionError
Unhandled exception in client_connected_cb
transport: <asyncio.sslproto._SSLProtocolTransport object at 0x101dbc3b0>
Traceback (most recent call last):
  File "/Users/divyanshgolyan/.codex/worktrees/4511/onepage/research/transport-memory/asymmetric_server.py", line 39, in accept
    data=await reader.read(min(left,16384));assert data;hasher.update(data);left-=len(data);request_bytes+=len(data)
                                                   ^^^^
AssertionError
Unhandled exception in client_connected_cb
transport: <asyncio.sslproto._SSLProtocolTransport object at 0x101dbc320>
Traceback (most recent call last):
  File "/Users/divyanshgolyan/.codex/worktrees/4511/onepage/research/transport-memory/asymmetric_server.py", line 39, in accept
    data=await reader.read(min(left,16384));assert data;hasher.update(data);left-=len(data);request_bytes+=len(data)
                                                   ^^^^
AssertionError
Unhandled exception in client_connected_cb
transport: <asyncio.sslproto._SSLProtocolTransport object at 0x101dbc290>
Traceback (most recent call last):
  File "/Users/divyanshgolyan/.codex/worktrees/4511/onepage/research/transport-memory/asymmetric_server.py", line 39, in accept
    data=await reader.read(min(left,16384));assert data;hasher.update(data);left-=len(data);request_bytes+=len(data)
                                                   ^^^^
AssertionError
Unhandled exception in client_connected_cb
transport: <asyncio.sslproto._SSLProtocolTransport object at 0x101dbc200>
Traceback (most recent call last):
  File "/Users/divyanshgolyan/.codex/worktrees/4511/onepage/research/transport-memory/asymmetric_server.py", line 39, in accept
    data=await reader.read(min(left,16384));assert data;hasher.update(data);left-=len(data);request_bytes+=len(data)
                                                   ^^^^
AssertionError
Unhandled exception in client_connected_cb
transport: <asyncio.sslproto._SSLProtocolTransport object at 0x101dbc170>
Traceback (most recent call last):
  File "/Users/divyanshgolyan/.codex/worktrees/4511/onepage/research/transport-memory/asymmetric_server.py", line 39, in accept
    data=await reader.read(min(left,16384));assert data;hasher.update(data);left-=len(data);request_bytes+=len(data)
                                                   ^^^^
AssertionError
Unhandled exception in client_connected_cb
transport: <asyncio.sslproto._SSLProtocolTransport object at 0x101dbc0e0>
Traceback (most recent call last):
  File "/Users/divyanshgolyan/.codex/worktrees/4511/onepage/research/transport-memory/asymmetric_server.py", line 39, in accept
    data=await reader.read(min(left,16384));assert data;hasher.update(data);left-=len(data);request_bytes+=len(data)
                                                   ^^^^
AssertionError
Unhandled exception in client_connected_cb
transport: <asyncio.sslproto._SSLProtocolTransport object at 0x101dbc050>
Traceback (most recent call last):
  File "/Users/divyanshgolyan/.codex/worktrees/4511/onepage/research/transport-memory/asymmetric_server.py", line 39, in accept
    data=await reader.read(min(left,16384));assert data;hasher.update(data);left-=len(data);request_bytes+=len(data)
                                                   ^^^^
AssertionError
Unhandled exception in client_connected_cb
transport: <asyncio.sslproto._SSLProtocolTransport object at 0x101c33f50>
Traceback (most recent call last):
  File "/Users/divyanshgolyan/.codex/worktrees/4511/onepage/research/transport-memory/asymmetric_server.py", line 39, in accept
    data=await reader.read(min(left,16384));assert data;hasher.update(data);left-=len(data);request_bytes+=len(data)
                                                   ^^^^
AssertionError
Unhandled exception in client_connected_cb
transport: <asyncio.sslproto._SSLProtocolTransport object at 0x101c33ec0>
Traceback (most recent call last):
  File "/Users/divyanshgolyan/.codex/worktrees/4511/onepage/research/transport-memory/asymmetric_server.py", line 39, in accept
    data=await reader.read(min(left,16384));assert data;hasher.update(data);left-=len(data);request_bytes+=len(data)
                                                   ^^^^
AssertionError
Unhandled exception in client_connected_cb
transport: <asyncio.sslproto._SSLProtocolTransport object at 0x101c33e30>
Traceback (most recent call last):
  File "/Users/divyanshgolyan/.codex/worktrees/4511/onepage/research/transport-memory/asymmetric_server.py", line 39, in accept
    data=await reader.read(min(left,16384));assert data;hasher.update(data);left-=len(data);request_bytes+=len(data)
                                                   ^^^^
AssertionError
Unhandled exception in client_connected_cb
transport: <asyncio.sslproto._SSLProtocolTransport object at 0x101c33da0>
Traceback (most recent call last):
  File "/Users/divyanshgolyan/.codex/worktrees/4511/onepage/research/transport-memory/asymmetric_server.py", line 39, in accept
    data=await reader.read(min(left,16384));assert data;hasher.update(data);left-=len(data);request_bytes+=len(data)
                                                   ^^^^
AssertionError
Unhandled exception in client_connected_cb
transport: <asyncio.sslproto._SSLProtocolTransport object at 0x101c33d10>
Traceback (most recent call last):
  File "/Users/divyanshgolyan/.codex/worktrees/4511/onepage/research/transport-memory/asymmetric_server.py", line 39, in accept
    data=await reader.read(min(left,16384));assert data;hasher.update(data);left-=len(data);request_bytes+=len(data)
                                                   ^^^^
AssertionError
Unhandled exception in client_connected_cb
transport: <asyncio.sslproto._SSLProtocolTransport object at 0x101c33c80>
Traceback (most recent call last):
  File "/Users/divyanshgolyan/.codex/worktrees/4511/onepage/research/transport-memory/asymmetric_server.py", line 39, in accept
    data=await reader.read(min(left,16384));assert data;hasher.update(data);left-=len(data);request_bytes+=len(data)
                                                   ^^^^
AssertionError
Unhandled exception in client_connected_cb
transport: <asyncio.sslproto._SSLProtocolTransport object at 0x101c33bf0>
Traceback (most recent call last):
  File "/Users/divyanshgolyan/.codex/worktrees/4511/onepage/research/transport-memory/asymmetric_server.py", line 39, in accept
    data=await reader.read(min(left,16384));assert data;hasher.update(data);left-=len(data);request_bytes+=len(data)
                                                   ^^^^
AssertionError
Unhandled exception in client_connected_cb
transport: <asyncio.sslproto._SSLProtocolTransport object at 0x101c33b60>
Traceback (most recent call last):
  File "/Users/divyanshgolyan/.codex/worktrees/4511/onepage/research/transport-memory/asymmetric_server.py", line 39, in accept
    data=await reader.read(min(left,16384));assert data;hasher.update(data);left-=len(data);request_bytes+=len(data)
                                                   ^^^^
AssertionError
Unhandled exception in client_connected_cb
transport: <asyncio.sslproto._SSLProtocolTransport object at 0x101c33ad0>
Traceback (most recent call last):
  File "/Users/divyanshgolyan/.codex/worktrees/4511/onepage/research/transport-memory/asymmetric_server.py", line 39, in accept
    data=await reader.read(min(left,16384));assert data;hasher.update(data);left-=len(data);request_bytes+=len(data)
                                                   ^^^^
AssertionError
Unhandled exception in client_connected_cb
transport: <asyncio.sslproto._SSLProtocolTransport object at 0x101c33a40>
Traceback (most recent call last):
  File "/Users/divyanshgolyan/.codex/worktrees/4511/onepage/research/transport-memory/asymmetric_server.py", line 39, in accept
    data=await reader.read(min(left,16384));assert data;hasher.update(data);left-=len(data);request_bytes+=len(data)
                                                   ^^^^
AssertionError
Unhandled exception in client_connected_cb
transport: <asyncio.sslproto._SSLProtocolTransport object at 0x101c339b0>
Traceback (most recent call last):
  File "/Users/divyanshgolyan/.codex/worktrees/4511/onepage/research/transport-memory/asymmetric_server.py", line 39, in accept
    data=await reader.read(min(left,16384));assert data;hasher.update(data);left-=len(data);request_bytes+=len(data)
                                                   ^^^^
AssertionError
Unhandled exception in client_connected_cb
transport: <asyncio.sslproto._SSLProtocolTransport object at 0x101cf2710>
Traceback (most recent call last):
  File "/Users/divyanshgolyan/.codex/worktrees/4511/onepage/research/transport-memory/asymmetric_server.py", line 39, in accept
    data=await reader.read(min(left,16384));assert data;hasher.update(data);left-=len(data);request_bytes+=len(data)
                                                   ^^^^
AssertionError
Unhandled exception in client_connected_cb
transport: <asyncio.sslproto._SSLProtocolTransport object at 0x101cf25d0>
Traceback (most recent call last):
  File "/Users/divyanshgolyan/.codex/worktrees/4511/onepage/research/transport-memory/asymmetric_server.py", line 39, in accept
    data=await reader.read(min(left,16384));assert data;hasher.update(data);left-=len(data);request_bytes+=len(data)
                                                   ^^^^
AssertionError
Unhandled exception in client_connected_cb
transport: <asyncio.sslproto._SSLProtocolTransport object at 0x101d7bd80>
Traceback (most recent call last):
  File "/Users/divyanshgolyan/.codex/worktrees/4511/onepage/research/transport-memory/asymmetric_server.py", line 39, in accept
    data=await reader.read(min(left,16384));assert data;hasher.update(data);left-=len(data);request_bytes+=len(data)
                                                   ^^^^
AssertionError
Unhandled exception in client_connected_cb
transport: <asyncio.sslproto._SSLProtocolTransport object at 0x101d75c10>
Traceback (most recent call last):
  File "/Users/divyanshgolyan/.codex/worktrees/4511/onepage/research/transport-memory/asymmetric_server.py", line 39, in accept
    data=await reader.read(min(left,16384));assert data;hasher.update(data);left-=len(data);request_bytes+=len(data)
                                                   ^^^^
AssertionError
Unhandled exception in client_connected_cb
transport: <asyncio.sslproto._SSLProtocolTransport object at 0x101d759d0>
Traceback (most recent call last):
  File "/Users/divyanshgolyan/.codex/worktrees/4511/onepage/research/transport-memory/asymmetric_server.py", line 39, in accept
    data=await reader.read(min(left,16384));assert data;hasher.update(data);left-=len(data);request_bytes+=len(data)
                                                   ^^^^
AssertionError
Unhandled exception in client_connected_cb
transport: <asyncio.sslproto._SSLProtocolTransport object at 0x101c535f0>
Traceback (most recent call last):
  File "/Users/divyanshgolyan/.codex/worktrees/4511/onepage/research/transport-memory/asymmetric_server.py", line 39, in accept
    data=await reader.read(min(left,16384));assert data;hasher.update(data);left-=len(data);request_bytes+=len(data)
                                                   ^^^^
AssertionError
Unhandled exception in client_connected_cb
transport: <asyncio.sslproto._SSLProtocolTransport object at 0x101c53520>
Traceback (most recent call last):
  File "/Users/divyanshgolyan/.codex/worktrees/4511/onepage/research/transport-memory/asymmetric_server.py", line 39, in accept
    data=await reader.read(min(left,16384));assert data;hasher.update(data);left-=len(data);request_bytes+=len(data)
                                                   ^^^^
AssertionError
Unhandled exception in client_connected_cb
transport: <asyncio.sslproto._SSLProtocolTransport object at 0x101d61710>
Traceback (most recent call last):
  File "/Users/divyanshgolyan/.codex/worktrees/4511/onepage/research/transport-memory/asymmetric_server.py", line 39, in accept
    data=await reader.read(min(left,16384));assert data;hasher.update(data);left-=len(data);request_bytes+=len(data)
                                                   ^^^^
AssertionError
Unhandled exception in client_connected_cb
transport: <asyncio.sslproto._SSLProtocolTransport object at 0x101d611d0>
Traceback (most recent call last):
  File "/Users/divyanshgolyan/.codex/worktrees/4511/onepage/research/transport-memory/asymmetric_server.py", line 39, in accept
    data=await reader.read(min(left,16384));assert data;hasher.update(data);left-=len(data);request_bytes+=len(data)
                                                   ^^^^
AssertionError
Unhandled exception in client_connected_cb
transport: <asyncio.sslproto._SSLProtocolTransport object at 0x101d85f40>
Traceback (most recent call last):
  File "/Users/divyanshgolyan/.codex/worktrees/4511/onepage/research/transport-memory/asymmetric_server.py", line 39, in accept
    data=await reader.read(min(left,16384));assert data;hasher.update(data);left-=len(data);request_bytes+=len(data)
                                                   ^^^^
AssertionError
Unhandled exception in client_connected_cb
transport: <asyncio.sslproto._SSLProtocolTransport object at 0x101d85a90>
Traceback (most recent call last):
  File "/Users/divyanshgolyan/.codex/worktrees/4511/onepage/research/transport-memory/asymmetric_server.py", line 39, in accept
    data=await reader.read(min(left,16384));assert data;hasher.update(data);left-=len(data);request_bytes+=len(data)
                                                   ^^^^
AssertionError
Unhandled exception in client_connected_cb
transport: <asyncio.sslproto._SSLProtocolTransport object at 0x101d88750>
Traceback (most recent call last):
  File "/Users/divyanshgolyan/.codex/worktrees/4511/onepage/research/transport-memory/asymmetric_server.py", line 39, in accept
    data=await reader.read(min(left,16384));assert data;hasher.update(data);left-=len(data);request_bytes+=len(data)
                                                   ^^^^
AssertionError
Unhandled exception in client_connected_cb
transport: <asyncio.sslproto._SSLProtocolTransport object at 0x101d1ead0>
Traceback (most recent call last):
  File "/Users/divyanshgolyan/.codex/worktrees/4511/onepage/research/transport-memory/asymmetric_server.py", line 39, in accept
    data=await reader.read(min(left,16384));assert data;hasher.update(data);left-=len(data);request_bytes+=len(data)
                                                   ^^^^
AssertionError
Unhandled exception in client_connected_cb
transport: <asyncio.sslproto._SSLProtocolTransport object at 0x101d1e8b0>
Traceback (most recent call last):
  File "/Users/divyanshgolyan/.codex/worktrees/4511/onepage/research/transport-memory/asymmetric_server.py", line 39, in accept
    data=await reader.read(min(left,16384));assert data;hasher.update(data);left-=len(data);request_bytes+=len(data)
                                                   ^^^^
AssertionError
Unhandled exception in client_connected_cb
transport: <asyncio.sslproto._SSLProtocolTransport object at 0x101d1be30>
Traceback (most recent call last):
  File "/Users/divyanshgolyan/.codex/worktrees/4511/onepage/research/transport-memory/asymmetric_server.py", line 39, in accept
    data=await reader.read(min(left,16384));assert data;hasher.update(data);left-=len(data);request_bytes+=len(data)
                                                   ^^^^
AssertionError
Unhandled exception in client_connected_cb
transport: <asyncio.sslproto._SSLProtocolTransport object at 0x101d1b410>
Traceback (most recent call last):
  File "/Users/divyanshgolyan/.codex/worktrees/4511/onepage/research/transport-memory/asymmetric_server.py", line 39, in accept
    data=await reader.read(min(left,16384));assert data;hasher.update(data);left-=len(data);request_bytes+=len(data)
                                                   ^^^^
AssertionError
Unhandled exception in client_connected_cb
transport: <asyncio.sslproto._SSLProtocolTransport object at 0x101c5f950>
Traceback (most recent call last):
  File "/Users/divyanshgolyan/.codex/worktrees/4511/onepage/research/transport-memory/asymmetric_server.py", line 39, in accept
    data=await reader.read(min(left,16384));assert data;hasher.update(data);left-=len(data);request_bytes+=len(data)
                                                   ^^^^
AssertionError
Unhandled exception in client_connected_cb
transport: <asyncio.sslproto._SSLProtocolTransport object at 0x101c5f6f0>
Traceback (most recent call last):
  File "/Users/divyanshgolyan/.codex/worktrees/4511/onepage/research/transport-memory/asymmetric_server.py", line 39, in accept
    data=await reader.read(min(left,16384));assert data;hasher.update(data);left-=len(data);request_bytes+=len(data)
                                                   ^^^^
AssertionError
Unhandled exception in client_connected_cb
transport: <asyncio.sslproto._SSLProtocolTransport object at 0x101c679d0>
Traceback (most recent call last):
  File "/Users/divyanshgolyan/.codex/worktrees/4511/onepage/research/transport-memory/asymmetric_server.py", line 39, in accept
    data=await reader.read(min(left,16384));assert data;hasher.update(data);left-=len(data);request_bytes+=len(data)
                                                   ^^^^
AssertionError
Unhandled exception in client_connected_cb
transport: <asyncio.sslproto._SSLProtocolTransport object at 0x101cfaa50>
Traceback (most recent call last):
  File "/Users/divyanshgolyan/.codex/worktrees/4511/onepage/research/transport-memory/asymmetric_server.py", line 39, in accept
    data=await reader.read(min(left,16384));assert data;hasher.update(data);left-=len(data);request_bytes+=len(data)
                                                   ^^^^
AssertionError
Unhandled exception in client_connected_cb
transport: <asyncio.sslproto._SSLProtocolTransport object at 0x101cfa510>
Traceback (most recent call last):
  File "/Users/divyanshgolyan/.codex/worktrees/4511/onepage/research/transport-memory/asymmetric_server.py", line 39, in accept
    data=await reader.read(min(left,16384));assert data;hasher.update(data);left-=len(data);request_bytes+=len(data)
                                                   ^^^^
AssertionError
Unhandled exception in client_connected_cb
transport: <asyncio.sslproto._SSLProtocolTransport object at 0x101cda6d0>
Traceback (most recent call last):
  File "/Users/divyanshgolyan/.codex/worktrees/4511/onepage/research/transport-memory/asymmetric_server.py", line 39, in accept
    data=await reader.read(min(left,16384));assert data;hasher.update(data);left-=len(data);request_bytes+=len(data)
                                                   ^^^^
AssertionError
Unhandled exception in client_connected_cb
transport: <asyncio.sslproto._SSLProtocolTransport object at 0x101cd9ff0>
Traceback (most recent call last):
  File "/Users/divyanshgolyan/.codex/worktrees/4511/onepage/research/transport-memory/asymmetric_server.py", line 39, in accept
    data=await reader.read(min(left,16384));assert data;hasher.update(data);left-=len(data);request_bytes+=len(data)
                                                   ^^^^
AssertionError
Unhandled exception in client_connected_cb
transport: <asyncio.sslproto._SSLProtocolTransport object at 0x101c79d10>
Traceback (most recent call last):
  File "/Users/divyanshgolyan/.codex/worktrees/4511/onepage/research/transport-memory/asymmetric_server.py", line 39, in accept
    data=await reader.read(min(left,16384));assert data;hasher.update(data);left-=len(data);request_bytes+=len(data)
                                                   ^^^^
AssertionError
Unhandled exception in client_connected_cb
transport: <asyncio.sslproto._SSLProtocolTransport object at 0x101c79a30>
Traceback (most recent call last):
  File "/Users/divyanshgolyan/.codex/worktrees/4511/onepage/research/transport-memory/asymmetric_server.py", line 39, in accept
    data=await reader.read(min(left,16384));assert data;hasher.update(data);left-=len(data);request_bytes+=len(data)
                                                   ^^^^
AssertionError
